Date,Time,"提交虚拟内存 [MB]","可用虚拟内存 [MB]","虚拟内存使用率 [%]","已用物理内存 [MB]","可用物理内存 [MB]","物理内存使用率 [%]","分页文件使用率 [%]","Page File Total [MB]","Page File Used [MB]","Core VIDs (avg) [V]","Core 0 VID [V]","Core 1 VID [V]","Core 2 VID [V]","Core 3 VID [V]","Uncore VID [V]","SA VID [V]","核心频率 (avg) [MHz]","Core 0 频率 [MHz]","Core 1 频率 [MHz]","Core 2 频率 [MHz]","Core 3 频率 [MHz]","总线频率 [MHz]","Ring/LLC 频率 [MHz]","核心有效频率 (avg) [MHz]","Core 0 T0 有效频率 [MHz]","Core 0 T1 有效频率 [MHz]","Core 1 T0 有效频率 [MHz]","Core 1 T1 有效频率 [MHz]","Core 2 T0 有效频率 [MHz]","Core 2 T1 有效频率 [MHz]","Core 3 T0 有效频率 [MHz]","Core 3 T1 有效频率 [MHz]","平均有效频率 [MHz]","核心使用率 (avg) [%]","Core 0 T0 使用率 [%]","Core 0 T1 使用率 [%]","Core 1 T0 使用率 [%]","Core 1 T1 使用率 [%]","Core 2 T0 使用率 [%]","Core 2 T1 使用率 [%]","Core 3 T0 使用率 [%]","Core 3 T1 使用率 [%]","最大CPU/线程使用率 [%]","CPU 总使用率 [%]","按需频率调制 [%]","核心使用率 (avg) [%]","Core 0 T0 使用率 [%]","Core 0 T1 使用率 [%]","Core 1 T0 使用率 [%]","Core 1 T1 使用率 [%]","Core 2 T0 使用率 [%]","Core 2 T1 使用率 [%]","Core 3 T0 使用率 [%]","Core 3 T1 使用率 [%]","CPU 总使用率 [%]","核心倍频 (avg) [x]","Core 0 倍频 [x]","Core 1 倍频 [x]","Core 2 倍频 [x]","Core 3 倍频 [x]","Uncore 倍频 [x]","核心温度 (avg) [℃]","Core 0 [℃]","Core 1 [℃]","Core 2 [℃]","Core 3 [℃]","核心温度与 TjMAX 的差值 (avg) [℃]","Core 0 与 TjMAX 的差值 [℃]","Core 1 与 TjMAX 的差值 [℃]","Core 2 与 TjMAX 的差值 [℃]","Core 3 与 TjMAX 的差值 [℃]","CPU 封装 [℃]","核心最大值 [℃]","核心过热降频 (avg) [Yes/No]","Core 0 过热降频 [Yes/No]","Core 1 过热降频 [Yes/No]","Core 2 过热降频 [Yes/No]","Core 3 过热降频 [Yes/No]","核心临界温度 (avg) [Yes/No]","Core 0 临界温度 [Yes/No]","Core 1 临界温度 [Yes/No]","Core 2 临界温度 [Yes/No]","Core 3 临界温度 [Yes/No]","超出核心功率限制 (avg) [Yes/No]","Core 0 超出功率限制 [Yes/No]","Core 1 超出功率限制 [Yes/No]","Core 2 超出功率限制 [Yes/No]","Core 3 超出功率限制 [Yes/No]","封装/环形总线过热降频 [Yes/No]","封装/环形总线临界温度 [Yes/No]","超出封装/环形总线功率限制 [Yes/No]","CPU 封装 [℃]","CPU IA 核心 [℃]","CPU GT 核心 (核显) [℃]","VR VCC 电流 (SVID IOUT) [A]","CPU 封装功率 [W]","IA 核心功率 [W]","GT 核心功率 [W]","系统总功率 [W]","System Agent 功率 [W]","剩余芯片功率 [W]","PCH 功率 [W]","PL1 功率限制 (静态) [W]","PL1 功率限制 (动态) [W]","PL2 功率限制 (静态) [W]","PL2 功率限制 (动态) [W]","当前 cTDP 级别 []","Package C2 驻留率 [%]","Package C3 驻留率 [%]","Package C6 驻留率 [%]","Package C7 驻留率 [%]","Package C8 驻留率 [%]","Core C0 驻留率 (avg) [%]","Core 0 T0 C0 驻留率 [%]","Core 0 T1 C0 驻留率 [%]","Core 1 T0 C0 驻留率 [%]","Core 1 T1 C0 驻留率 [%]","Core 2 T0 C0 驻留率 [%]","Core 2 T1 C0 驻留率 [%]","Core 3 T0 C0 驻留率 [%]","Core 3 T1 C0 驻留率 [%]","Core C7 驻留率 (avg) [%]","Core 0 C7 驻留率 [%]","Core 1 C7 驻留率 [%]","Core 2 C7 驻留率 [%]","Core 3 C7 驻留率 [%]","内存频率 [MHz]","内存倍频 [x]","Tcas [T]","Trcd [T]","Trp [T]","Tras [T]","Trc [T]","Trfc [T]","Command Rate [T]","Gear Mode []","IA Limit Reasons (avg) [Yes/No]","IA: PROCHOT [Yes/No]","IA: 过热事件 [Yes/No]","IA: Residency State Regulation [Yes/No]","IA: 运行平均过热限制 (RATL) [Yes/No]","IA: VR 过热警报 [Yes/No]","IA: VR TDC [Yes/No]","IA: 电气设计点/其他 (ICCmax、PL4、SVID、DDR RAPL) [Yes/No]","IA: Package-Level RAPL/PBM PL1 [Yes/No]","IA: Package-Level RAPL/PBM PL2 PL3 [Yes/No]","IA: Max Turbo Limit [Yes/No]","IA: 睿频衰减 (MCT) [Yes/No]","GT Limit Reasons (avg) [Yes/No]","GT: PROCHOT [Yes/No]","GT: 过热事件 [Yes/No]","GT: DDR RAPL [Yes/No]","GT: Residency State Regulation [Yes/No]","GT: 运行平均过热限制 (RATL) [Yes/No]","GT: VR 过热警报 [Yes/No]","GT: VR TDC [Yes/No]","GT: Max VR Voltage  ICCmax  PL4 [Yes/No]","GT: Domain-Level PBM PLGT [Yes/No]","GT: Package-Level RAPL/PBM PL1 [Yes/No]","GT: Package-Level RAPL/PBM PL2 PL3 [Yes/No]","GT: Inefficient Operation [Yes/No]","GT: 熔断限制 [Yes/No]","Ring Limit Reasons (avg) [Yes/No]","RING: PROCHOT [Yes/No]","RING: 过热事件 [Yes/No]","RING: DDR RAPL [Yes/No]","RING: Residency State Regulation [Yes/No]","RING: 运行平均过热限制 (RATL) [Yes/No]","RING: VR 过热警报 [Yes/No]","RING: VR TDC [Yes/No]","RING: Max VR Voltage  ICCmax  PL4 [Yes/No]","RING: Package-Level RAPL/PBM PL1 [Yes/No]","RING: Package-Level RAPL/PBM PL2 PL3 [Yes/No]","PCH 温度 [℃]","磁盘温度 [℃]","磁盘温度 2 [℃]","磁盘温度 3 [℃]","磁盘剩余寿命 [%]","磁盘可用备用 [%]","磁盘故障 [Yes/No]","磁盘警告 [Yes/No]","主机写入总计 [GB]","主机读取总计 [GB]","读取活动率 [%]","写入活动率 [%]","总活动率 [%]","读取速度 [MB/s]","写入速度 [MB/s]","读取总计 [MB]","写入总计 [MB]","GPU Core 温度 [℃]","IGPU 功率 [W]","GPU 频率 [MHz]","显存频率 [MHz]","GPU D3D 使用率 (avg) [%]","GPU D3D 使用率 [%]","GPU Video Decode 0 使用率 [%]","GPU Video Decode 1 使用率 [%]","GPU Video Processing 0 使用率 [%]","GPU Video Processing 1 使用率 [%]","GPU 复制引擎使用率 [%]","GPU D3D 共享显存 [MB]","GPU 性能下降原因 (avg) [Yes/No]","功率 [Yes/No]","电压 Limit [Yes/No]","Current (PL4) [Yes/No]","过热 [Yes/No]","使用率 [Yes/No]","电池电压 [V]","剩余容量 [Wh]","电池电量 [%]","充电速度 [W]","损耗程度 [%]","预计剩余时间 [分钟]","呈现帧率 (avg) [FPS]","呈现帧率 (99%) [FPS]","呈现帧率 (1%) [FPS]","呈现帧率 (0.1%) [FPS]","呈现帧率 (1% low) [FPS]","呈现帧率 (0.1% low) [FPS]","显示帧率 (avg) [FPS]","显示帧率 (99%) [FPS]","显示帧率 (1%) [FPS]","显示帧率 (0.1%) [FPS]","显示帧率 (1% low) [FPS]","显示帧率 (0.1% low) [FPS]","Frame Time Presented (avg) [ms]","Frame Time Presented (99%) [ms]","Frame Time Presented (1%) [ms]","Frame Time Presented (0.1%) [ms]","Frame Time Displayed (1% high) [ms]","Frame Time Displayed (0.1% high) [ms]","GPU Busy (avg) [ms]","GPU Wait (avg) [ms]","CPU Busy (avg) [ms]","CPU Wait (avg) [ms]","Animation Error (avg) [ms]","下载总计 [MB]","上传总计 [MB]","当前下载速度 [KB/s]","当前上传速度 [KB/s]","错误总数 []","iGPU VID [V]",
17.9.2026,22:44:39.099,5957,33554,15.0,5877,10305,36.3,0.0,23329,0,0.761,0.792,0.757,0.747,0.745,0.681,0.738,1000.0,1000.0,1000.0,1000.0,1000.0,100.0,800.0,31.6,143.0,89.9,13.7,2.8,1.2,0.5,0.9,0.5,31.6,3.1,11.8,7.5,0.7,0.1,4.5,0.0,0.0,0.0,11.8,3.1,100.0,1.2,5.1,3.4,0.5,0.1,0.0,0.0,0.0,0.0,1.2,10.0,10.0,10.0,10.0,10.0,8.0,34,31,35,37,35,66,69,65,63,65,39,37,否,否,否,否,否,否,否,否,否,否,否,否,否,否,否,否,否,否,38,38,38,0.250,1.803,0.174,0.007,4.606,0.755,0.267,0.574,35.0,30.0,64.0,64.0,0,17.5,10.4,2.1,2.1,46.8,3.0,14.0,8.3,0.9,0.3,0.1,0.1,0.1,0.1,94.9,81.3,98.8,99.8,99.9,1066.7,10.67,15,15,15,35,74,374,1,2,否,否,否,否,否,否,否,否,否,否,否,否,否,否,否,否,否,否,否,否,否,否,否,否,否,否,否,否,否,否,否,否,否,否,否,否,否,36.0,35,35,34,97.0,100.0,否,否,24292,21072,0.0,1.5,1.5,0.000,0.057,3862,1502,39,0.006,100.0,1066.0,0.0,0.0,0.0,0.0,0.0,0.0,0.0,415,否,否,否,否,否,否,7.482,25.739,62.3,-7.938,25.2,194.6,17.2,19.9,15.2,15.1,15.1,15.1,17.2,19.8,15.1,15.1,15.1,15.1,58.02,65.90,50.15,50.00,66.06,66.06,0.27,57.75,57.70,0.33,8.37,0,0,0.0,0.0,0,0.000,
17.9.2026,22:44:41.113,5970,33541,15.1,5881,10302,36.3,0.0,23329,0,0.761,0.792,0.757,0.747,0.745,0.678,0.736,1000.0,1000.0,1000.0,1000.0,1000.0,100.0,800.0,153.1,287.6,245.1,226.0,186.1,112.4,82.4,54.9,30.0,153.1,7.9,19.0,16.4,9.1,7.6,4.5,3.5,2.2,1.1,19.0,7.9,100.0,6.1,11.0,9.8,9.2,7.6,4.6,3.4,2.2,1.2,6.1,10.0,10.0,10.0,10.0,10.0,8.0,34,32,34,36,35,66,68,66,64,65,38,36,否,否,否,否,否,否,否,否,否,否,否,否,否,否,否,否,否,否,39,38,39,0.250,1.681,0.180,0.006,4.262,0.691,0.221,0.537,35.0,30.0,64.0,64.0,0,14.4,7.9,1.3,4.2,34.8,8.6,20.7,16.9,9.9,8.1,5.0,3.9,2.7,1.5,85.4,68.3,85.5,91.3,96.7,1066.7,10.67,15,15,15,35,74,374,1,2,是,否,否,否,否,否,否,否,否,否,是,否,是,否,否,否,否,否,否,否,是,否,否,否,否,否,否,否,否,否,否,否,否,否,否,否,否,37.0,35,35,34,97.0,100.0,否,否,24292,21072,0.5,3.6,4.1,0.002,0.295,3862,1503,39,0.046,100.0,1066.0,0.2,1.4,0.0,0.0,0.0,0.0,0.0,410,否,否,否,否,否,否,7.445,25.739,62.3,-7.862,25.2,196.4,17.2,19.9,15.2,15.1,15.1,15.1,17.2,19.8,15.1,15.1,15.1,15.1,58.02,65.90,50.15,50.00,66.06,66.06,0.27,57.75,57.70,0.33,8.37,0,0,0.0,0.0,0,0.000,
17.9.2026,22:44:43.102,5968,33544,15.1,5883,10300,36.3,0.0,23329,0,0.761,0.792,0.762,0.745,0.745,0.678,0.696,1025.0,1000.0,1100.0,1000.0,1000.0,100.0,800.0,107.1,399.7,260.8,116.6,77.1,1.1,0.2,0.8,0.2,107.1,6.2,22.0,14.9,5.8,3.8,1.4,0.5,0.6,0.5,22.0,6.2,100.0,3.9,14.6,9.9,4.0,2.7,0.0,0.0,0.0,0.0,3.9,10.2,10.0,11.0,10.0,10.0,8.0,36,35,36,38,36,64,65,64,62,64,39,38,否,否,否,否,否,否,否,否,否,否,否,否,否,否,否,否,否,否,40,40,39,1.000,3.149,1.156,0.046,7.042,0.878,0.357,0.720,35.0,30.0,64.0,64.0,0,15.8,4.2,1.3,3.7,37.5,6.6,25.5,16.5,6.4,3.9,0.1,0.0,0.1,0.0,89.5,67.0,91.2,99.8,99.9,1600.0,16.00,22,22,22,52,74,560,1,2,否,否,否,否,否,否,否,否,否,否,否,否,否,否,否,否,否,否,否,否,否,否,否,否,否,否,否,否,否,否,否,否,否,否,否,否,否,37.0,34,34,34,97.0,100.0,否,否,24292,21072,0.0,3.8,3.8,0.000,0.143,3862,1503,39,0.013,100.0,1599.0,0.1,0.5,0.0,0.0,0.0,0.0,0.0,410,否,否,否,否,否,否,7.464,25.732,62.3,-8.113,25.2,190.3,10.9,62.8,2.1,2.0,1.9,1.9,10.9,60.3,2.1,2.0,1.9,1.9,91.66,465.96,15.92,15.84,515.16,515.16,0.32,91.34,91.39,0.27,80.61,0,0,0.0,0.0,0,0.000,
17.9.2026,22:44:45.110,5966,33545,15.1,5883,10299,36.3,0.0,23329,0,0.760,0.792,0.757,0.745,0.745,0.678,0.738,1000.0,1000.0,1000.0,1000.0,1000.0,100.0,800.0,50.3,190.6,148.6,30.3,7.6,24.9,0.2,0.3,0.2,50.3,3.7,14.9,11.6,0.5,0.7,0.6,0.4,0.4,0.4,14.9,3.7,100.0,1.9,7.0,5.8,1.2,0.3,1.0,0.0,0.0,0.0,1.9,10.0,10.0,10.0,10.0,10.0,8.0,35,34,35,36,36,65,66,65,64,64,39,36,否,否,否,否,否,否,否,否,否,否,否,否,否,否,否,否,否,否,40,38,40,0.250,2.472,0.747,0.013,5.876,0.852,0.352,0.504,35.0,30.0,64.0,64.0,0,16.7,12.2,1.5,1.7,42.4,4.0,16.8,12.1,1.9,0.4,1.0,0.0,0.0,0.0,93.5,77.4,97.7,98.9,99.9,1066.7,10.67,15,15,15,35,74,374,1,2,否,否,否,否,否,否,否,否,否,否,否,否,否,否,否,否,否,否,否,否,否,否,否,否,否,否,否,否,否,否,否,否,否,否,否,否,否,36.0,34,34,34,97.0,100.0,否,否,24292,21072,0.0,2.5,2.5,0.000,0.543,3862,1504,39,0.009,100.0,1066.0,0.1,0.7,0.0,0.0,0.0,0.0,0.0,410,否,否,否,否,否,否,7.452,25.732,62.3,-8.234,25.2,187.5,11.2,63.7,1.8,1.7,1.7,1.7,11.2,60.4,1.8,1.7,1.7,1.7,89.63,545.61,15.55,15.48,584.15,584.15,0.35,89.28,89.23,0.40,137.69,0,0,0.0,0.0,0,0.000,
17.9.2026,22:44:47.108,5950,33562,15.0,5867,10315,36.2,0.0,23329,0,0.761,0.792,0.757,0.747,0.745,0.678,0.696,1000.0,1000.0,1000.0,1000.0,1000.0,100.0,800.0,42.3,153.2,146.9,27.5,5.7,4.1,0.2,0.3,0.2,42.3,3.0,12.0,8.9,3.2,0.0,0.0,0.0,0.0,0.0,12.0,3.0,100.0,1.6,5.5,5.8,1.1,0.2,0.2,0.0,0.0,0.0,1.6,10.0,10.0,10.0,10.0,10.0,8.0,35,34,35,37,35,65,66,65,63,65,38,37,否,否,否,否,否,否,否,否,否,否,否,否,否,否,否,否,否,否,38,37,38,0.250,2.027,0.324,0.009,5.101,0.769,0.274,0.627,35.0,30.0,64.0,64.0,0,17.3,10.6,1.7,3.4,44.2,3.4,14.3,9.8,2.0,0.3,0.4,0.0,0.0,0.0,94.3,79.9,97.7,99.5,99.9,1066.7,10.67,15,15,15,35,74,374,1,2,否,否,否,否,否,否,否,否,否,否,否,否,否,否,否,否,否,否,否,否,否,否,否,否,否,否,否,否,否,否,否,否,否,否,否,否,否,36.0,34,34,35,97.0,100.0,否,否,24292,21072,0.0,1.6,1.6,0.000,0.075,3862,1504,38,0.010,100.0,1066.0,0.0,0.1,0.0,0.0,0.0,0.0,0.0,410,否,否,否,否,否,否,7.486,25.724,62.3,-8.242,25.2,187.2,11.2,63.7,1.8,1.7,1.7,1.7,11.2,60.4,1.8,1.7,1.7,1.7,89.63,545.61,15.55,15.48,584.15,584.15,0.35,89.28,89.23,0.40,137.69,0,0,0.0,0.0,0,0.000,
17.9.2026,22:44:49.121,5967,33544,15.1,5884,10299,36.3,0.0,23329,0,0.764,0.795,0.762,0.750,0.747,0.683,0.736,1100.0,1100.0,1100.0,1100.0,1100.0,100.0,900.0,362.7,989.7,641.0,763.9,441.1,45.9,9.5,4.5,6.1,362.7,11.2,29.7,20.0,20.5,14.0,3.0,1.0,0.6,0.7,29.7,11.2,100.0,13.5,36.7,24.6,27.4,17.0,1.8,0.4,0.2,0.2,13.5,11.0,11.0,11.0,11.0,11.0,9.0,36,35,36,38,36,64,65,64,62,64,39,38,否,否,否,否,否,否,否,否,否,否,否,否,否,否,否,否,否,否,45,45,40,3.750,1.878,0.317,0.010,4.938,0.719,0.239,0.552,35.0,30.0,64.0,64.0,0,8.0,6.1,0.3,2.0,16.6,12.4,33.9,21.9,24.4,14.9,2.7,0.7,0.2,0.3,70.8,38.8,48.1,96.8,99.6,1066.7,10.67,15,15,15,35,74,374,1,2,是,否,否,否,否,否,否,否,否,否,是,否,否,否,否,否,否,否,否,否,否,否,否,否,否,否,否,否,否,否,否,否,否,否,否,否,否,37.0,34,34,35,97.0,100.0,否,否,24292,21072,0.0,2.4,2.4,0.000,0.051,3862,1505,40,0.109,100.0,1066.0,0.6,3.8,0.0,0.0,0.0,0.0,0.0,423,否,否,否,否,否,否,7.477,25.716,62.3,-8.292,25.2,186.1,38.5,61.8,6.6,5.5,5.4,5.4,38.5,61.0,6.0,5.1,5.0,5.0,26.00,172.48,15.21,14.78,201.97,201.97,0.51,25.49,24.39,1.61,16.75,0,0,0.0,0.0,0,0.000,
17.9.2026,22:44:51.141,6009,33503,15.2,5928,10254,36.6,0.0,23329,0,0.765,0.797,0.762,0.750,0.750,0.686,0.696,1100.0,1100.0,1100.0,1100.0,1100.0,100.0,900.0,126.5,366.6,282.3,180.1,133.7,21.2,10.2,9.6,8.6,126.5,7.1,22.3,16.4,9.2,6.2,1.2,0.7,0.6,0.6,22.3,7.1,100.0,5.0,14.1,11.3,7.1,5.4,0.8,0.4,0.4,0.3,5.0,11.0,11.0,11.0,11.0,11.0,9.0,35,33,36,36,36,65,67,64,64,64,40,36,否,否,否,否,否,否,否,否,否,否,否,否,否,否,否,否,否,否,39,37,39,0.250,7.163,4.758,0.109,13.132,1.190,0.516,0.629,35.0,30.0,64.0,64.0,0,14.6,8.0,0.2,2.0,38.1,7.7,24.6,17.3,10.0,6.5,1.3,0.7,0.7,0.6,88.1,68.5,86.9,98.1,98.8,1066.7,10.67,15,15,15,35,74,374,1,2,是,否,否,否,否,否,否,是,否,否,是,否,是,否,否,否,否,否,否,否,是,否,否,否,否,否,是,否,否,否,否,否,否,否,是,否,否,37.0,34,34,35,97.0,100.0,否,否,24292,21072,0.0,3.3,3.3,0.000,0.028,3862,1505,39,0.236,100.0,1066.0,0.8,5.1,0.0,0.0,0.0,0.0,0.0,429,否,否,否,否,否,否,7.390,25.709,62.2,-9.097,25.2,169.6,16.3,60.6,2.0,1.8,1.8,1.8,16.3,60.4,2.0,1.8,1.8,1.8,61.50,502.33,16.54,16.54,566.25,566.25,0.45,61.05,61.20,0.30,84.77,0,0,0.0,0.0,0,0.000,
17.9.2026,22:44:53.149,6019,33492,15.2,5936,10247,36.6,0.0,23329,0,0.759,0.795,0.755,0.745,0.742,0.676,0.693,1000.0,1000.0,1000.0,1000.0,1000.0,100.0,800.0,137.0,473.1,400.8,111.8,105.8,2.7,0.2,1.6,0.2,137.0,6.1,20.4,16.1,6.7,5.3,0.0,0.0,0.0,0.0,20.4,6.1,100.0,5.1,17.3,15.0,4.3,4.2,0.1,0.0,0.1,0.0,5.1,10.0,10.0,10.0,10.0,10.0,8.0,36,35,38,37,36,64,65,62,63,64,39,38,否,否,否,否,否,否,否,否,否,否,否,否,否,否,否,否,否,否,53,53,38,6.000,2.853,0.775,0.236,6.611,0.910,0.411,0.563,35.0,30.0,64.0,64.0,0,14.6,5.6,0.6,3.7,38.8,6.6,22.7,17.2,6.6,5.7,0.2,0.0,0.1,0.0,89.6,68.7,90.0,99.7,99.8,1066.7,10.67,15,15,15,35,74,374,1,2,是,否,否,否,否,否,否,否,否,否,是,否,否,否,否,否,否,否,否,否,否,否,否,否,否,否,否,否,否,否,否,否,否,否,否,否,否,36.0,34,34,34,97.0,100.0,否,否,24292,21072,0.0,3.7,3.7,0.000,0.057,3862,1505,40,0.032,100.0,1066.0,0.1,0.6,0.0,0.0,0.0,0.0,0.0,441,否,否,否,否,否,否,7.488,25.709,62.2,-9.240,25.2,166.9,7.2,60.6,0.7,0.7,0.7,0.7,7.2,60.3,0.7,0.7,0.7,0.7,139.66,1360.20,14.29,14.02,1532.07,1532.07,0.32,139.37,139.29,0.38,232.42,0,0,0.0,0.0,0,0.000,
17.9.2026,22:44:55.154,6018,33493,15.2,5934,10249,36.6,0.0,23329,0,0.764,0.797,0.762,0.750,0.747,0.686,0.696,1100.0,1100.0,1100.0,1100.0,1100.0,100.0,900.0,140.8,550.4,449.5,94.5,28.9,2.3,0.2,0.7,0.2,140.8,4.8,19.0,14.4,3.2,1.1,0.2,0.0,0.1,0.0,19.0,4.8,100.0,5.1,19.7,16.2,3.4,1.0,0.1,0.0,0.0,0.0,5.1,11.0,11.0,11.0,11.0,11.0,9.0,36,34,35,37,36,64,66,65,63,64,39,37,否,否,否,否,否,否,否,否,否,否,否,否,否,否,否,否,否,否,44,44,40,6.250,2.929,1.175,0.032,6.322,0.855,0.345,0.524,35.0,30.0,64.0,64.0,0,14.8,6.7,0.9,2.0,38.0,5.5,22.3,16.5,3.7,1.2,0.2,0.0,0.1,0.0,88.4,65.2,88.9,99.7,99.9,1066.7,10.67,15,15,15,35,74,374,1,2,是,否,否,否,否,否,否,否,否,否,是,否,否,否,否,否,否,否,否,否,否,否,否,否,否,否,否,否,否,否,否,否,否,否,否,否,否,37.0,34,34,34,97.0,100.0,否,否,24292,21072,0.0,1.9,1.9,0.006,0.018,3862,1505,40,0.017,100.0,1066.0,0.0,0.0,0.0,0.0,0.0,0.0,0.0,441,否,否,否,否,否,否,7.489,25.701,62.2,-9.256,25.2,166.6,7.2,60.6,0.7,0.7,0.7,0.7,7.2,60.3,0.7,0.7,0.7,0.7,139.66,1360.20,14.29,14.02,1532.07,1532.07,0.32,139.37,139.29,0.38,232.42,0,0,0.0,0.0,0,0.000,
17.9.2026,22:44:57.173,5984,33528,15.1,5897,10285,36.4,0.0,23329,0,0.759,0.795,0.752,0.745,0.745,0.678,0.696,1000.0,1000.0,1000.0,1000.0,1000.0,100.0,800.0,55.2,188.8,146.1,68.8,30.7,6.4,0.2,0.3,0.2,55.2,4.1,14.4,11.0,5.1,2.3,0.0,0.0,0.0,0.0,14.4,4.1,100.0,2.1,6.9,5.7,2.6,1.2,0.3,0.0,0.0,0.0,2.1,10.0,10.0,10.0,10.0,10.0,8.0,35,33,36,37,34,65,67,64,63,66,39,37,否,否,否,否,否,否,否,否,否,否,否,否,否,否,否,否,否,否,39,36,39,0.250,3.380,1.605,0.017,6.734,0.881,0.340,0.518,35.0,30.0,64.0,64.0,0,15.8,13.3,1.2,1.9,39.6,4.8,17.1,12.2,6.0,2.8,0.4,0.0,0.0,0.0,92.3,77.3,92.4,99.5,99.9,1066.7,10.67,15,15,15,35,74,374,1,2,否,否,否,否,否,否,否,否,否,否,否,否,否,否,否,否,否,否,否,否,否,否,否,否,否,否,否,否,否,否,否,否,否,否,否,否,否,37.0,34,34,34,97.0,100.0,否,否,24292,21072,0.0,2.5,2.5,0.000,0.108,3862,1505,40,0.062,100.0,1066.0,0.6,3.4,0.0,0.0,0.0,0.0,0.0,442,否,否,否,否,否,否,7.473,25.693,62.2,-9.364,25.2,164.6,7.2,60.6,0.7,0.7,0.7,0.7,7.2,60.3,0.7,0.7,0.7,0.7,139.66,1360.20,14.29,14.02,1532.07,1532.07,0.32,139.37,139.29,0.38,232.42,0,0,0.0,0.0,0,0.000,
17.9.2026,22:44:59.185,5984,33528,15.1,5896,10286,36.4,0.0,23329,0,0.760,0.792,0.757,0.745,0.745,0.678,0.696,1000.0,1000.0,1000.0,1000.0,1000.0,100.0,800.0,30.5,142.8,82.2,14.9,2.8,0.7,0.2,0.3,0.2,30.5,3.0,11.4,7.0,1.2,1.0,0.8,0.8,0.8,0.8,11.4,3.0,100.0,1.1,5.1,3.1,0.6,0.1,0.0,0.0,0.0,0.0,1.1,10.0,10.0,10.0,10.0,10.0,8.0,36,34,36,37,35,64,66,64,63,65,40,37,否,否,否,否,否,否,否,否,否,否,否,否,否,否,否,否,否,否,38,36,38,0.250,2.105,0.271,0.062,5.462,0.803,0.297,0.656,35.0,30.0,64.0,64.0,0,17.5,9.5,1.1,2.1,49.4,2.9,13.5,7.8,1.4,0.3,0.1,0.0,0.0,0.0,95.0,82.1,98.3,99.9,99.9,1066.7,10.67,15,15,15,35,74,374,1,2,否,否,否,否,否,否,否,否,否,否,否,否,否,否,否,否,否,否,否,否,否,否,否,否,否,否,否,否,否,否,否,否,否,否,否,否,否,37.0,34,34,34,97.0,100.0,否,否,24292,21072,0.0,3.0,3.0,0.000,0.036,3862,1505,39,0.008,100.0,1066.0,0.0,0.0,0.0,0.0,0.0,0.0,0.0,442,否,否,否,否,否,否,7.494,25.693,62.2,-9.218,25.2,167.2,7.2,60.6,0.7,0.7,0.7,0.7,7.2,60.3,0.7,0.7,0.7,0.7,139.66,1360.20,14.29,14.02,1532.07,1532.07,0.32,139.37,139.29,0.38,232.42,0,0,0.0,0.0,0,0.000,
17.9.2026,22:45:1.188,5987,33525,15.1,5904,10278,36.4,0.0,23329,0,0.761,0.792,0.755,0.745,0.750,0.678,0.696,1025.0,1000.0,1000.0,1000.0,1100.0,100.0,800.0,36.0,138.5,113.1,24.1,7.4,3.7,0.3,0.4,0.3,36.0,3.1,11.4,9.4,2.1,0.6,1.1,0.0,0.0,0.0,11.4,3.1,100.0,1.3,4.9,4.4,0.9,0.3,0.1,0.0,0.0,0.0,1.3,10.2,10.0,10.0,10.0,11.0,8.0,36,34,36,37,35,64,66,64,63,65,39,37,否,否,否,否,否,否,否,否,否,否,否,否,否,否,否,否,否,否,40,37,40,0.250,1.610,0.165,0.008,4.043,0.679,0.219,0.496,35.0,30.0,64.0,64.0,0,16.9,9.9,1.4,1.8,47.5,3.4,13.5,10.2,2.4,0.7,0.4,0.0,0.1,0.0,94.3,80.5,97.2,99.5,99.9,1066.7,10.67,15,15,15,35,74,374,1,2,否,否,否,否,否,否,否,否,否,否,否,否,否,否,否,否,否,否,否,否,否,否,否,否,否,否,否,否,否,否,否,否,否,否,否,否,否,36.0,34,34,34,97.0,100.0,否,否,24292,21072,0.0,2.0,2.0,0.000,0.026,3862,1505,39,0.007,100.0,1066.0,0.0,0.0,0.0,0.0,0.0,0.0,0.0,442,否,否,否,否,否,否,7.495,25.686,62.2,-9.001,25.2,171.2,7.2,60.6,0.7,0.7,0.7,0.7,7.2,60.3,0.7,0.7,0.7,0.7,139.66,1360.20,14.29,14.02,1532.07,1532.07,0.32,139.37,139.29,0.38,232.42,0,0,0.0,0.0,0,0.000,
17.9.2026,22:45:3.201,5983,33529,15.1,5903,10279,36.4,0.0,23329,0,0.761,0.795,0.755,0.750,0.745,0.678,0.696,1000.0,1000.0,1000.0,1000.0,1000.0,100.0,800.0,30.2,131.6,84.6,19.7,2.6,2.7,0.2,0.2,0.2,30.2,2.7,10.3,6.9,1.5,0.8,0.1,0.6,0.6,0.6,10.3,2.7,100.0,1.1,4.7,3.2,0.8,0.1,0.1,0.0,0.0,0.0,1.1,10.0,10.0,10.0,10.0,10.0,8.0,35,34,36,36,34,65,66,64,64,66,38,36,否,否,否,否,否,否,否,否,否,否,否,否,否,否,否,否,否,否,40,37,40,0.250,1.702,0.180,0.007,4.299,0.712,0.242,0.528,35.0,30.0,64.0,64.0,0,17.8,9.4,1.9,1.8,49.4,2.9,12.5,7.8,1.9,0.3,0.3,0.0,0.0,0.0,95.1,83.0,97.8,99.7,99.9,1066.7,10.67,15,15,15,35,74,374,1,2,否,否,否,否,否,否,否,否,否,否,否,否,否,否,否,否,否,否,否,否,否,否,否,否,否,否,否,否,否,否,否,否,否,否,否,否,否,37.0,34,34,34,97.0,100.0,否,否,24292,21072,0.0,1.9,1.9,0.000,0.016,3862,1505,38,0.007,100.0,1066.0,0.0,0.0,0.0,0.0,0.0,0.0,0.0,442,否,否,否,否,否,否,7.488,25.686,62.2,-8.821,25.2,174.7,7.2,60.6,0.7,0.7,0.7,0.7,7.2,60.3,0.7,0.7,0.7,0.7,139.66,1360.20,14.29,14.02,1532.07,1532.07,0.32,139.37,139.29,0.38,232.42,0,0,0.0,0.0,0,0.000,
17.9.2026,22:45:5.218,5982,33529,15.1,5903,10279,36.4,0.0,23329,0,0.761,0.792,0.757,0.747,0.747,0.678,0.696,1000.0,1000.0,1000.0,1000.0,1000.0,100.0,800.0,30.1,122.4,93.5,18.1,3.8,2.0,0.2,0.2,0.2,30.1,2.5,10.3,8.0,1.9,0.0,0.0,0.0,0.0,0.0,10.3,2.5,100.0,1.1,4.3,3.6,0.7,0.1,0.1,0.0,0.0,0.0,1.1,10.0,10.0,10.0,10.0,10.0,8.0,35,33,36,36,35,65,67,64,64,65,40,36,否,否,否,否,否,否,否,否,否,否,否,否,否,否,否,否,否,否,38,36,38,0.250,1.573,0.174,0.007,3.977,0.649,0.200,0.493,35.0,30.0,64.0,64.0,0,17.7,9.5,1.2,2.0,49.8,2.8,12.0,8.4,1.7,0.4,0.2,0.0,0.0,0.0,95.1,82.7,97.9,99.7,99.9,1066.7,10.67,15,15,15,35,74,374,1,2,否,否,否,否,否,否,否,否,否,否,否,否,否,否,否,否,否,否,否,否,否,否,否,否,否,否,否,否,否,否,否,否,否,否,否,否,否,36.0,34,34,34,97.0,100.0,否,否,24292,21072,0.0,2.0,2.0,0.000,0.018,3862,1505,38,0.007,100.0,1066.0,0.0,0.0,0.0,0.0,0.0,0.0,0.0,441,否,否,否,否,否,否,7.484,25.678,62.2,-8.644,25.2,178.2,7.2,60.6,0.7,0.7,0.7,0.7,7.2,60.3,0.7,0.7,0.7,0.7,139.66,1360.20,14.29,14.02,1532.07,1532.07,0.32,139.37,139.29,0.38,232.42,0,0,0.0,0.0,0,0.000,
17.9.2026,22:45:7.228,5982,33530,15.1,5904,10279,36.4,0.0,23329,0,0.761,0.792,0.755,0.750,0.745,0.678,0.738,1000.0,1000.0,1000.0,1000.0,1000.0,100.0,800.0,33.2,139.5,96.5,20.2,6.2,2.0,0.2,0.9,0.3,33.2,2.5,10.7,7.7,1.4,0.2,0.0,0.0,0.0,0.0,10.7,2.5,100.0,1.2,5.0,3.7,0.8,0.2,0.1,0.0,0.0,0.0,1.2,10.0,10.0,10.0,10.0,10.0,8.0,34,32,36,35,35,66,68,64,65,65,38,36,否,否,否,否,否,否,否,否,否,否,否,否,否,否,否,否,否,否,38,36,38,0.250,1.598,0.173,0.007,4.014,0.665,0.214,0.494,35.0,30.0,64.0,64.0,0,17.2,11.6,1.5,3.0,45.4,3.1,13.1,8.8,1.9,0.6,0.2,0.0,0.1,0.0,94.7,81.7,97.5,99.7,99.9,1600.0,16.00,22,22,22,52,74,560,1,2,否,否,否,否,否,否,否,否,否,否,否,否,否,否,否,否,否,否,否,否,否,否,否,否,否,否,否,否,否,否,否,否,否,否,否,否,否,36.0,34,34,34,97.0,100.0,否,否,24292,21072,0.0,2.4,2.4,0.000,0.046,3862,1505,39,0.007,100.0,1599.0,0.0,0.0,0.0,0.0,0.0,0.0,0.0,441,否,否,否,否,否,否,7.471,25.670,62.1,-8.509,25.2,181.0,7.2,60.6,0.7,0.7,0.7,0.7,7.2,60.3,0.7,0.7,0.7,0.7,139.66,1360.20,14.29,14.02,1532.07,1532.07,0.32,139.37,139.29,0.38,232.42,0,0,0.0,0.0,0,0.000,
17.9.2026,22:45:9.222,5966,33546,15.1,5880,10303,36.3,0.0,23329,0,0.760,0.792,0.755,0.747,0.745,0.678,0.696,1000.0,1000.0,1000.0,1000.0,1000.0,100.0,800.0,41.5,173.1,127.1,27.1,3.5,0.7,0.2,0.4,0.2,41.5,3.0,13.8,10.2,0.0,0.0,0.0,0.0,0.0,0.0,13.8,3.0,100.0,1.6,6.4,4.9,1.1,0.1,0.0,0.0,0.0,0.0,1.6,10.0,10.0,10.0,10.0,10.0,8.0,35,32,35,36,36,65,68,65,64,64,40,36,否,否,否,否,否,否,否,否,否,否,否,否,否,否,否,否,否,否,38,36,38,0.250,1.711,0.191,0.007,4.390,0.691,0.220,0.561,35.0,30.0,64.0,64.0,0,16.9,8.1,1.5,3.6,45.4,3.6,15.4,10.6,2.2,0.3,0.1,0.0,0.0,0.0,93.9,78.3,97.5,99.9,99.9,1066.7,10.67,15,15,15,35,74,374,1,2,否,否,否,否,否,否,否,否,否,否,否,否,否,否,否,否,否,否,否,否,否,否,否,否,否,否,否,否,否,否,否,否,否,否,否,否,否,37.0,34,34,34,97.0,100.0,否,否,24292,21072,0.0,5.1,5.1,0.000,0.491,3862,1506,38,0.010,100.0,1066.0,0.0,0.0,0.0,0.0,0.0,0.0,0.0,441,否,否,否,否,否,否,7.483,25.670,62.1,-8.396,25.2,183.4,7.2,60.6,0.7,0.7,0.7,0.7,7.2,60.3,0.7,0.7,0.7,0.7,139.66,1360.20,14.29,14.02,1532.07,1532.07,0.32,139.37,139.29,0.38,232.42,0,0,0.0,0.0,0,0.000,
17.9.2026,22:45:11.221,5965,33546,15.0,5878,10304,36.3,0.0,23329,0,0.761,0.795,0.757,0.747,0.745,0.678,0.738,1000.0,1000.0,1000.0,1000.0,1000.0,100.0,800.0,30.9,123.7,98.4,21.0,1.5,1.7,0.2,0.3,0.2,30.9,2.9,9.8,7.7,4.1,0.4,0.5,0.3,0.3,0.3,9.8,2.9,100.0,1.1,4.3,3.8,0.8,0.0,0.1,0.0,0.0,0.0,1.1,10.0,10.0,10.0,10.0,10.0,8.0,34,32,35,36,35,66,68,65,64,65,39,36,否,否,否,否,否,否,否,否,否,否,否,否,否,否,否,否,否,否,38,37,38,0.250,1.702,0.213,0.010,4.319,0.718,0.242,0.478,35.0,30.0,64.0,64.0,0,17.5,10.1,1.6,1.9,48.6,2.9,12.3,8.8,1.6,0.1,0.2,0.0,0.0,0.0,95.1,82.4,98.2,99.8,99.9,1066.7,10.67,15,15,15,35,74,374,1,2,否,否,否,否,否,否,否,否,否,否,否,否,否,否,否,否,否,否,否,否,否,否,否,否,否,否,否,否,否,否,否,否,否,否,否,否,否,36.0,34,34,34,97.0,100.0,否,否,24292,21072,0.0,2.0,2.0,0.000,0.069,3862,1506,38,0.006,100.0,1066.0,0.0,0.0,0.0,0.0,0.0,0.0,0.0,441,否,否,否,否,否,否,7.479,25.670,62.1,-8.302,25.2,185.5,7.2,60.6,0.7,0.7,0.7,0.7,7.2,60.3,0.7,0.7,0.7,0.7,139.66,1360.20,14.29,14.02,1532.07,1532.07,0.32,139.37,139.29,0.38,232.42,0,0,0.0,0.0,0,0.000,
17.9.2026,22:45:13.227,5965,33547,15.0,5876,10307,36.3,0.0,23329,0,0.760,0.792,0.755,0.750,0.742,0.678,0.738,975.0,1000.0,1000.0,1000.0,900.0,100.0,800.0,32.5,130.1,96.0,22.8,3.8,3.5,2.1,1.5,0.5,32.5,2.6,10.6,7.5,1.9,0.2,0.2,0.1,0.1,0.0,10.6,2.6,100.0,1.2,4.6,3.7,0.9,0.1,0.1,0.1,0.1,0.0,1.2,9.8,10.0,10.0,10.0,9.0,8.0,34,32,35,36,35,66,68,65,64,65,39,36,否,否,否,否,否,否,否,否,否,否,否,否,否,否,否,否,否,否,38,38,38,0.250,1.689,0.178,0.006,4.210,0.692,0.227,0.548,35.0,30.0,64.0,64.0,0,17.6,7.0,1.6,2.0,51.6,3.1,12.7,8.4,2.2,0.4,0.4,0.2,0.2,0.1,94.8,82.5,97.4,99.4,99.8,1066.7,10.67,15,15,15,35,74,374,1,2,否,否,否,否,否,否,否,否,否,否,否,否,否,否,否,否,否,否,否,否,否,否,否,否,否,否,否,否,否,否,否,否,否,否,否,否,否,37.0,34,34,34,97.0,100.0,否,否,24292,21072,0.0,2.0,2.0,0.000,0.018,3862,1506,38,0.010,100.0,1066.0,0.0,0.0,0.0,0.0,0.0,0.0,0.0,441,否,否,否,否,否,否,7.495,25.670,62.1,-8.230,25.2,187.1,7.2,60.6,0.7,0.7,0.7,0.7,7.2,60.3,0.7,0.7,0.7,0.7,139.66,1360.20,14.29,14.02,1532.07,1532.07,0.32,139.37,139.29,0.38,232.42,0,0,0.0,0.0,0,0.000,
17.9.2026,22:45:15.235,5966,33546,15.1,5874,10308,36.3,0.0,23329,0,0.761,0.795,0.757,0.745,0.745,0.678,0.738,1000.0,1000.0,1000.0,1000.0,1000.0,100.0,800.0,31.0,122.0,83.4,34.5,4.0,3.4,0.2,0.3,0.2,31.0,3.0,10.5,7.5,2.6,0.8,0.9,0.6,0.6,0.6,10.5,3.0,100.0,1.1,4.3,3.2,1.4,0.1,0.1,0.0,0.0,0.0,1.1,10.0,10.0,10.0,10.0,10.0,8.0,35,32,36,37,34,65,68,64,63,66,38,37,否,否,否,否,否,否,否,否,否,否,否,否,否,否,否,否,否,否,38,36,38,0.250,1.513,0.170,0.010,3.767,0.642,0.213,0.434,35.0,30.0,64.0,64.0,0,17.5,13.4,1.3,1.8,46.6,2.8,12.0,7.7,2.2,0.3,0.3,0.0,0.0,0.0,95.1,83.5,97.5,99.6,99.9,1066.7,10.67,15,15,15,35,74,374,1,2,否,否,否,否,否,否,否,否,否,否,否,否,否,否,否,否,否,否,否,否,否,否,否,否,否,否,否,否,否,否,否,否,否,否,否,否,否,36.0,34,34,34,97.0,100.0,否,否,24292,21072,0.0,2.1,2.1,0.000,0.073,3862,1507,39,0.007,100.0,1066.0,0.0,0.0,0.0,0.0,0.0,0.0,0.0,441,否,否,否,否,否,否,7.495,25.663,62.1,-8.132,25.2,189.3,7.2,60.6,0.7,0.7,0.7,0.7,7.2,60.3,0.7,0.7,0.7,0.7,139.66,1360.20,14.29,14.02,1532.07,1532.07,0.32,139.37,139.29,0.38,232.42,0,0,0.0,0.0,0,0.000,
17.9.2026,22:45:17.246,5966,33546,15.1,5873,10309,36.2,0.0,23329,0,0.762,0.795,0.757,0.747,0.750,0.678,0.736,1000.0,1000.0,1000.0,1000.0,1000.0,100.0,800.0,32.0,128.5,93.8,28.2,2.4,2.4,0.2,0.3,0.2,32.0,2.4,10.3,7.6,1.1,0.0,0.0,0.0,0.0,0.0,10.3,2.4,100.0,1.2,4.5,3.6,1.1,0.1,0.1,0.0,0.0,0.0,1.2,10.0,10.0,10.0,10.0,10.0,8.0,34,33,35,36,34,66,67,65,64,66,38,36,否,否,否,否,否,否,否,否,否,否,否,否,否,否,否,否,否,否,39,37,39,0.250,1.837,0.210,0.007,4.552,0.724,0.233,0.627,35.0,30.0,64.0,64.0,0,17.5,7.1,1.4,2.2,50.7,3.0,12.7,8.7,2.4,0.2,0.2,0.0,0.0,0.0,94.8,82.1,97.3,99.7,99.9,1066.7,10.67,15,15,15,35,74,374,1,2,否,否,否,否,否,否,否,否,否,否,否,否,否,否,否,否,否,否,否,否,否,否,否,否,否,否,否,否,否,否,否,否,否,否,否,否,否,36.0,34,34,34,97.0,100.0,否,否,24292,21072,0.0,1.0,1.0,0.000,0.018,3862,1507,39,0.006,100.0,1066.0,0.0,0.0,0.0,0.0,0.0,0.0,0.0,441,否,否,否,否,否,否,7.492,25.663,62.1,-8.076,25.2,190.7,7.2,60.6,0.7,0.7,0.7,0.7,7.2,60.3,0.7,0.7,0.7,0.7,139.66,1360.20,14.29,14.02,1532.07,1532.07,0.32,139.37,139.29,0.38,232.42,0,0,0.0,0.0,0,0.000,
17.9.2026,22:45:19.254,5969,33542,15.1,5879,10303,36.3,0.0,23329,0,0.761,0.795,0.757,0.745,0.745,0.678,0.736,1000.0,1000.0,1000.0,1000.0,1000.0,100.0,800.0,36.9,146.6,101.5,22.3,9.5,14.4,0.3,0.3,0.3,36.9,3.0,12.0,8.2,2.7,0.0,0.7,0.0,0.0,0.0,12.0,3.0,100.0,1.4,5.3,3.9,0.8,0.3,0.6,0.0,0.0,0.0,1.4,10.0,10.0,10.0,10.0,10.0,8.0,34,32,35,36,35,66,68,65,64,65,38,36,否,否,否,否,否,否,否,否,否,否,否,否,否,否,否,否,否,否,38,37,38,0.250,1.519,0.159,0.006,3.815,0.657,0.220,0.434,35.0,30.0,64.0,64.0,0,17.0,12.3,1.3,2.0,45.7,3.4,14.0,9.0,2.2,0.8,0.7,0.0,0.0,0.0,94.3,81.1,97.1,99.2,99.9,1066.7,10.67,15,15,15,35,74,374,1,2,否,否,否,否,否,否,否,否,否,否,否,否,否,否,否,否,否,否,否,否,否,否,否,否,否,否,否,否,否,否,否,否,否,否,否,否,否,36.0,34,34,34,97.0,100.0,否,否,24292,21072,0.0,2.3,2.4,0.034,0.028,3862,1507,38,0.006,100.0,1066.0,0.0,0.0,0.0,0.0,0.0,0.0,0.0,441,否,否,否,否,否,否,7.500,25.655,62.1,-8.018,25.2,192.0,7.2,60.6,0.7,0.7,0.7,0.7,7.2,60.3,0.7,0.7,0.7,0.7,139.66,1360.20,14.29,14.02,1532.07,1532.07,0.32,139.37,139.29,0.38,232.42,0,0,0.0,0.0,0,0.000,
17.9.2026,22:45:21.258,5966,33545,15.1,5881,10302,36.3,0.0,23329,0,0.760,0.792,0.755,0.747,0.745,0.678,0.738,1000.0,1000.0,1000.0,1000.0,1000.0,100.0,800.0,42.3,195.6,104.3,29.4,4.1,4.1,0.2,0.3,0.3,42.3,3.7,15.7,8.3,2.1,1.1,0.3,0.8,0.8,0.8,15.7,3.7,100.0,1.6,7.4,4.0,1.2,0.1,0.2,0.0,0.0,0.0,1.6,10.0,10.0,10.0,10.0,10.0,8.0,34,31,35,36,35,66,69,65,64,65,38,36,否,否,否,否,否,否,否,否,否,否,否,否,否,否,否,否,否,否,38,37,38,0.250,1.838,0.215,0.006,4.635,0.731,0.244,0.611,35.0,30.0,64.0,64.0,0,16.5,10.4,1.8,2.4,43.2,3.7,17.6,9.2,2.2,0.4,0.3,0.0,0.0,0.0,93.5,77.2,97.4,99.7,99.9,1066.7,10.67,15,15,15,35,74,374,1,2,否,否,否,否,否,否,否,否,否,否,否,否,否,否,否,否,否,否,否,否,否,否,否,否,否,否,否,否,否,否,否,否,否,否,否,否,否,36.0,34,34,34,97.0,100.0,否,否,24292,21072,0.0,2.9,2.9,0.000,0.098,3862,1507,38,0.006,100.0,1066.0,0.0,0.0,0.0,0.0,0.0,0.0,0.0,441,否,否,否,否,否,否,7.477,25.655,62.1,-7.956,25.2,193.5,7.2,60.6,0.7,0.7,0.7,0.7,7.2,60.3,0.7,0.7,0.7,0.7,139.66,1360.20,14.29,14.02,1532.07,1532.07,0.32,139.37,139.29,0.38,232.42,0,0,0.0,0.0,0,0.000,
17.9.2026,22:45:23.247,5966,33546,15.0,5878,10304,36.3,0.0,23329,0,0.761,0.795,0.757,0.747,0.745,0.678,0.738,1000.0,1000.0,1000.0,1000.0,1000.0,100.0,800.0,51.8,195.9,160.1,37.1,0.2,20.4,0.2,0.3,0.2,51.8,4.4,15.1,12.2,3.0,0.0,4.9,0.0,0.0,0.0,15.1,4.4,100.0,2.0,7.4,6.4,1.5,0.0,0.8,0.0,0.0,0.0,2.0,10.0,10.0,10.0,10.0,10.0,8.0,34,32,35,37,34,66,68,65,63,66,39,37,否,否,否,否,否,否,否,否,否,否,否,否,否,否,否,否,否,否,38,37,39,0.250,1.809,0.219,0.006,4.734,0.731,0.239,0.571,35.0,30.0,64.0,64.0,0,15.8,9.2,1.3,3.1,41.0,4.1,16.7,12.7,2.7,0.0,0.9,0.0,0.0,0.0,92.4,73.7,97.2,99.0,99.9,1066.7,10.67,15,15,15,35,74,374,1,2,是,否,否,否,否,否,否,否,否,否,是,否,否,否,否,否,否,否,否,否,否,否,否,否,否,否,否,否,否,否,否,否,否,否,否,否,否,36.0,34,34,34,97.0,100.0,否,否,24292,21072,0.0,2.7,2.7,0.000,0.026,3862,1507,39,0.006,100.0,1066.0,0.0,0.0,0.0,0.0,0.0,0.0,0.0,441,否,否,否,否,否,否,7.495,25.647,62.1,-7.967,25.2,193.1,7.2,60.6,0.7,0.7,0.7,0.7,7.2,60.3,0.7,0.7,0.7,0.7,139.66,1360.20,14.29,14.02,1532.07,1532.07,0.32,139.37,139.29,0.38,232.42,0,0,0.0,0.0,0,0.000,
17.9.2026,22:45:25.259,5966,33546,15.0,5877,10305,36.3,0.0,23329,0,0.761,0.795,0.757,0.747,0.745,0.678,0.738,1000.0,1000.0,1000.0,1000.0,1000.0,100.0,800.0,30.9,123.3,83.6,35.3,3.5,0.7,0.2,0.3,0.2,30.9,3.6,9.7,7.0,2.5,0.9,7.1,0.6,0.6,0.6,9.7,3.6,100.0,1.1,4.3,3.1,1.4,0.1,0.0,0.0,0.0,0.0,1.1,10.0,10.0,10.0,10.0,10.0,8.0,35,32,36,36,35,65,68,64,64,65,39,36,否,否,否,否,否,否,否,否,否,否,否,否,否,否,否,否,否,否,39,36,38,0.250,1.852,0.323,0.006,4.839,0.735,0.231,0.501,35.0,30.0,64.0,64.0,0,17.8,8.1,1.8,2.4,49.8,2.9,11.9,7.9,2.8,0.3,0.1,0.0,0.0,0.0,95.0,83.4,97.0,99.9,99.9,1066.7,10.67,15,15,15,35,74,374,1,2,否,否,否,否,否,否,否,否,否,否,否,否,否,否,否,否,否,否,否,否,否,否,否,否,否,否,否,否,否,否,否,否,否,否,否,否,否,36.0,34,34,33,97.0,100.0,否,否,24292,21072,0.0,1.9,1.9,0.000,0.016,3862,1507,39,0.006,100.0,1066.0,0.0,0.0,0.0,0.0,0.0,0.0,0.0,441,否,否,否,否,否,否,7.458,25.640,62.1,-7.920,25.2,194.2,7.2,60.6,0.7,0.7,0.7,0.7,7.2,60.3,0.7,0.7,0.7,0.7,139.66,1360.20,14.29,14.02,1532.07,1532.07,0.32,139.37,139.29,0.38,232.42,0,0,0.0,0.0,0,0.000,
17.9.2026,22:45:27.270,5964,33548,15.0,5875,10307,36.3,0.0,23329,0,0.758,0.792,0.747,0.747,0.745,0.678,0.696,975.0,1000.0,900.0,1000.0,1000.0,100.0,800.0,35.7,160.4,83.5,15.8,8.7,9.0,5.4,2.8,0.3,35.7,2.7,12.8,7.0,1.4,0.0,0.0,0.0,0.0,0.0,12.8,2.7,100.0,1.3,5.9,3.1,0.6,0.3,0.4,0.2,0.1,0.0,1.3,9.8,10.0,9.0,10.0,10.0,8.0,35,32,36,36,35,65,68,64,64,65,38,36,否,否,否,否,否,否,否,否,否,否,否,否,否,否,否,否,否,否,38,35,38,0.250,1.611,0.166,0.006,3.987,0.681,0.228,0.493,35.0,30.0,64.0,64.0,0,17.4,9.4,1.5,3.2,47.4,3.3,14.7,7.8,1.5,0.8,0.8,0.5,0.3,0.0,94.3,81.2,97.7,98.7,99.7,1066.7,10.67,15,15,15,35,74,374,1,2,否,否,否,否,否,否,否,否,否,否,否,否,否,否,否,否,否,否,否,否,否,否,否,否,否,否,否,否,否,否,否,否,否,否,否,否,否,35.0,34,34,33,97.0,100.0,否,否,24292,21072,0.0,2.1,2.1,0.000,0.104,3862,1507,38,0.006,100.0,1066.0,0.0,0.0,0.0,0.0,0.0,0.0,0.0,441,否,否,否,否,否,否,7.499,25.640,62.1,-7.941,25.2,193.7,7.2,60.6,0.7,0.7,0.7,0.7,7.2,60.3,0.7,0.7,0.7,0.7,139.66,1360.20,14.29,14.02,1532.07,1532.07,0.32,139.37,139.29,0.38,232.42,0,0,0.0,0.0,0,0.000,
17.9.2026,22:45:29.268,5964,33548,15.0,5874,10308,36.3,0.0,23329,0,0.762,0.795,0.757,0.747,0.747,0.678,0.696,1000.0,1000.0,1000.0,1000.0,1000.0,100.0,800.0,32.1,136.9,88.4,21.0,8.5,1.3,0.2,0.3,0.2,32.1,2.5,10.7,7.4,1.6,0.6,0.0,0.0,0.0,0.0,10.7,2.5,100.0,1.2,4.9,3.4,0.8,0.3,0.0,0.0,0.0,0.0,1.2,10.0,10.0,10.0,10.0,10.0,8.0,34,31,35,36,33,66,69,65,64,67,38,36,否,否,否,否,否,否,否,否,否,否,否,否,否,否,否,否,否,否,38,36,38,0.250,1.665,0.191,0.006,4.195,0.685,0.228,0.517,35.0,30.0,64.0,64.0,0,17.7,8.1,2.0,2.4,49.1,3.0,12.8,8.3,2.0,0.8,0.1,0.0,0.0,0.0,94.7,82.0,97.2,99.8,99.9,1066.7,10.67,15,15,15,35,74,374,1,2,否,否,否,否,否,否,否,否,否,否,否,否,否,否,否,否,否,否,否,否,否,否,否,否,否,否,否,否,否,否,否,否,否,否,否,否,否,35.0,34,34,33,97.0,100.0,否,否,24292,21072,0.0,2.4,2.4,0.000,0.028,3862,1507,39,0.006,100.0,1066.0,0.0,0.0,0.0,0.0,0.0,0.0,0.0,441,否,否,否,否,否,否,7.483,25.632,62.0,-7.850,25.2,195.9,7.2,60.6,0.7,0.7,0.7,0.7,7.2,60.3,0.7,0.7,0.7,0.7,139.66,1360.20,14.29,14.02,1532.07,1532.07,0.32,139.37,139.29,0.38,232.42,0,0,0.0,0.0,0,0.000,
17.9.2026,22:45:31.279,5965,33547,15.0,5875,10307,36.3,0.0,23329,0,0.762,0.797,0.757,0.747,0.745,0.678,0.696,1000.0,1000.0,1000.0,1000.0,1000.0,100.0,800.0,34.8,132.4,108.2,23.1,2.7,11.4,0.3,0.4,0.3,34.8,4.3,11.1,9.1,2.4,0.7,9.7,0.5,0.5,0.5,11.1,4.3,100.0,1.3,4.7,4.2,0.9,0.1,0.5,0.0,0.0,0.0,1.3,10.0,10.0,10.0,10.0,10.0,8.0,35,32,36,36,35,65,68,64,64,65,38,36,否,否,否,否,否,否,否,否,否,否,否,否,否,否,否,否,否,否,38,36,38,0.250,1.585,0.169,0.006,3.978,0.672,0.222,0.473,35.0,30.0,64.0,64.0,0,17.2,12.8,1.5,1.5,45.0,3.2,12.7,9.4,2.1,0.3,0.9,0.0,0.0,0.0,94.5,81.4,97.6,99.0,99.9,1066.7,10.67,15,15,15,35,74,374,1,2,否,否,否,否,否,否,否,否,否,否,否,否,否,否,否,否,否,否,否,否,否,否,否,否,否,否,否,否,否,否,否,否,否,否,否,否,否,36.0,34,34,34,97.0,100.0,否,否,24292,21072,0.0,3.9,3.9,0.000,0.040,3862,1507,37,0.007,100.0,1066.0,0.0,0.0,0.0,0.0,0.0,0.0,0.0,441,否,否,否,否,否,否,7.489,25.632,62.0,-7.819,25.2,196.7,7.2,60.6,0.7,0.7,0.7,0.7,7.2,60.3,0.7,0.7,0.7,0.7,139.66,1360.20,14.29,14.02,1532.07,1532.07,0.32,139.37,139.29,0.38,232.42,0,0,0.0,0.0,0,0.000,
17.9.2026,22:45:33.295,5965,33547,15.0,5877,10305,36.3,0.0,23329,0,0.765,0.797,0.765,0.752,0.745,0.678,0.696,1050.0,1000.0,1100.0,1100.0,1000.0,100.0,800.0,30.6,136.4,83.9,13.9,7.5,2.3,0.2,0.3,0.3,30.6,2.9,10.5,6.9,1.0,1.3,1.6,0.6,0.6,0.6,10.5,2.9,100.0,1.1,4.9,3.2,0.5,0.3,0.1,0.0,0.0,0.0,1.1,10.5,10.0,11.0,11.0,10.0,8.0,34,32,35,35,35,66,68,65,65,65,38,35,否,否,否,否,否,否,否,否,否,否,否,否,否,否,否,否,否,否,38,37,39,0.250,1.763,0.193,0.007,4.600,0.702,0.221,0.594,35.0,30.0,64.0,64.0,0,17.5,9.4,1.5,1.8,49.7,2.9,12.7,7.9,1.3,0.7,0.2,0.0,0.0,0.0,95.1,82.6,98.0,99.7,99.9,1066.7,10.67,15,15,15,35,74,374,1,2,否,否,否,否,否,否,否,否,否,否,否,否,否,否,否,否,否,否,否,否,否,否,否,否,否,否,否,否,否,否,否,否,否,否,否,否,否,35.0,34,34,33,97.0,100.0,否,否,24292,21072,0.0,1.9,1.9,0.000,0.016,3862,1507,38,0.006,100.0,1066.0,0.0,0.0,0.0,0.0,0.0,0.0,0.0,441,否,否,否,否,否,否,7.498,25.625,62.0,-7.820,25.2,196.6,7.2,60.6,0.7,0.7,0.7,0.7,7.2,60.3,0.7,0.7,0.7,0.7,139.66,1360.20,14.29,14.02,1532.07,1532.07,0.32,139.37,139.29,0.38,232.42,0,0,0.0,0.0,0,0.000,
17.9.2026,22:45:35.309,5966,33546,15.0,5883,10299,36.3,0.0,23329,0,0.766,0.797,0.762,0.755,0.750,0.686,0.738,1100.0,1100.0,1100.0,1100.0,1100.0,100.0,900.0,33.0,136.8,90.0,32.7,1.3,2.2,0.2,0.4,0.2,33.0,2.4,10.5,6.8,2.0,0.0,0.0,0.0,0.0,0.0,10.5,2.4,100.0,1.2,4.9,3.4,1.3,0.0,0.1,0.0,0.0,0.0,1.2,11.0,11.0,11.0,11.0,11.0,9.0,34,34,34,35,34,66,66,66,65,66,38,35,否,否,否,否,否,否,否,否,否,否,否,否,否,否,否,否,否,否,38,36,38,0.250,1.586,0.168,0.006,4.010,0.660,0.212,0.495,35.0,30.0,64.0,64.0,0,17.8,6.9,1.8,2.2,50.8,3.0,12.8,7.9,2.5,0.1,0.2,0.0,0.0,0.0,94.9,82.6,97.3,99.7,99.9,1066.7,10.67,15,15,15,35,74,374,1,2,否,否,否,否,否,否,否,否,否,否,否,否,否,否,否,否,否,否,否,否,否,否,否,否,否,否,否,否,否,否,否,否,否,否,否,否,否,35.0,34,34,33,97.0,100.0,否,否,24292,21072,0.0,1.2,1.2,0.000,0.016,3862,1507,39,0.006,100.0,1066.0,0.0,0.0,0.0,0.0,0.0,0.0,0.0,441,否,否,否,否,否,否,7.455,25.625,62.0,-7.723,25.2,199.1,7.2,60.6,0.7,0.7,0.7,0.7,7.2,60.3,0.7,0.7,0.7,0.7,139.66,1360.20,14.29,14.02,1532.07,1532.07,0.32,139.37,139.29,0.38,232.42,0,0,0.0,0.0,0,0.000,
17.9.2026,22:45:37.308,5966,33546,15.0,5882,10300,36.3,0.0,23329,0,0.764,0.797,0.762,0.750,0.747,0.683,0.696,1100.0,1100.0,1100.0,1100.0,1100.0,100.0,900.0,41.3,162.5,98.0,64.5,2.5,1.8,0.5,0.5,0.3,41.3,6.0,13.3,8.1,3.2,1.7,0.0,0.0,20.5,0.8,20.5,6.0,100.0,1.5,5.9,3.7,2.6,0.1,0.1,0.0,0.0,0.0,1.5,11.0,11.0,11.0,11.0,11.0,9.0,36,34,36,38,36,64,66,64,62,64,38,38,否,否,否,否,否,否,否,否,否,否,否,否,否,否,否,否,否,否,38,36,38,0.250,1.576,0.184,0.006,3.862,0.684,0.236,0.433,35.0,30.0,64.0,64.0,0,16.8,16.5,1.4,1.4,39.7,3.5,15.5,8.9,3.4,0.3,0.2,0.1,0.1,0.0,93.9,79.6,96.3,99.7,99.9,1066.7,10.67,15,15,15,35,74,374,1,2,否,否,否,否,否,否,否,否,否,否,否,否,否,否,否,否,否,否,否,否,否,否,否,否,否,否,否,否,否,否,否,否,否,否,否,否,否,36.0,34,34,34,97.0,100.0,否,否,24292,21072,0.9,3.9,4.8,0.895,0.092,3863,1507,38,0.006,100.0,1066.0,0.0,0.0,0.0,0.0,0.0,0.0,0.0,441,否,否,否,否,否,否,7.494,25.617,62.0,-7.786,25.2,197.4,7.2,60.6,0.7,0.7,0.7,0.7,7.2,60.3,0.7,0.7,0.7,0.7,139.66,1360.20,14.29,14.02,1532.07,1532.07,0.32,139.37,139.29,0.38,232.42,0,0,0.0,0.0,0,0.000,
17.9.2026,22:45:39.316,5965,33546,15.0,5880,10302,36.3,0.0,23329,0,0.761,0.792,0.757,0.750,0.745,0.678,0.696,1000.0,1000.0,1000.0,1000.0,1000.0,100.0,800.0,34.6,139.8,99.9,26.1,7.9,1.3,1.4,0.6,0.2,34.6,3.4,11.9,8.8,2.2,0.0,2.9,0.7,0.6,0.0,11.9,3.4,100.0,1.3,5.0,3.8,1.0,0.3,0.0,0.1,0.0,0.0,1.3,10.0,10.0,10.0,10.0,10.0,8.0,34,33,35,36,34,66,67,65,64,66,38,36,否,否,否,否,否,否,否,否,否,否,否,否,否,否,否,否,否,否,38,35,38,0.250,2.058,0.272,0.006,5.374,0.767,0.242,0.729,35.0,30.0,64.0,64.0,0,17.3,10.4,1.7,1.8,46.7,3.2,13.4,9.1,1.8,0.7,0.1,0.2,0.1,0.0,94.5,80.8,97.7,99.7,99.9,1066.7,10.67,15,15,15,35,74,374,1,2,否,否,否,否,否,否,否,否,否,否,否,否,否,否,否,否,否,否,否,否,否,否,否,否,否,否,否,否,否,否,否,否,否,否,否,否,否,35.0,34,34,33,97.0,100.0,否,否,24292,21072,0.0,1.5,1.5,0.000,0.018,3863,1507,38,0.006,100.0,1066.0,0.0,0.0,0.0,0.0,0.0,0.0,0.0,441,否,否,否,否,否,否,7.489,25.609,62.0,-7.774,25.2,197.7,7.2,60.6,0.7,0.7,0.7,0.7,7.2,60.3,0.7,0.7,0.7,0.7,139.66,1360.20,14.29,14.02,1532.07,1532.07,0.32,139.37,139.29,0.38,232.42,0,0,0.0,0.0,0,0.000,
17.9.2026,22:45:41.327,5965,33547,15.0,5879,10303,36.3,0.0,23329,0,0.762,0.795,0.757,0.750,0.745,0.678,0.696,1000.0,1000.0,1000.0,1000.0,1000.0,100.0,800.0,32.7,141.3,99.0,14.8,3.9,0.8,0.2,1.6,0.2,32.7,2.6,11.1,8.2,1.1,0.1,0.0,0.0,0.0,0.0,11.1,2.6,100.0,1.2,5.0,3.8,0.5,0.1,0.0,0.0,0.1,0.0,1.2,10.0,10.0,10.0,10.0,10.0,8.0,34,31,35,35,34,66,69,65,65,66,39,35,否,否,否,否,否,否,否,否,否,否,否,否,否,否,否,否,否,否,38,36,38,0.250,1.726,0.198,0.006,4.404,0.697,0.221,0.557,35.0,30.0,64.0,64.0,0,17.1,14.3,1.9,1.4,44.3,3.1,13.3,9.2,1.5,0.4,0.1,0.0,0.2,0.0,94.7,81.2,98.1,99.9,99.8,1066.7,10.67,15,15,15,35,74,374,1,2,否,否,否,否,否,否,否,否,否,否,否,否,否,否,否,否,否,否,否,否,否,否,否,否,否,否,否,否,否,否,否,否,否,否,否,否,否,35.0,34,34,35,97.0,100.0,否,否,24292,21072,0.0,1.7,1.7,0.000,0.435,3863,1508,39,0.008,100.0,1066.0,0.0,0.0,0.0,0.0,0.0,0.0,0.0,441,否,否,否,否,否,否,7.494,25.609,62.0,-7.786,25.2,197.3,7.2,60.6,0.7,0.7,0.7,0.7,7.2,60.3,0.7,0.7,0.7,0.7,139.66,1360.20,14.29,14.02,1532.07,1532.07,0.32,139.37,139.29,0.38,232.42,0,0,0.0,0.0,0,0.000,
17.9.2026,22:45:43.330,5964,33547,15.0,5879,10304,36.3,0.0,23329,0,0.762,0.792,0.757,0.750,0.747,0.678,0.696,1000.0,1000.0,1000.0,1000.0,1000.0,100.0,800.0,30.0,139.1,82.2,17.4,0.2,0.3,0.2,0.3,0.2,30.0,2.7,11.3,6.7,1.1,0.6,0.6,0.6,0.6,0.6,11.3,2.7,100.0,1.1,5.0,3.1,0.7,0.0,0.0,0.0,0.0,0.0,1.1,10.0,10.0,10.0,10.0,10.0,8.0,34,32,35,35,34,66,68,65,65,66,38,35,否,否,否,否,否,否,否,否,否,否,否,否,否,否,否,否,否,否,37,36,37,0.250,1.795,0.183,0.008,4.670,0.700,0.214,0.642,35.0,30.0,64.0,64.0,0,17.4,13.1,2.1,1.9,45.2,2.9,13.5,7.8,1.4,0.0,0.0,0.0,0.0,0.0,95.1,82.2,98.5,99.9,99.9,1066.7,10.67,15,15,15,35,74,374,1,2,否,否,否,否,否,否,否,否,否,否,否,否,否,否,否,否,否,否,否,否,否,否,否,否,否,否,否,否,否,否,否,否,否,否,否,否,否,36.0,34,34,34,97.0,100.0,否,否,24292,21072,0.0,3.9,3.9,0.000,0.094,3863,1509,38,0.009,100.0,1066.0,0.0,0.0,0.0,0.0,0.0,0.0,0.0,441,否,否,否,否,否,否,7.439,25.602,62.0,-7.729,25.2,198.7,7.2,60.6,0.7,0.7,0.7,0.7,7.2,60.3,0.7,0.7,0.7,0.7,139.66,1360.20,14.29,14.02,1532.07,1532.07,0.32,139.37,139.29,0.38,232.42,0,0,0.0,0.0,0,0.000,
17.9.2026,22:45:45.339,5964,33547,15.0,5877,10305,36.3,0.0,23329,0,0.762,0.795,0.757,0.747,0.747,0.678,0.696,1000.0,1000.0,1000.0,1000.0,1000.0,100.0,800.0,30.7,125.8,84.7,13.2,19.4,1.7,0.2,0.3,0.2,30.7,2.5,10.8,7.7,1.5,0.3,0.0,0.0,0.0,0.0,10.8,2.5,100.0,1.1,4.4,3.2,0.5,0.8,0.1,0.0,0.0,0.0,1.1,10.0,10.0,10.0,10.0,10.0,8.0,34,32,34,36,35,66,68,66,64,65,38,36,否,否,否,否,否,否,否,否,否,否,否,否,否,否,否,否,否,否,38,36,38,0.250,1.732,0.169,0.009,4.484,0.692,0.213,0.598,35.0,30.0,64.0,64.0,0,17.8,9.0,2.0,1.9,49.5,2.9,12.5,8.1,1.2,0.7,0.2,0.0,0.0,0.0,95.1,82.8,98.0,99.8,99.9,1066.7,10.67,15,15,15,35,74,374,1,2,是,否,否,否,否,否,否,否,否,否,是,否,否,否,否,否,否,否,否,否,否,否,否,否,否,否,否,否,否,否,否,否,否,否,否,否,否,35.0,34,34,34,97.0,100.0,否,否,24292,21072,0.0,2.0,2.0,0.000,0.099,3863,1509,38,0.010,100.0,1066.0,0.0,0.0,0.0,0.0,0.0,0.0,0.0,441,否,否,否,否,否,否,7.486,25.602,62.0,-7.778,25.2,197.5,7.2,60.6,0.7,0.7,0.7,0.7,7.2,60.3,0.7,0.7,0.7,0.7,139.66,1360.20,14.29,14.02,1532.07,1532.07,0.32,139.37,139.29,0.38,232.42,0,0,0.0,0.0,0,0.000,
17.9.2026,22:45:47.356,5965,33547,15.0,5875,10307,36.3,0.0,23329,0,0.763,0.795,0.760,0.750,0.747,0.678,0.698,1000.0,1000.0,1000.0,1000.0,1000.0,100.0,800.0,32.0,125.3,100.3,16.9,10.5,1.9,0.2,0.8,0.2,32.0,2.5,9.9,8.1,1.4,0.8,0.1,0.0,0.0,0.0,9.9,2.5,100.0,1.2,4.4,3.8,0.6,0.4,0.1,0.0,0.0,0.0,1.2,10.0,10.0,10.0,10.0,10.0,8.0,34,33,35,35,35,66,67,65,65,65,40,35,否,否,否,否,否,否,否,否,否,否,否,否,否,否,否,否,否,否,38,35,38,0.250,1.657,0.199,0.010,4.150,0.677,0.224,0.508,35.0,30.0,64.0,64.0,0,17.6,10.2,1.7,1.8,48.0,3.0,12.0,9.0,1.7,0.9,0.2,0.0,0.1,0.0,94.8,82.0,97.4,99.7,99.9,1066.7,10.67,15,15,15,35,74,374,1,2,否,否,否,否,否,否,否,否,否,否,否,否,否,否,否,否,否,否,否,否,否,否,否,否,否,否,否,否,否,否,否,否,否,否,否,否,否,35.0,34,34,35,97.0,100.0,否,否,24292,21072,0.0,1.9,1.9,0.000,0.042,3863,1509,38,0.007,100.0,1066.0,0.0,0.0,0.0,0.0,0.0,0.0,0.0,441,否,否,否,否,否,否,7.472,25.602,62.0,-7.763,25.2,197.9,7.2,60.6,0.7,0.7,0.7,0.7,7.2,60.3,0.7,0.7,0.7,0.7,139.66,1360.20,14.29,14.02,1532.07,1532.07,0.32,139.37,139.29,0.38,232.42,0,0,0.0,0.0,0,0.000,
17.9.2026,22:45:49.363,5964,33548,15.0,5874,10308,36.3,0.0,23329,0,0.761,0.795,0.755,0.747,0.745,0.678,0.701,1000.0,1000.0,1000.0,1000.0,1000.0,100.0,800.0,30.1,128.8,78.2,29.8,1.5,1.2,0.2,0.4,0.2,30.1,2.4,10.2,6.1,1.4,0.4,0.4,0.3,0.3,0.3,10.2,2.4,100.0,1.1,4.5,2.9,1.2,0.1,0.0,0.0,0.0,0.0,1.1,10.0,10.0,10.0,10.0,10.0,8.0,35,32,36,35,36,65,68,64,65,64,38,36,否,否,否,否,否,否,否,否,否,否,否,否,否,否,否,否,否,否,38,36,37,0.250,1.680,0.176,0.007,4.318,0.685,0.219,0.550,35.0,30.0,64.0,64.0,0,18.0,8.9,1.6,2.8,48.8,2.8,12.7,7.3,2.1,0.2,0.1,0.0,0.1,0.0,95.2,83.3,97.7,99.8,99.9,1066.7,10.67,15,15,15,35,74,374,1,2,是,否,否,否,否,否,否,否,否,否,是,否,否,否,否,否,否,否,否,否,否,否,否,否,否,否,否,否,否,否,否,否,否,否,否,否,否,35.0,34,34,33,97.0,100.0,否,否,24292,21072,0.0,2.4,2.4,0.000,0.018,3863,1509,38,0.007,100.0,1066.0,0.0,0.0,0.0,0.0,0.0,0.0,0.0,441,否,否,否,否,否,否,7.492,25.602,62.0,-7.784,25.2,197.3,7.2,60.6,0.7,0.7,0.7,0.7,7.2,60.3,0.7,0.7,0.7,0.7,139.66,1360.20,14.29,14.02,1532.07,1532.07,0.32,139.37,139.29,0.38,232.42,0,0,0.0,0.0,0,0.000,
17.9.2026,22:45:51.361,5965,33547,15.0,5876,10307,36.3,0.0,23329,0,0.762,0.795,0.760,0.747,0.745,0.678,0.738,1000.0,1000.0,1000.0,1000.0,1000.0,100.0,800.0,34.4,148.4,108.4,13.7,2.2,1.2,0.2,0.3,0.3,34.4,3.0,12.8,9.5,1.8,0.1,0.0,0.0,0.0,0.0,12.8,3.0,100.0,1.3,5.4,4.2,0.5,0.1,0.0,0.0,0.0,0.0,1.3,10.0,10.0,10.0,10.0,10.0,8.0,34,32,33,35,34,66,68,67,65,66,38,35,否,否,否,否,否,否,否,否,否,否,否,否,否,否,否,否,否,否,38,35,38,0.250,1.637,0.182,0.007,4.047,0.686,0.228,0.494,35.0,30.0,64.0,64.0,0,17.5,8.7,1.9,2.2,47.6,3.2,14.3,9.7,1.3,0.2,0.1,0.0,0.0,0.0,94.5,80.0,98.3,99.8,99.9,1066.7,10.67,15,15,15,35,74,374,1,2,否,否,否,否,否,否,否,否,否,否,否,否,否,否,否,否,否,否,否,否,否,否,否,否,否,否,否,否,否,否,否,否,否,否,否,否,否,36.0,34,34,34,97.0,100.0,否,否,24292,21072,0.0,1.5,1.5,0.000,0.028,3863,1509,38,0.007,100.0,1066.0,0.0,0.0,0.0,0.0,0.0,0.0,0.0,433,否,否,否,否,否,否,7.497,25.594,62.0,-7.752,25.2,198.1,7.2,60.6,0.7,0.7,0.7,0.7,7.2,60.3,0.7,0.7,0.7,0.7,139.66,1360.20,14.29,14.02,1532.07,1532.07,0.32,139.37,139.29,0.38,232.42,0,0,0.0,0.0,0,0.000,
17.9.2026,22:45:53.368,5963,33548,15.0,5880,10302,36.3,0.0,23329,0,0.766,0.797,0.762,0.752,0.750,0.686,0.736,1100.0,1100.0,1100.0,1100.0,1100.0,100.0,900.0,44.4,193.4,132.9,20.4,5.4,1.2,0.2,1.6,0.2,44.4,3.3,14.8,9.7,1.0,0.5,0.2,0.1,0.2,0.1,14.8,3.3,100.0,1.7,7.2,5.2,0.8,0.2,0.0,0.0,0.1,0.0,1.7,11.0,11.0,11.0,11.0,11.0,9.0,34,32,35,36,34,66,68,65,64,66,38,36,否,否,否,否,否,否,否,否,否,否,否,否,否,否,否,否,否,否,37,35,38,0.250,1.614,0.174,0.007,4.120,0.690,0.230,0.484,35.0,30.0,64.0,64.0,0,16.4,9.8,1.5,1.9,44.1,3.9,17.3,11.1,1.9,0.5,0.1,0.0,0.2,0.0,93.3,75.8,97.6,99.8,99.8,1066.7,10.67,15,15,15,35,74,374,1,2,否,否,否,否,否,否,否,否,否,否,否,否,否,否,否,否,否,否,否,否,否,否,否,否,否,否,否,否,否,否,否,否,否,否,否,否,否,36.0,34,34,33,97.0,100.0,否,否,24292,21072,0.0,3.3,3.3,0.000,0.034,3863,1509,38,0.007,100.0,1066.0,0.0,0.0,0.0,0.0,0.0,0.0,0.0,433,否,否,否,否,否,否,7.485,25.594,62.0,-7.710,25.2,199.2,7.2,60.6,0.7,0.7,0.7,0.7,7.2,60.3,0.7,0.7,0.7,0.7,139.66,1360.20,14.29,14.02,1532.07,1532.07,0.32,139.37,139.29,0.38,232.42,0,0,0.0,0.0,0,0.000,
17.9.2026,22:45:55.385,5961,33550,15.0,5880,10303,36.3,0.0,23329,0,0.762,0.795,0.757,0.747,0.747,0.678,0.696,1000.0,1000.0,1000.0,1000.0,1000.0,100.0,800.0,30.5,114.1,88.6,18.5,19.8,1.1,0.7,0.8,0.2,30.5,3.1,9.9,8.2,2.2,1.9,0.7,0.7,0.7,0.6,9.9,3.1,100.0,1.1,3.9,3.4,0.7,0.8,0.0,0.0,0.0,0.0,1.1,10.0,10.0,10.0,10.0,10.0,8.0,34,31,35,36,34,66,69,65,64,66,38,36,否,否,否,否,否,否,否,否,否,否,否,否,否,否,否,否,否,否,37,35,37,0.250,1.750,0.205,0.007,4.640,0.719,0.240,0.528,35.0,30.0,64.0,64.0,0,17.9,8.1,1.5,2.0,50.1,2.9,11.5,8.4,1.7,1.4,0.1,0.1,0.1,0.0,95.1,83.5,97.1,99.8,99.9,1066.7,10.67,15,15,15,35,74,374,1,2,否,否,否,否,否,否,否,否,否,否,否,否,否,否,否,否,否,否,否,否,否,否,否,否,否,否,否,否,否,否,否,否,否,否,否,否,否,35.0,34,34,33,97.0,100.0,否,否,24292,21072,0.0,2.0,2.0,0.000,0.022,3863,1509,38,0.007,100.0,1066.0,0.0,0.0,0.0,0.0,0.0,0.0,0.0,433,否,否,否,否,否,否,7.497,25.586,61.9,-7.744,25.2,198.2,7.2,60.6,0.7,0.7,0.7,0.7,7.2,60.3,0.7,0.7,0.7,0.7,139.66,1360.20,14.29,14.02,1532.07,1532.07,0.32,139.37,139.29,0.38,232.42,0,0,0.0,0.0,0,0.000,
17.9.2026,22:45:57.387,5962,33550,15.0,5878,10304,36.3,0.0,23329,0,0.761,0.795,0.755,0.747,0.745,0.678,0.738,1000.0,1000.0,1000.0,1000.0,1000.0,100.0,800.0,48.7,163.8,148.1,50.2,5.1,10.6,2.6,8.2,0.6,48.7,3.7,12.8,11.6,4.0,0.3,0.1,0.0,0.6,0.0,12.8,3.7,100.0,1.9,6.0,5.8,2.0,0.2,0.4,0.1,0.3,0.0,1.9,10.0,10.0,10.0,10.0,10.0,8.0,34,32,35,36,34,66,68,65,64,66,38,36,否,否,否,否,否,否,否,否,否,否,否,否,否,否,否,否,否,否,38,36,37,0.250,1.609,0.166,0.007,4.062,0.665,0.214,0.511,35.0,30.0,64.0,64.0,0,16.0,7.6,1.8,3.2,42.2,4.3,14.8,12.5,4.3,0.5,1.0,0.3,0.8,0.1,92.0,74.6,95.3,98.7,99.2,1066.7,10.67,15,15,15,35,74,374,1,2,否,否,否,否,否,否,否,否,否,否,否,否,否,否,否,否,否,否,否,否,否,否,否,否,否,否,否,否,否,否,否,否,否,否,否,否,否,35.0,34,34,33,97.0,100.0,否,否,24292,21072,0.0,3.4,3.4,0.000,0.110,3863,1509,38,0.007,100.0,1066.0,0.0,0.0,0.0,0.0,0.0,0.0,0.0,433,否,否,否,否,否,否,7.500,25.586,61.9,-7.718,25.2,198.9,7.2,60.6,0.7,0.7,0.7,0.7,7.2,60.3,0.7,0.7,0.7,0.7,139.66,1360.20,14.29,14.02,1532.07,1532.07,0.32,139.37,139.29,0.38,232.42,0,0,0.0,0.0,0,0.000,
17.9.2026,22:45:59.402,5961,33551,15.0,5877,10306,36.3,0.0,23329,0,0.761,0.795,0.755,0.747,0.747,0.678,0.738,1000.0,1000.0,1000.0,1000.0,1000.0,100.0,800.0,29.7,125.2,85.3,22.9,2.4,1.2,0.2,0.3,0.2,29.7,2.6,10.2,7.0,1.1,0.1,0.7,0.6,0.0,0.6,10.2,2.6,100.0,1.1,4.4,3.2,0.9,0.1,0.0,0.0,0.0,0.0,1.1,10.0,10.0,10.0,10.0,10.0,8.0,34,32,33,36,34,66,68,67,64,66,38,36,否,否,否,否,否,否,否,否,否,否,否,否,否,否,否,否,否,否,38,35,38,0.250,1.897,0.247,0.007,4.907,0.754,0.264,0.597,35.0,30.0,64.0,64.0,0,18.4,8.2,2.4,2.4,49.1,2.8,12.4,8.0,1.4,0.2,0.1,0.0,0.0,0.0,95.3,83.0,98.3,99.8,99.9,1066.7,10.67,15,15,15,35,74,374,1,2,否,否,否,否,否,否,否,否,否,否,否,否,否,否,否,否,否,否,否,否,否,否,否,否,否,否,否,否,否,否,否,否,否,否,否,否,否,35.0,34,34,33,97.0,100.0,否,否,24292,21072,0.0,1.4,1.4,0.000,0.006,3863,1509,37,0.008,100.0,1066.0,0.0,0.0,0.0,0.0,0.0,0.0,0.0,433,否,否,否,否,否,否,7.494,25.579,61.9,-7.764,25.2,197.7,7.2,60.6,0.7,0.7,0.7,0.7,7.2,60.3,0.7,0.7,0.7,0.7,139.66,1360.20,14.29,14.02,1532.07,1532.07,0.32,139.37,139.29,0.38,232.42,0,0,0.0,0.0,0,0.000,
17.9.2026,22:46:1.398,5962,33549,15.0,5875,10307,36.3,0.0,23329,0,0.761,0.792,0.757,0.750,0.745,0.678,0.738,1000.0,1000.0,1000.0,1000.0,1000.0,100.0,800.0,36.1,152.7,110.0,20.6,3.0,1.4,0.3,0.5,0.3,36.1,2.9,12.0,9.3,1.7,0.1,0.0,0.0,0.0,0.0,12.0,2.9,100.0,1.3,5.5,4.2,0.8,0.1,0.0,0.0,0.0,0.0,1.3,10.0,10.0,10.0,10.0,10.0,8.0,34,32,35,34,35,66,68,65,66,65,38,35,否,否,否,否,否,否,否,否,否,否,否,否,否,否,否,否,否,否,37,35,37,0.250,1.634,0.183,0.008,3.990,0.683,0.227,0.495,35.0,30.0,64.0,64.0,0,17.5,8.1,1.7,2.5,47.6,3.4,14.2,10.2,1.9,0.3,0.2,0.0,0.1,0.0,94.3,79.8,97.7,99.8,99.9,1066.7,10.67,15,15,15,35,74,374,1,2,否,否,否,否,否,否,否,否,否,否,否,否,否,否,否,否,否,否,否,否,否,否,否,否,否,否,否,否,否,否,否,否,否,否,否,否,否,34.0,34,34,33,97.0,100.0,否,否,24292,21072,0.0,1.5,1.5,0.000,0.024,3863,1509,37,0.006,100.0,1066.0,0.0,0.0,0.0,0.0,0.0,0.0,0.0,433,否,否,否,否,否,否,7.496,25.571,61.9,-7.736,25.2,198.3,7.2,60.6,0.7,0.7,0.7,0.7,7.2,60.3,0.7,0.7,0.7,0.7,139.66,1360.20,14.29,14.02,1532.07,1532.07,0.32,139.37,139.29,0.38,232.42,0,0,0.0,0.0,0,0.000,
17.9.2026,22:46:3.402,5961,33551,15.0,5873,10310,36.2,0.0,23329,0,0.761,0.795,0.757,0.747,0.745,0.678,0.738,1000.0,1000.0,1000.0,1000.0,1000.0,100.0,800.0,30.1,112.3,78.2,43.5,2.4,2.0,0.7,1.1,0.4,30.1,3.7,9.6,7.0,0.0,0.0,13.4,0.0,0.0,0.0,13.4,3.7,100.0,1.1,3.8,2.9,1.8,0.1,0.1,0.0,0.0,0.0,1.1,10.0,10.0,10.0,10.0,10.0,8.0,34,32,34,36,34,66,68,66,64,66,38,36,否,否,否,否,否,否,否,否,否,否,否,否,否,否,否,否,否,否,38,34,38,0.250,1.655,0.176,0.006,4.205,0.696,0.241,0.503,35.0,30.0,64.0,64.0,0,18.2,6.5,1.9,2.5,51.0,2.9,11.3,7.4,3.6,0.3,0.2,0.1,0.1,0.1,95.0,84.4,96.2,99.7,99.8,1066.7,10.67,15,15,15,35,74,374,1,2,否,否,否,否,否,否,否,否,否,否,否,否,否,否,否,否,否,否,否,否,否,否,否,否,否,否,否,否,否,否,否,否,否,否,否,否,否,35.0,34,34,33,97.0,100.0,否,否,24292,21072,0.0,1.5,1.5,0.000,0.014,3863,1509,37,0.006,100.0,1066.0,0.0,0.0,0.0,0.0,0.0,0.0,0.0,433,否,否,否,否,否,否,7.488,25.571,61.9,-7.713,25.2,198.9,7.2,60.6,0.7,0.7,0.7,0.7,7.2,60.3,0.7,0.7,0.7,0.7,139.66,1360.20,14.29,14.02,1532.07,1532.07,0.32,139.37,139.29,0.38,232.42,0,0,0.0,0.0,0,0.000,
17.9.2026,22:46:5.391,5961,33551,15.0,5872,10310,36.2,0.0,23329,0,0.762,0.795,0.757,0.750,0.747,0.678,0.698,1000.0,1000.0,1000.0,1000.0,1000.0,100.0,800.0,30.2,127.6,94.8,15.8,2.1,0.7,0.2,0.3,0.2,30.2,3.9,9.8,7.9,11.4,0.6,0.0,0.5,0.5,0.5,11.4,3.9,100.0,1.1,4.5,3.6,0.6,0.1,0.0,0.0,0.0,0.0,1.1,10.0,10.0,10.0,10.0,10.0,8.0,34,32,35,35,34,66,68,65,65,66,38,35,否,否,否,否,否,否,否,否,否,否,否,否,否,否,否,否,否,否,37,35,38,0.250,1.519,0.166,0.006,3.755,0.655,0.219,0.435,35.0,30.0,64.0,64.0,0,18.0,8.3,1.9,2.2,49.7,2.9,12.1,8.9,1.5,0.2,0.1,0.0,0.0,0.0,95.1,82.3,98.2,99.9,99.9,1066.7,10.67,15,15,15,35,74,374,1,2,否,否,否,否,否,否,否,否,否,否,否,否,否,否,否,否,否,否,否,否,否,否,否,否,否,否,否,否,否,否,否,否,否,否,否,否,否,35.0,34,34,34,97.0,100.0,否,否,24292,21072,0.0,2.4,2.4,0.000,0.051,3863,1509,38,0.008,100.0,1066.0,0.0,0.0,0.0,0.0,0.0,0.0,0.0,433,否,否,否,否,否,否,7.490,25.563,61.9,-7.670,25.2,200.0,7.2,60.6,0.7,0.7,0.7,0.7,7.2,60.3,0.7,0.7,0.7,0.7,139.66,1360.20,14.29,14.02,1532.07,1532.07,0.32,139.37,139.29,0.38,232.42,0,0,0.0,0.0,0,0.000,
17.9.2026,22:46:7.401,5968,33543,15.1,5879,10303,36.3,0.0,23329,0,0.762,0.792,0.757,0.750,0.747,0.678,0.738,1000.0,1000.0,1000.0,1000.0,1000.0,100.0,800.0,81.0,287.4,255.7,67.1,29.3,3.1,1.9,2.6,0.6,81.0,5.6,20.6,17.9,5.0,1.0,0.0,0.0,0.0,0.0,20.6,5.6,100.0,3.2,11.2,10.0,2.6,1.1,0.1,0.1,0.1,0.0,3.2,10.0,10.0,10.0,10.0,10.0,8.0,34,32,34,36,33,66,68,66,64,67,38,36,否,否,否,否,否,否,否,否,否,否,否,否,否,否,否,否,否,否,38,35,38,0.250,1.581,0.165,0.008,3.964,0.661,0.214,0.492,35.0,30.0,64.0,64.0,0,13.5,7.2,1.4,3.1,34.1,6.2,22.5,19.0,5.5,2.1,0.3,0.2,0.2,0.1,88.4,61.6,92.6,99.5,99.7,1066.7,10.67,15,15,15,35,74,374,1,2,是,否,否,否,否,否,否,否,否,否,是,否,否,否,否,否,否,否,否,否,否,否,否,否,否,否,否,否,否,否,否,否,否,否,否,否,否,34.0,34,34,33,97.0,100.0,否,否,24292,21072,0.0,2.9,2.9,0.000,0.089,3863,1510,38,0.004,100.0,1066.0,0.0,0.0,0.0,0.0,0.0,0.0,0.0,433,否,否,否,否,否,否,7.436,25.563,61.9,-7.585,25.2,202.2,7.2,60.6,0.7,0.7,0.7,0.7,7.2,60.3,0.7,0.7,0.7,0.7,139.66,1360.20,14.29,14.02,1532.07,1532.07,0.32,139.37,139.29,0.38,232.42,0,0,0.0,0.0,0,0.000,
17.9.2026,22:46:9.399,5967,33544,15.1,5880,10302,36.3,0.0,23329,0,0.761,0.795,0.757,0.747,0.745,0.678,0.696,1000.0,1000.0,1000.0,1000.0,1000.0,100.0,800.0,30.5,130.0,84.0,23.7,2.3,1.2,0.2,2.1,0.2,30.5,2.6,10.0,6.9,0.0,0.8,0.7,0.6,0.8,0.6,10.0,2.6,100.0,1.1,4.6,3.2,0.9,0.1,0.0,0.0,0.1,0.0,1.1,10.0,10.0,10.0,10.0,10.0,8.0,34,31,35,36,35,66,69,65,64,65,38,36,否,否,否,否,否,否,否,否,否,否,否,否,否,否,否,否,否,否,38,36,38,0.250,2.193,0.440,0.004,5.895,0.839,0.296,0.578,35.0,30.0,64.0,64.0,0,18.1,8.7,2.0,2.4,48.6,2.9,12.3,7.9,2.3,0.2,0.1,0.0,0.2,0.0,95.0,82.9,97.5,99.8,99.7,1066.7,10.67,15,15,15,35,74,374,1,2,否,否,否,否,否,否,否,否,否,否,否,否,否,否,否,否,否,否,否,否,否,否,否,否,否,否,否,否,否,否,否,否,否,否,否,否,否,35.0,34,34,34,97.0,100.0,否,否,24292,21072,0.0,4.7,4.7,0.000,0.098,3863,1510,38,0.005,100.0,1066.0,0.0,0.0,0.0,0.0,0.0,0.0,0.0,433,否,否,否,否,否,否,7.491,25.556,61.9,-7.761,25.2,197.6,7.2,60.6,0.7,0.7,0.7,0.7,7.2,60.3,0.7,0.7,0.7,0.7,139.66,1360.20,14.29,14.02,1532.07,1532.07,0.32,139.37,139.29,0.38,232.42,0,0,0.0,0.0,0,0.000,
17.9.2026,22:46:11.408,5967,33545,15.1,5881,10302,36.3,0.0,23329,0,0.762,0.792,0.757,0.750,0.750,0.678,0.696,1000.0,1000.0,1000.0,1000.0,1000.0,100.0,800.0,30.8,125.3,84.8,32.7,0.2,1.8,0.2,0.9,0.2,30.8,3.2,10.7,7.7,7.5,0.0,0.0,0.0,0.0,0.0,10.7,3.2,100.0,1.1,4.4,3.2,1.3,0.0,0.1,0.0,0.0,0.0,1.1,10.0,10.0,10.0,10.0,10.0,8.0,34,32,34,35,34,66,68,66,65,66,38,35,否,否,否,否,否,否,否,否,否,否,否,否,否,否,否,否,否,否,38,36,38,0.250,1.576,0.170,0.005,3.974,0.670,0.219,0.469,35.0,30.0,64.0,64.0,0,17.8,11.3,1.6,2.2,45.8,3.0,12.5,8.1,2.9,0.0,0.2,0.0,0.1,0.0,94.8,82.8,97.0,99.8,99.9,1066.7,10.67,15,15,15,35,74,374,1,2,否,否,否,否,否,否,否,否,否,否,否,否,否,否,否,否,否,否,否,否,否,否,否,否,否,否,否,否,否,否,否,否,否,否,否,否,否,36.0,34,34,33,97.0,100.0,否,否,24292,21072,0.0,3.0,3.0,0.000,0.053,3863,1510,38,0.008,100.0,1066.0,0.0,0.0,0.0,0.0,0.0,0.0,0.0,433,否,否,否,否,否,否,7.492,25.556,61.9,-7.717,25.2,198.7,7.2,60.6,0.7,0.7,0.7,0.7,7.2,60.3,0.7,0.7,0.7,0.7,139.66,1360.20,14.29,14.02,1532.07,1532.07,0.32,139.37,139.29,0.38,232.42,0,0,0.0,0.0,0,0.000,
17.9.2026,22:46:13.406,5968,33544,15.1,5881,10302,36.3,0.0,23329,0,0.761,0.795,0.757,0.747,0.745,0.678,0.696,1000.0,1000.0,1000.0,1000.0,1000.0,100.0,800.0,30.6,127.9,84.0,28.0,2.8,1.2,0.2,0.3,0.2,30.6,2.6,10.1,7.0,1.3,0.7,0.6,0.5,0.5,0.5,10.1,2.6,100.0,1.1,4.5,3.2,1.1,0.1,0.0,0.0,0.0,0.0,1.1,10.0,10.0,10.0,10.0,10.0,8.0,34,31,34,36,35,66,69,66,64,65,38,36,否,否,否,否,否,否,否,否,否,否,否,否,否,否,否,否,否,否,38,36,38,0.250,1.727,0.163,0.008,4.443,0.702,0.222,0.587,35.0,30.0,64.0,64.0,0,18.0,9.1,1.7,1.8,49.6,2.8,12.5,8.0,1.7,0.3,0.1,0.0,0.0,0.0,95.1,82.9,98.0,99.8,99.9,1066.7,10.67,15,15,15,35,74,374,1,2,否,否,否,否,否,否,否,否,否,否,否,否,否,否,否,否,否,否,否,否,否,否,否,否,否,否,否,否,否,否,否,否,否,否,否,否,否,35.0,34,34,33,97.0,100.0,否,否,24292,21072,0.0,1.9,1.9,0.000,0.020,3863,1510,37,0.009,100.0,1066.0,0.0,0.0,0.0,0.0,0.0,0.0,0.0,433,否,否,否,否,否,否,7.457,25.548,61.8,-7.681,25.2,199.6,7.2,60.6,0.7,0.7,0.7,0.7,7.2,60.3,0.7,0.7,0.7,0.7,139.66,1360.20,14.29,14.02,1532.07,1532.07,0.32,139.37,139.29,0.38,232.42,0,0,0.0,0.0,0,0.000,
17.9.2026,22:46:15.422,5967,33544,15.1,5879,10303,36.3,0.0,23329,0,0.762,0.795,0.757,0.750,0.747,0.678,0.698,1000.0,1000.0,1000.0,1000.0,1000.0,100.0,800.0,30.0,114.2,94.8,26.7,2.2,0.8,0.2,0.8,0.2,30.0,2.4,9.1,8.1,1.7,0.0,0.0,0.0,0.0,0.0,9.1,2.4,100.0,1.1,3.9,3.6,1.1,0.1,0.0,0.0,0.0,0.0,1.1,10.0,10.0,10.0,10.0,10.0,8.0,33,31,33,36,33,67,69,67,64,67,37,36,否,否,否,否,否,否,否,否,否,否,否,否,否,否,否,否,否,否,37,35,38,0.250,1.605,0.195,0.009,4.005,0.656,0.210,0.487,35.0,30.0,64.0,64.0,0,18.0,11.5,1.5,1.7,48.0,2.8,11.2,9.0,1.9,0.2,0.1,0.0,0.1,0.0,95.2,83.1,97.8,99.9,99.9,1066.7,10.67,15,15,15,35,74,374,1,2,否,否,否,否,否,否,否,否,否,否,否,否,否,否,否,否,否,否,否,否,否,否,否,否,否,否,否,否,否,否,否,否,否,否,否,否,否,35.0,34,34,33,97.0,100.0,否,否,24292,21072,0.0,2.4,2.4,0.000,0.081,3863,1510,38,0.006,100.0,1066.0,0.0,0.0,0.0,0.0,0.0,0.0,0.0,433,否,否,否,否,否,否,7.499,25.548,61.8,-7.686,25.2,199.4,7.2,60.6,0.7,0.7,0.7,0.7,7.2,60.3,0.7,0.7,0.7,0.7,139.66,1360.20,14.29,14.02,1532.07,1532.07,0.32,139.37,139.29,0.38,232.42,0,0,0.0,0.0,0,0.000,
17.9.2026,22:46:17.422,5967,33544,15.1,5879,10303,36.3,0.0,23329,0,0.762,0.795,0.757,0.750,0.745,0.678,0.738,1000.0,1000.0,1000.0,1000.0,1000.0,100.0,800.0,32.9,135.9,88.9,25.4,9.1,2.1,0.2,1.1,0.2,32.9,3.4,11.6,8.1,2.2,1.4,2.3,0.6,0.7,0.6,11.6,3.4,100.0,1.2,4.8,3.4,1.0,0.4,0.1,0.0,0.0,0.0,1.2,10.0,10.0,10.0,10.0,10.0,8.0,34,30,34,35,35,66,70,66,65,65,38,35,否,否,否,否,否,否,否,否,否,否,否,否,否,否,否,否,否,否,38,35,38,0.250,1.729,0.189,0.006,4.261,0.714,0.237,0.549,35.0,30.0,64.0,64.0,0,17.9,10.1,1.5,3.6,45.7,3.0,13.2,8.3,1.7,0.8,0.2,0.0,0.1,0.0,94.8,82.0,97.5,99.7,99.8,1066.7,10.67,15,15,15,35,74,374,1,2,否,否,否,否,否,否,否,否,否,否,否,否,否,否,否,否,否,否,否,否,否,否,否,否,否,否,否,否,否,否,否,否,否,否,否,否,否,35.0,34,34,33,97.0,100.0,否,否,24292,21072,0.0,2.4,2.4,0.000,0.044,3863,1510,38,0.005,100.0,1066.0,0.0,0.0,0.0,0.0,0.0,0.0,0.0,433,否,否,否,否,否,否,7.467,25.541,61.8,-7.661,25.2,200.0,7.2,60.6,0.7,0.7,0.7,0.7,7.2,60.3,0.7,0.7,0.7,0.7,139.66,1360.20,14.29,14.02,1532.07,1532.07,0.32,139.37,139.29,0.38,232.42,0,0,0.0,0.0,0,0.000,
17.9.2026,22:46:19.432,5967,33545,15.1,5878,10304,36.3,0.0,23329,0,0.762,0.792,0.757,0.750,0.750,0.678,0.696,1000.0,1000.0,1000.0,1000.0,1000.0,100.0,800.0,31.6,119.5,92.8,28.7,9.6,1.6,0.2,0.5,0.2,31.6,2.6,9.7,8.1,1.9,0.8,0.0,0.0,0.0,0.0,9.7,2.6,100.0,1.1,4.1,3.5,1.1,0.4,0.1,0.0,0.0,0.0,1.1,10.0,10.0,10.0,10.0,10.0,8.0,34,32,34,36,34,66,68,66,64,66,38,36,否,否,否,否,否,否,否,否,否,否,否,否,否,否,否,否,否,否,38,35,38,0.250,1.709,0.188,0.005,4.304,0.709,0.235,0.533,35.0,30.0,64.0,64.0,0,18.1,9.1,1.5,2.5,48.7,3.0,11.8,8.9,2.1,0.9,0.2,0.0,0.1,0.0,94.9,82.8,97.1,99.8,99.9,1066.7,10.67,15,15,15,35,74,374,1,2,否,否,否,否,否,否,否,否,否,否,否,否,否,否,否,否,否,否,否,否,否,否,否,否,否,否,否,否,否,否,否,否,否,否,否,否,否,35.0,34,34,33,97.0,100.0,否,否,24292,21072,0.0,2.4,2.4,0.000,0.034,3863,1510,38,0.006,100.0,1066.0,0.0,0.0,0.0,0.0,0.0,0.0,0.0,433,否,否,否,否,否,否,7.500,25.533,61.8,-7.695,25.2,199.1,7.2,60.6,0.7,0.7,0.7,0.7,7.2,60.3,0.7,0.7,0.7,0.7,139.66,1360.20,14.29,14.02,1532.07,1532.07,0.32,139.37,139.29,0.38,232.42,0,0,0.0,0.0,0,0.000,
17.9.2026,22:46:21.424,5966,33545,15.1,5877,10305,36.3,0.0,23329,0,0.767,0.800,0.762,0.755,0.752,0.683,0.698,1100.0,1100.0,1100.0,1100.0,1100.0,100.0,900.0,31.5,118.3,89.9,31.5,8.4,1.9,0.2,1.5,0.2,31.5,2.5,9.6,7.6,1.8,0.7,0.2,0.0,0.1,0.0,9.6,2.5,100.0,1.2,4.1,3.4,1.3,0.3,0.1,0.0,0.1,0.0,1.2,11.0,11.0,11.0,11.0,11.0,9.0,34,31,34,36,35,66,69,66,64,65,38,36,否,否,否,否,否,否,否,否,否,否,否,否,否,否,否,否,否,否,38,35,38,0.250,1.664,0.185,0.006,4.142,0.691,0.231,0.516,35.0,30.0,64.0,64.0,0,18.0,9.2,1.5,2.2,49.1,2.9,11.7,8.4,2.0,0.8,0.2,0.0,0.2,0.0,95.0,83.2,97.3,99.7,99.8,1066.7,10.67,15,15,15,35,74,374,1,2,否,否,否,否,否,否,否,否,否,否,否,否,否,否,否,否,否,否,否,否,否,否,否,否,否,否,否,否,否,否,否,否,否,否,否,否,否,35.0,34,34,33,97.0,100.0,否,否,24292,21072,0.0,1.6,1.6,0.000,0.075,3863,1510,38,0.008,100.0,1066.0,0.0,0.0,0.0,0.0,0.0,0.0,0.0,433,否,否,否,否,否,否,7.500,25.533,61.8,-7.688,25.2,199.3,7.2,60.6,0.7,0.7,0.7,0.7,7.2,60.3,0.7,0.7,0.7,0.7,139.66,1360.20,14.29,14.02,1532.07,1532.07,0.32,139.37,139.29,0.38,232.42,0,0,0.0,0.0,0,0.000,
17.9.2026,22:46:23.435,5967,33545,15.1,5876,10306,36.3,0.0,23329,0,0.762,0.797,0.757,0.747,0.747,0.686,0.698,1025.0,1100.0,1000.0,1000.0,1000.0,100.0,900.0,34.6,132.9,112.4,27.9,1.4,1.0,0.2,0.8,0.2,34.6,2.8,10.9,9.5,1.7,0.0,0.0,0.0,0.0,0.0,10.9,2.8,100.0,1.3,4.7,4.4,1.1,0.0,0.0,0.0,0.0,0.0,1.3,10.2,11.0,10.0,10.0,10.0,9.0,34,32,35,36,34,66,68,65,64,66,38,36,否,否,否,否,否,否,否,否,否,否,否,否,否,否,否,否,否,否,38,35,38,0.250,1.686,0.193,0.008,4.158,0.689,0.230,0.531,35.0,30.0,64.0,64.0,0,17.4,6.7,1.3,2.2,50.1,3.2,13.0,10.4,1.9,0.2,0.1,0.0,0.1,0.0,94.5,80.4,97.8,99.8,99.9,1066.7,10.67,15,15,15,35,74,374,1,2,否,否,否,否,否,否,否,否,否,否,否,否,否,否,否,否,否,否,否,否,否,否,否,否,否,否,否,否,否,否,否,否,否,否,否,否,否,34.0,34,34,33,97.0,100.0,否,否,24292,21072,0.0,2.4,2.4,0.000,0.020,3863,1510,38,0.006,100.0,1066.0,0.0,0.0,0.0,0.0,0.0,0.0,0.0,433,否,否,否,否,否,否,7.493,25.533,61.8,-7.673,25.2,199.7,7.2,60.6,0.7,0.7,0.7,0.7,7.2,60.3,0.7,0.7,0.7,0.7,139.66,1360.20,14.29,14.02,1532.07,1532.07,0.32,139.37,139.29,0.38,232.42,0,0,0.0,0.0,0,0.000,
17.9.2026,22:46:25.428,5966,33546,15.0,5874,10308,36.3,0.0,23329,0,0.762,0.795,0.757,0.747,0.747,0.678,0.696,1000.0,1000.0,1000.0,1000.0,1000.0,100.0,800.0,30.1,119.7,87.4,27.9,2.7,1.7,0.4,0.8,0.2,30.1,2.3,9.6,7.1,1.5,0.0,0.0,0.0,0.0,0.0,9.6,2.3,100.0,1.1,4.2,3.3,1.1,0.1,0.1,0.0,0.0,0.0,1.1,10.0,10.0,10.0,10.0,10.0,8.0,34,32,34,35,34,66,68,66,65,66,38,35,否,否,否,否,否,否,否,否,否,否,否,否,否,否,否,否,否,否,37,34,37,0.250,1.598,0.188,0.006,3.935,0.696,0.244,0.434,35.0,30.0,64.0,64.0,0,18.3,4.8,1.6,2.5,53.1,2.8,11.8,8.1,1.8,0.3,0.2,0.0,0.1,0.0,95.2,83.2,97.9,99.7,99.9,1066.7,10.67,15,15,15,35,74,374,1,2,是,否,否,否,否,否,否,否,否,否,是,否,否,否,否,否,否,否,否,否,否,否,否,否,否,否,否,否,否,否,否,否,否,否,否,否,否,35.0,34,34,32,97.0,100.0,否,否,24292,21072,0.0,0.7,0.7,0.000,0.014,3863,1510,38,0.007,100.0,1066.0,0.0,0.0,0.0,0.0,0.0,0.0,0.0,433,否,否,否,否,否,否,7.491,25.533,61.8,-7.611,25.2,201.3,7.2,60.6,0.7,0.7,0.7,0.7,7.2,60.3,0.7,0.7,0.7,0.7,139.66,1360.20,14.29,14.02,1532.07,1532.07,0.32,139.37,139.29,0.38,232.42,0,0,0.0,0.0,0,0.000,
17.9.2026,22:46:27.432,5966,33546,15.0,5874,10309,36.2,0.0,23329,0,0.766,0.797,0.762,0.755,0.750,0.686,0.696,1100.0,1100.0,1100.0,1100.0,1100.0,100.0,900.0,31.3,134.0,84.9,28.9,0.3,1.5,0.3,0.4,0.3,31.3,3.3,10.8,7.6,1.2,1.2,2.0,1.2,1.2,1.2,10.8,3.3,100.0,1.1,4.7,3.2,1.2,0.0,0.1,0.0,0.0,0.0,1.1,11.0,11.0,11.0,11.0,11.0,9.0,35,32,36,35,36,65,68,64,65,64,37,36,否,否,否,否,否,否,否,否,否,否,否,否,否,否,否,否,否,否,37,35,37,0.250,1.494,0.174,0.007,3.536,0.672,0.238,0.373,35.0,30.0,64.0,64.0,0,17.6,11.8,1.5,2.2,46.5,2.9,13.2,8.1,1.7,0.0,0.2,0.0,0.0,0.0,95.1,82.6,98.2,99.8,99.9,1066.7,10.67,15,15,15,35,74,374,1,2,否,否,否,否,否,否,否,否,否,否,否,否,否,否,否,否,否,否,否,否,否,否,否,否,否,否,否,否,否,否,否,否,否,否,否,否,否,36.0,34,34,33,97.0,100.0,否,否,24292,21072,0.0,5.4,5.4,0.000,0.069,3863,1511,38,0.006,100.0,1066.0,0.0,0.0,0.0,0.0,0.0,0.0,0.0,433,否,否,否,否,否,否,7.488,25.525,61.8,-7.600,25.2,201.5,7.2,60.6,0.7,0.7,0.7,0.7,7.2,60.3,0.7,0.7,0.7,0.7,139.66,1360.20,14.29,14.02,1532.07,1532.07,0.32,139.37,139.29,0.38,232.42,0,0,0.0,0.0,0,0.000,
17.9.2026,22:46:29.453,5966,33545,15.1,5874,10309,36.2,0.0,23329,0,0.762,0.792,0.757,0.750,0.747,0.678,0.696,1000.0,1000.0,1000.0,1000.0,1000.0,100.0,800.0,29.5,126.3,79.5,23.6,4.9,1.1,0.2,0.6,0.2,29.5,2.5,11.1,6.6,2.1,0.0,0.0,0.0,0.0,0.0,11.1,2.5,100.0,1.1,4.4,3.0,0.9,0.2,0.0,0.0,0.0,0.0,1.1,10.0,10.0,10.0,10.0,10.0,8.0,34,31,34,36,35,66,69,66,64,65,38,36,否,否,否,否,否,否,否,否,否,否,否,否,否,否,否,否,否,否,38,36,38,0.250,1.745,0.203,0.006,4.370,0.704,0.226,0.565,35.0,30.0,64.0,64.0,0,18.1,7.3,1.1,2.6,51.5,2.8,12.5,7.5,1.5,0.4,0.1,0.0,0.1,0.0,95.2,83.2,98.1,99.8,99.9,1066.7,10.67,15,15,15,35,74,374,1,2,否,否,否,否,否,否,否,否,否,否,否,否,否,否,否,否,否,否,否,否,否,否,否,否,否,否,否,否,否,否,否,否,否,否,否,否,否,36.0,34,34,33,97.0,100.0,否,否,24292,21072,0.0,1.0,1.0,0.000,0.018,3863,1511,38,0.009,100.0,1066.0,0.0,0.0,0.0,0.0,0.0,0.0,0.0,433,否,否,否,否,否,否,7.496,25.525,61.8,-7.601,25.2,201.5,7.2,60.6,0.7,0.7,0.7,0.7,7.2,60.3,0.7,0.7,0.7,0.7,139.66,1360.20,14.29,14.02,1532.07,1532.07,0.32,139.37,139.29,0.38,232.42,0,0,0.0,0.0,0,0.000,
17.9.2026,22:46:31.462,5966,33546,15.0,5874,10309,36.2,0.0,23329,0,0.762,0.795,0.757,0.747,0.750,0.678,0.738,1000.0,1000.0,1000.0,1000.0,1000.0,100.0,800.0,32.2,133.5,89.8,26.3,5.9,1.6,0.2,0.3,0.2,32.2,2.4,10.9,7.6,0.1,0.4,0.1,0.0,0.0,0.0,10.9,2.4,100.0,1.2,4.7,3.4,1.0,0.2,0.1,0.0,0.0,0.0,1.2,10.0,10.0,10.0,10.0,10.0,8.0,34,32,34,36,34,66,68,66,64,66,37,36,否,否,否,否,否,否,否,否,否,否,否,否,否,否,否,否,否,否,38,35,38,0.250,1.562,0.179,0.009,3.775,0.672,0.229,0.438,35.0,30.0,64.0,64.0,0,17.7,9.4,1.8,2.9,47.4,3.0,13.0,8.5,1.8,0.5,0.2,0.0,0.0,0.0,94.9,81.9,97.8,99.8,99.9,1066.7,10.67,15,15,15,35,74,374,1,2,否,否,否,否,否,否,否,否,否,否,否,否,否,否,否,否,否,否,否,否,否,否,否,否,否,否,否,否,否,否,否,否,否,否,否,否,否,35.0,34,34,33,97.0,100.0,否,否,24292,21072,0.0,2.4,2.4,0.000,0.063,3863,1511,37,0.007,100.0,1066.0,0.0,0.0,0.0,0.0,0.0,0.0,0.0,433,否,否,否,否,否,否,7.498,25.518,61.8,-7.565,25.2,202.4,7.2,60.6,0.7,0.7,0.7,0.7,7.2,60.3,0.7,0.7,0.7,0.7,139.66,1360.20,14.29,14.02,1532.07,1532.07,0.32,139.37,139.29,0.38,232.42,0,0,0.0,0.0,0,0.000,
17.9.2026,22:46:33.474,5966,33546,15.0,5873,10310,36.2,0.0,23329,0,0.762,0.795,0.757,0.750,0.745,0.678,0.738,1000.0,1000.0,1000.0,1000.0,1000.0,100.0,800.0,29.8,123.6,82.7,28.7,1.3,1.2,0.2,0.5,0.2,29.8,2.6,10.0,7.0,3.1,0.1,0.1,0.0,0.0,0.0,10.0,2.6,100.0,1.1,4.3,3.1,1.2,0.0,0.0,0.0,0.0,0.0,1.1,10.0,10.0,10.0,10.0,10.0,8.0,33,31,34,34,34,67,69,66,66,66,37,34,否,否,否,否,否,否,否,否,否,否,否,否,否,否,否,否,否,否,37,35,37,0.250,1.693,0.189,0.007,4.207,0.689,0.229,0.541,35.0,30.0,64.0,64.0,0,18.1,6.1,2.0,2.7,51.7,2.7,12.1,7.8,1.7,0.1,0.1,0.0,0.1,0.0,95.3,83.4,98.1,99.8,99.9,1066.7,10.67,15,15,15,35,74,374,1,2,否,否,否,否,否,否,否,否,否,否,否,否,否,否,否,否,否,否,否,否,否,否,否,否,否,否,否,否,否,否,否,否,否,否,否,否,否,35.0,34,34,33,97.0,100.0,否,否,24292,21072,0.0,1.0,1.0,0.000,0.012,3863,1511,38,0.007,100.0,1066.0,0.0,0.0,0.0,0.0,0.0,0.0,0.0,433,否,否,否,否,否,否,7.499,25.518,61.8,-7.589,25.2,201.7,7.2,60.6,0.7,0.7,0.7,0.7,7.2,60.3,0.7,0.7,0.7,0.7,139.66,1360.20,14.29,14.02,1532.07,1532.07,0.32,139.37,139.29,0.38,232.42,0,0,0.0,0.0,0,0.000,
17.9.2026,22:46:35.469,5965,33546,15.0,5872,10310,36.2,0.0,23329,0,0.762,0.795,0.757,0.750,0.747,0.678,0.696,1000.0,1000.0,1000.0,1000.0,1000.0,100.0,800.0,30.2,114.0,79.1,44.4,2.5,0.6,0.2,0.4,0.2,30.2,2.6,8.9,6.4,2.5,0.8,0.6,0.6,0.6,0.6,8.9,2.6,100.0,1.1,3.9,3.0,1.8,0.1,0.0,0.0,0.0,0.0,1.1,10.0,10.0,10.0,10.0,10.0,8.0,34,31,34,35,34,66,69,66,65,66,38,35,否,否,否,否,否,否,否,否,否,否,否,否,否,否,否,否,否,否,38,35,37,0.250,1.536,0.187,0.007,3.656,0.668,0.232,0.407,35.0,30.0,64.0,64.0,0,17.6,12.5,1.9,2.0,46.9,2.7,11.1,7.4,2.9,0.3,0.1,0.0,0.0,0.0,95.3,84.5,96.8,99.9,99.9,1066.7,10.67,15,15,15,35,74,374,1,2,是,否,否,否,否,否,否,否,否,否,是,否,否,否,否,否,否,否,否,否,否,否,否,否,否,否,否,否,否,否,否,否,否,否,否,否,否,35.0,34,34,33,97.0,100.0,否,否,24292,21072,0.0,2.4,2.4,0.000,0.026,3863,1511,37,0.006,100.0,1066.0,0.0,0.0,0.0,0.0,0.0,0.0,0.0,433,否,否,否,否,否,否,7.497,25.510,61.8,-7.557,25.2,202.5,7.2,60.6,0.7,0.7,0.7,0.7,7.2,60.3,0.7,0.7,0.7,0.7,139.66,1360.20,14.29,14.02,1532.07,1532.07,0.32,139.37,139.29,0.38,232.42,0,0,0.0,0.0,0,0.000,
17.9.2026,22:46:37.483,5965,33546,15.0,5872,10311,36.2,0.0,23329,0,0.764,0.797,0.762,0.750,0.747,0.686,0.738,1050.0,1100.0,1100.0,1000.0,1000.0,100.0,900.0,31.7,126.4,86.6,34.6,1.8,2.9,0.3,0.4,0.3,31.7,2.3,9.7,6.9,1.6,0.0,0.0,0.0,0.0,0.0,9.7,2.3,100.0,1.2,4.4,3.3,1.4,0.1,0.1,0.0,0.0,0.0,1.2,10.5,11.0,11.0,10.0,10.0,9.0,33,31,34,35,33,67,69,66,65,67,38,35,否,否,否,否,否,否,否,否,否,否,否,否,否,否,否,否,否,否,37,35,38,0.250,1.763,0.216,0.006,4.357,0.692,0.221,0.585,35.0,30.0,64.0,64.0,0,17.7,8.9,2.1,1.9,49.5,2.9,12.1,8.1,2.1,0.2,0.3,0.0,0.0,0.0,95.1,83.2,97.6,99.6,99.9,1066.7,10.67,15,15,15,35,74,374,1,2,否,否,否,否,否,否,否,否,否,否,否,否,否,否,否,否,否,否,否,否,否,否,否,否,否,否,否,否,否,否,否,否,否,否,否,否,否,36.0,34,34,33,97.0,100.0,否,否,24292,21072,0.0,1.5,1.5,0.000,0.044,3863,1511,37,0.007,100.0,1066.0,0.0,0.0,0.0,0.0,0.0,0.0,0.0,433,否,否,否,否,否,否,7.457,25.510,61.8,-7.532,25.2,203.2,7.2,60.6,0.7,0.7,0.7,0.7,7.2,60.3,0.7,0.7,0.7,0.7,139.66,1360.20,14.29,14.02,1532.07,1532.07,0.32,139.37,139.29,0.38,232.42,0,0,0.0,0.0,0,0.000,
17.9.2026,22:46:39.482,5965,33547,15.0,5871,10311,36.2,0.0,23329,0,0.763,0.797,0.757,0.750,0.747,0.681,0.698,1000.0,1000.0,1000.0,1000.0,1000.0,100.0,800.0,29.7,121.9,94.4,19.8,0.2,0.6,0.2,0.3,0.2,29.7,2.5,10.2,8.5,1.4,0.0,0.0,0.0,0.0,0.0,10.2,2.5,100.0,1.1,4.3,3.6,0.8,0.0,0.0,0.0,0.0,0.0,1.1,10.0,10.0,10.0,10.0,10.0,8.0,34,32,35,35,33,66,68,65,65,67,37,35,否,否,否,否,否,否,否,否,否,否,否,否,否,否,否,否,否,否,37,36,37,0.250,1.653,0.197,0.007,4.098,0.669,0.222,0.519,35.0,30.0,64.0,64.0,0,17.3,11.5,1.4,2.8,47.3,2.8,11.9,8.9,1.1,0.0,0.1,0.0,0.0,0.0,95.3,82.6,98.8,99.9,99.9,1066.7,10.67,15,15,15,35,74,374,1,2,否,否,否,否,否,否,否,否,否,否,否,否,否,否,否,否,否,否,否,否,否,否,否,否,否,否,否,否,否,否,否,否,否,否,否,否,否,35.0,34,34,33,97.0,100.0,否,否,24292,21072,0.0,2.4,2.4,0.000,0.075,3863,1511,36,0.005,100.0,1066.0,0.0,0.0,0.0,0.0,0.0,0.0,0.0,433,否,否,否,否,否,否,7.502,25.502,61.7,-7.570,25.2,202.1,7.2,60.6,0.7,0.7,0.7,0.7,7.2,60.3,0.7,0.7,0.7,0.7,139.66,1360.20,14.29,14.02,1532.07,1532.07,0.32,139.37,139.29,0.38,232.42,0,0,0.0,0.0,0,0.000,
17.9.2026,22:46:41.488,5966,33545,15.1,5871,10311,36.2,0.0,23329,0,0.762,0.795,0.757,0.747,0.747,0.678,0.696,1000.0,1000.0,1000.0,1000.0,1000.0,100.0,800.0,30.6,131.0,92.0,14.5,6.1,0.3,0.2,0.3,0.2,30.6,2.3,10.0,7.2,0.8,0.2,0.0,0.0,0.0,0.0,10.0,2.3,100.0,1.1,4.6,3.5,0.6,0.2,0.0,0.0,0.0,0.0,1.1,10.0,10.0,10.0,10.0,10.0,8.0,33,31,34,35,33,67,69,66,65,67,38,35,否,否,否,否,否,否,否,否,否,否,否,否,否,否,否,否,否,否,37,36,37,0.250,1.684,0.187,0.005,4.212,0.681,0.217,0.550,35.0,30.0,64.0,64.0,0,17.7,11.0,2.0,1.8,47.1,2.9,12.5,8.4,1.3,0.6,0.0,0.0,0.0,0.0,95.1,82.4,98.0,99.9,99.9,1066.7,10.67,15,15,15,35,74,374,1,2,是,否,否,否,否,否,否,否,否,否,是,否,否,否,否,否,否,否,否,否,否,否,否,否,否,否,否,否,否,否,否,否,否,否,否,否,否,35.0,34,34,33,97.0,100.0,否,否,24292,21072,0.0,2.1,2.1,0.000,0.057,3863,1511,37,0.006,100.0,1066.0,0.0,0.0,0.0,0.0,0.0,0.0,0.0,433,否,否,否,否,否,否,7.497,25.495,61.7,-7.587,25.2,201.6,7.2,60.6,0.7,0.7,0.7,0.7,7.2,60.3,0.7,0.7,0.7,0.7,139.66,1360.20,14.29,14.02,1532.07,1532.07,0.32,139.37,139.29,0.38,232.42,0,0,0.0,0.0,0,0.000,
17.9.2026,22:46:43.503,5966,33546,15.0,5870,10312,36.2,0.0,23329,0,0.762,0.792,0.757,0.750,0.747,0.678,0.696,1000.0,1000.0,1000.0,1000.0,1000.0,100.0,800.0,30.4,127.6,82.4,32.0,0.2,0.3,0.2,0.3,0.2,30.4,3.0,10.9,7.4,2.7,0.6,0.6,0.6,0.6,0.6,10.9,3.0,100.0,1.1,4.5,3.1,1.3,0.0,0.0,0.0,0.0,0.0,1.1,10.0,10.0,10.0,10.0,10.0,8.0,34,32,34,35,34,66,68,66,65,66,37,35,否,否,否,否,否,否,否,否,否,否,否,否,否,否,否,否,否,否,37,35,37,0.250,1.677,0.174,0.006,4.255,0.683,0.216,0.551,35.0,30.0,64.0,64.0,0,17.6,11.5,2.0,2.1,46.9,2.8,12.4,7.7,2.2,0.0,0.0,0.0,0.0,0.0,95.2,83.3,97.7,99.9,99.9,1066.7,10.67,15,15,15,35,74,374,1,2,否,否,否,否,否,否,否,否,否,否,否,否,否,否,否,否,否,否,否,否,否,否,否,否,否,否,否,否,否,否,否,否,否,否,否,否,否,35.0,34,34,33,97.0,100.0,否,否,24292,21072,0.0,3.5,3.5,0.000,0.036,3863,1511,37,0.006,100.0,1066.0,0.0,0.0,0.0,0.0,0.0,0.0,0.0,433,否,否,否,否,否,否,7.499,25.495,61.7,-7.589,25.2,201.6,7.2,60.6,0.7,0.7,0.7,0.7,7.2,60.3,0.7,0.7,0.7,0.7,139.66,1360.20,14.29,14.02,1532.07,1532.07,0.32,139.37,139.29,0.38,232.42,0,0,0.0,0.0,0,0.000,
17.9.2026,22:46:45.505,5965,33547,15.0,5869,10313,36.2,0.0,23329,0,0.759,0.795,0.750,0.745,0.747,0.678,0.698,950.0,1000.0,900.0,900.0,1000.0,100.0,800.0,30.0,133.3,95.7,7.8,0.2,2.2,0.2,0.4,0.2,30.0,2.4,10.2,7.5,0.3,0.0,0.5,0.0,0.4,0.0,10.2,2.4,100.0,1.1,4.7,3.7,0.3,0.0,0.1,0.0,0.0,0.0,1.1,9.5,10.0,9.0,9.0,10.0,8.0,34,31,35,35,34,66,69,65,65,66,37,35,否,否,否,否,否,否,否,否,否,否,否,否,否,否,否,否,否,否,38,36,38,0.250,1.694,0.193,0.006,4.246,0.694,0.225,0.538,35.0,30.0,64.0,64.0,0,17.7,8.3,2.2,1.9,50.2,2.8,12.6,8.7,0.8,0.0,0.2,0.0,0.0,0.0,95.3,82.3,99.1,99.7,99.9,1066.7,10.67,15,15,15,35,74,374,1,2,否,否,否,否,否,否,否,否,否,否,否,否,否,否,否,否,否,否,否,否,否,否,否,否,否,否,否,否,否,否,否,否,否,否,否,否,否,34.0,34,34,33,97.0,100.0,否,否,24292,21072,0.0,1.9,1.9,0.000,0.016,3863,1511,38,0.005,100.0,1066.0,0.0,0.0,0.0,0.0,0.0,0.0,0.0,433,否,否,否,否,否,否,7.497,25.487,61.7,-7.594,25.2,201.4,7.2,60.6,0.7,0.7,0.7,0.7,7.2,60.3,0.7,0.7,0.7,0.7,139.66,1360.20,14.29,14.02,1532.07,1532.07,0.32,139.37,139.29,0.38,232.42,0,0,0.0,0.0,0,0.000,
17.9.2026,22:46:47.501,5960,33552,15.0,5866,10317,36.2,0.0,23329,0,0.762,0.795,0.757,0.750,0.745,0.678,0.698,1000.0,1000.0,1000.0,1000.0,1000.0,100.0,800.0,32.9,128.5,95.7,31.0,3.3,2.1,1.2,1.0,0.2,32.9,2.8,10.8,7.8,2.3,0.6,0.0,0.4,0.0,0.3,10.8,2.8,100.0,1.2,4.6,3.7,1.2,0.1,0.1,0.0,0.0,0.0,1.2,10.0,10.0,10.0,10.0,10.0,8.0,34,31,35,34,35,66,69,65,66,65,38,35,否,否,否,否,否,否,否,否,否,否,否,否,否,否,否,否,否,否,38,34,38,0.250,1.595,0.176,0.005,3.947,0.663,0.220,0.494,35.0,30.0,64.0,64.0,0,17.7,8.9,2.0,1.8,49.9,3.0,12.5,8.3,2.2,0.3,0.2,0.1,0.1,0.0,95.0,83.0,97.4,99.7,99.8,1066.7,10.67,15,15,15,35,74,374,1,2,是,否,否,否,否,否,否,否,否,否,是,否,否,否,否,否,否,否,否,否,否,否,否,否,否,否,否,否,否,否,否,否,否,否,否,否,否,35.0,34,34,34,97.0,100.0,否,否,24292,21072,0.0,1.9,1.9,0.000,0.046,3863,1511,37,0.008,100.0,1066.0,0.0,0.0,0.0,0.0,0.0,0.0,0.0,433,否,否,否,否,否,否,7.493,25.487,61.7,-7.583,25.2,201.7,7.2,60.6,0.7,0.7,0.7,0.7,7.2,60.3,0.7,0.7,0.7,0.7,139.66,1360.20,14.29,14.02,1532.07,1532.07,0.32,139.37,139.29,0.38,232.42,0,0,0.0,0.0,0,0.000,
17.9.2026,22:46:49.510,5973,33539,15.1,5872,10311,36.2,0.0,23329,0,0.762,0.792,0.757,0.750,0.750,0.678,0.741,1000.0,1000.0,1000.0,1000.0,1000.0,100.0,800.0,80.2,236.5,209.1,85.1,43.9,29.9,31.1,5.8,0.6,80.2,4.1,13.5,11.5,3.0,1.7,1.1,1.2,0.4,0.0,13.5,4.1,100.0,3.1,8.8,8.2,3.4,1.8,1.1,1.2,0.2,0.0,3.1,10.0,10.0,10.0,10.0,10.0,8.0,33,32,34,35,32,67,68,66,65,68,37,35,否,否,否,否,否,否,否,否,否,否,否,否,否,否,否,否,否,否,36,35,36,0.250,1.650,0.204,0.008,4.029,0.679,0.229,0.497,35.0,30.0,64.0,64.0,0,17.1,10.7,2.0,2.1,42.8,4.7,15.8,12.6,4.1,1.9,1.3,1.3,0.4,0.1,92.3,77.6,94.5,97.4,99.5,1066.7,10.67,15,15,15,35,74,374,1,2,是,否,否,否,否,否,否,否,否,否,是,否,否,否,否,否,否,否,否,否,否,否,否,否,否,否,否,否,否,否,否,否,否,否,否,否,否,35.0,34,34,33,97.0,100.0,否,否,24292,21072,0.0,2.9,2.9,0.000,0.020,3863,1511,37,0.008,100.0,1066.0,0.0,0.0,0.0,0.0,0.0,0.0,0.0,433,否,否,否,否,否,否,7.494,25.479,61.7,-7.591,25.2,201.4,7.2,60.6,0.7,0.7,0.7,0.7,7.2,60.3,0.7,0.7,0.7,0.7,139.66,1360.20,14.29,14.02,1532.07,1532.07,0.32,139.37,139.29,0.38,232.42,0,0,0.0,0.0,0,0.000,
17.9.2026,22:46:51.513,5970,33542,15.1,5872,10311,36.2,0.0,23329,0,0.762,0.792,0.757,0.750,0.750,0.678,0.696,1000.0,1000.0,1000.0,1000.0,1000.0,100.0,800.0,37.2,155.3,121.5,16.5,1.4,1.9,0.2,0.3,0.2,37.2,3.0,12.3,9.7,0.0,0.1,0.2,0.1,0.1,1.6,12.3,3.0,100.0,1.4,5.5,4.6,0.6,0.0,0.1,0.0,0.0,0.0,1.4,10.0,10.0,10.0,10.0,10.0,8.0,34,31,34,35,34,66,69,66,65,66,38,35,否,否,否,否,否,否,否,否,否,否,否,否,否,否,否,否,否,否,38,35,37,0.250,2.352,0.673,0.008,5.413,0.760,0.269,0.618,35.0,30.0,64.0,64.0,0,17.3,9.9,2.0,1.6,47.2,3.4,14.6,10.6,1.5,0.1,0.2,0.0,0.0,0.0,94.5,80.0,98.3,99.8,99.9,1066.7,10.67,15,15,15,35,74,374,1,2,否,否,否,否,否,否,否,否,否,否,否,否,否,否,否,否,否,否,否,否,否,否,否,否,否,否,否,否,否,否,否,否,否,否,否,否,否,35.0,34,34,33,97.0,100.0,否,否,24292,21072,0.0,2.6,2.6,0.000,0.049,3863,1511,38,0.008,100.0,1066.0,0.0,0.0,0.0,0.0,0.0,0.0,0.0,433,否,否,否,否,否,否,7.493,25.472,61.7,-7.703,25.2,198.4,7.2,60.6,0.7,0.7,0.7,0.7,7.2,60.3,0.7,0.7,0.7,0.7,139.66,1360.20,14.29,14.02,1532.07,1532.07,0.32,139.37,139.29,0.38,232.42,0,0,0.0,0.0,0,0.000,
17.9.2026,22:46:53.527,5970,33542,15.1,5872,10310,36.2,0.0,23329,0,0.762,0.792,0.757,0.750,0.747,0.678,0.741,1000.0,1000.0,1000.0,1000.0,1000.0,100.0,800.0,36.3,146.0,104.5,32.0,3.0,3.2,0.2,1.5,0.2,36.3,3.4,11.0,8.0,6.2,0.0,0.7,0.4,0.6,0.4,11.0,3.4,100.0,1.4,5.3,4.0,1.3,0.1,0.1,0.0,0.1,0.0,1.4,10.0,10.0,10.0,10.0,10.0,8.0,34,31,34,35,34,66,69,66,65,66,37,35,否,否,否,否,否,否,否,否,否,否,否,否,否,否,否,否,否,否,37,35,37,0.250,1.703,0.183,0.008,4.286,0.711,0.243,0.525,35.0,30.0,64.0,64.0,0,17.4,11.3,1.7,1.9,46.7,3.2,13.3,9.1,2.4,0.3,0.3,0.0,0.2,0.0,94.7,81.9,97.3,99.6,99.8,1066.7,10.67,15,15,15,35,74,374,1,2,否,否,否,否,否,否,否,否,否,否,否,否,否,否,否,否,否,否,否,否,否,否,否,否,否,否,否,否,否,否,否,否,否,否,否,否,否,35.0,34,34,33,97.0,100.0,否,否,24292,21072,0.0,3.2,3.2,0.000,0.065,3863,1512,37,0.005,100.0,1066.0,0.0,0.0,0.0,0.0,0.0,0.0,0.0,433,否,否,否,否,否,否,7.500,25.472,61.7,-7.725,25.2,197.8,7.2,60.6,0.7,0.7,0.7,0.7,7.2,60.3,0.7,0.7,0.7,0.7,139.66,1360.20,14.29,14.02,1532.07,1532.07,0.32,139.37,139.29,0.38,232.42,0,0,0.0,0.0,0,0.000,
17.9.2026,22:46:55.541,5970,33542,15.1,5873,10310,36.2,0.0,23329,0,0.762,0.795,0.757,0.750,0.747,0.678,0.696,1000.0,1000.0,1000.0,1000.0,1000.0,100.0,800.0,29.6,134.7,75.3,21.4,2.8,1.3,0.2,0.4,0.2,29.6,2.4,10.6,6.1,1.5,0.9,0.0,0.0,0.0,0.0,10.6,2.4,100.0,1.1,4.8,2.8,0.9,0.1,0.0,0.0,0.0,0.0,1.1,10.0,10.0,10.0,10.0,10.0,8.0,34,31,34,35,34,66,69,66,65,66,37,35,否,否,否,否,否,否,否,否,否,否,否,否,否,否,否,否,否,否,38,35,38,0.250,1.798,0.228,0.005,4.479,0.711,0.239,0.584,35.0,30.0,64.0,64.0,0,18.0,5.8,2.0,1.8,52.8,2.8,12.7,7.0,1.8,0.3,0.1,0.0,0.1,0.0,95.2,83.1,97.9,99.8,99.9,1066.7,10.67,15,15,15,35,74,374,1,2,否,否,否,否,否,否,否,否,否,否,否,否,否,否,否,否,否,否,否,否,否,否,否,否,否,否,否,否,否,否,否,否,否,否,否,否,否,36.0,34,34,33,97.0,100.0,否,否,24292,21072,0.0,1.0,1.0,0.000,0.071,3863,1512,37,0.006,100.0,1066.0,0.0,0.0,0.0,0.0,0.0,0.0,0.0,433,否,否,否,否,否,否,7.499,25.464,61.6,-7.694,25.2,198.6,7.2,60.6,0.7,0.7,0.7,0.7,7.2,60.3,0.7,0.7,0.7,0.7,139.66,1360.20,14.29,14.02,1532.07,1532.07,0.32,139.37,139.29,0.38,232.42,0,0,0.0,0.0,0,0.000,
17.9.2026,22:46:57.537,5970,33541,15.1,5873,10310,36.2,0.0,23329,0,0.763,0.795,0.757,0.752,0.747,0.678,0.736,1000.0,1000.0,1000.0,1000.0,1000.0,100.0,800.0,31.4,133.6,93.9,21.8,1.0,0.3,0.2,0.3,0.2,31.4,2.7,11.2,8.2,2.4,0.0,0.0,0.0,0.0,0.0,11.2,2.7,100.0,1.2,4.7,3.6,0.9,0.0,0.0,0.0,0.0,0.0,1.2,10.0,10.0,10.0,10.0,10.0,8.0,33,31,34,35,33,67,69,66,65,67,37,35,否,否,否,否,否,否,否,否,否,否,否,否,否,否,否,否,否,否,37,36,37,0.250,1.499,0.164,0.006,3.611,0.665,0.233,0.399,35.0,30.0,64.0,64.0,0,17.5,14.3,1.7,1.7,44.2,2.9,12.8,8.5,2.0,0.1,0.0,0.0,0.0,0.0,95.0,82.3,97.8,99.9,99.9,1066.7,10.67,15,15,15,35,74,374,1,2,否,否,否,否,否,否,否,否,否,否,否,否,否,否,否,否,否,否,否,否,否,否,否,否,否,否,否,否,否,否,否,否,否,否,否,否,否,35.0,34,34,33,97.0,100.0,否,否,24292,21072,0.0,3.4,3.4,0.000,0.098,3863,1512,38,0.006,100.0,1066.0,0.0,0.0,0.0,0.0,0.0,0.0,0.0,433,否,否,否,否,否,否,7.497,25.464,61.6,-7.692,25.2,198.6,7.2,60.6,0.7,0.7,0.7,0.7,7.2,60.3,0.7,0.7,0.7,0.7,139.66,1360.20,14.29,14.02,1532.07,1532.07,0.32,139.37,139.29,0.38,232.42,0,0,0.0,0.0,0,0.000,
17.9.2026,22:46:59.544,5970,33542,15.1,5873,10310,36.2,0.0,23329,0,0.762,0.795,0.757,0.750,0.747,0.681,0.738,1000.0,1000.0,1000.0,1000.0,1000.0,100.0,800.0,31.2,126.2,93.2,24.9,3.3,1.1,0.2,0.5,0.2,31.2,2.4,10.0,7.5,1.8,0.1,0.0,0.0,0.0,0.0,10.0,2.4,100.0,1.1,4.4,3.6,1.0,0.1,0.0,0.0,0.0,0.0,1.1,10.0,10.0,10.0,10.0,10.0,8.0,34,32,35,35,33,66,68,65,65,67,38,35,否,否,否,否,否,否,否,否,否,否,否,否,否,否,否,否,否,否,37,35,37,0.250,1.836,0.187,0.006,4.727,0.712,0.221,0.663,35.0,30.0,64.0,64.0,0,17.8,6.7,2.0,2.2,50.8,2.9,12.2,8.5,2.2,0.3,0.1,0.0,0.1,0.0,95.0,82.8,97.4,99.8,99.9,1066.7,10.67,15,15,15,35,74,374,1,2,否,否,否,否,否,否,否,否,否,否,否,否,否,否,否,否,否,否,否,否,否,否,否,否,否,否,否,否,否,否,否,否,否,否,否,否,否,35.0,34,34,33,97.0,100.0,否,否,24292,21072,0.0,1.0,1.0,0.000,0.012,3863,1512,37,0.007,100.0,1066.0,0.0,0.0,0.0,0.0,0.0,0.0,0.0,433,否,否,否,否,否,否,7.492,25.464,61.6,-7.679,25.2,198.9,7.2,60.6,0.7,0.7,0.7,0.7,7.2,60.3,0.7,0.7,0.7,0.7,139.66,1360.20,14.29,14.02,1532.07,1532.07,0.32,139.37,139.29,0.38,232.42,0,0,0.0,0.0,0,0.000,
17.9.2026,22:47:1.539,5968,33543,15.1,5873,10309,36.2,0.0,23329,0,0.763,0.797,0.757,0.750,0.747,0.681,0.738,1000.0,1000.0,1000.0,1000.0,1000.0,100.0,800.0,37.2,150.8,117.4,19.0,4.4,4.9,0.3,0.8,0.3,37.2,3.2,12.1,9.2,1.4,1.0,0.2,0.6,0.6,0.6,12.1,3.2,100.0,1.4,5.5,4.6,0.7,0.2,0.2,0.0,0.0,0.0,1.4,10.0,10.0,10.0,10.0,10.0,8.0,34,31,34,35,34,66,69,66,65,66,37,35,否,否,否,否,否,否,否,否,否,否,否,否,否,否,否,否,否,否,37,35,38,0.250,1.524,0.160,0.007,3.776,0.658,0.223,0.436,35.0,30.0,64.0,64.0,0,17.0,14.0,1.6,2.9,42.4,3.4,14.3,10.1,1.8,0.4,0.5,0.0,0.1,0.0,94.3,80.0,98.0,99.5,99.9,1066.7,10.67,15,15,15,35,74,374,1,2,是,否,否,否,否,否,否,否,否,否,是,否,否,否,否,否,否,否,否,否,否,否,否,否,否,否,否,否,否,否,否,否,否,否,否,否,否,36.0,34,34,33,97.0,100.0,否,否,24292,21072,0.0,3.9,3.9,0.000,0.061,3863,1512,37,0.006,100.0,1066.0,0.0,0.0,0.0,0.0,0.0,0.0,0.0,433,否,否,否,否,否,否,7.502,25.456,61.6,-7.667,25.2,199.2,7.2,60.6,0.7,0.7,0.7,0.7,7.2,60.3,0.7,0.7,0.7,0.7,139.66,1360.20,14.29,14.02,1532.07,1532.07,0.32,139.37,139.29,0.38,232.42,0,0,0.0,0.0,0,0.000,
17.9.2026,22:47:3.527,5967,33545,15.1,5873,10309,36.2,0.0,23329,0,0.763,0.795,0.757,0.750,0.750,0.678,0.738,1000.0,1000.0,1000.0,1000.0,1000.0,100.0,800.0,30.6,128.0,86.3,25.3,2.2,2.5,0.2,0.3,0.2,30.6,2.6,10.6,7.3,2.4,0.0,0.6,0.0,0.0,0.0,10.6,2.6,100.0,1.1,4.5,3.3,1.0,0.1,0.1,0.0,0.0,0.0,1.1,10.0,10.0,10.0,10.0,10.0,8.0,34,32,34,36,33,66,68,66,64,67,37,36,否,否,否,否,否,否,否,否,否,否,否,否,否,否,否,否,否,否,37,34,37,0.250,1.862,0.213,0.006,4.765,0.735,0.243,0.630,35.0,30.0,64.0,64.0,0,17.8,7.2,1.9,2.0,51.1,2.8,12.3,7.7,2.2,0.2,0.2,0.0,0.0,0.0,95.0,83.1,97.5,99.7,99.9,1066.7,10.67,15,15,15,35,74,374,1,2,否,否,否,否,否,否,否,否,否,否,否,否,否,否,否,否,否,否,否,否,否,否,否,否,否,否,否,否,否,否,否,否,否,否,否,否,否,35.0,34,34,33,97.0,100.0,否,否,24292,21072,0.0,0.9,0.9,0.000,0.010,3863,1512,38,0.008,100.0,1066.0,0.0,0.0,0.0,0.0,0.0,0.0,0.0,433,否,否,否,否,否,否,7.490,25.456,61.6,-7.662,25.2,199.3,7.2,60.6,0.7,0.7,0.7,0.7,7.2,60.3,0.7,0.7,0.7,0.7,139.66,1360.20,14.29,14.02,1532.07,1532.07,0.32,139.37,139.29,0.38,232.42,0,0,0.0,0.0,0,0.000,
17.9.2026,22:47:5.544,5966,33546,15.1,5873,10310,36.2,0.0,23329,0,0.760,0.800,0.750,0.745,0.745,0.678,0.698,950.0,1000.0,900.0,900.0,1000.0,100.0,800.0,30.8,121.4,92.0,28.9,0.8,1.6,0.2,0.9,0.2,30.8,2.6,10.1,7.6,1.5,0.0,1.5,0.0,0.0,0.0,10.1,2.6,100.0,1.1,4.2,3.5,1.2,0.0,0.1,0.0,0.0,0.0,1.1,9.5,10.0,9.0,9.0,10.0,8.0,34,31,34,35,34,66,69,66,65,66,37,35,否,否,否,否,否,否,否,否,否,否,否,否,否,否,否,否,否,否,38,35,38,0.250,1.527,0.164,0.008,3.763,0.659,0.223,0.433,35.0,30.0,64.0,64.0,0,17.7,9.6,2.2,2.1,48.7,2.9,12.2,8.5,1.7,0.1,0.2,0.0,0.1,0.0,95.2,83.0,98.2,99.8,99.9,1066.7,10.67,15,15,15,35,74,374,1,2,否,否,否,否,否,否,否,否,否,否,否,否,否,否,否,否,否,否,否,否,否,否,否,否,否,否,否,否,否,否,否,否,否,否,否,否,否,35.0,34,34,33,97.0,100.0,否,否,24292,21072,0.0,1.9,1.9,0.000,0.020,3863,1512,37,0.004,100.0,1066.0,0.0,0.0,0.0,0.0,0.0,0.0,0.0,433,否,否,否,否,否,否,7.504,25.449,61.6,-7.647,25.2,199.7,7.2,60.6,0.7,0.7,0.7,0.7,7.2,60.3,0.7,0.7,0.7,0.7,139.66,1360.20,14.29,14.02,1532.07,1532.07,0.32,139.37,139.29,0.38,232.42,0,0,0.0,0.0,0,0.000,
17.9.2026,22:47:7.540,5963,33548,15.0,5871,10311,36.2,0.0,23329,0,0.763,0.797,0.757,0.750,0.747,0.678,0.738,1000.0,1000.0,1000.0,1000.0,1000.0,100.0,800.0,34.6,133.2,121.7,18.1,1.6,1.0,0.3,0.3,0.3,34.6,2.9,10.6,9.9,0.9,0.6,0.0,0.5,0.5,0.5,10.6,2.9,100.0,1.3,4.7,4.7,0.7,0.1,0.0,0.0,0.0,0.0,1.3,10.0,10.0,10.0,10.0,10.0,8.0,33,31,34,34,33,67,69,66,66,67,37,34,否,否,否,否,否,否,否,否,否,否,否,否,否,否,否,否,否,否,37,34,37,0.250,1.619,0.205,0.004,4.055,0.648,0.206,0.509,35.0,30.0,64.0,64.0,0,17.0,13.8,1.6,1.7,43.7,3.2,13.0,11.0,1.4,0.2,0.1,0.0,0.0,0.0,94.5,80.1,98.3,99.8,99.9,1066.7,10.67,15,15,15,35,74,374,1,2,否,否,否,否,否,否,否,否,否,否,否,否,否,否,否,否,否,否,否,否,否,否,否,否,否,否,否,否,否,否,否,否,否,否,否,否,否,35.0,34,34,34,97.0,100.0,否,否,24292,21072,0.0,2.6,2.6,0.000,0.081,3863,1512,38,0.008,100.0,1066.0,0.0,0.0,0.0,0.0,0.0,0.0,0.0,433,否,否,否,否,否,否,7.461,25.449,61.6,-7.610,25.2,200.6,7.2,60.6,0.7,0.7,0.7,0.7,7.2,60.3,0.7,0.7,0.7,0.7,139.66,1360.20,14.29,14.02,1532.07,1532.07,0.32,139.37,139.29,0.38,232.42,0,0,0.0,0.0,0,0.000,
17.9.2026,22:47:9.544,5963,33549,15.0,5871,10311,36.2,0.0,23329,0,0.763,0.797,0.757,0.747,0.750,0.678,0.738,1000.0,1000.0,1000.0,1000.0,1000.0,100.0,800.0,30.7,124.7,81.0,35.1,3.4,0.9,0.2,0.3,0.2,30.7,2.5,10.2,7.2,2.6,0.0,0.0,0.0,0.0,0.0,10.2,2.5,100.0,1.1,4.4,3.1,1.4,0.1,0.0,0.0,0.0,0.0,1.1,10.0,10.0,10.0,10.0,10.0,8.0,33,31,34,35,33,67,69,66,65,67,37,35,否,否,否,否,否,否,否,否,否,否,否,否,否,否,否,否,否,否,37,35,37,0.250,1.794,0.195,0.008,4.701,0.704,0.220,0.619,35.0,30.0,64.0,64.0,0,17.6,9.4,1.8,2.0,49.4,2.8,12.0,7.7,2.5,0.3,0.1,0.0,0.0,0.0,95.1,83.4,97.1,99.9,99.9,1066.7,10.67,15,15,15,35,74,374,1,2,否,否,否,否,否,否,否,否,否,否,否,否,否,否,否,否,否,否,否,否,否,否,否,否,否,否,否,否,否,否,否,否,否,否,否,否,否,34.0,34,34,33,97.0,100.0,否,否,24292,21072,0.0,4.9,4.9,0.000,0.085,3863,1512,38,0.007,100.0,1066.0,0.0,0.0,0.0,0.0,0.0,0.0,0.0,433,否,否,否,否,否,否,7.487,25.441,61.6,-7.637,25.2,199.9,7.2,60.6,0.7,0.7,0.7,0.7,7.2,60.3,0.7,0.7,0.7,0.7,139.66,1360.20,14.29,14.02,1532.07,1532.07,0.32,139.37,139.29,0.38,232.42,0,0,0.0,0.0,0,0.000,
17.9.2026,22:47:11.548,5962,33549,15.0,5871,10311,36.2,0.0,23329,0,0.764,0.797,0.757,0.750,0.750,0.681,0.698,1000.0,1000.0,1000.0,1000.0,1000.0,100.0,800.0,34.3,135.2,99.8,29.2,8.3,1.1,0.3,0.4,0.2,34.3,2.6,10.9,8.4,0.4,0.6,0.1,0.0,0.0,0.0,10.9,2.6,100.0,1.2,4.7,3.8,1.1,0.3,0.0,0.0,0.0,0.0,1.2,10.0,10.0,10.0,10.0,10.0,8.0,33,31,34,35,33,67,69,66,65,67,36,35,否,否,否,否,否,否,否,否,否,否,否,否,否,否,否,否,否,否,38,34,37,0.250,1.635,0.194,0.007,4.044,0.676,0.224,0.497,35.0,30.0,64.0,64.0,0,17.3,11.6,1.3,1.7,46.7,3.2,13.2,9.3,2.1,0.7,0.1,0.0,0.0,0.0,94.8,82.0,97.4,99.8,99.9,1066.7,10.67,15,15,15,35,74,374,1,2,否,否,否,否,否,否,否,否,否,否,否,否,否,否,否,否,否,否,否,否,否,否,否,否,否,否,否,否,否,否,否,否,否,否,否,否,否,34.0,34,34,33,97.0,100.0,否,否,24292,21072,0.0,2.5,2.5,0.000,0.034,3863,1512,38,0.006,100.0,1066.0,0.0,0.0,0.0,0.0,0.0,0.0,0.0,433,否,否,否,否,否,否,7.486,25.441,61.6,-7.621,25.2,200.3,7.2,60.6,0.7,0.7,0.7,0.7,7.2,60.3,0.7,0.7,0.7,0.7,139.66,1360.20,14.29,14.02,1532.07,1532.07,0.32,139.37,139.29,0.38,232.42,0,0,0.0,0.0,0,0.000,
17.9.2026,22:47:13.564,5962,33550,15.0,5871,10312,36.2,0.0,23329,0,0.764,0.795,0.760,0.750,0.750,0.678,0.698,1000.0,1000.0,1000.0,1000.0,1000.0,100.0,800.0,34.1,142.2,90.1,32.0,6.1,1.4,0.2,0.3,0.2,34.1,3.2,11.3,7.1,3.4,1.0,0.7,0.6,0.6,0.6,11.3,3.2,100.0,1.2,5.0,3.3,1.2,0.2,0.0,0.0,0.0,0.0,1.2,10.0,10.0,10.0,10.0,10.0,8.0,33,31,33,34,34,67,69,67,66,66,37,34,否,否,否,否,否,否,否,否,否,否,否,否,否,否,否,否,否,否,38,34,38,0.250,1.691,0.192,0.006,4.381,0.678,0.211,0.559,35.0,30.0,64.0,64.0,0,17.3,9.4,1.7,1.9,49.2,3.2,13.8,8.3,2.3,0.6,0.1,0.0,0.0,0.0,94.8,82.3,97.1,99.8,99.9,1066.7,10.67,15,15,15,35,74,374,1,2,否,否,否,否,否,否,否,否,否,否,否,否,否,否,否,否,否,否,否,否,否,否,否,否,否,否,否,否,否,否,否,否,否,否,否,否,否,35.0,34,34,33,97.0,100.0,否,否,24292,21072,0.0,1.9,1.9,0.000,0.014,3863,1512,37,0.006,100.0,1066.0,0.0,0.0,0.0,0.0,0.0,0.0,0.0,433,否,否,否,否,否,否,7.494,25.434,61.6,-7.629,25.2,200.0,7.2,60.6,0.7,0.7,0.7,0.7,7.2,60.3,0.7,0.7,0.7,0.7,139.66,1360.20,14.29,14.02,1532.07,1532.07,0.32,139.37,139.29,0.38,232.42,0,0,0.0,0.0,0,0.000,
17.9.2026,22:47:15.568,5961,33550,15.0,5870,10312,36.2,0.0,23329,0,0.767,0.797,0.765,0.755,0.750,0.681,0.741,1075.0,1000.0,1100.0,1100.0,1100.0,100.0,800.0,34.1,132.3,100.2,32.6,3.2,2.3,1.3,0.6,0.2,34.1,3.2,10.9,8.2,2.7,0.7,1.4,0.6,0.5,0.5,10.9,3.2,100.0,1.2,4.6,3.5,1.3,0.1,0.1,0.0,0.0,0.0,1.2,10.8,10.0,11.0,11.0,11.0,8.0,34,32,35,35,35,66,68,65,65,65,37,35,否,否,否,否,否,否,否,否,否,否,否,否,否,否,否,否,否,否,37,34,37,0.250,1.627,0.187,0.006,4.089,0.676,0.222,0.493,35.0,30.0,64.0,64.0,0,17.7,9.1,1.8,2.0,49.2,3.1,12.7,9.2,2.4,0.3,0.2,0.1,0.1,0.0,94.8,82.5,97.3,99.7,99.9,1066.7,10.67,15,15,15,35,74,374,1,2,否,否,否,否,否,否,否,否,否,否,否,否,否,否,否,否,否,否,否,否,否,否,否,否,否,否,否,否,否,否,否,否,否,否,否,否,否,35.0,34,34,33,97.0,100.0,否,否,24292,21072,0.0,1.9,1.9,0.000,0.015,3863,1513,37,0.008,100.0,1066.0,0.0,0.0,0.0,0.0,0.0,0.0,0.0,433,否,否,否,否,否,否,7.490,25.434,61.6,-7.625,25.2,200.1,7.2,60.6,0.7,0.7,0.7,0.7,7.2,60.3,0.7,0.7,0.7,0.7,139.66,1360.20,14.29,14.02,1532.07,1532.07,0.32,139.37,139.29,0.38,232.42,0,0,0.0,0.0,0,0.000,
17.9.2026,22:47:17.578,5961,33551,15.0,5870,10312,36.2,0.0,23329,0,0.769,0.800,0.770,0.755,0.752,0.691,0.696,1150.0,1200.0,1200.0,1100.0,1100.0,100.0,1000.0,42.0,172.8,145.9,14.6,1.2,0.8,0.2,0.3,0.2,42.0,3.0,12.4,11.3,0.6,0.0,0.0,0.0,0.0,0.0,12.4,3.0,100.0,1.5,5.8,5.5,0.6,0.0,0.0,0.0,0.0,0.0,1.5,11.5,12.0,12.0,11.0,11.0,10.0,34,34,34,35,35,66,66,66,65,65,37,35,否,否,否,否,否,否,否,否,否,否,否,否,否,否,否,否,否,否,37,34,37,0.250,1.650,0.186,0.008,4.148,0.694,0.232,0.493,35.0,30.0,64.0,64.0,0,16.9,11.0,1.7,3.7,42.8,3.8,16.1,13.0,1.3,0.1,0.1,0.0,0.0,0.0,94.1,78.1,98.6,99.9,99.9,1066.7,10.67,15,15,15,35,74,374,1,2,否,否,否,否,否,否,否,否,否,否,否,否,否,否,否,否,否,否,否,否,否,否,否,否,否,否,否,否,否,否,否,否,否,否,否,否,否,36.0,34,34,33,97.0,100.0,否,否,24292,21072,0.0,2.0,2.0,0.000,0.049,3863,1513,37,0.006,100.0,1066.0,0.0,0.0,0.0,0.0,0.0,0.0,0.0,433,否,否,否,否,否,否,7.482,25.426,61.6,-7.632,25.2,199.9,7.2,60.6,0.7,0.7,0.7,0.7,7.2,60.3,0.7,0.7,0.7,0.7,139.66,1360.20,14.29,14.02,1532.07,1532.07,0.32,139.37,139.29,0.38,232.42,0,0,0.0,0.0,0,0.000,
17.9.2026,22:47:19.587,5961,33551,15.0,5870,10312,36.2,0.0,23329,0,0.772,0.802,0.770,0.760,0.755,0.691,0.696,1200.0,1200.0,1200.0,1200.0,1200.0,100.0,1000.0,37.0,163.5,119.5,10.3,1.6,0.3,0.2,0.3,0.2,37.0,2.8,12.5,9.0,0.8,0.1,0.0,0.0,0.0,0.0,12.5,2.8,100.0,1.3,5.7,4.3,0.4,0.0,0.0,0.0,0.0,0.0,1.3,12.0,12.0,12.0,12.0,12.0,10.0,34,32,34,35,34,66,68,66,65,66,38,35,否,否,否,否,否,否,否,否,否,否,否,否,否,否,否,否,否,否,36,34,36,0.250,1.721,0.195,0.006,4.589,0.711,0.221,0.538,35.0,30.0,64.0,64.0,0,17.5,9.1,1.9,3.3,46.4,3.4,15.2,10.4,1.0,0.2,0.0,0.0,0.0,0.0,94.7,80.1,98.8,99.9,99.9,1066.7,10.67,15,15,15,35,74,374,1,2,否,否,否,否,否,否,否,否,否,否,否,否,否,否,否,否,否,否,否,否,否,否,否,否,否,否,否,否,否,否,否,否,否,否,否,否,否,35.0,34,34,33,97.0,100.0,否,否,24292,21072,0.0,2.4,2.4,0.000,0.018,3863,1513,37,0.004,100.0,1066.0,0.0,0.0,0.0,0.0,0.0,0.0,0.0,433,否,否,否,否,否,否,7.492,25.426,61.6,-7.664,25.2,199.1,7.2,60.6,0.7,0.7,0.7,0.7,7.2,60.3,0.7,0.7,0.7,0.7,139.66,1360.20,14.29,14.02,1532.07,1532.07,0.32,139.37,139.29,0.38,232.42,0,0,0.0,0.0,0,0.000,
17.9.2026,22:47:21.584,5958,33553,15.0,5869,10313,36.2,0.0,23329,0,0.768,0.797,0.767,0.755,0.752,0.686,0.698,1100.0,1100.0,1100.0,1100.0,1100.0,100.0,400.0,39.8,165.5,121.0,26.8,2.6,2.0,0.2,0.3,0.2,39.8,3.0,12.7,9.5,1.5,0.1,0.0,0.0,0.0,0.0,12.7,3.0,100.0,1.4,5.7,4.5,1.0,0.1,0.1,0.0,0.0,0.0,1.4,11.0,11.0,11.0,11.0,11.0,4.0,34,32,35,35,34,66,68,65,65,66,38,35,否,否,否,否,否,否,否,否,否,否,否,否,否,否,否,否,否,否,37,35,37,0.250,1.653,0.189,0.004,4.216,0.687,0.221,0.506,35.0,30.0,64.0,64.0,0,17.0,11.8,1.6,3.7,42.9,3.6,15.6,10.9,1.8,0.3,0.2,0.0,0.0,0.0,94.2,79.4,97.9,99.7,99.9,1066.7,10.67,15,15,15,35,74,374,1,2,否,否,否,否,否,否,否,否,否,否,否,否,否,否,否,否,否,否,否,否,否,否,否,否,否,否,否,否,否,否,否,否,否,否,否,否,否,35.0,34,34,34,97.0,100.0,否,否,24292,21072,0.0,2.9,2.9,0.000,0.090,3863,1513,37,0.006,100.0,1066.0,0.0,0.0,0.0,0.0,0.0,0.0,0.0,433,否,否,否,否,否,否,7.475,25.418,61.5,-7.632,25.2,199.8,7.2,60.6,0.7,0.7,0.7,0.7,7.2,60.3,0.7,0.7,0.7,0.7,139.66,1360.20,14.29,14.02,1532.07,1532.07,0.32,139.37,139.29,0.38,232.42,0,0,0.0,0.0,0,0.000,
17.9.2026,22:47:23.590,5958,33554,15.0,5868,10314,36.2,0.0,23329,0,0.776,0.802,0.787,0.760,0.755,0.711,0.698,1275.0,1200.0,1500.0,1200.0,1200.0,100.0,1300.0,36.8,152.3,112.7,26.3,1.1,1.2,0.2,0.3,0.2,36.8,2.7,12.3,9.3,0.0,0.0,0.0,0.0,0.0,0.0,12.3,2.7,100.0,1.3,5.2,4.1,1.1,0.0,0.0,0.0,0.0,0.0,1.3,12.8,12.0,15.0,12.0,12.0,13.0,34,32,34,35,34,66,68,66,65,66,37,35,否,否,否,否,否,否,否,否,否,否,否,否,否,否,否,否,否,否,37,35,37,0.250,1.796,0.213,0.006,4.656,0.705,0.219,0.605,35.0,30.0,64.0,64.0,0,17.3,9.8,1.7,2.4,46.3,3.4,14.4,10.2,2.5,0.1,0.1,0.0,0.0,0.0,94.5,80.7,97.4,99.8,99.9,1066.7,10.67,15,15,15,35,74,374,1,2,否,否,否,否,否,否,否,否,否,否,否,否,否,否,否,否,否,否,否,否,否,否,否,否,否,否,否,否,否,否,否,否,否,否,否,否,否,35.0,34,34,33,97.0,100.0,否,否,24292,21072,0.0,3.2,3.2,0.000,0.068,3863,1513,37,0.006,100.0,1066.0,0.0,0.0,0.0,0.0,0.0,0.0,0.0,433,否,否,否,否,否,否,7.491,25.418,61.5,-7.693,25.2,198.2,7.2,60.6,0.7,0.7,0.7,0.7,7.2,60.3,0.7,0.7,0.7,0.7,139.66,1360.20,14.29,14.02,1532.07,1532.07,0.32,139.37,139.29,0.38,232.42,0,0,0.0,0.0,0,0.000,
17.9.2026,22:47:25.576,5958,33554,15.0,5868,10314,36.2,0.0,23329,0,0.776,0.817,0.770,0.760,0.757,0.691,0.696,1275.0,1500.0,1200.0,1200.0,1200.0,100.0,1000.0,30.4,122.1,102.3,15.7,1.2,0.6,0.3,0.4,0.3,30.4,2.9,9.7,8.4,5.3,0.0,0.0,0.0,0.0,0.0,9.7,2.9,100.0,1.1,4.3,3.9,0.6,0.0,0.0,0.0,0.0,0.0,1.1,12.8,15.0,12.0,12.0,12.0,10.0,33,31,33,35,33,67,69,67,65,67,37,35,否,否,否,否,否,否,否,否,否,否,否,否,否,否,否,否,否,否,36,34,37,0.250,1.720,0.173,0.006,4.393,0.710,0.229,0.558,35.0,30.0,64.0,64.0,0,17.7,5.0,1.5,2.2,53.4,2.9,11.9,9.4,1.2,0.1,0.1,0.0,0.0,0.0,95.1,82.0,98.6,99.9,99.9,1066.7,10.67,15,15,15,35,74,374,1,2,否,否,否,否,否,否,否,否,否,否,否,否,否,否,否,否,否,否,否,否,否,否,否,否,否,否,否,否,否,否,否,否,否,否,否,否,否,35.0,34,34,33,97.0,100.0,否,否,24292,21072,0.0,3.4,3.4,0.000,0.030,3863,1513,36,0.006,100.0,1066.0,0.0,0.0,0.0,0.0,0.0,0.0,0.0,433,否,否,否,否,否,否,7.496,25.411,61.5,-7.676,25.2,198.6,7.2,60.6,0.7,0.7,0.7,0.7,7.2,60.3,0.7,0.7,0.7,0.7,139.66,1360.20,14.29,14.02,1532.07,1532.07,0.32,139.37,139.29,0.38,232.42,0,0,0.0,0.0,0,0.000,
17.9.2026,22:47:27.583,5961,33550,15.0,5871,10311,36.2,0.0,23329,0,0.771,0.800,0.770,0.757,0.757,0.691,0.698,1200.0,1200.0,1200.0,1200.0,1200.0,100.0,1000.0,60.0,239.1,160.6,39.0,6.2,7.7,8.7,9.7,9.2,60.0,4.9,18.5,12.3,3.4,0.8,0.9,0.9,1.1,1.1,18.5,4.9,100.0,2.3,9.2,6.4,1.6,0.2,0.3,0.3,0.4,0.4,2.3,12.0,12.0,12.0,12.0,12.0,10.0,34,32,34,35,33,66,68,66,65,67,37,35,否,否,否,否,否,否,否,否,否,否,否,否,否,否,否,否,否,否,37,35,37,0.250,1.461,0.153,0.006,3.591,0.644,0.221,0.401,35.0,30.0,64.0,64.0,0,15.0,10.3,1.3,2.7,38.1,5.0,20.0,12.8,3.3,0.6,0.7,0.6,0.9,0.8,91.2,70.9,96.3,98.9,98.7,1066.7,10.67,15,15,15,35,74,374,1,2,是,否,否,否,否,否,否,否,否,否,是,否,否,否,否,否,否,否,否,否,否,否,否,否,否,否,否,否,否,否,否,否,否,否,否,否,否,35.0,34,34,33,97.0,100.0,否,否,24292,21072,0.0,2.9,2.9,0.000,0.063,3863,1513,38,0.006,100.0,1066.0,0.0,0.0,0.0,0.0,0.0,0.0,0.0,433,否,否,否,否,否,否,7.489,25.411,61.5,-7.639,25.2,199.6,7.2,60.6,0.7,0.7,0.7,0.7,7.2,60.3,0.7,0.7,0.7,0.7,139.66,1360.20,14.29,14.02,1532.07,1532.07,0.32,139.37,139.29,0.38,232.42,0,0,0.0,0.0,0,0.000,
17.9.2026,22:47:29.582,5959,33552,15.0,5870,10313,36.2,0.0,23329,0,0.772,0.802,0.770,0.760,0.755,0.691,0.696,1200.0,1200.0,1200.0,1200.0,1200.0,100.0,1000.0,31.0,121.3,92.3,30.4,1.6,1.8,0.2,0.4,0.2,31.0,2.5,9.3,7.4,1.3,0.4,0.5,0.3,0.3,0.3,9.3,2.5,100.0,1.1,4.2,3.5,1.2,0.1,0.1,0.0,0.0,0.0,1.1,12.0,12.0,12.0,12.0,12.0,10.0,34,31,35,35,34,66,69,65,65,66,37,35,否,否,否,否,否,否,否,否,否,否,否,否,否,否,否,否,否,否,38,35,38,0.250,2.102,0.318,0.009,5.509,0.801,0.261,0.667,35.0,30.0,64.0,64.0,0,17.7,4.8,2.0,2.2,52.8,2.9,11.7,8.6,2.7,0.2,0.2,0.0,0.1,0.0,94.9,83.0,97.0,99.7,99.9,1066.7,10.67,15,15,15,35,74,374,1,2,否,否,否,否,否,否,否,否,否,否,否,否,否,否,否,否,否,否,否,否,否,否,否,否,否,否,否,否,否,否,否,否,否,否,否,否,否,35.0,34,34,33,97.0,100.0,否,否,24292,21072,0.0,2.0,2.0,0.000,0.028,3863,1513,37,0.009,100.0,1066.0,0.0,0.0,0.0,0.0,0.0,0.0,0.0,433,否,否,否,否,否,否,7.489,25.403,61.5,-7.714,25.2,197.6,7.2,60.6,0.7,0.7,0.7,0.7,7.2,60.3,0.7,0.7,0.7,0.7,139.66,1360.20,14.29,14.02,1532.07,1532.07,0.32,139.37,139.29,0.38,232.42,0,0,0.0,0.0,0,0.000,
17.9.2026,22:47:31.590,5959,33552,15.0,5869,10313,36.2,0.0,23329,0,0.767,0.797,0.765,0.755,0.752,0.686,0.698,1100.0,1100.0,1100.0,1100.0,1100.0,100.0,900.0,33.6,128.1,103.3,35.3,1.1,0.4,0.2,0.3,0.2,33.6,2.7,10.4,8.6,2.2,0.1,0.0,0.0,0.0,0.0,10.4,2.7,100.0,1.2,4.5,4.0,1.4,0.0,0.0,0.0,0.0,0.0,1.2,11.0,11.0,11.0,11.0,11.0,9.0,34,31,35,36,34,66,69,65,64,66,37,36,否,否,否,否,否,否,否,否,否,否,否,否,否,否,否,否,否,否,37,35,37,0.250,1.451,0.151,0.007,3.539,0.649,0.226,0.382,35.0,30.0,64.0,64.0,0,17.4,13.4,1.6,1.8,44.4,3.1,12.4,9.4,2.3,0.1,0.0,0.0,0.0,0.0,94.7,81.6,97.5,99.9,99.9,1066.7,10.67,15,15,15,35,74,374,1,2,否,否,否,否,否,否,否,否,否,否,否,否,否,否,否,否,否,否,否,否,否,否,否,否,否,否,否,否,否,否,否,否,否,否,否,否,否,34.0,34,34,33,97.0,100.0,否,否,24292,21072,0.0,3.9,3.9,0.000,0.043,3863,1513,36,0.007,100.0,1066.0,0.0,0.0,0.0,0.0,0.0,0.0,0.0,433,否,否,否,否,否,否,7.463,25.395,61.5,-7.642,25.2,199.4,7.2,60.6,0.7,0.7,0.7,0.7,7.2,60.3,0.7,0.7,0.7,0.7,139.66,1360.20,14.29,14.02,1532.07,1532.07,0.32,139.37,139.29,0.38,232.42,0,0,0.0,0.0,0,0.000,
17.9.2026,22:47:33.588,5957,33555,15.0,5869,10314,36.2,0.0,23329,0,0.768,0.800,0.765,0.755,0.752,0.686,0.698,1100.0,1100.0,1100.0,1100.0,1100.0,100.0,900.0,33.3,140.5,88.8,32.4,1.5,1.0,0.6,0.8,0.5,33.3,2.8,11.6,7.5,2.9,0.0,0.0,0.0,0.0,0.0,11.6,2.8,100.0,1.2,5.0,3.4,1.3,0.0,0.0,0.0,0.0,0.0,1.2,11.0,11.0,11.0,11.0,11.0,9.0,33,31,34,34,34,67,69,66,66,66,38,34,否,否,否,否,否,否,否,否,否,否,否,否,否,否,否,否,否,否,36,35,36,0.250,1.840,0.215,0.005,4.694,0.723,0.231,0.625,35.0,30.0,64.0,64.0,0,17.7,7.5,1.9,2.2,49.3,3.1,13.7,8.4,2.4,0.2,0.1,0.1,0.1,0.1,94.7,81.8,97.4,99.8,99.9,1066.7,10.67,15,15,15,35,74,374,1,2,否,否,否,否,否,否,否,否,否,否,否,否,否,否,否,否,否,否,否,否,否,否,否,否,否,否,否,否,否,否,否,否,否,否,否,否,否,35.0,34,34,33,97.0,100.0,否,否,24292,21072,0.0,1.0,1.0,0.000,0.014,3863,1513,37,0.005,100.0,1066.0,0.0,0.0,0.0,0.0,0.0,0.0,0.0,433,否,否,否,否,否,否,7.467,25.395,61.5,-7.654,25.2,199.1,7.2,60.6,0.7,0.7,0.7,0.7,7.2,60.3,0.7,0.7,0.7,0.7,139.66,1360.20,14.29,14.02,1532.07,1532.07,0.32,139.37,139.29,0.38,232.42,0,0,0.0,0.0,0,0.000,
17.9.2026,22:47:35.598,5956,33555,15.0,5868,10314,36.2,0.0,23329,0,0.772,0.802,0.772,0.760,0.755,0.691,0.698,1200.0,1200.0,1200.0,1200.0,1200.0,100.0,1000.0,30.9,126.5,82.8,34.4,1.5,1.5,0.2,0.4,0.2,30.9,2.8,11.0,7.6,3.5,0.0,0.0,0.0,0.0,0.0,11.0,2.8,100.0,1.1,4.4,3.1,1.4,0.0,0.1,0.0,0.0,0.0,1.1,12.0,12.0,12.0,12.0,12.0,10.0,33,31,32,35,33,67,69,68,65,67,37,35,否,否,否,否,否,否,否,否,否,否,否,否,否,否,否,否,否,否,37,34,37,0.250,1.605,0.179,0.008,3.985,0.690,0.236,0.457,35.0,30.0,64.0,64.0,0,17.5,11.7,1.3,1.9,46.7,3.0,12.5,7.9,3.1,0.2,0.2,0.0,0.0,0.0,94.9,83.0,96.8,99.8,99.9,1066.7,10.67,15,15,15,35,74,374,1,2,否,否,否,否,否,否,否,否,否,否,否,否,否,否,否,否,否,否,否,否,否,否,否,否,否,否,否,否,否,否,否,否,否,否,否,否,否,35.0,34,34,33,97.0,100.0,否,否,24292,21072,0.0,3.8,3.8,0.000,0.032,3863,1513,37,0.008,100.0,1066.0,0.0,0.0,0.0,0.0,0.0,0.0,0.0,433,否,否,否,否,否,否,7.472,25.395,61.5,-7.629,25.2,199.7,7.2,60.6,0.7,0.7,0.7,0.7,7.2,60.3,0.7,0.7,0.7,0.7,139.66,1360.20,14.29,14.02,1532.07,1532.07,0.32,139.37,139.29,0.38,232.42,0,0,0.0,0.0,0,0.000,
17.9.2026,22:47:37.599,5953,33559,15.0,5866,10317,36.2,0.0,23329,0,0.769,0.805,0.765,0.755,0.752,0.691,0.698,1125.0,1200.0,1100.0,1100.0,1100.0,100.0,1000.0,33.3,132.4,96.4,33.1,2.3,1.2,0.2,0.5,0.2,33.3,2.9,10.5,7.9,2.1,0.6,0.5,0.4,0.4,0.4,10.5,2.9,100.0,1.2,4.7,3.7,1.3,0.1,0.0,0.0,0.0,0.0,1.2,11.2,12.0,11.0,11.0,11.0,10.0,33,31,34,34,34,67,69,66,66,66,37,34,否,否,否,否,否,否,否,否,否,否,否,否,否,否,否,否,否,否,38,34,38,0.250,1.725,0.166,0.006,4.391,0.713,0.230,0.571,35.0,30.0,64.0,64.0,0,17.4,10.8,1.4,2.1,46.6,3.1,13.0,9.0,2.6,0.2,0.1,0.0,0.1,0.0,94.6,81.7,97.1,99.8,99.9,1066.7,10.67,15,15,15,35,74,374,1,2,否,否,否,否,否,否,否,否,否,否,否,否,否,否,否,否,否,否,否,否,否,否,否,否,否,否,否,否,否,否,否,否,否,否,否,否,否,34.0,34,34,33,97.0,100.0,否,否,24292,21072,0.0,1.5,1.5,0.000,0.071,3863,1513,37,0.006,100.0,1066.0,0.0,0.0,0.0,0.0,0.0,0.0,0.0,433,否,否,否,否,否,否,7.463,25.395,61.5,-7.657,25.2,199.0,7.2,60.6,0.7,0.7,0.7,0.7,7.2,60.3,0.7,0.7,0.7,0.7,139.66,1360.20,14.29,14.02,1532.07,1532.07,0.32,139.37,139.29,0.38,232.42,0,0,0.0,0.0,0,0.000,
17.9.2026,22:47:39.605,5953,33559,15.0,5865,10317,36.2,0.0,23329,0,0.767,0.797,0.765,0.755,0.752,0.686,0.698,1100.0,1100.0,1100.0,1100.0,1100.0,100.0,900.0,31.2,125.9,75.4,42.4,2.6,1.7,0.2,1.0,0.2,31.2,2.6,10.9,6.9,3.3,0.0,0.0,0.0,0.0,0.0,10.9,2.6,100.0,1.1,4.4,2.8,1.7,0.1,0.1,0.0,0.0,0.0,1.1,11.0,11.0,11.0,11.0,11.0,9.0,34,31,34,35,34,66,69,66,65,66,37,35,否,否,否,否,否,否,否,否,否,否,否,否,否,否,否,否,否,否,36,34,37,0.250,1.707,0.180,0.007,4.379,0.698,0.228,0.552,35.0,30.0,64.0,64.0,0,17.6,9.9,1.3,2.2,48.7,2.9,12.5,7.2,2.9,0.3,0.2,0.0,0.1,0.0,94.9,83.4,96.8,99.8,99.8,1066.7,10.67,15,15,15,35,74,374,1,2,否,否,否,否,否,否,否,否,否,否,否,否,否,否,否,否,否,否,否,否,否,否,否,否,否,否,否,否,否,否,否,否,否,否,否,否,否,35.0,34,34,33,97.0,100.0,否,否,24292,21072,0.0,2.4,2.4,0.000,0.028,3863,1514,37,0.007,100.0,1066.0,0.0,0.0,0.0,0.0,0.0,0.0,0.0,433,否,否,否,否,否,否,7.467,25.388,61.5,-7.639,25.2,199.4,7.2,60.6,0.7,0.7,0.7,0.7,7.2,60.3,0.7,0.7,0.7,0.7,139.66,1360.20,14.29,14.02,1532.07,1532.07,0.32,139.37,139.29,0.38,232.42,0,0,0.0,0.0,0,0.000,
17.9.2026,22:47:41.619,5953,33559,15.0,5865,10317,36.2,0.0,23329,0,0.767,0.800,0.765,0.752,0.752,0.686,0.696,1100.0,1100.0,1100.0,1100.0,1100.0,100.0,900.0,31.5,126.5,96.4,21.8,1.4,5.3,0.2,0.4,0.2,31.5,2.6,10.3,8.2,1.1,0.0,1.0,0.0,0.0,0.0,10.3,2.6,100.0,1.2,4.4,3.7,0.9,0.0,0.2,0.0,0.0,0.0,1.2,11.0,11.0,11.0,11.0,11.0,9.0,33,31,33,35,34,67,69,67,65,66,37,35,否,否,否,否,否,否,否,否,否,否,否,否,否,否,否,否,否,否,37,34,37,0.250,1.716,0.200,0.007,4.191,0.703,0.239,0.535,35.0,30.0,64.0,64.0,0,17.7,10.7,1.5,2.0,48.0,3.0,12.6,9.2,1.5,0.2,0.5,0.0,0.0,0.0,94.9,82.1,98.4,99.4,99.9,1066.7,10.67,15,15,15,35,74,374,1,2,否,否,否,否,否,否,否,否,否,否,否,否,否,否,否,否,否,否,否,否,否,否,否,否,否,否,否,否,否,否,否,否,否,否,否,否,否,34.0,34,34,33,97.0,100.0,否,否,24292,21072,0.0,2.4,2.4,0.000,0.030,3863,1514,37,0.007,100.0,1066.0,0.0,0.0,0.0,0.0,0.0,0.0,0.0,433,否,否,否,否,否,否,7.478,25.388,61.5,-7.635,25.2,199.5,7.2,60.6,0.7,0.7,0.7,0.7,7.2,60.3,0.7,0.7,0.7,0.7,139.66,1360.20,14.29,14.02,1532.07,1532.07,0.32,139.37,139.29,0.38,232.42,0,0,0.0,0.0,0,0.000,
17.9.2026,22:47:43.618,5952,33559,15.0,5865,10317,36.2,0.0,23329,0,0.770,0.802,0.770,0.755,0.752,0.691,0.698,1150.0,1200.0,1200.0,1100.0,1100.0,100.0,1000.0,31.5,130.3,101.1,14.5,3.6,1.4,0.2,0.3,0.2,31.5,2.7,10.2,8.0,1.0,0.9,0.0,0.6,0.6,0.6,10.2,2.7,100.0,1.1,4.6,3.9,0.5,0.1,0.1,0.0,0.0,0.0,1.1,11.5,12.0,12.0,11.0,11.0,10.0,34,32,34,34,34,66,68,66,66,66,37,34,否,否,否,否,否,否,否,否,否,否,否,否,否,否,否,否,否,否,37,34,37,0.250,1.717,0.186,0.007,4.292,0.699,0.230,0.557,35.0,30.0,64.0,64.0,0,17.5,10.4,1.1,2.1,48.7,2.9,12.5,8.9,1.4,0.4,0.2,0.0,0.0,0.0,94.9,81.9,98.2,99.8,99.9,1066.7,10.67,15,15,15,35,74,374,1,2,否,否,否,否,否,否,否,否,否,否,否,否,否,否,否,否,否,否,否,否,否,否,否,否,否,否,否,否,否,否,否,否,否,否,否,否,否,34.0,34,34,33,97.0,100.0,否,否,24292,21072,0.0,5.2,5.2,0.000,0.069,3863,1514,37,0.007,100.0,1066.0,0.0,0.0,0.0,0.0,0.0,0.0,0.0,433,否,否,否,否,否,否,7.476,25.380,61.4,-7.655,25.2,198.9,7.2,60.6,0.7,0.7,0.7,0.7,7.2,60.3,0.7,0.7,0.7,0.7,139.66,1360.20,14.29,14.02,1532.07,1532.07,0.32,139.37,139.29,0.38,232.42,0,0,0.0,0.0,0,0.000,
17.9.2026,22:47:45.612,5951,33561,15.0,5864,10318,36.2,0.0,23329,0,0.769,0.800,0.765,0.755,0.755,0.686,0.698,1125.0,1100.0,1100.0,1100.0,1200.0,100.0,900.0,30.4,120.8,96.6,22.0,1.3,1.4,0.2,0.4,0.2,30.4,2.4,9.6,7.7,1.8,0.0,0.0,0.0,0.0,0.0,9.6,2.4,100.0,1.1,4.2,3.7,0.9,0.0,0.0,0.0,0.0,0.0,1.1,11.2,11.0,11.0,11.0,12.0,9.0,33,31,33,34,34,67,69,67,66,66,36,34,否,否,否,否,否,否,否,否,否,否,否,否,否,否,否,否,否,否,37,36,37,0.250,1.693,0.177,0.006,4.241,0.691,0.229,0.554,35.0,30.0,64.0,64.0,0,17.7,8.4,1.4,2.0,50.6,2.8,11.7,8.6,2.1,0.1,0.1,0.0,0.0,0.0,95.1,83.1,97.7,99.8,99.9,1066.7,10.67,15,15,15,35,74,374,1,2,否,否,否,否,否,否,否,否,否,否,否,否,否,否,否,否,否,否,否,否,否,否,否,否,否,否,否,否,否,否,否,否,否,否,否,否,否,35.0,34,34,34,97.0,100.0,否,否,24292,21072,0.0,1.9,1.9,0.000,0.016,3863,1514,36,0.006,100.0,1066.0,0.0,0.0,0.0,0.0,0.0,0.0,0.0,433,否,否,否,否,否,否,7.466,25.372,61.4,-7.623,25.2,199.7,7.2,60.6,0.7,0.7,0.7,0.7,7.2,60.3,0.7,0.7,0.7,0.7,139.66,1360.20,14.29,14.02,1532.07,1532.07,0.32,139.37,139.29,0.38,232.42,0,0,0.0,0.0,0,0.000,
17.9.2026,22:47:47.623,5952,33559,15.0,5864,10318,36.2,0.0,23329,0,0.769,0.800,0.767,0.755,0.752,0.686,0.698,1100.0,1100.0,1100.0,1100.0,1100.0,100.0,900.0,33.1,126.7,91.1,41.0,2.5,1.7,0.2,1.1,0.2,33.1,2.6,10.4,7.9,2.7,0.1,0.1,0.0,0.0,0.0,10.4,2.6,100.0,1.2,4.4,3.5,1.6,0.1,0.1,0.0,0.0,0.0,1.2,11.0,11.0,11.0,11.0,11.0,9.0,33,31,33,35,33,67,69,67,65,67,37,35,否,否,否,否,否,否,否,否,否,否,否,否,否,否,否,否,否,否,37,34,37,0.250,1.623,0.169,0.007,3.979,0.685,0.234,0.495,35.0,30.0,64.0,64.0,0,17.1,11.6,1.5,1.9,46.7,3.1,12.5,8.8,2.9,0.3,0.2,0.0,0.1,0.0,94.7,82.3,96.8,99.7,99.8,1066.7,10.67,15,15,15,35,74,374,1,2,否,否,否,否,否,否,否,否,否,否,否,否,否,否,否,否,否,否,否,否,否,否,否,否,否,否,否,否,否,否,否,否,否,否,否,否,否,35.0,34,34,33,97.0,100.0,否,否,24292,21072,0.0,2.4,2.4,0.000,0.047,3863,1514,38,0.007,100.0,1066.0,0.0,0.0,0.0,0.0,0.0,0.0,0.0,433,否,否,否,否,否,否,7.462,25.372,61.4,-7.626,25.2,199.6,7.2,60.6,0.7,0.7,0.7,0.7,7.2,60.3,0.7,0.7,0.7,0.7,139.66,1360.20,14.29,14.02,1532.07,1532.07,0.32,139.37,139.29,0.38,232.42,0,0,0.0,0.0,0,0.000,
17.9.2026,22:47:49.635,5952,33560,15.0,5864,10318,36.2,0.0,23329,0,0.773,0.805,0.770,0.760,0.757,0.693,0.698,1200.0,1200.0,1200.0,1200.0,1200.0,100.0,1000.0,31.1,132.8,88.6,21.1,2.3,1.9,0.7,0.9,0.7,31.1,2.7,10.9,7.1,1.9,0.9,0.9,0.0,0.0,0.0,10.9,2.7,100.0,1.1,4.7,3.4,0.8,0.1,0.1,0.0,0.0,0.0,1.1,12.0,12.0,12.0,12.0,12.0,10.0,33,31,34,35,33,67,69,66,65,67,37,35,否,否,否,否,否,否,否,否,否,否,否,否,否,否,否,否,否,否,36,36,38,0.250,1.735,0.202,0.006,4.384,0.700,0.229,0.560,35.0,30.0,64.0,64.0,0,17.7,9.1,1.5,2.1,49.4,2.9,12.9,8.0,2.0,0.2,0.2,0.1,0.1,0.1,95.0,82.6,97.8,99.7,99.8,1066.7,10.67,15,15,15,35,74,374,1,2,否,否,否,否,否,否,否,否,否,否,否,否,否,否,否,否,否,否,否,否,否,否,否,否,否,否,否,否,否,否,否,否,否,否,否,否,否,34.0,34,34,33,97.0,100.0,否,否,24292,21072,0.0,1.9,1.9,0.000,0.014,3863,1514,37,0.006,100.0,1066.0,0.0,0.0,0.0,0.0,0.0,0.0,0.0,433,否,否,否,否,否,否,7.463,25.365,61.4,-7.612,25.2,199.9,7.2,60.6,0.7,0.7,0.7,0.7,7.2,60.3,0.7,0.7,0.7,0.7,139.66,1360.20,14.29,14.02,1532.07,1532.07,0.32,139.37,139.29,0.38,232.42,0,0,0.0,0.0,0,0.000,
17.9.2026,22:47:51.630,5953,33559,15.0,5864,10318,36.2,0.0,23329,0,0.771,0.800,0.770,0.757,0.757,0.691,0.696,1200.0,1200.0,1200.0,1200.0,1200.0,100.0,1000.0,42.6,159.2,135.1,33.3,11.6,0.9,0.3,0.4,0.3,42.6,3.8,13.1,11.4,3.1,0.7,0.6,0.6,0.6,0.6,13.1,3.8,100.0,1.6,5.7,5.3,1.3,0.4,0.0,0.0,0.0,0.0,1.6,12.0,12.0,12.0,12.0,12.0,10.0,34,32,34,35,33,66,68,66,65,67,37,35,否,否,否,否,否,否,否,否,否,否,否,否,否,否,否,否,否,否,38,34,37,0.250,1.642,0.166,0.006,4.038,0.703,0.241,0.493,35.0,30.0,64.0,64.0,0,16.7,15.8,1.0,1.5,39.9,3.8,14.8,11.7,2.7,1.0,0.1,0.0,0.0,0.0,93.6,78.1,96.5,99.8,99.9,1066.7,10.67,15,15,15,35,74,374,1,2,否,否,否,否,否,否,否,否,否,否,否,否,否,否,否,否,否,否,否,否,否,否,否,否,否,否,否,否,否,否,否,否,否,否,否,否,否,35.0,34,34,34,97.0,100.0,否,否,24292,21072,0.0,3.6,3.6,0.000,0.290,3863,1514,37,0.006,100.0,1066.0,0.0,0.0,0.0,0.0,0.0,0.0,0.0,433,否,否,否,否,否,否,7.459,25.365,61.4,-7.616,25.2,199.8,7.2,60.6,0.7,0.7,0.7,0.7,7.2,60.3,0.7,0.7,0.7,0.7,139.66,1360.20,14.29,14.02,1532.07,1532.07,0.32,139.37,139.29,0.38,232.42,0,0,0.0,0.0,0,0.000,
17.9.2026,22:47:53.645,5953,33559,15.0,5865,10318,36.2,0.0,23329,0,0.772,0.802,0.770,0.760,0.755,0.691,0.698,1200.0,1200.0,1200.0,1200.0,1200.0,100.0,1000.0,42.3,178.9,128.5,19.8,8.3,1.5,0.2,0.8,0.2,42.3,3.2,14.1,10.2,1.5,0.0,0.0,0.0,0.0,0.0,14.1,3.2,100.0,1.6,6.6,5.0,0.8,0.3,0.1,0.0,0.0,0.0,1.6,12.0,12.0,12.0,12.0,12.0,10.0,33,30,33,34,34,67,70,67,66,66,38,34,否,否,否,否,否,否,否,否,否,否,否,否,否,否,否,否,否,否,37,35,37,0.250,2.028,0.227,0.006,5.388,0.766,0.250,0.743,35.0,30.0,64.0,64.0,0,16.6,10.2,1.5,1.8,45.0,3.7,16.1,10.9,1.7,0.8,0.2,0.0,0.1,0.0,93.7,77.4,97.6,99.8,99.9,1066.7,10.67,15,15,15,35,74,374,1,2,否,否,否,否,否,否,否,否,否,否,否,否,否,否,否,否,否,否,否,否,否,否,否,否,否,否,否,否,否,否,否,否,否,否,否,否,否,34.0,34,34,34,97.0,100.0,否,否,24292,21072,0.0,3.5,3.5,0.000,0.085,3863,1515,37,0.006,100.0,1066.0,0.0,0.0,0.0,0.0,0.0,0.0,0.0,433,否,否,否,否,否,否,7.477,25.357,61.4,-7.731,25.2,196.8,7.2,60.6,0.7,0.7,0.7,0.7,7.2,60.3,0.7,0.7,0.7,0.7,139.66,1360.20,14.29,14.02,1532.07,1532.07,0.32,139.37,139.29,0.38,232.42,0,0,0.0,0.0,0,0.000,
17.9.2026,22:47:55.647,5978,33534,15.1,5883,10299,36.3,0.0,23329,0,0.939,0.785,1.165,0.900,0.905,0.946,0.693,2800.0,1200.0,4199.9,2900.0,2900.0,100.0,3499.9,264.5,671.2,595.2,445.2,386.7,14.6,1.6,1.3,0.3,264.5,11.6,22.5,19.6,15.0,10.1,23.9,0.6,0.6,0.5,23.9,11.6,100.0,10.7,27.0,24.2,17.9,15.9,0.6,0.1,0.0,0.0,10.7,28.0,12.0,42.0,29.0,29.0,35.0,42,46,41,44,38,58,54,59,56,62,46,46,否,否,否,否,否,否,否,否,否,否,否,否,否,否,否,否,否,否,43,43,38,10.500,1.790,0.208,0.008,4.628,0.721,0.243,0.576,35.0,30.0,64.0,64.0,0,9.9,5.8,0.9,0.9,27.0,9.1,24.4,20.7,16.0,10.6,1.0,0.1,0.1,0.0,83.3,59.8,74.7,98.8,99.8,1066.7,10.67,15,15,15,35,74,374,1,2,是,否,否,否,否,否,否,否,否,否,是,否,否,否,否,否,否,否,否,否,否,否,否,否,否,否,否,否,否,否,否,否,否,否,否,否,否,34.0,34,34,35,97.0,100.0,否,否,24292,21072,0.0,0.5,0.5,0.000,0.071,3863,1515,38,0.008,100.0,1066.0,0.0,0.0,0.0,0.0,0.0,0.0,0.0,433,否,否,否,否,否,否,7.484,25.357,61.4,-7.716,25.2,197.2,7.2,60.6,0.7,0.7,0.7,0.7,7.2,60.3,0.7,0.7,0.7,0.7,139.66,1360.20,14.29,14.02,1532.07,1532.07,0.32,139.37,139.29,0.38,232.42,0,0,0.0,0.0,0,0.000,
17.9.2026,22:47:57.656,5972,33540,15.1,5885,10298,36.3,0.0,23329,0,0.767,0.797,0.765,0.755,0.752,0.688,0.696,1200.0,1200.0,1200.0,1200.0,1200.0,100.0,1000.0,473.5,1172.5,1628.4,486.2,389.5,108.4,1.5,1.3,0.4,473.5,13.1,34.2,43.0,14.4,10.8,2.1,0.0,0.0,0.0,43.0,13.1,100.0,19.7,48.5,67.6,20.3,16.2,4.5,0.1,0.0,0.0,19.7,12.0,12.0,12.0,12.0,12.0,10.0,36,35,36,39,35,64,65,64,61,65,40,39,否,否,否,否,否,否,否,否,否,否,否,否,否,否,否,否,否,否,53,53,39,7.250,5.901,3.834,0.006,10.797,1.032,0.464,0.613,35.0,30.0,64.0,64.0,0,2.5,1.4,0.1,1.7,4.4,13.3,34.8,43.5,14.6,10.2,2.9,0.1,0.1,0.0,74.2,23.8,76.0,97.0,99.8,1066.7,10.67,15,15,15,35,74,374,1,2,是,否,否,否,否,否,否,否,否,否,是,否,否,否,否,否,否,否,否,否,否,否,否,否,否,否,否,否,否,否,否,否,否,否,否,否,否,35.0,34,34,34,97.0,100.0,否,否,24292,21072,0.0,3.4,3.4,0.000,0.185,3863,1515,38,0.006,100.0,1066.0,0.0,0.0,0.0,0.0,0.0,0.0,0.0,433,否,否,否,否,否,否,7.237,25.350,61.4,-8.069,25.2,188.5,7.2,60.6,0.7,0.7,0.7,0.7,7.2,60.3,0.7,0.7,0.7,0.7,139.66,1360.20,14.29,14.02,1532.07,1532.07,0.32,139.37,139.29,0.38,232.42,0,0,0.0,0.0,0,0.000,
17.9.2026,22:47:59.672,5966,33546,15.0,5879,10304,36.3,0.0,23329,0,0.766,0.797,0.762,0.752,0.752,0.686,0.696,1100.0,1100.0,1100.0,1100.0,1100.0,100.0,900.0,31.4,128.3,87.5,33.3,1.3,0.3,0.2,0.2,0.2,31.4,2.7,11.0,7.8,2.7,0.0,0.0,0.0,0.0,0.0,11.0,2.7,100.0,1.2,4.5,3.3,1.3,0.0,0.0,0.0,0.0,0.0,1.2,11.0,11.0,11.0,11.0,11.0,9.0,34,32,34,35,34,66,68,66,65,66,38,35,否,否,否,否,否,否,否,否,否,否,否,否,否,否,否,否,否,否,37,36,37,0.250,10.812,8.362,0.002,18.073,1.215,0.355,0.760,35.0,30.0,64.0,64.0,0,17.4,7.9,1.4,2.0,50.4,2.9,12.7,8.2,2.4,0.1,0.0,0.0,0.0,0.0,95.0,82.6,97.4,99.9,99.9,1066.7,10.67,15,15,15,35,74,374,1,2,否,否,否,否,否,否,否,否,否,否,否,否,否,否,否,否,否,否,否,否,否,否,否,否,否,否,否,否,否,否,否,否,否,否,否,否,否,36.0,34,34,33,97.0,100.0,否,否,24292,21072,0.0,1.2,1.2,0.000,0.081,3863,1515,38,0.002,100.0,1066.0,0.0,0.0,0.0,0.0,0.0,0.0,0.0,433,否,否,否,否,否,否,7.442,25.334,61.3,-9.712,25.2,156.5,7.2,60.6,0.7,0.7,0.7,0.7,7.2,60.3,0.7,0.7,0.7,0.7,139.66,1360.20,14.29,14.02,1532.07,1532.07,0.32,139.37,139.29,0.38,232.42,0,0,0.0,0.0,0,0.000,
17.9.2026,22:48:1.678,5967,33545,15.1,5879,10303,36.3,0.0,23329,0,0.767,0.800,0.762,0.752,0.752,0.686,0.696,1100.0,1100.0,1100.0,1100.0,1100.0,100.0,900.0,36.4,139.8,124.7,21.3,2.9,1.3,0.3,0.4,0.3,36.4,3.0,10.8,10.0,1.5,0.7,0.0,0.5,0.5,0.5,10.8,3.0,100.0,1.4,5.0,4.9,0.8,0.1,0.0,0.0,0.0,0.0,1.4,11.0,11.0,11.0,11.0,11.0,9.0,34,32,35,36,35,66,68,65,64,65,38,36,否,否,否,否,否,否,否,否,否,否,否,否,否,否,否,否,否,否,38,35,38,0.250,1.550,0.176,0.008,3.894,0.650,0.210,0.457,35.0,30.0,64.0,64.0,0,16.9,12.1,1.4,2.5,44.3,3.3,13.1,11.1,2.0,0.3,0.1,0.0,0.0,0.0,94.3,79.5,97.8,99.8,99.9,1066.7,10.67,15,15,15,35,74,374,1,2,否,否,否,否,否,否,否,否,否,否,否,否,否,否,否,否,否,否,否,否,否,否,否,否,否,否,否,否,否,否,否,否,否,否,否,否,否,34.0,34,34,33,97.0,100.0,否,否,24292,21072,0.0,2.5,2.5,0.000,0.065,3863,1515,37,0.008,100.0,1066.0,0.0,0.0,0.0,0.0,0.0,0.0,0.0,433,否,否,否,否,否,否,7.476,25.334,61.3,-9.435,25.2,161.1,7.2,60.6,0.7,0.7,0.7,0.7,7.2,60.3,0.7,0.7,0.7,0.7,139.66,1360.20,14.29,14.02,1532.07,1532.07,0.32,139.37,139.29,0.38,232.42,0,0,0.0,0.0,0,0.000,
17.9.2026,22:48:3.686,5966,33546,15.0,5878,10304,36.3,0.0,23329,0,0.766,0.797,0.762,0.752,0.750,0.686,0.698,1100.0,1100.0,1100.0,1100.0,1100.0,100.0,900.0,29.0,116.2,81.9,28.4,2.3,1.2,0.4,0.5,0.7,29.0,2.2,9.6,7.0,1.5,0.0,0.0,0.0,0.0,0.0,9.6,2.2,100.0,1.1,4.0,3.1,1.1,0.1,0.0,0.0,0.0,0.0,1.1,11.0,11.0,11.0,11.0,11.0,9.0,34,31,35,36,35,66,69,65,64,65,37,36,否,否,否,否,否,否,否,否,否,否,否,否,否,否,否,否,否,否,37,35,37,0.250,1.784,0.190,0.006,4.596,0.728,0.240,0.581,35.0,30.0,64.0,64.0,0,18.0,4.8,2.3,2.0,53.6,2.7,11.6,7.8,1.6,0.2,0.1,0.0,0.1,0.1,95.3,83.5,98.2,99.8,99.9,1066.7,10.67,15,15,15,35,74,374,1,2,否,否,否,否,否,否,否,否,否,否,否,否,否,否,否,否,否,否,否,否,否,否,否,否,否,否,否,否,否,否,否,否,否,否,否,否,否,34.0,34,34,33,97.0,100.0,否,否,24292,21072,0.0,0.5,0.5,0.000,0.010,3863,1515,38,0.006,100.0,1066.0,0.0,0.0,0.0,0.0,0.0,0.0,0.0,433,否,否,否,否,否,否,7.477,25.327,61.3,-9.234,25.2,164.6,7.2,60.6,0.7,0.7,0.7,0.7,7.2,60.3,0.7,0.7,0.7,0.7,139.66,1360.20,14.29,14.02,1532.07,1532.07,0.32,139.37,139.29,0.38,232.42,0,0,0.0,0.0,0,0.000,
17.9.2026,22:48:5.676,5966,33546,15.1,5878,10304,36.3,0.0,23329,0,0.768,0.800,0.765,0.755,0.752,0.683,0.696,1100.0,1100.0,1100.0,1100.0,1100.0,100.0,900.0,30.3,132.6,83.5,24.3,1.1,0.5,0.2,0.2,0.2,30.3,5.1,11.4,7.4,1.9,0.4,18.7,0.4,0.4,0.4,18.7,5.1,100.0,1.1,4.7,3.1,1.0,0.0,0.0,0.0,0.0,0.0,1.1,11.0,11.0,11.0,11.0,11.0,9.0,34,31,34,35,35,66,69,66,65,65,37,35,否,否,否,否,否,否,否,否,否,否,否,否,否,否,否,否,否,否,37,33,37,0.250,1.495,0.187,0.005,3.478,0.665,0.237,0.372,35.0,30.0,64.0,64.0,0,17.8,9.2,1.6,2.6,48.4,2.9,13.2,7.9,1.7,0.1,0.1,0.0,0.0,0.0,95.1,82.2,98.1,99.9,99.9,1066.7,10.67,15,15,15,35,74,374,1,2,否,否,否,否,否,否,否,否,否,否,否,否,否,否,否,否,否,否,否,否,否,否,否,否,否,否,否,否,否,否,否,否,否,否,否,否,否,35.0,34,34,33,97.0,100.0,否,否,24292,21072,0.0,1.5,1.5,0.000,0.018,3863,1515,37,0.005,100.0,1066.0,0.0,0.0,0.0,0.0,0.0,0.0,0.0,433,否,否,否,否,否,否,7.488,25.327,61.3,-8.978,25.2,169.2,7.2,60.6,0.7,0.7,0.7,0.7,7.2,60.3,0.7,0.7,0.7,0.7,139.66,1360.20,14.29,14.02,1532.07,1532.07,0.32,139.37,139.29,0.38,232.42,0,0,0.0,0.0,0,0.000,
17.9.2026,22:48:7.676,5966,33546,15.0,5878,10304,36.3,0.0,23329,0,0.772,0.802,0.770,0.760,0.757,0.691,0.698,1200.0,1200.0,1200.0,1200.0,1200.0,100.0,1000.0,32.3,135.8,98.8,14.7,1.9,3.1,2.3,1.1,0.7,32.3,2.6,10.4,8.0,0.7,0.4,0.5,0.4,0.3,0.3,10.4,2.6,100.0,1.2,4.8,3.8,0.6,0.1,0.1,0.1,0.0,0.0,1.2,12.0,12.0,12.0,12.0,12.0,10.0,34,31,34,35,34,66,69,66,65,66,37,35,否,否,否,否,否,否,否,否,否,否,否,否,否,否,否,否,否,否,37,35,37,0.250,1.639,0.177,0.007,4.057,0.692,0.228,0.496,35.0,30.0,64.0,64.0,0,17.2,14.8,1.4,1.5,44.2,3.1,13.0,9.3,1.4,0.2,0.3,0.2,0.1,0.1,94.8,81.3,98.4,99.4,99.8,1066.7,10.67,15,15,15,35,74,374,1,2,否,否,否,否,否,否,否,否,否,否,否,否,否,否,否,否,否,否,否,否,否,否,否,否,否,否,否,否,否,否,否,否,否,否,否,否,否,34.0,34,34,33,97.0,100.0,否,否,24292,21072,0.0,2.1,2.1,0.000,0.073,3863,1516,37,0.007,100.0,1066.0,0.0,0.0,0.0,0.0,0.0,0.0,0.0,433,否,否,否,否,否,否,7.427,25.327,61.3,-8.779,25.2,173.1,7.2,60.6,0.7,0.7,0.7,0.7,7.2,60.3,0.7,0.7,0.7,0.7,139.66,1360.20,14.29,14.02,1532.07,1532.07,0.32,139.37,139.29,0.38,232.42,0,0,0.0,0.0,0,0.000,
17.9.2026,22:48:9.673,5965,33546,15.0,5878,10305,36.3,0.0,23329,0,0.767,0.800,0.762,0.755,0.752,0.686,0.696,1100.0,1100.0,1100.0,1100.0,1100.0,100.0,900.0,29.8,132.7,86.4,17.5,0.2,0.7,0.2,0.2,0.2,29.8,2.4,11.0,7.2,1.3,0.0,0.0,0.0,0.0,0.0,11.0,2.4,100.0,1.1,4.7,3.3,0.7,0.0,0.0,0.0,0.0,0.0,1.1,11.0,11.0,11.0,11.0,11.0,9.0,34,31,35,34,34,66,69,65,66,66,39,35,否,否,否,否,否,否,否,否,否,否,否,否,否,否,否,否,否,否,38,35,38,0.250,1.826,0.185,0.006,4.748,0.709,0.213,0.661,35.0,30.0,64.0,64.0,0,17.4,11.1,1.8,2.1,47.2,2.8,13.1,8.1,1.4,0.0,0.1,0.0,0.0,0.0,95.1,82.2,98.5,99.9,99.9,1066.7,10.67,15,15,15,35,74,374,1,2,否,否,否,否,否,否,否,否,否,否,否,否,否,否,否,否,否,否,否,否,否,否,否,否,否,否,否,否,否,否,否,否,否,否,否,否,否,35.0,34,34,33,97.0,100.0,否,否,24292,21072,0.0,2.4,2.4,0.000,0.071,3863,1516,38,0.006,100.0,1066.0,0.0,0.0,0.0,0.0,0.0,0.0,0.0,433,否,否,否,否,否,否,7.475,25.319,61.3,-8.671,25.2,175.2,7.2,60.6,0.7,0.7,0.7,0.7,7.2,60.3,0.7,0.7,0.7,0.7,139.66,1360.20,14.29,14.02,1532.07,1532.07,0.32,139.37,139.29,0.38,232.42,0,0,0.0,0.0,0,0.000,
17.9.2026,22:48:11.671,5963,33549,15.0,5877,10306,36.3,0.0,23329,0,0.767,0.800,0.762,0.755,0.750,0.686,0.698,1100.0,1100.0,1100.0,1100.0,1100.0,100.0,900.0,30.5,122.6,88.2,30.7,0.2,0.8,0.2,1.2,0.2,30.5,2.7,10.6,8.1,2.5,0.0,0.0,0.0,0.0,0.0,10.6,2.7,100.0,1.1,4.3,3.3,1.3,0.0,0.0,0.0,0.0,0.0,1.1,11.0,11.0,11.0,11.0,11.0,9.0,34,32,35,34,35,66,68,65,66,65,37,35,否,否,否,否,否,否,否,否,否,否,否,否,否,否,否,否,否,否,38,34,37,0.250,1.691,0.167,0.006,4.272,0.701,0.224,0.551,35.0,30.0,64.0,64.0,0,17.5,9.5,1.6,1.9,49.4,2.8,12.1,8.3,2.0,0.0,0.1,0.0,0.1,0.0,95.2,83.0,97.9,99.9,99.8,1066.7,10.67,15,15,15,35,74,374,1,2,否,否,否,否,否,否,否,否,否,否,否,否,否,否,否,否,否,否,否,否,否,否,否,否,否,否,否,否,否,否,否,否,否,否,否,否,否,34.0,34,34,33,97.0,100.0,否,否,24292,21072,0.0,1.5,1.5,0.000,0.061,3863,1516,38,0.006,100.0,1066.0,0.0,0.0,0.0,0.0,0.0,0.0,0.0,433,否,否,否,否,否,否,7.488,25.319,61.3,-8.536,25.2,178.0,7.2,60.6,0.7,0.7,0.7,0.7,7.2,60.3,0.7,0.7,0.7,0.7,139.66,1360.20,14.29,14.02,1532.07,1532.07,0.32,139.37,139.29,0.38,232.42,0,0,0.0,0.0,0,0.000,
17.9.2026,22:48:13.687,5963,33549,15.0,5876,10306,36.3,0.0,23329,0,0.767,0.800,0.762,0.755,0.750,0.683,0.698,1100.0,1100.0,1100.0,1100.0,1100.0,100.0,900.0,29.3,120.7,83.0,27.1,2.4,0.7,0.2,0.4,0.2,29.3,2.2,9.5,6.8,1.4,0.0,0.0,0.0,0.0,0.0,9.5,2.2,100.0,1.1,4.2,3.1,1.1,0.1,0.0,0.0,0.0,0.0,1.1,11.0,11.0,11.0,11.0,11.0,9.0,33,30,34,34,35,67,70,66,66,65,37,35,否,否,否,否,否,否,否,否,否,否,否,否,否,否,否,否,否,否,37,35,37,0.250,1.643,0.189,0.009,4.105,0.662,0.212,0.527,35.0,30.0,64.0,64.0,0,17.9,4.9,1.7,2.1,54.0,2.8,11.9,7.9,1.9,0.3,0.1,0.0,0.0,0.0,95.2,83.3,97.8,99.9,99.9,1066.7,10.67,15,15,15,35,74,374,1,2,否,否,否,否,否,否,否,否,否,否,否,否,否,否,否,否,否,否,否,否,否,否,否,否,否,否,否,否,否,否,否,否,否,否,否,否,否,35.0,34,34,33,97.0,100.0,否,否,24292,21072,0.0,0.5,0.5,0.000,0.008,3863,1516,37,0.009,100.0,1066.0,0.0,0.0,0.0,0.0,0.0,0.0,0.0,433,否,否,否,否,否,否,7.494,25.311,61.3,-8.416,25.2,180.4,7.2,60.6,0.7,0.7,0.7,0.7,7.2,60.3,0.7,0.7,0.7,0.7,139.66,1360.20,14.29,14.02,1532.07,1532.07,0.32,139.37,139.29,0.38,232.42,0,0,0.0,0.0,0,0.000,
17.9.2026,22:48:15.698,5962,33550,15.0,5876,10307,36.3,0.0,23329,0,0.767,0.797,0.765,0.755,0.752,0.686,0.696,1100.0,1100.0,1100.0,1100.0,1100.0,100.0,900.0,31.2,121.2,95.5,25.3,3.7,1.0,0.7,1.4,0.7,31.2,2.9,10.2,8.6,2.0,0.7,0.5,0.5,0.6,0.5,10.2,2.9,100.0,1.1,4.2,3.7,1.0,0.1,0.0,0.0,0.1,0.0,1.1,11.0,11.0,11.0,11.0,11.0,9.0,34,31,35,35,34,66,69,65,65,66,36,35,否,否,否,否,否,否,否,否,否,否,否,否,否,否,否,否,否,否,36,35,37,0.250,1.453,0.163,0.008,3.470,0.648,0.224,0.375,35.0,30.0,64.0,64.0,0,17.3,11.0,1.2,1.9,48.6,2.9,11.9,8.9,1.7,0.4,0.1,0.1,0.1,0.1,95.0,82.2,97.9,99.8,99.8,1066.7,10.67,15,15,15,35,74,374,1,2,否,否,否,否,否,否,否,否,否,否,否,否,否,否,否,否,否,否,否,否,否,否,否,否,否,否,否,否,否,否,否,否,否,否,否,否,否,35.0,34,34,32,97.0,100.0,否,否,24292,21072,0.0,1.4,1.4,0.000,0.016,3863,1516,36,0.008,100.0,1066.0,0.0,0.0,0.0,0.0,0.0,0.0,0.0,317,否,否,否,否,否,否,7.491,25.311,61.3,-8.270,25.2,183.6,7.2,60.6,0.7,0.7,0.7,0.7,7.2,60.3,0.7,0.7,0.7,0.7,139.66,1360.20,14.29,14.02,1532.07,1532.07,0.32,139.37,139.29,0.38,232.42,0,0,0.0,0.0,0,0.000,
17.9.2026,22:48:17.699,5961,33550,15.0,5876,10307,36.3,0.0,23329,0,0.767,0.797,0.765,0.755,0.752,0.686,0.696,1100.0,1100.0,1100.0,1100.0,1100.0,100.0,900.0,31.2,141.4,78.4,24.3,2.0,1.5,0.3,1.7,0.2,31.2,2.3,11.0,6.1,1.6,0.0,0.0,0.0,0.0,0.0,11.0,2.3,100.0,1.1,5.1,2.9,1.0,0.1,0.1,0.0,0.1,0.0,1.1,11.0,11.0,11.0,11.0,11.0,9.0,33,31,33,34,34,67,69,67,66,66,38,34,否,否,否,否,否,否,否,否,否,否,否,否,否,否,否,否,否,否,37,34,37,0.250,1.648,0.187,0.006,4.100,0.699,0.228,0.489,35.0,30.0,64.0,64.0,0,17.6,7.0,1.7,2.2,50.8,2.9,13.3,7.3,2.1,0.2,0.1,0.0,0.2,0.0,95.0,82.5,97.7,99.8,99.8,1066.7,10.67,15,15,15,35,74,374,1,2,否,否,否,否,否,否,否,否,否,否,否,否,否,否,否,否,否,否,否,否,否,否,否,否,否,否,否,否,否,否,否,否,否,否,否,否,否,34.0,34,34,33,97.0,100.0,否,否,24292,21072,0.0,1.0,1.0,0.000,0.014,3863,1516,37,0.006,100.0,1066.0,0.0,0.0,0.0,0.0,0.0,0.0,0.0,317,否,否,否,否,否,否,7.494,25.304,61.3,-8.176,25.2,185.7,7.2,60.6,0.7,0.7,0.7,0.7,7.2,60.3,0.7,0.7,0.7,0.7,139.66,1360.20,14.29,14.02,1532.07,1532.07,0.32,139.37,139.29,0.38,232.42,0,0,0.0,0.0,0,0.000,
17.9.2026,22:48:19.707,5962,33550,15.0,5875,10307,36.3,0.0,23329,0,0.764,0.797,0.757,0.750,0.750,0.686,0.698,1025.0,1100.0,1000.0,1000.0,1000.0,100.0,900.0,161.5,423.2,405.8,281.2,175.5,4.1,1.6,0.5,0.2,161.5,11.3,26.7,25.7,20.8,13.8,1.0,0.8,0.7,0.7,26.7,11.3,100.0,6.4,16.5,16.4,11.3,7.1,0.1,0.1,0.0,0.0,6.4,10.2,11.0,10.0,10.0,10.0,9.0,34,31,35,35,33,66,69,65,65,67,37,35,否,否,否,否,否,否,否,否,否,否,否,否,否,否,否,否,否,否,37,37,37,0.750,1.522,0.154,0.008,3.793,0.660,0.218,0.437,35.0,30.0,64.0,64.0,0,8.9,6.5,1.0,0.8,14.1,11.4,28.8,26.8,21.8,13.6,0.4,0.1,0.1,0.0,79.7,52.1,67.2,99.4,99.9,1066.7,10.67,15,15,15,35,74,374,1,2,是,否,否,否,否,否,否,否,否,否,是,否,否,否,否,否,否,否,否,否,否,否,否,否,否,否,否,否,否,否,否,否,否,否,否,否,否,35.0,34,34,34,97.0,100.0,否,否,24292,21072,0.0,3.1,3.1,0.000,2.685,3863,1521,37,0.008,100.0,1066.0,0.0,0.0,0.0,0.0,0.0,0.0,0.0,317,否,否,否,否,否,否,7.337,25.304,61.3,-8.327,25.2,182.3,7.2,60.6,0.7,0.7,0.7,0.7,7.2,60.3,0.7,0.7,0.7,0.7,139.66,1360.20,14.29,14.02,1532.07,1532.07,0.32,139.37,139.29,0.38,232.42,0,0,0.0,0.0,0,0.000,
17.9.2026,22:48:21.701,5961,33551,15.0,5891,10292,36.4,0.0,23329,0,0.769,0.802,0.765,0.755,0.752,0.691,0.698,1150.0,1200.0,1100.0,1100.0,1200.0,100.0,1000.0,38.2,148.2,112.0,40.7,2.2,1.6,0.2,0.9,0.2,38.2,3.0,11.7,9.0,2.9,0.2,0.2,0.0,0.1,0.0,11.7,3.0,100.0,1.4,5.4,4.3,1.7,0.1,0.1,0.0,0.0,0.0,1.4,11.5,12.0,11.0,11.0,12.0,10.0,33,31,34,34,34,67,69,66,66,66,38,34,否,否,否,否,否,否,否,否,否,否,否,否,否,否,否,否,否,否,38,36,38,0.250,3.926,0.813,0.005,10.623,1.166,0.488,1.485,35.0,30.0,64.0,64.0,0,16.8,13.2,1.8,2.7,41.5,3.4,13.6,9.7,3.0,0.2,0.2,0.0,0.1,0.0,94.0,79.8,96.7,99.8,99.9,1066.7,10.67,15,15,15,35,74,374,1,2,否,否,否,否,否,否,否,否,否,否,否,否,否,否,否,否,否,否,否,否,否,否,否,否,否,否,否,否,否,否,否,否,否,否,否,否,否,36.0,34,34,34,97.0,100.0,否,否,24292,21072,0.0,2.5,2.5,0.000,0.129,3863,1521,37,0.005,100.0,1066.0,0.0,0.0,0.0,0.0,0.0,0.0,0.0,317,否,否,否,否,否,否,7.477,25.296,61.2,-8.554,25.2,177.4,7.2,60.6,0.7,0.7,0.7,0.7,7.2,60.3,0.7,0.7,0.7,0.7,139.66,1360.20,14.29,14.02,1532.07,1532.07,0.32,139.37,139.29,0.38,232.42,0,0,0.0,0.0,0,0.000,
17.9.2026,22:48:23.702,5961,33550,15.0,5889,10293,36.3,0.0,23329,0,0.764,0.800,0.757,0.750,0.747,0.686,0.738,1025.0,1100.0,1000.0,1000.0,1000.0,100.0,900.0,28.9,111.3,82.8,27.5,1.3,7.9,0.2,0.3,0.2,28.9,2.4,9.5,7.5,1.9,0.0,0.0,0.0,0.0,0.0,9.5,2.4,100.0,1.1,3.8,3.1,1.1,0.0,0.3,0.0,0.0,0.0,1.1,10.2,11.0,10.0,10.0,10.0,9.0,34,31,35,36,34,66,69,65,64,66,38,36,否,否,否,否,否,否,否,否,否,否,否,否,否,否,否,否,否,否,37,35,37,0.250,1.882,0.212,0.010,4.881,0.757,0.250,0.620,35.0,30.0,64.0,64.0,0,18.0,6.1,2.0,2.5,52.0,2.7,11.2,7.9,1.6,0.1,0.6,0.0,0.0,0.0,95.3,83.8,98.2,99.3,99.9,1066.7,10.67,15,15,15,35,74,374,1,2,是,否,否,否,否,否,否,否,否,否,是,否,否,否,否,否,否,否,否,否,否,否,否,否,否,否,否,否,否,否,否,否,否,否,否,否,否,34.0,34,34,33,97.0,100.0,否,否,24292,21072,0.0,0.9,0.9,0.000,0.014,3863,1521,37,0.010,100.0,1066.0,0.0,0.0,0.0,0.0,0.0,0.0,0.0,317,否,否,否,否,否,否,7.481,25.288,61.2,-8.439,25.2,179.8,7.2,60.6,0.7,0.7,0.7,0.7,7.2,60.3,0.7,0.7,0.7,0.7,139.66,1360.20,14.29,14.02,1532.07,1532.07,0.32,139.37,139.29,0.38,232.42,0,0,0.0,0.0,0,0.000,
17.9.2026,22:48:25.710,5960,33551,15.0,5888,10295,36.3,0.0,23329,0,0.767,0.800,0.762,0.755,0.752,0.686,0.696,1100.0,1100.0,1100.0,1100.0,1100.0,100.0,900.0,29.4,125.8,79.2,21.6,0.3,7.8,0.3,0.3,0.3,29.4,2.8,10.4,6.7,1.3,0.7,1.2,0.7,0.7,0.7,10.4,2.8,100.0,1.1,4.4,3.0,0.9,0.0,0.3,0.0,0.0,0.0,1.1,11.0,11.0,11.0,11.0,11.0,9.0,34,30,35,35,34,66,70,65,65,66,37,35,否,否,否,否,否,否,否,否,否,否,否,否,否,否,否,否,否,否,37,35,37,0.250,1.523,0.193,0.004,3.633,0.658,0.225,0.408,35.0,30.0,64.0,64.0,0,17.9,8.9,2.2,2.2,48.9,2.8,12.5,7.6,1.5,0.0,0.6,0.0,0.0,0.0,95.2,83.1,98.4,99.4,99.9,1066.7,10.67,15,15,15,35,74,374,1,2,否,否,否,否,否,否,否,否,否,否,否,否,否,否,否,否,否,否,否,否,否,否,否,否,否,否,否,否,否,否,否,否,否,否,否,否,否,35.0,34,34,33,97.0,100.0,否,否,24292,21072,0.0,1.9,1.9,0.000,0.034,3863,1521,37,0.004,100.0,1066.0,0.0,0.0,0.0,0.0,0.0,0.0,0.0,317,否,否,否,否,否,否,7.483,25.288,61.2,-8.381,25.2,181.0,7.2,60.6,0.7,0.7,0.7,0.7,7.2,60.3,0.7,0.7,0.7,0.7,139.66,1360.20,14.29,14.02,1532.07,1532.07,0.32,139.37,139.29,0.38,232.42,0,0,0.0,0.0,0,0.000,
17.9.2026,22:48:27.708,5955,33556,15.0,5878,10305,36.3,0.0,23329,0,0.768,0.800,0.765,0.755,0.752,0.686,0.698,1100.0,1100.0,1100.0,1100.0,1100.0,100.0,900.0,36.4,150.2,108.7,28.5,2.1,0.8,0.2,0.4,0.2,36.4,2.8,11.7,8.6,1.9,0.0,0.5,0.0,0.0,0.0,11.7,2.8,100.0,1.4,5.4,4.2,1.1,0.1,0.0,0.0,0.0,0.0,1.4,11.0,11.0,11.0,11.0,11.0,9.0,33,30,33,35,33,67,70,67,65,67,37,35,否,否,否,否,否,否,否,否,否,否,否,否,否,否,否,否,否,否,37,36,37,0.250,1.657,0.180,0.007,4.126,0.685,0.224,0.521,35.0,30.0,64.0,64.0,0,17.0,10.0,1.4,1.9,47.0,3.3,14.0,9.6,2.4,0.2,0.1,0.0,0.0,0.0,94.3,80.0,97.3,99.9,99.9,1066.7,10.67,15,15,15,35,74,374,1,2,是,否,否,否,否,否,否,否,否,否,是,否,否,否,否,否,否,否,否,否,否,否,否,否,否,否,否,否,否,否,否,否,否,否,否,否,否,35.0,34,34,34,97.0,100.0,否,否,24292,21072,0.0,2.7,2.7,0.000,0.046,3863,1521,38,0.007,100.0,1066.0,0.0,0.0,0.0,0.0,0.0,0.0,0.0,317,否,否,否,否,否,否,7.454,25.281,61.2,-8.244,25.2,184.0,7.2,60.6,0.7,0.7,0.7,0.7,7.2,60.3,0.7,0.7,0.7,0.7,139.66,1360.20,14.29,14.02,1532.07,1532.07,0.32,139.37,139.29,0.38,232.42,0,0,0.0,0.0,0,0.000,
17.9.2026,22:48:29.718,5955,33556,15.0,5876,10306,36.3,0.0,23329,0,0.767,0.797,0.762,0.755,0.752,0.686,0.696,1100.0,1100.0,1100.0,1100.0,1100.0,100.0,900.0,30.4,128.0,93.5,17.3,2.4,1.0,0.2,0.2,0.2,30.4,2.4,10.4,7.9,1.2,0.0,0.0,0.0,0.0,0.0,10.4,2.4,100.0,1.1,4.5,3.6,0.7,0.1,0.0,0.0,0.0,0.0,1.1,11.0,11.0,11.0,11.0,11.0,9.0,34,32,34,36,33,66,68,66,64,67,37,36,否,否,否,否,否,否,否,否,否,否,否,否,否,否,否,否,否,否,38,36,38,0.250,1.715,0.190,0.004,4.758,0.695,0.227,0.556,35.0,30.0,64.0,64.0,0,17.1,13.0,1.4,1.6,46.2,2.9,12.6,8.8,1.5,0.2,0.1,0.0,0.0,0.0,95.0,81.8,98.2,99.8,99.9,1066.7,10.67,15,15,15,35,74,374,1,2,否,否,否,否,否,否,否,否,否,否,否,否,否,否,否,否,否,否,否,否,否,否,否,否,否,否,否,否,否,否,否,否,否,否,否,否,否,35.0,34,34,34,97.0,100.0,否,否,24292,21072,0.0,1.9,1.9,0.000,0.077,3863,1522,38,0.004,100.0,1066.0,0.0,0.0,0.0,0.0,0.0,0.0,0.0,317,否,否,否,否,否,否,7.476,25.281,61.2,-8.313,25.2,182.5,7.2,60.6,0.7,0.7,0.7,0.7,7.2,60.3,0.7,0.7,0.7,0.7,139.66,1360.20,14.29,14.02,1532.07,1532.07,0.32,139.37,139.29,0.38,232.42,0,0,0.0,0.0,0,0.000,
17.9.2026,22:48:31.725,5955,33557,15.0,5875,10308,36.3,0.0,23329,0,0.769,0.802,0.765,0.755,0.752,0.686,0.698,1100.0,1100.0,1100.0,1100.0,1100.0,100.0,900.0,30.9,129.3,98.3,18.2,0.2,0.3,0.2,0.2,0.2,30.9,2.8,11.4,9.3,1.7,0.0,0.0,0.0,0.0,0.0,11.4,2.8,100.0,1.1,4.6,3.8,0.7,0.0,0.0,0.0,0.0,0.0,1.1,11.0,11.0,11.0,11.0,11.0,9.0,34,31,33,36,34,66,69,67,64,66,37,36,否,否,否,否,否,否,否,否,否,否,否,否,否,否,否,否,否,否,38,36,38,0.250,1.737,0.170,0.006,4.543,0.693,0.214,0.605,35.0,30.0,64.0,64.0,0,17.7,6.5,1.9,2.0,50.8,2.9,12.8,9.4,1.0,0.0,0.0,0.0,0.0,0.0,95.0,81.3,98.9,99.9,99.9,1066.7,10.67,15,15,15,35,74,374,1,2,否,否,否,否,否,否,否,否,否,否,否,否,否,否,否,否,否,否,否,否,否,否,否,否,否,否,否,否,否,否,否,否,否,否,否,否,否,34.0,34,34,34,97.0,100.0,否,否,24292,21072,0.0,1.0,1.0,0.000,0.055,3863,1522,37,0.006,100.0,1066.0,0.0,0.0,0.0,0.0,0.0,0.0,0.0,317,否,否,否,否,否,否,7.476,25.273,61.2,-8.239,25.2,184.0,7.2,60.6,0.7,0.7,0.7,0.7,7.2,60.3,0.7,0.7,0.7,0.7,139.66,1360.20,14.29,14.02,1532.07,1532.07,0.32,139.37,139.29,0.38,232.42,0,0,0.0,0.0,0,0.000,
17.9.2026,22:48:33.721,5955,33557,15.0,5873,10309,36.2,0.0,23329,0,0.768,0.800,0.765,0.755,0.752,0.686,0.698,1100.0,1100.0,1100.0,1100.0,1100.0,100.0,900.0,28.9,124.3,82.0,18.9,0.2,5.0,0.2,0.2,0.2,28.9,2.5,9.8,6.7,1.1,0.4,0.8,0.4,0.4,0.4,9.8,2.5,100.0,1.1,4.4,3.1,0.8,0.0,0.2,0.0,0.0,0.0,1.1,11.0,11.0,11.0,11.0,11.0,9.0,33,32,33,34,33,67,68,67,66,67,37,34,否,否,否,否,否,否,否,否,否,否,否,否,否,否,否,否,否,否,36,36,36,0.250,1.534,0.175,0.006,3.827,0.655,0.218,0.438,35.0,30.0,64.0,64.0,0,17.9,7.1,1.7,2.2,51.3,2.7,12.1,7.8,1.5,0.0,0.4,0.0,0.0,0.0,95.3,83.2,98.4,99.5,99.9,1066.7,10.67,15,15,15,35,74,374,1,2,否,否,否,否,否,否,否,否,否,否,否,否,否,否,否,否,否,否,否,否,否,否,否,否,否,否,否,否,否,否,否,否,否,否,否,否,否,34.0,34,34,33,97.0,100.0,否,否,24292,21072,0.0,1.4,1.4,0.000,0.012,3863,1522,37,0.006,100.0,1066.0,0.0,0.0,0.0,0.0,0.0,0.0,0.0,317,否,否,否,否,否,否,7.489,25.273,61.2,-8.148,25.2,186.1,7.2,60.6,0.7,0.7,0.7,0.7,7.2,60.3,0.7,0.7,0.7,0.7,139.66,1360.20,14.29,14.02,1532.07,1532.07,0.32,139.37,139.29,0.38,232.42,0,0,0.0,0.0,0,0.000,
17.9.2026,22:48:35.732,5953,33559,15.0,5880,10302,36.3,0.0,23329,0,0.767,0.797,0.765,0.755,0.752,0.683,0.698,1100.0,1100.0,1100.0,1100.0,1100.0,100.0,900.0,30.7,122.2,86.6,27.0,7.2,1.3,0.2,1.0,0.2,30.7,2.4,10.0,7.2,1.6,0.4,0.0,0.0,0.0,0.0,10.0,2.4,100.0,1.1,4.3,3.3,1.1,0.3,0.0,0.0,0.0,0.0,1.1,11.0,11.0,11.0,11.0,11.0,9.0,34,32,34,35,34,66,68,66,65,66,37,35,否,否,否,否,否,否,否,否,否,否,否,否,否,否,否,否,否,否,37,35,37,0.250,1.516,0.154,0.006,3.794,0.647,0.209,0.454,35.0,30.0,64.0,64.0,0,17.9,6.9,1.4,2.3,51.3,2.9,12.2,8.2,1.9,0.7,0.1,0.0,0.1,0.0,95.0,82.7,97.4,99.8,99.9,1066.7,10.67,15,15,15,35,74,374,1,2,否,否,否,否,否,否,否,否,否,否,否,否,否,否,否,否,否,否,否,否,否,否,否,否,否,否,否,否,否,否,否,否,否,否,否,否,否,34.0,34,34,33,97.0,100.0,否,否,24292,21072,0.0,1.0,1.0,0.000,0.016,3863,1522,37,0.006,100.0,1066.0,0.0,0.0,0.0,0.0,0.0,0.0,0.0,317,否,否,否,否,否,否,7.492,25.265,61.2,-8.039,25.2,188.6,7.2,60.6,0.7,0.7,0.7,0.7,7.2,60.3,0.7,0.7,0.7,0.7,139.66,1360.20,14.29,14.02,1532.07,1532.07,0.32,139.37,139.29,0.38,232.42,0,0,0.0,0.0,0,0.000,
17.9.2026,22:48:37.745,5950,33561,15.0,5877,10305,36.3,0.0,23329,0,0.766,0.802,0.757,0.750,0.752,0.686,0.698,1050.0,1100.0,1000.0,1000.0,1100.0,100.0,900.0,35.0,143.4,102.9,28.9,2.6,1.5,0.2,0.6,0.3,35.0,2.9,12.6,9.5,0.9,0.0,0.0,0.0,0.0,0.0,12.6,2.9,100.0,1.3,5.1,3.9,1.1,0.1,0.0,0.0,0.0,0.0,1.3,10.5,11.0,10.0,10.0,11.0,9.0,33,31,33,35,34,67,69,67,65,66,38,35,否,否,否,否,否,否,否,否,否,否,否,否,否,否,否,否,否,否,37,35,37,0.250,1.555,0.179,0.005,3.799,0.668,0.227,0.437,35.0,30.0,64.0,64.0,0,16.8,13.8,1.5,1.5,43.3,3.4,14.2,9.8,2.8,0.3,0.2,0.0,0.1,0.0,94.2,80.2,96.9,99.8,99.9,1066.7,10.67,15,15,15,35,74,374,1,2,否,否,否,否,否,否,否,否,否,否,否,否,否,否,否,否,否,否,否,否,否,否,否,否,否,否,否,否,否,否,否,否,否,否,否,否,否,35.0,34,34,33,97.0,100.0,否,否,24292,21072,0.0,4.7,4.7,0.000,0.406,3863,1523,37,0.005,100.0,1066.0,0.0,0.0,0.0,0.0,0.0,0.0,0.0,317,否,否,否,否,否,否,7.476,25.265,61.2,-7.940,25.2,190.9,7.2,60.6,0.7,0.7,0.7,0.7,7.2,60.3,0.7,0.7,0.7,0.7,139.66,1360.20,14.29,14.02,1532.07,1532.07,0.32,139.37,139.29,0.38,232.42,0,0,0.0,0.0,0,0.000,
17.9.2026,22:48:39.742,5950,33562,15.0,5878,10304,36.3,0.0,23329,0,0.768,0.797,0.765,0.757,0.752,0.678,0.696,1075.0,1000.0,1100.0,1100.0,1100.0,100.0,800.0,29.2,118.6,85.7,25.5,1.0,0.6,0.2,1.5,0.2,29.2,2.5,9.2,6.9,3.5,0.0,0.0,0.0,0.0,0.0,9.2,2.5,100.0,1.1,4.1,3.2,1.0,0.0,0.0,0.0,0.1,0.0,1.1,10.8,10.0,11.0,11.0,11.0,8.0,34,31,34,34,35,66,69,66,66,65,37,35,否,否,否,否,否,否,否,否,否,否,否,否,否,否,否,否,否,否,38,34,38,0.250,1.815,0.172,0.005,4.795,0.723,0.227,0.642,35.0,30.0,64.0,64.0,0,17.9,9.0,1.8,1.9,49.9,2.7,11.7,8.1,1.8,0.1,0.1,0.0,0.1,0.0,95.2,83.2,98.0,99.9,99.8,1066.7,10.67,15,15,15,35,74,374,1,2,否,否,否,否,否,否,否,否,否,否,否,否,否,否,否,否,否,否,否,否,否,否,否,否,否,否,否,否,否,否,否,否,否,否,否,否,否,34.0,34,34,33,97.0,100.0,否,否,24292,21072,0.0,1.6,1.6,0.000,0.042,3863,1523,37,0.005,100.0,1066.0,0.0,0.0,0.0,0.0,0.0,0.0,0.0,317,否,否,否,否,否,否,7.494,25.258,61.1,-7.959,25.2,190.4,7.2,60.6,0.7,0.7,0.7,0.7,7.2,60.3,0.7,0.7,0.7,0.7,139.66,1360.20,14.29,14.02,1532.07,1532.07,0.32,139.37,139.29,0.38,232.42,0,0,0.0,0.0,0,0.000,
17.9.2026,22:48:41.737,5950,33561,15.0,5877,10306,36.3,0.0,23329,0,0.763,0.795,0.757,0.750,0.750,0.678,0.698,1000.0,1000.0,1000.0,1000.0,1000.0,100.0,800.0,29.4,121.2,84.5,27.1,1.1,0.2,0.2,0.3,0.2,29.4,2.7,9.8,7.1,2.0,0.6,0.5,0.5,0.5,0.5,9.8,2.7,100.0,1.1,4.3,3.2,1.1,0.0,0.0,0.0,0.0,0.0,1.1,10.0,10.0,10.0,10.0,10.0,8.0,33,31,34,34,33,67,69,66,66,67,37,34,否,否,否,否,否,否,否,否,否,否,否,否,否,否,否,否,否,否,37,34,37,0.250,1.637,0.174,0.008,4.005,0.695,0.231,0.493,35.0,30.0,64.0,64.0,0,17.4,9.1,1.9,2.0,49.3,2.8,11.9,8.1,2.4,0.1,0.0,0.0,0.0,0.0,95.1,83.1,97.4,99.9,99.9,1066.7,10.67,15,15,15,35,74,374,1,2,否,否,否,否,否,否,否,否,否,否,否,否,否,否,否,否,否,否,否,否,否,否,否,否,否,否,否,否,否,否,否,否,否,否,否,否,否,34.0,34,34,34,97.0,100.0,否,否,24292,21072,0.0,2.0,2.0,0.000,0.057,3863,1523,38,0.008,100.0,1066.0,0.0,0.0,0.0,0.0,0.0,0.0,0.0,317,否,否,否,否,否,否,7.496,25.258,61.1,-7.908,25.2,191.6,7.2,60.6,0.7,0.7,0.7,0.7,7.2,60.3,0.7,0.7,0.7,0.7,139.66,1360.20,14.29,14.02,1532.07,1532.07,0.32,139.37,139.29,0.38,232.42,0,0,0.0,0.0,0,0.000,
17.9.2026,22:48:43.746,5950,33562,15.0,5875,10307,36.3,0.0,23329,0,0.767,0.800,0.762,0.755,0.750,0.686,0.698,1075.0,1100.0,1100.0,1100.0,1000.0,100.0,900.0,28.7,111.9,81.3,35.3,0.2,0.5,0.2,0.2,0.2,28.7,2.5,9.5,7.3,3.3,0.0,0.0,0.0,0.0,0.0,9.5,2.5,100.0,1.0,3.8,3.0,1.4,0.0,0.0,0.0,0.0,0.0,1.0,10.8,11.0,11.0,11.0,10.0,9.0,33,31,34,35,33,67,69,66,65,67,38,35,否,否,否,否,否,否,否,否,否,否,否,否,否,否,否,否,否,否,37,35,37,0.250,1.582,0.149,0.006,4.006,0.669,0.214,0.499,35.0,30.0,64.0,64.0,0,18.1,6.7,1.7,2.2,51.1,2.8,11.2,7.8,2.9,0.0,0.1,0.0,0.0,0.0,95.2,84.0,97.0,99.9,99.9,1066.7,10.67,15,15,15,35,74,374,1,2,否,否,否,否,否,否,否,否,否,否,否,否,否,否,否,否,否,否,否,否,否,否,否,否,否,否,否,否,否,否,否,否,否,否,否,否,否,35.0,34,34,33,97.0,100.0,否,否,24292,21072,0.0,1.0,1.0,0.000,0.010,3863,1523,37,0.006,100.0,1066.0,0.0,0.0,0.0,0.0,0.0,0.0,0.0,317,否,否,否,否,否,否,7.496,25.258,61.1,-7.856,25.2,192.9,7.2,60.6,0.7,0.7,0.7,0.7,7.2,60.3,0.7,0.7,0.7,0.7,139.66,1360.20,14.29,14.02,1532.07,1532.07,0.32,139.37,139.29,0.38,232.42,0,0,0.0,0.0,0,0.000,
17.9.2026,22:48:45.740,5949,33563,15.0,5873,10309,36.2,0.0,23329,0,0.768,0.802,0.765,0.752,0.752,0.686,0.741,1100.0,1100.0,1100.0,1100.0,1100.0,100.0,900.0,29.5,134.2,77.9,20.4,1.5,1.3,0.2,0.4,0.2,29.5,3.1,11.1,6.4,1.1,0.6,4.3,0.5,0.5,0.5,11.1,3.1,100.0,1.1,4.8,2.9,0.8,0.0,0.0,0.0,0.0,0.0,1.1,11.0,11.0,11.0,11.0,11.0,9.0,34,31,34,35,34,66,69,66,65,66,37,35,否,否,否,否,否,否,否,否,否,否,否,否,否,否,否,否,否,否,37,36,36,0.250,1.512,0.153,0.006,3.754,0.659,0.216,0.433,35.0,30.0,64.0,64.0,0,17.9,6.8,2.1,2.2,50.9,2.8,13.4,7.4,1.5,0.2,0.1,0.0,0.0,0.0,95.1,82.4,98.2,99.8,99.9,1066.7,10.67,15,15,15,35,74,374,1,2,否,否,否,否,否,否,否,否,否,否,否,否,否,否,否,否,否,否,否,否,否,否,否,否,否,否,否,否,否,否,否,否,否,否,否,否,否,35.0,34,34,33,97.0,100.0,否,否,24292,21072,0.0,1.0,1.0,0.000,0.014,3863,1523,37,0.006,100.0,1066.0,0.0,0.0,0.0,0.0,0.0,0.0,0.0,317,否,否,否,否,否,否,7.496,25.250,61.1,-7.788,25.2,194.5,7.2,60.6,0.7,0.7,0.7,0.7,7.2,60.3,0.7,0.7,0.7,0.7,139.66,1360.20,14.29,14.02,1532.07,1532.07,0.32,139.37,139.29,0.38,232.42,0,0,0.0,0.0,0,0.000,
17.9.2026,22:48:47.742,5949,33562,15.0,5871,10311,36.2,0.0,23329,0,0.766,0.795,0.757,0.757,0.752,0.678,0.698,1050.0,1000.0,1000.0,1100.0,1100.0,100.0,800.0,31.8,121.9,98.9,31.7,1.1,0.3,0.2,0.2,0.2,31.8,3.1,10.4,9.1,2.3,0.5,1.2,0.4,0.4,0.4,10.4,3.1,100.0,1.2,4.2,3.8,1.3,0.0,0.0,0.0,0.0,0.0,1.2,10.5,10.0,10.0,11.0,11.0,8.0,33,30,34,34,34,67,70,66,66,66,36,34,否,否,否,否,否,否,否,否,否,否,否,否,否,否,否,否,否,否,36,34,36,0.250,1.520,0.156,0.008,3.748,0.661,0.222,0.434,35.0,30.0,64.0,64.0,0,17.8,9.5,1.6,2.7,47.4,3.0,12.2,9.5,2.0,0.1,0.0,0.0,0.0,0.0,94.8,81.7,97.8,99.9,99.9,1066.7,10.67,15,15,15,35,74,374,1,2,否,否,否,否,否,否,否,否,否,否,否,否,否,否,否,否,否,否,否,否,否,否,否,否,否,否,否,否,否,否,否,否,否,否,否,否,否,34.0,34,34,33,97.0,100.0,否,否,24292,21072,0.0,1.5,1.5,0.000,0.018,3863,1523,36,0.008,100.0,1066.0,0.0,0.0,0.0,0.0,0.0,0.0,0.0,317,否,否,否,否,否,否,7.498,25.250,61.1,-7.730,25.2,196.0,7.2,60.6,0.7,0.7,0.7,0.7,7.2,60.3,0.7,0.7,0.7,0.7,139.66,1360.20,14.29,14.02,1532.07,1532.07,0.32,139.37,139.29,0.38,232.42,0,0,0.0,0.0,0,0.000,
17.9.2026,22:48:49.743,5950,33562,15.0,5870,10312,36.2,0.0,23329,0,0.768,0.800,0.765,0.755,0.752,0.686,0.698,1100.0,1100.0,1100.0,1100.0,1100.0,100.0,900.0,29.3,128.9,96.4,7.7,0.2,0.9,0.2,0.2,0.2,29.3,2.2,10.1,7.8,0.0,0.0,0.0,0.0,0.0,0.0,10.1,2.2,100.0,1.1,4.5,3.7,0.3,0.0,0.0,0.0,0.0,0.0,1.1,11.0,11.0,11.0,11.0,11.0,9.0,33,30,34,35,33,67,70,66,65,67,37,35,否,否,否,否,否,否,否,否,否,否,否,否,否,否,否,否,否,否,36,35,36,0.250,1.652,0.194,0.007,4.148,0.688,0.225,0.496,35.0,30.0,64.0,64.0,0,17.9,6.9,1.6,2.1,51.2,2.8,12.5,8.9,0.7,0.0,0.1,0.0,0.0,0.0,95.2,81.9,99.2,99.9,99.9,1066.7,10.67,15,15,15,35,74,374,1,2,否,否,否,否,否,否,否,否,否,否,否,否,否,否,否,否,否,否,否,否,否,否,否,否,否,否,否,否,否,否,否,否,否,否,否,否,否,34.0,34,34,32,97.0,100.0,否,否,24292,21072,0.0,1.0,1.0,0.000,0.010,3863,1523,37,0.007,100.0,1066.0,0.0,0.0,0.0,0.0,0.0,0.0,0.0,317,否,否,否,否,否,否,7.496,25.243,61.1,-7.706,25.2,196.5,7.2,60.6,0.7,0.7,0.7,0.7,7.2,60.3,0.7,0.7,0.7,0.7,139.66,1360.20,14.29,14.02,1532.07,1532.07,0.32,139.37,139.29,0.38,232.42,0,0,0.0,0.0,0,0.000,
17.9.2026,22:48:51.766,5949,33562,15.0,5869,10314,36.2,0.0,23329,0,0.764,0.797,0.757,0.750,0.750,0.678,0.738,1000.0,1000.0,1000.0,1000.0,1000.0,100.0,800.0,30.2,117.6,82.2,37.6,3.2,0.6,0.2,0.2,0.2,30.2,3.5,9.9,7.4,4.3,1.5,1.3,1.2,1.2,1.2,9.9,3.5,100.0,1.1,4.1,3.1,1.5,0.1,0.0,0.0,0.0,0.0,1.1,10.0,10.0,10.0,10.0,10.0,8.0,32,30,32,35,33,68,70,68,65,67,36,35,否,否,否,否,否,否,否,否,否,否,否,否,否,否,否,否,否,否,37,34,37,0.250,1.528,0.157,0.007,3.765,0.666,0.221,0.435,35.0,30.0,64.0,64.0,0,17.7,9.0,1.4,2.0,49.7,2.9,11.5,7.8,3.3,0.3,0.1,0.0,0.0,0.0,94.9,83.6,96.4,99.9,99.9,1066.7,10.67,15,15,15,35,74,374,1,2,否,否,否,否,否,否,否,否,否,否,否,否,否,否,否,否,否,否,否,否,否,否,否,否,否,否,否,否,否,否,否,否,否,否,否,否,否,34.0,34,34,33,97.0,100.0,否,否,24292,21072,0.0,1.5,1.5,0.000,0.053,3863,1523,38,0.007,100.0,1066.0,0.0,0.0,0.0,0.0,0.0,0.0,0.0,317,否,否,否,否,否,否,7.498,25.243,61.1,-7.663,25.2,197.6,7.2,60.6,0.7,0.7,0.7,0.7,7.2,60.3,0.7,0.7,0.7,0.7,139.66,1360.20,14.29,14.02,1532.07,1532.07,0.32,139.37,139.29,0.38,232.42,0,0,0.0,0.0,0,0.000,
17.9.2026,22:48:53.780,5950,33562,15.0,5866,10316,36.2,0.0,23329,0,0.768,0.800,0.765,0.755,0.752,0.686,0.738,1100.0,1100.0,1100.0,1100.0,1100.0,100.0,900.0,35.7,144.5,103.5,31.2,2.5,2.6,0.2,0.7,0.2,35.7,2.8,11.7,8.4,2.1,0.0,0.0,0.0,0.0,0.0,11.7,2.8,100.0,1.3,5.2,4.0,1.2,0.1,0.1,0.0,0.0,0.0,1.3,11.0,11.0,11.0,11.0,11.0,9.0,33,31,33,34,33,67,69,67,66,67,37,34,否,否,否,否,否,否,否,否,否,否,否,否,否,否,否,否,否,否,36,35,36,0.250,1.587,0.154,0.006,4.022,0.671,0.215,0.495,35.0,30.0,64.0,64.0,0,17.8,8.2,2.1,2.3,47.7,3.2,13.7,9.2,2.3,0.3,0.2,0.0,0.1,0.0,94.5,80.9,97.4,99.7,99.9,1066.7,10.67,15,15,15,35,74,374,1,2,是,否,否,否,否,否,否,否,否,否,是,否,否,否,否,否,否,否,否,否,否,否,否,否,否,否,否,否,否,否,否,否,否,否,否,否,否,35.0,34,34,33,97.0,100.0,否,否,24292,21072,0.0,2.0,2.0,0.000,0.049,3863,1523,37,0.006,100.0,1066.0,0.0,0.0,0.0,0.0,0.0,0.0,0.0,317,否,否,否,否,否,否,7.489,25.235,61.1,-7.631,25.2,198.4,7.2,60.6,0.7,0.7,0.7,0.7,7.2,60.3,0.7,0.7,0.7,0.7,139.66,1360.20,14.29,14.02,1532.07,1532.07,0.32,139.37,139.29,0.38,232.42,0,0,0.0,0.0,0,0.000,
17.9.2026,22:48:55.790,5950,33562,15.0,5865,10317,36.2,0.0,23329,0,0.768,0.800,0.765,0.755,0.752,0.686,0.698,1100.0,1100.0,1100.0,1100.0,1100.0,100.0,900.0,30.1,128.2,88.4,20.2,1.5,0.6,0.2,1.1,0.2,30.1,2.9,10.3,7.4,1.8,0.9,0.8,0.8,0.8,0.8,10.3,2.9,100.0,1.1,4.5,3.3,0.8,0.0,0.0,0.0,0.0,0.0,1.1,11.0,11.0,11.0,11.0,11.0,9.0,33,31,33,34,34,67,69,67,66,66,36,34,否,否,否,否,否,否,否,否,否,否,否,否,否,否,否,否,否,否,37,35,37,0.250,1.680,0.207,0.006,4.196,0.699,0.238,0.496,35.0,30.0,64.0,64.0,0,17.9,8.8,1.6,2.0,49.1,2.9,12.4,8.2,1.9,0.2,0.1,0.0,0.1,0.0,95.1,82.6,97.9,99.9,99.9,1066.7,10.67,15,15,15,35,74,374,1,2,否,否,否,否,否,否,否,否,否,否,否,否,否,否,否,否,否,否,否,否,否,否,否,否,否,否,否,否,否,否,否,否,否,否,否,否,否,34.0,34,34,33,97.0,100.0,否,否,24292,21072,0.0,1.5,1.5,0.000,0.014,3863,1523,37,0.006,100.0,1066.0,0.0,0.0,0.0,0.0,0.0,0.0,0.0,317,否,否,否,否,否,否,7.485,25.235,61.1,-7.620,25.2,198.7,7.2,60.6,0.7,0.7,0.7,0.7,7.2,60.3,0.7,0.7,0.7,0.7,139.66,1360.20,14.29,14.02,1532.07,1532.07,0.32,139.37,139.29,0.38,232.42,0,0,0.0,0.0,0,0.000,
17.9.2026,22:48:57.807,5972,33540,15.1,5897,10285,36.4,0.0,23329,0,0.774,0.797,0.770,0.755,0.775,0.828,0.696,1275.0,1200.0,1200.0,1200.0,1500.0,100.0,2700.0,205.2,398.4,444.8,365.5,209.5,93.0,114.0,15.8,0.8,205.2,15.4,29.4,33.3,28.0,16.3,7.6,8.5,0.5,0.0,33.3,15.4,100.0,8.3,16.0,18.2,14.9,8.6,3.7,4.7,0.6,0.0,8.3,12.8,12.0,12.0,12.0,15.0,27.0,36,35,35,38,34,64,65,65,62,66,38,38,否,否,否,否,否,否,否,否,否,否,否,否,否,否,否,否,否,否,38,38,37,1.750,1.563,0.158,0.007,4.023,0.649,0.201,0.495,35.0,30.0,64.0,64.0,0,5.2,2.2,0.7,0.5,14.6,15.9,30.7,34.0,28.7,16.0,7.3,9.4,1.4,0.1,72.5,44.6,61.5,85.6,98.5,1066.7,10.67,15,15,15,35,74,374,1,2,是,否,否,否,否,否,否,否,否,否,是,否,否,否,否,否,否,否,否,否,否,否,否,否,否,否,否,否,否,否,否,否,否,否,否,否,否,35.0,34,34,33,97.0,100.0,否,否,24292,21072,0.0,2.9,2.9,0.000,0.239,3863,1524,38,0.007,100.0,1066.0,0.0,0.0,0.0,0.0,0.0,0.0,0.0,317,否,否,否,否,否,否,7.438,25.227,61.1,-7.550,25.2,200.5,7.2,60.6,0.7,0.7,0.7,0.7,7.2,60.3,0.7,0.7,0.7,0.7,139.66,1360.20,14.29,14.02,1532.07,1532.07,0.32,139.37,139.29,0.38,232.42,0,0,0.0,0.0,0,0.000,
17.9.2026,22:48:59.795,5960,33552,15.0,5887,10296,36.3,0.0,23329,0,0.767,0.797,0.762,0.755,0.752,0.686,0.698,1100.0,1100.0,1100.0,1100.0,1100.0,100.0,900.0,65.2,179.6,152.1,119.3,50.0,14.3,0.3,5.9,0.2,65.2,5.3,14.2,12.3,9.9,3.1,0.4,0.8,1.2,0.7,14.2,5.3,100.0,2.6,6.7,6.0,4.9,2.0,0.6,0.0,0.2,0.0,2.6,11.0,11.0,11.0,11.0,11.0,9.0,33,30,34,35,34,67,70,66,65,66,37,35,否,否,否,否,否,否,否,否,否,否,否,否,否,否,否,否,否,否,37,36,37,0.250,3.260,1.071,0.002,9.104,1.081,0.383,0.674,35.0,30.0,64.0,64.0,0,14.6,10.3,1.3,1.6,37.0,5.7,16.1,13.0,10.2,4.1,1.2,0.0,0.5,0.0,89.5,73.1,86.7,98.7,99.4,1066.7,10.67,15,15,15,35,74,374,1,2,是,否,否,否,否,否,否,否,否,否,是,否,否,否,否,否,否,否,否,否,否,否,否,否,否,否,否,否,否,否,否,否,否,否,否,否,否,34.0,34,34,33,97.0,100.0,否,否,24292,21072,0.0,2.6,2.6,0.000,0.180,3863,1524,37,0.002,100.0,1066.0,0.0,0.0,0.0,0.0,0.0,0.0,0.0,317,否,否,否,否,否,否,7.481,25.220,61.1,-8.065,25.2,187.6,7.2,60.6,0.7,0.7,0.7,0.7,7.2,60.3,0.7,0.7,0.7,0.7,139.66,1360.20,14.29,14.02,1532.07,1532.07,0.32,139.37,139.29,0.38,232.42,0,0,0.0,0.0,0,0.000,
17.9.2026,22:49:1.799,5962,33550,15.0,5892,10291,36.4,0.0,23329,0,0.768,0.800,0.765,0.755,0.752,0.686,0.698,1100.0,1100.0,1100.0,1100.0,1100.0,100.0,900.0,64.8,257.6,147.9,50.9,39.2,21.6,0.2,0.6,0.2,64.8,4.8,20.6,11.4,4.2,2.3,0.1,0.0,0.0,0.0,20.6,4.8,100.0,2.6,10.0,5.9,2.1,1.6,0.9,0.0,0.0,0.0,2.6,11.0,11.0,11.0,11.0,11.0,9.0,33,30,34,35,34,67,70,66,65,66,36,35,否,否,否,否,否,否,否,否,否,否,否,否,否,否,否,否,否,否,37,36,37,0.250,2.115,0.272,0.006,5.782,0.819,0.279,0.704,35.0,30.0,64.0,64.0,0,14.3,9.9,1.3,1.7,36.8,5.4,22.4,12.1,4.4,3.2,1.0,0.0,0.1,0.0,90.3,69.5,92.7,99.0,99.9,1066.7,10.67,15,15,15,35,74,374,1,2,是,否,否,否,否,否,否,否,否,否,是,否,否,否,否,否,否,否,否,否,否,否,否,否,否,否,否,否,否,否,否,否,否,否,否,否,否,36.0,34,34,34,97.0,100.0,否,否,24292,21072,0.0,1.1,1.1,0.000,0.108,3863,1524,37,0.006,100.0,1066.0,0.0,0.0,0.0,0.0,0.0,0.0,0.0,317,否,否,否,否,否,否,7.494,25.220,61.1,-8.049,25.2,188.0,7.2,60.6,0.7,0.7,0.7,0.7,7.2,60.3,0.7,0.7,0.7,0.7,139.66,1360.20,14.29,14.02,1532.07,1532.07,0.32,139.37,139.29,0.38,232.42,0,0,0.0,0.0,0,0.000,
17.9.2026,22:49:3.803,5959,33553,15.0,5888,10294,36.3,0.0,23329,0,0.768,0.800,0.765,0.755,0.752,0.686,0.698,1100.0,1100.0,1100.0,1100.0,1100.0,100.0,900.0,29.3,126.9,78.0,25.3,2.1,1.7,0.2,0.2,0.2,29.3,2.9,10.8,6.2,2.6,0.5,2.0,0.4,0.4,0.4,10.8,2.9,100.0,1.1,4.5,2.9,1.0,0.1,0.1,0.0,0.0,0.0,1.1,11.0,11.0,11.0,11.0,11.0,9.0,34,31,34,35,34,66,69,66,65,66,37,35,否,否,否,否,否,否,否,否,否,否,否,否,否,否,否,否,否,否,36,34,36,0.250,2.046,0.326,0.004,5.539,0.810,0.265,0.593,35.0,30.0,64.0,64.0,0,18.1,11.4,1.7,2.3,46.9,2.7,12.5,6.6,2.4,0.2,0.2,0.0,0.0,0.0,95.1,83.6,97.3,99.8,99.9,1066.7,10.67,15,15,15,35,74,374,1,2,否,否,否,否,否,否,否,否,否,否,否,否,否,否,否,否,否,否,否,否,否,否,否,否,否,否,否,否,否,否,否,否,否,否,否,否,否,35.0,34,34,33,97.0,100.0,否,否,24292,21072,0.0,1.9,1.9,0.000,0.034,3863,1524,37,0.004,100.0,1066.0,0.0,0.0,0.0,0.0,0.0,0.0,0.0,317,否,否,否,否,否,否,7.492,25.212,61.0,-8.099,25.2,186.8,7.2,60.6,0.7,0.7,0.7,0.7,7.2,60.3,0.7,0.7,0.7,0.7,139.66,1360.20,14.29,14.02,1532.07,1532.07,0.32,139.37,139.29,0.38,232.42,0,0,0.0,0.0,0,0.000,
17.9.2026,22:49:5.796,5959,33553,15.0,5886,10296,36.3,0.0,23329,0,0.764,0.795,0.762,0.750,0.750,0.678,0.741,1000.0,1000.0,1000.0,1000.0,1000.0,100.0,800.0,29.0,128.2,76.2,23.9,1.5,1.1,0.2,0.5,0.2,29.0,2.4,10.3,5.9,1.0,0.5,0.0,0.4,0.4,0.4,10.3,2.4,100.0,1.1,4.6,2.9,1.0,0.1,0.0,0.0,0.0,0.0,1.1,10.0,10.0,10.0,10.0,10.0,8.0,33,30,34,34,33,67,70,66,66,67,37,34,否,否,否,否,否,否,否,否,否,否,否,否,否,否,否,否,否,否,37,35,37,0.250,1.705,0.186,0.007,4.280,0.700,0.220,0.548,35.0,30.0,64.0,64.0,0,18.3,4.8,2.1,3.0,52.8,2.7,12.7,7.0,1.5,0.2,0.1,0.0,0.1,0.0,95.4,83.5,98.2,99.8,99.9,1066.7,10.67,15,15,15,35,74,374,1,2,否,否,否,否,否,否,否,否,否,否,否,否,否,否,否,否,否,否,否,否,否,否,否,否,否,否,否,否,否,否,否,否,否,否,否,否,否,34.0,34,34,32,97.0,100.0,否,否,24292,21072,0.0,0.5,0.5,0.000,0.008,3863,1524,36,0.007,100.0,1066.0,0.0,0.0,0.0,0.0,0.0,0.0,0.0,317,否,否,否,否,否,否,7.496,25.212,61.0,-8.028,25.2,188.4,7.2,60.6,0.7,0.7,0.7,0.7,7.2,60.3,0.7,0.7,0.7,0.7,139.66,1360.20,14.29,14.02,1532.07,1532.07,0.32,139.37,139.29,0.38,232.42,0,0,0.0,0.0,0,0.000,
17.9.2026,22:49:7.813,5953,33559,15.0,5877,10305,36.3,0.0,23329,0,0.767,0.800,0.762,0.755,0.752,0.686,0.696,1100.0,1100.0,1100.0,1100.0,1100.0,100.0,900.0,35.1,140.0,96.2,35.7,3.2,4.3,0.4,0.6,0.2,35.1,2.9,11.6,8.1,3.1,0.0,0.0,0.0,0.0,0.0,11.6,2.9,100.0,1.3,5.0,3.7,1.4,0.1,0.2,0.0,0.0,0.0,1.3,11.0,11.0,11.0,11.0,11.0,9.0,32,30,33,34,33,68,70,67,66,67,36,34,否,否,否,否,否,否,否,否,否,否,否,否,否,否,否,否,否,否,37,34,36,0.250,1.439,0.166,0.008,3.465,0.637,0.216,0.374,35.0,30.0,64.0,64.0,0,17.3,13.0,1.4,2.1,44.1,3.3,13.6,8.8,3.2,0.3,0.4,0.0,0.1,0.0,94.3,81.1,96.5,99.5,99.9,1066.7,10.67,15,15,15,35,74,374,1,2,否,否,否,否,否,否,否,否,否,否,否,否,否,否,否,否,否,否,否,否,否,否,否,否,否,否,否,否,否,否,否,否,否,否,否,否,否,35.0,34,34,33,97.0,100.0,否,否,24292,21072,0.0,2.7,2.7,0.000,0.090,3863,1524,36,0.008,100.0,1066.0,0.0,0.0,0.0,0.0,0.0,0.0,0.0,317,否,否,否,否,否,否,7.487,25.204,61.0,-7.921,25.2,190.9,7.2,60.6,0.7,0.7,0.7,0.7,7.2,60.3,0.7,0.7,0.7,0.7,139.66,1360.20,14.29,14.02,1532.07,1532.07,0.32,139.37,139.29,0.38,232.42,0,0,0.0,0.0,0,0.000,
17.9.2026,22:49:9.822,5953,33559,15.0,5876,10306,36.3,0.0,23329,0,0.770,0.800,0.767,0.755,0.757,0.686,0.696,1125.0,1100.0,1100.0,1100.0,1200.0,100.0,900.0,28.6,128.6,81.6,14.1,2.2,1.8,0.2,0.3,0.2,28.6,2.9,11.0,7.1,1.4,2.0,0.5,0.4,0.4,0.4,11.0,2.9,100.0,1.0,4.6,3.1,0.5,0.1,0.1,0.0,0.0,0.0,1.0,11.2,11.0,11.0,11.0,12.0,9.0,33,31,33,34,34,67,69,67,66,66,37,34,否,否,否,否,否,否,否,否,否,否,否,否,否,否,否,否,否,否,36,35,36,0.250,1.804,0.179,0.007,4.681,0.743,0.244,0.595,35.0,30.0,64.0,64.0,0,18.4,5.2,1.4,2.8,52.5,2.7,12.6,7.6,1.1,0.2,0.2,0.0,0.0,0.0,95.2,82.5,98.6,99.8,99.9,1066.7,10.67,15,15,15,35,74,374,1,2,否,否,否,否,否,否,否,否,否,否,否,否,否,否,否,否,否,否,否,否,否,否,否,否,否,否,否,否,否,否,否,否,否,否,否,否,否,34.0,34,34,32,97.0,100.0,否,否,24292,21072,0.0,0.5,0.5,0.000,0.008,3863,1524,36,0.007,100.0,1066.0,0.0,0.0,0.0,0.0,0.0,0.0,0.0,317,否,否,否,否,否,否,7.495,25.204,61.0,-7.922,25.2,190.9,7.2,60.6,0.7,0.7,0.7,0.7,7.2,60.3,0.7,0.7,0.7,0.7,139.66,1360.20,14.29,14.02,1532.07,1532.07,0.32,139.37,139.29,0.38,232.42,0,0,0.0,0.0,0,0.000,
17.9.2026,22:49:11.818,5952,33559,15.0,5875,10308,36.3,0.0,23329,0,0.769,0.802,0.767,0.755,0.752,0.686,0.698,1100.0,1100.0,1100.0,1100.0,1100.0,100.0,900.0,29.7,126.6,67.4,35.6,7.3,0.4,0.2,0.2,0.2,29.7,2.4,10.2,5.4,2.0,0.0,0.4,0.4,0.4,0.4,10.2,2.4,100.0,1.1,4.4,2.5,1.4,0.3,0.0,0.0,0.0,0.0,1.1,11.0,11.0,11.0,11.0,11.0,9.0,32,30,33,34,33,68,70,67,66,67,36,34,否,否,否,否,否,否,否,否,否,否,否,否,否,否,否,否,否,否,36,35,37,0.250,1.524,0.152,0.007,3.625,0.685,0.241,0.411,35.0,30.0,64.0,64.0,0,18.0,9.4,1.5,2.2,49.0,2.8,12.7,6.5,2.6,0.7,0.0,0.0,0.0,0.0,95.0,83.5,96.8,99.9,99.9,1066.7,10.67,15,15,15,35,74,374,1,2,否,否,否,否,否,否,否,否,否,否,否,否,否,否,否,否,否,否,否,否,否,否,否,否,否,否,否,否,否,否,否,否,否,否,否,否,否,35.0,34,34,33,97.0,100.0,否,否,24292,21072,0.0,1.1,1.1,0.000,0.028,3863,1524,37,0.007,100.0,1066.0,0.0,0.0,0.0,0.0,0.0,0.0,0.0,317,否,否,否,否,否,否,7.495,25.197,61.0,-7.847,25.2,192.7,7.2,60.6,0.7,0.7,0.7,0.7,7.2,60.3,0.7,0.7,0.7,0.7,139.66,1360.20,14.29,14.02,1532.07,1532.07,0.32,139.37,139.29,0.38,232.42,0,0,0.0,0.0,0,0.000,
17.9.2026,22:49:13.828,5953,33559,15.0,5873,10309,36.2,0.0,23329,0,0.769,0.800,0.767,0.755,0.755,0.686,0.696,1100.0,1100.0,1100.0,1100.0,1100.0,100.0,900.0,28.3,130.6,72.7,22.1,0.2,0.2,0.2,0.2,0.2,28.3,2.6,11.3,6.5,1.6,0.3,0.3,0.3,0.3,0.3,11.3,2.6,100.0,1.0,4.6,2.7,0.9,0.0,0.0,0.0,0.0,0.0,1.0,11.0,11.0,11.0,11.0,11.0,9.0,33,31,34,33,34,67,69,66,67,66,37,34,否,否,否,否,否,否,否,否,否,否,否,否,否,否,否,否,否,否,37,35,37,0.250,1.643,0.183,0.006,4.079,0.685,0.221,0.505,35.0,30.0,64.0,64.0,0,18.3,6.4,1.7,2.5,51.3,2.7,13.0,7.0,1.4,0.0,0.0,0.0,0.0,0.0,95.3,82.9,98.5,99.9,99.9,1066.7,10.67,15,15,15,35,74,374,1,2,否,否,否,否,否,否,否,否,否,否,否,否,否,否,否,否,否,否,否,否,否,否,否,否,否,否,否,否,否,否,否,否,否,否,否,否,否,35.0,33,33,32,97.0,100.0,否,否,24292,21072,0.0,1.0,1.0,0.000,0.012,3863,1524,36,0.006,100.0,1066.0,0.0,0.0,0.0,0.0,0.0,0.0,0.0,317,否,否,否,否,否,否,7.496,25.189,61.0,-7.796,25.2,193.8,7.2,60.6,0.7,0.7,0.7,0.7,7.2,60.3,0.7,0.7,0.7,0.7,139.66,1360.20,14.29,14.02,1532.07,1532.07,0.32,139.37,139.29,0.38,232.42,0,0,0.0,0.0,0,0.000,
17.9.2026,22:49:15.836,5949,33562,15.0,5870,10312,36.2,0.0,23329,0,0.769,0.805,0.762,0.755,0.752,0.691,0.696,1125.0,1200.0,1100.0,1100.0,1100.0,100.0,1000.0,29.5,132.9,71.1,26.0,2.5,1.1,1.0,1.4,0.2,29.5,2.2,11.1,5.9,0.8,0.1,0.0,0.0,0.0,0.0,11.1,2.2,100.0,1.1,4.7,2.7,1.0,0.1,0.0,0.0,0.1,0.0,1.1,11.2,12.0,11.0,11.0,11.0,10.0,33,30,34,34,34,67,70,66,66,66,36,34,否,否,否,否,否,否,否,否,否,否,否,否,否,否,否,否,否,否,37,36,36,0.250,1.547,0.168,0.008,3.760,0.672,0.228,0.434,35.0,30.0,64.0,64.0,0,18.2,6.9,1.5,2.4,51.1,2.8,13.2,6.7,1.8,0.2,0.1,0.1,0.1,0.0,95.1,83.0,98.0,99.8,99.8,1066.7,10.67,15,15,15,35,74,374,1,2,否,否,否,否,否,否,否,否,否,否,否,否,否,否,否,否,否,否,否,否,否,否,否,否,否,否,否,否,否,否,否,否,否,否,否,否,否,34.0,33,33,32,97.0,100.0,否,否,24292,21072,0.0,1.0,1.0,0.000,0.018,3863,1524,37,0.008,100.0,1066.0,0.0,0.0,0.0,0.0,0.0,0.0,0.0,317,否,否,否,否,否,否,7.492,25.189,61.0,-7.754,25.2,194.9,7.2,60.6,0.7,0.7,0.7,0.7,7.2,60.3,0.7,0.7,0.7,0.7,139.66,1360.20,14.29,14.02,1532.07,1532.07,0.32,139.37,139.29,0.38,232.42,0,0,0.0,0.0,0,0.000,
17.9.2026,22:49:17.831,5949,33562,15.0,5869,10313,36.2,0.0,23329,0,0.767,0.797,0.765,0.755,0.752,0.686,0.738,1100.0,1100.0,1100.0,1100.0,1100.0,100.0,900.0,31.2,130.1,91.2,24.3,1.2,0.7,0.9,0.7,0.2,31.2,2.7,10.1,7.0,2.1,0.5,0.4,0.4,0.4,0.4,10.1,2.7,100.0,1.1,4.6,3.5,0.9,0.0,0.0,0.0,0.0,0.0,1.1,11.0,11.0,11.0,11.0,11.0,9.0,33,31,35,34,32,67,69,65,66,68,36,35,否,否,否,否,否,否,否,否,否,否,否,否,否,否,否,否,否,否,37,34,37,0.250,1.566,0.174,0.006,3.804,0.680,0.234,0.437,35.0,30.0,64.0,64.0,0,18.1,8.8,1.8,2.6,48.8,2.8,12.4,8.1,1.9,0.1,0.1,0.1,0.1,0.0,95.1,82.7,97.9,99.8,99.9,1066.7,10.67,15,15,15,35,74,374,1,2,否,否,否,否,否,否,否,否,否,否,否,否,否,否,否,否,否,否,否,否,否,否,否,否,否,否,否,否,否,否,否,否,否,否,否,否,否,34.0,33,33,32,97.0,100.0,否,否,24292,21072,0.0,4.4,4.4,0.000,0.277,3863,1525,37,0.006,100.0,1066.0,0.0,0.0,0.0,0.0,0.0,0.0,0.0,317,否,否,否,否,否,否,7.454,25.189,61.0,-7.655,25.2,197.4,7.2,60.6,0.7,0.7,0.7,0.7,7.2,60.3,0.7,0.7,0.7,0.7,139.66,1360.20,14.29,14.02,1532.07,1532.07,0.32,139.37,139.29,0.38,232.42,0,0,0.0,0.0,0,0.000,
17.9.2026,22:49:19.849,5949,33563,15.0,5868,10314,36.2,0.0,23329,0,0.769,0.802,0.765,0.755,0.752,0.686,0.698,1100.0,1100.0,1100.0,1100.0,1100.0,100.0,900.0,28.9,124.5,74.8,26.7,2.2,1.4,0.1,1.5,0.1,28.9,2.3,10.4,6.3,1.8,0.0,0.0,0.0,0.0,0.0,10.4,2.3,100.0,1.1,4.4,2.8,1.1,0.1,0.0,0.0,0.1,0.0,1.1,11.0,11.0,11.0,11.0,11.0,9.0,33,31,34,35,33,67,69,66,65,67,36,35,否,否,否,否,否,否,否,否,否,否,否,否,否,否,否,否,否,否,36,34,37,0.250,1.639,0.169,0.007,4.125,0.695,0.231,0.501,35.0,30.0,64.0,64.0,0,18.2,6.2,1.8,2.3,52.2,2.7,12.3,7.0,1.9,0.2,0.1,0.0,0.1,0.0,95.2,83.5,97.8,99.8,99.8,1066.7,10.67,15,15,15,35,74,374,1,2,否,否,否,否,否,否,否,否,否,否,否,否,否,否,否,否,否,否,否,否,否,否,否,否,否,否,否,否,否,否,否,否,否,否,否,否,否,34.0,33,33,32,97.0,100.0,否,否,24292,21072,0.0,0.5,0.5,0.000,0.043,3863,1525,36,0.007,100.0,1066.0,0.0,0.0,0.0,0.0,0.0,0.0,0.0,317,否,否,否,否,否,否,7.478,25.189,61.0,-7.680,25.2,196.8,7.2,60.6,0.7,0.7,0.7,0.7,7.2,60.3,0.7,0.7,0.7,0.7,139.66,1360.20,14.29,14.02,1532.07,1532.07,0.32,139.37,139.29,0.38,232.42,0,0,0.0,0.0,0,0.000,
17.9.2026,22:49:21.852,5948,33563,15.0,5872,10311,36.2,0.0,23329,0,0.763,0.797,0.757,0.750,0.747,0.678,0.698,1000.0,1000.0,1000.0,1000.0,1000.0,100.0,800.0,30.8,132.9,85.7,23.7,1.4,1.9,0.2,0.2,0.2,30.8,6.6,11.1,7.3,2.2,0.0,32.4,0.0,0.0,0.0,32.4,6.6,100.0,1.1,4.7,3.3,1.0,0.0,0.1,0.0,0.0,0.0,1.1,10.0,10.0,10.0,10.0,10.0,8.0,33,31,34,34,33,67,69,66,66,67,36,34,否,否,否,否,否,否,否,否,否,否,否,否,否,否,否,否,否,否,36,34,36,0.250,1.526,0.171,0.007,3.729,0.665,0.228,0.420,35.0,30.0,64.0,64.0,0,17.5,13.6,1.3,2.0,45.0,2.9,12.8,7.7,2.0,0.1,0.2,0.0,0.0,0.0,95.0,82.4,97.8,99.8,99.9,1066.7,10.67,15,15,15,35,74,374,1,2,否,否,否,否,否,否,否,否,否,否,否,否,否,否,否,否,否,否,否,否,否,否,否,否,否,否,否,否,否,否,否,否,否,否,否,否,否,34.0,33,33,33,97.0,100.0,否,否,24292,21072,0.0,2.2,2.2,0.000,0.075,3863,1525,36,0.007,100.0,1066.0,0.0,0.0,0.0,0.0,0.0,0.0,0.0,317,否,否,否,否,否,否,7.442,25.181,61.0,-7.606,25.2,198.6,7.2,60.6,0.7,0.7,0.7,0.7,7.2,60.3,0.7,0.7,0.7,0.7,139.66,1360.20,14.29,14.02,1532.07,1532.07,0.32,139.37,139.29,0.38,232.42,0,0,0.0,0.0,0,0.000,
17.9.2026,22:49:23.854,5948,33564,15.0,5877,10306,36.3,0.0,23329,0,0.763,0.795,0.757,0.750,0.750,0.678,0.701,1000.0,1000.0,1000.0,1000.0,1000.0,100.0,800.0,29.2,135.4,71.9,24.9,0.2,0.6,0.2,0.2,0.2,29.2,2.4,11.5,6.1,1.5,0.0,0.0,0.0,0.0,0.0,11.5,2.4,100.0,1.1,4.8,2.7,1.0,0.0,0.0,0.0,0.0,0.0,1.1,10.0,10.0,10.0,10.0,10.0,8.0,33,31,33,34,34,67,69,67,66,66,36,34,否,否,否,否,否,否,否,否,否,否,否,否,否,否,否,否,否,否,36,34,36,0.250,1.795,0.175,0.007,4.636,0.725,0.228,0.616,35.0,30.0,64.0,64.0,0,18.1,4.6,1.7,3.1,52.4,2.8,13.5,6.9,1.6,0.0,0.1,0.0,0.0,0.0,95.2,82.7,98.3,99.9,99.9,1066.7,10.67,15,15,15,35,74,374,1,2,否,否,否,否,否,否,否,否,否,否,否,否,否,否,否,否,否,否,否,否,否,否,否,否,否,否,否,否,否,否,否,否,否,否,否,否,否,34.0,33,33,32,97.0,100.0,否,否,24292,21072,0.0,0.5,0.5,0.000,0.010,3863,1525,37,0.007,100.0,1066.0,0.0,0.0,0.0,0.0,0.0,0.0,0.0,317,否,否,否,否,否,否,7.494,25.181,61.0,-7.689,25.2,196.5,7.2,60.6,0.7,0.7,0.7,0.7,7.2,60.3,0.7,0.7,0.7,0.7,139.66,1360.20,14.29,14.02,1532.07,1532.07,0.32,139.37,139.29,0.38,232.42,0,0,0.0,0.0,0,0.000,
17.9.2026,22:49:25.883,5947,33564,15.0,5877,10305,36.3,0.0,23329,0,0.764,0.797,0.757,0.750,0.752,0.678,0.698,1025.0,1000.0,1000.0,1000.0,1100.0,100.0,800.0,29.2,138.3,61.3,28.9,3.6,0.4,0.3,0.3,0.3,29.2,2.3,11.6,4.9,1.5,0.2,0.0,0.0,0.0,0.0,11.6,2.3,100.0,1.1,5.0,2.3,1.2,0.1,0.0,0.0,0.0,0.0,1.1,10.2,10.0,10.0,10.0,11.0,8.0,34,31,33,36,34,66,69,67,64,66,36,36,否,否,否,否,否,否,否,否,否,否,否,否,否,否,否,否,否,否,36,33,36,0.250,1.476,0.170,0.006,3.523,0.659,0.231,0.374,35.0,30.0,64.0,64.0,0,18.2,6.5,1.9,2.9,51.0,2.7,13.7,5.8,1.7,0.4,0.0,0.0,0.0,0.0,95.2,83.2,97.9,99.9,99.9,1066.7,10.67,15,15,15,35,74,374,1,2,否,否,否,否,否,否,否,否,否,否,否,否,否,否,否,否,否,否,否,否,否,否,否,否,否,否,否,否,否,否,否,否,否,否,否,否,否,34.0,33,33,33,97.0,100.0,否,否,24292,21072,0.0,1.0,1.0,0.000,0.010,3863,1525,36,0.006,100.0,1066.0,0.0,0.0,0.0,0.0,0.0,0.0,0.0,317,否,否,否,否,否,否,7.490,25.174,60.9,-7.625,25.2,198.1,7.2,60.6,0.7,0.7,0.7,0.7,7.2,60.3,0.7,0.7,0.7,0.7,139.66,1360.20,14.29,14.02,1532.07,1532.07,0.32,139.37,139.29,0.38,232.42,0,0,0.0,0.0,0,0.000,
17.9.2026,22:49:27.879,5964,33548,15.0,5887,10296,36.3,0.0,23329,0,0.814,0.840,0.770,0.890,0.755,0.741,0.696,1825.0,2000.0,1200.0,2900.0,1200.0,100.0,1800.0,141.0,447.6,383.2,200.9,74.8,19.6,0.4,0.7,0.2,141.0,10.8,34.0,28.1,16.7,6.3,0.0,0.3,0.4,0.3,34.0,10.8,100.0,5.7,18.1,15.7,8.2,3.1,0.8,0.0,0.0,0.0,5.7,18.2,20.0,12.0,29.0,12.0,18.0,36,36,35,37,35,64,64,65,63,65,37,37,否,否,否,否,否,否,否,否,否,否,否,否,否,否,否,否,否,否,36,36,36,0.250,1.570,0.183,0.007,3.754,0.679,0.235,0.433,35.0,30.0,64.0,64.0,0,5.7,2.5,0.5,0.9,15.1,11.0,35.1,28.5,16.8,6.2,1.6,0.0,0.1,0.0,79.5,42.5,77.5,98.2,99.9,1066.7,10.67,15,15,15,35,74,374,1,2,是,否,否,否,否,否,否,否,否,否,是,否,否,否,否,否,否,否,否,否,否,否,否,否,否,否,否,否,否,否,否,否,否,否,否,否,否,35.0,33,33,33,97.0,100.0,否,否,24292,21072,0.0,1.9,1.9,0.000,0.038,3863,1525,37,0.007,100.0,1066.0,0.0,0.0,0.0,0.0,0.0,0.0,0.0,317,否,否,否,否,否,否,7.440,25.174,60.9,-7.544,25.2,200.2,7.2,60.6,0.7,0.7,0.7,0.7,7.2,60.3,0.7,0.7,0.7,0.7,139.66,1360.20,14.29,14.02,1532.07,1532.07,0.32,139.37,139.29,0.38,232.42,0,0,0.0,0.0,0,0.000,
17.9.2026,22:49:29.888,5959,33553,15.0,5885,10297,36.3,0.0,23329,0,0.845,1.100,0.770,0.755,0.755,0.966,0.696,1950.0,4199.9,1200.0,1200.0,1200.0,100.0,3599.9,193.4,756.8,650.0,92.8,44.1,2.5,0.2,0.3,0.2,193.4,14.9,55.7,43.8,7.3,3.5,8.7,0.0,0.0,0.0,55.7,14.9,100.0,8.0,31.4,26.8,3.8,1.8,0.1,0.0,0.0,0.0,8.0,19.5,42.0,12.0,12.0,12.0,36.0,36,37,35,37,34,64,63,65,63,66,37,37,否,否,否,否,否,否,否,否,否,否,否,否,否,否,否,否,否,否,37,37,37,0.750,2.785,0.546,0.002,8.542,1.084,0.388,0.723,35.0,30.0,64.0,64.0,0,0.1,0.2,0.0,0.0,0.0,14.0,56.1,44.4,7.6,3.7,0.2,0.0,0.0,0.0,72.5,1.7,88.6,99.7,99.9,1066.7,10.67,15,15,15,35,74,374,1,2,是,否,否,否,否,否,否,否,否,否,是,否,否,否,否,否,否,否,否,否,否,否,否,否,否,否,否,否,否,否,否,否,否,否,否,否,否,35.0,33,33,36,97.0,100.0,否,否,24292,21072,0.0,2.9,2.9,0.000,0.092,3863,1525,37,0.002,100.0,1066.0,0.0,0.0,0.0,0.0,0.0,0.0,0.0,317,否,否,否,否,否,否,7.351,25.166,60.9,-7.932,25.2,190.3,7.2,60.6,0.7,0.7,0.7,0.7,7.2,60.3,0.7,0.7,0.7,0.7,139.66,1360.20,14.29,14.02,1532.07,1532.07,0.32,139.37,139.29,0.38,232.42,0,0,0.0,0.0,0,0.000,
17.9.2026,22:49:31.900,5964,33548,15.0,5889,10293,36.3,0.0,23329,0,0.769,0.797,0.770,0.755,0.755,0.691,0.696,1200.0,1200.0,1200.0,1200.0,1200.0,100.0,1000.0,195.7,710.1,611.2,178.5,60.4,2.3,0.2,2.8,0.2,195.7,16.1,51.7,42.7,13.8,4.4,3.6,0.4,11.6,0.4,51.7,16.1,100.0,8.1,29.4,25.3,7.3,2.4,0.1,0.0,0.1,0.0,8.1,12.0,12.0,12.0,12.0,12.0,10.0,36,36,34,37,35,64,64,66,63,65,38,37,否,否,否,否,否,否,否,否,否,否,否,否,否,否,否,否,否,否,37,37,37,0.750,4.212,0.912,0.000,12.400,1.285,0.496,1.503,35.0,30.0,64.0,64.0,0,0.3,0.2,0.0,0.0,0.0,14.4,52.4,43.4,14.4,4.9,0.2,0.0,0.2,0.0,72.3,8.6,81.1,99.7,99.8,1066.7,10.67,15,15,15,35,74,374,1,2,是,否,否,否,否,否,否,否,否,否,是,否,否,否,否,否,否,否,否,否,否,否,否,否,否,否,否,否,否,否,否,否,否,否,否,否,否,35.0,33,33,36,97.0,100.0,否,否,24292,21072,0.0,2.6,2.6,0.000,0.059,3863,1526,37,0.000,100.0,1066.0,0.0,0.0,0.0,0.0,0.0,0.0,0.0,317,否,否,否,否,否,否,7.398,25.159,60.9,-8.641,25.2,174.7,7.2,60.6,0.7,0.7,0.7,0.7,7.2,60.3,0.7,0.7,0.7,0.7,139.66,1360.20,14.29,14.02,1532.07,1532.07,0.32,139.37,139.29,0.38,232.42,0,0,0.0,0.0,0,0.000,
17.9.2026,22:49:33.919,5961,33550,15.0,5886,10296,36.3,0.0,23329,0,0.782,0.797,0.770,0.757,0.802,0.688,0.696,1400.0,1200.0,1200.0,1200.0,2000.0,100.0,1000.0,213.8,660.2,513.2,374.1,156.4,4.6,0.5,0.5,0.7,213.8,15.6,48.4,34.9,29.3,12.0,0.3,0.0,0.0,0.0,48.4,15.6,100.0,8.8,27.3,21.1,15.5,6.4,0.2,0.0,0.0,0.0,8.8,14.0,12.0,12.0,12.0,20.0,10.0,36,34,37,37,35,64,66,63,63,65,37,37,否,否,否,否,否,否,否,否,否,否,否,否,否,否,否,否,否,否,37,36,37,0.250,3.773,0.842,0.000,11.453,1.274,0.482,1.148,35.0,30.0,64.0,64.0,0,0.3,0.4,0.0,0.0,0.0,15.8,49.0,35.5,29.7,11.5,0.4,0.0,0.0,0.1,69.2,11.1,66.3,99.5,99.9,1066.7,10.67,15,15,15,35,74,374,1,2,是,否,否,否,否,否,否,否,否,否,是,否,否,否,否,否,否,否,否,否,否,否,否,否,否,否,否,否,否,否,否,否,否,否,否,否,否,35.0,33,33,38,97.0,100.0,否,否,24292,21072,0.0,2.6,2.6,0.000,0.206,3863,1526,38,0.000,100.0,1066.0,0.0,0.0,0.0,0.0,0.0,0.0,0.0,317,否,否,否,否,否,否,7.355,25.151,60.9,-9.054,25.2,166.7,7.2,60.6,0.7,0.7,0.7,0.7,7.2,60.3,0.7,0.7,0.7,0.7,139.66,1360.20,14.29,14.02,1532.07,1532.07,0.32,139.37,139.29,0.38,232.42,0,0,0.0,0.0,0,0.000,
17.9.2026,22:49:35.913,5962,33549,15.0,5890,10293,36.3,0.0,23329,0,0.807,0.927,0.770,0.757,0.772,0.838,0.696,1725.0,3000.0,1200.0,1200.0,1500.0,100.0,2800.0,188.4,612.5,524.1,227.6,140.0,1.6,0.5,0.6,0.2,188.4,16.6,46.9,38.5,18.0,11.1,0.0,0.0,18.2,0.0,46.9,16.6,100.0,7.8,25.2,21.6,9.3,5.8,0.0,0.0,0.0,0.0,7.8,17.2,30.0,12.0,12.0,15.0,28.0,36,36,34,37,35,64,64,66,63,65,37,37,否,否,否,否,否,否,否,否,否,否,否,否,否,否,否,否,否,否,38,36,38,0.250,4.272,0.977,0.000,12.496,1.282,0.484,1.504,35.0,30.0,64.0,64.0,0,0.6,0.6,0.0,0.0,0.0,14.5,47.3,38.7,18.1,11.6,0.2,0.0,0.1,0.0,72.1,17.0,71.7,99.7,99.9,1600.0,16.00,22,22,22,52,74,560,1,2,是,否,否,否,否,否,否,否,否,否,是,否,否,否,否,否,否,否,否,否,否,否,否,否,否,否,否,否,否,否,否,否,否,否,否,否,否,35.0,34,34,38,97.0,100.0,否,否,24292,21072,0.0,2.0,2.0,0.000,0.140,3863,1526,38,0.000,100.0,1066.0,0.0,0.0,0.0,0.0,0.0,0.0,0.0,317,否,否,否,否,否,否,7.402,25.143,60.9,-9.563,25.2,157.8,7.2,60.6,0.7,0.7,0.7,0.7,7.2,60.3,0.7,0.7,0.7,0.7,139.66,1360.20,14.29,14.02,1532.07,1532.07,0.32,139.37,139.29,0.38,232.42,0,0,0.0,0.0,0,0.000,
17.9.2026,22:49:37.919,5962,33550,15.0,5887,10296,36.3,0.0,23329,0,0.927,1.127,0.925,0.902,0.752,0.966,0.698,2800.0,4199.9,2900.0,2900.0,1200.0,100.0,3599.9,188.0,668.4,593.3,145.6,52.7,41.9,0.2,1.4,0.2,188.0,13.6,49.7,42.6,11.2,4.6,0.0,0.3,0.4,0.3,49.7,13.6,100.0,7.8,27.6,24.5,5.9,2.1,1.7,0.0,0.1,0.0,7.8,28.0,42.0,29.0,29.0,12.0,36.0,37,38,36,38,36,63,62,64,62,64,38,38,否,否,否,否,否,否,否,否,否,否,否,否,否,否,否,否,否,否,38,37,38,1.250,3.937,0.700,0.000,12.018,1.257,0.432,1.484,35.0,30.0,64.0,64.0,0,0.3,0.4,0.0,0.0,0.0,14.2,50.5,43.3,12.1,4.5,3.4,0.0,0.1,0.0,72.6,10.6,83.6,96.5,99.8,1066.7,10.67,15,15,15,35,74,374,1,2,是,否,否,否,否,否,否,否,否,否,是,否,否,否,否,否,否,否,否,否,否,否,否,否,否,否,否,否,否,否,否,否,否,否,否,否,否,35.0,34,34,38,97.0,100.0,否,否,24292,21072,0.0,2.0,2.0,0.000,0.116,3863,1526,38,0.000,100.0,1599.0,0.0,0.0,0.0,0.0,0.0,0.0,0.0,317,否,否,否,否,否,否,7.372,25.136,60.8,-9.901,25.2,152.3,7.2,60.6,0.7,0.7,0.7,0.7,7.2,60.3,0.7,0.7,0.7,0.7,139.66,1360.20,14.29,14.02,1532.07,1532.07,0.32,139.37,139.29,0.38,232.42,0,0,0.0,0.0,0,0.000,
17.9.2026,22:49:39.938,5961,33550,15.0,5881,10302,36.3,0.0,23329,0,0.768,0.797,0.770,0.752,0.752,0.688,0.696,1200.0,1200.0,1200.0,1200.0,1200.0,100.0,3599.9,191.3,662.9,595.9,135.4,128.8,6.6,0.2,0.4,0.2,191.3,17.1,47.8,41.9,11.2,10.9,23.9,0.4,0.0,0.4,47.8,17.1,100.0,7.9,27.4,24.6,5.5,5.3,0.3,0.0,0.0,0.0,7.9,12.0,12.0,12.0,12.0,12.0,36.0,36,35,35,39,35,64,65,65,61,65,39,39,否,否,否,否,否,否,否,否,否,否,否,否,否,否,否,否,否,否,38,37,38,0.250,3.677,0.734,0.000,11.401,1.251,0.408,1.203,35.0,30.0,64.0,64.0,0,0.5,0.5,0.0,0.0,0.0,14.1,48.1,42.2,11.2,10.7,0.5,0.0,0.0,0.0,71.2,7.1,78.6,99.4,99.9,1066.7,10.67,15,15,15,35,74,374,1,2,是,否,否,否,否,否,否,否,否,否,是,否,否,否,否,否,否,否,否,否,否,否,否,否,否,否,否,否,否,否,否,否,否,否,否,否,否,35.0,34,34,38,97.0,100.0,否,否,24292,21072,0.0,1.7,1.7,0.000,0.139,3863,1527,38,0.000,100.0,1066.0,0.0,0.0,0.0,0.0,0.0,0.0,0.0,317,否,否,否,否,否,否,7.365,25.128,60.8,-10.186,25.2,148.0,7.2,60.6,0.7,0.7,0.7,0.7,7.2,60.3,0.7,0.7,0.7,0.7,139.66,1360.20,14.29,14.02,1532.07,1532.07,0.32,139.37,139.29,0.38,232.42,0,0,0.0,0.0,0,0.000,
17.9.2026,22:49:41.944,5961,33550,15.0,5906,10276,36.4,0.0,23329,0,0.770,0.797,0.770,0.757,0.755,0.716,0.696,1200.0,1200.0,1200.0,1200.0,1200.0,100.0,1400.0,191.6,691.7,645.5,138.2,48.6,7.3,0.2,0.9,0.2,191.6,14.7,51.3,46.4,10.7,3.2,0.7,0.2,5.4,0.2,51.3,14.7,100.0,7.9,28.7,26.7,5.6,2.0,0.3,0.0,0.0,0.0,7.9,12.0,12.0,12.0,12.0,12.0,14.0,36,36,35,38,36,64,64,65,62,64,38,38,否,否,否,否,否,否,否,否,否,否,否,否,否,否,否,否,否,否,38,38,38,0.250,4.159,0.819,0.000,12.372,1.270,0.437,1.574,35.0,30.0,64.0,64.0,0,0.1,0.1,0.0,0.0,0.0,14.2,51.6,46.8,10.9,4.0,0.6,0.0,0.1,0.0,71.8,2.7,85.3,99.3,99.9,1066.7,10.67,15,15,15,35,74,374,1,2,是,否,否,否,否,否,否,否,否,否,是,否,否,否,否,否,否,否,否,否,否,否,否,否,否,否,否,否,否,否,否,否,否,否,否,否,否,35.0,34,34,38,97.0,100.0,否,否,24292,21072,0.0,1.0,1.0,0.000,0.077,3863,1527,37,0.000,100.0,1066.0,0.0,0.0,0.0,0.0,0.0,0.0,0.0,317,否,否,否,否,否,否,7.412,25.120,60.8,-10.666,25.2,141.3,7.2,60.6,0.7,0.7,0.7,0.7,7.2,60.3,0.7,0.7,0.7,0.7,139.66,1360.20,14.29,14.02,1532.07,1532.07,0.32,139.37,139.29,0.38,232.42,0,0,0.0,0.0,0,0.000,
17.9.2026,22:49:43.935,5966,33545,15.1,5884,10299,36.3,0.0,23329,0,0.872,0.815,1.162,0.755,0.755,0.708,0.696,2025.0,1500.0,4199.9,1200.0,1200.0,100.0,1300.0,191.2,690.9,613.3,160.8,54.3,8.9,0.4,0.5,0.6,191.2,13.9,49.6,42.1,12.7,5.6,1.2,0.0,0.0,0.0,49.6,13.9,100.0,7.9,28.6,25.3,6.6,2.2,0.4,0.0,0.0,0.0,7.9,20.2,15.0,42.0,12.0,12.0,13.0,36,32,38,38,36,64,68,62,62,64,38,38,否,否,否,否,否,否,否,否,否,否,否,否,否,否,否,否,否,否,39,39,38,0.250,3.748,0.827,0.000,11.412,1.264,0.452,1.154,35.0,30.0,64.0,64.0,0,0.2,0.1,0.0,0.0,0.0,13.9,50.2,42.8,13.2,4.5,0.8,0.0,0.0,0.1,71.6,5.6,82.0,99.1,99.9,1066.7,10.67,15,15,15,35,74,374,1,2,是,否,否,否,否,否,否,否,否,否,是,否,否,否,否,否,否,否,否,否,否,否,否,否,否,否,否,否,否,否,否,否,否,否,否,否,否,36.0,34,34,40,97.0,100.0,否,否,24292,21072,0.0,1.6,1.6,0.000,0.143,3863,1527,38,0.000,100.0,1066.0,0.0,0.0,0.0,0.0,0.0,0.0,0.0,317,否,否,否,否,否,否,7.341,25.120,60.8,-10.711,25.2,140.7,7.2,60.6,0.7,0.7,0.7,0.7,7.2,60.3,0.7,0.7,0.7,0.7,139.66,1360.20,14.29,14.02,1532.07,1532.07,0.32,139.37,139.29,0.38,232.42,0,0,0.0,0.0,0,0.000,
17.9.2026,22:49:45.948,5962,33549,15.0,5920,10262,36.5,0.0,23329,0,0.784,0.825,0.770,0.757,0.782,0.721,0.693,1450.0,1700.0,1200.0,1200.0,1700.0,100.0,1500.0,190.9,429.7,557.1,402.4,122.9,12.0,0.8,1.1,1.0,190.9,14.7,32.1,41.2,32.6,8.1,1.5,0.6,0.7,0.6,41.2,14.7,100.0,7.8,17.5,23.0,16.6,5.1,0.4,0.0,0.0,0.0,7.8,14.5,17.0,12.0,12.0,17.0,15.0,36,35,35,36,36,64,65,65,64,64,38,36,否,否,否,否,否,否,否,否,否,否,否,否,否,否,否,否,否,否,38,38,38,0.250,4.245,0.879,0.000,12.553,1.268,0.430,1.601,35.0,30.0,64.0,64.0,0,0.7,0.8,0.0,0.0,0.0,14.9,33.1,41.8,33.1,9.8,1.0,0.1,0.1,0.1,70.9,27.2,57.9,98.7,99.8,1066.7,10.67,15,15,15,35,74,374,1,2,是,否,否,否,否,否,否,否,否,否,是,否,否,否,否,否,否,否,否,否,否,否,否,否,否,否,否,否,否,否,否,否,否,否,否,否,否,35.0,34,34,39,97.0,100.0,否,否,24292,21072,0.0,2.0,2.0,0.000,0.094,3863,1527,38,0.000,100.0,1066.0,0.0,0.0,0.0,0.0,0.0,0.0,0.0,317,否,否,否,否,否,否,7.390,25.113,60.8,-11.011,25.2,136.8,7.2,60.6,0.7,0.7,0.7,0.7,7.2,60.3,0.7,0.7,0.7,0.7,139.66,1360.20,14.29,14.02,1532.07,1532.07,0.32,139.37,139.29,0.38,232.42,0,0,0.0,0.0,0,0.000,
17.9.2026,22:49:47.945,5967,33545,15.1,5893,10290,36.4,0.0,23329,0,0.909,1.047,0.927,0.752,0.907,0.948,0.696,2700.0,3799.9,2900.0,1200.0,2900.0,100.0,3499.9,188.7,432.8,418.2,535.7,59.6,48.0,0.6,14.6,0.2,188.7,13.7,30.8,29.6,44.1,5.4,0.0,0.0,0.0,0.0,44.1,13.7,100.0,7.8,17.6,17.2,22.2,2.4,2.0,0.0,0.6,0.0,7.8,27.0,38.0,29.0,12.0,29.0,35.0,36,36,35,39,34,64,64,65,61,66,39,39,否,否,否,否,否,否,否,否,否,否,否,否,否,否,否,否,否,否,37,37,37,0.250,3.610,0.627,0.001,11.320,1.244,0.379,1.254,35.0,30.0,64.0,64.0,0,0.2,0.3,0.0,0.0,0.0,14.6,31.8,30.1,44.6,5.0,4.0,0.1,1.2,0.0,72.7,45.5,50.9,95.7,98.7,1066.7,10.67,15,15,15,35,74,374,1,2,是,否,否,否,否,否,否,否,否,否,是,否,否,否,否,否,否,否,否,否,否,否,否,否,否,否,否,否,否,否,否,否,否,否,否,否,否,36.0,34,34,37,97.0,100.0,否,否,24292,21072,0.0,1.5,1.5,0.000,0.087,3863,1528,38,0.001,100.0,1066.0,0.0,0.0,0.0,0.0,0.0,0.0,0.0,317,否,否,否,否,否,否,7.396,25.113,60.8,-11.035,25.2,136.5,7.2,60.6,0.7,0.7,0.7,0.7,7.2,60.3,0.7,0.7,0.7,0.7,139.66,1360.20,14.29,14.02,1532.07,1532.07,0.32,139.37,139.29,0.38,232.42,0,0,0.0,0.0,0,0.000,
17.9.2026,22:49:49.943,5968,33544,15.1,5891,10291,36.4,0.0,23329,0,0.783,0.860,0.767,0.752,0.752,0.691,0.696,1500.0,2400.0,1200.0,1200.0,1200.0,100.0,1000.0,201.2,653.9,765.8,146.5,35.6,5.8,0.4,1.7,0.2,201.2,17.0,43.5,52.6,12.2,3.4,4.6,0.6,18.3,0.6,52.6,17.0,100.0,8.3,26.9,31.7,5.9,1.5,0.2,0.0,0.1,0.0,8.3,15.0,24.0,12.0,12.0,12.0,10.0,37,35,38,39,36,63,65,62,61,64,39,39,否,否,否,否,否,否,否,否,否,否,否,否,否,否,否,否,否,否,38,38,38,0.250,3.066,0.630,0.000,10.021,1.225,0.357,0.733,35.0,30.0,64.0,64.0,0,0.2,0.2,0.0,0.0,0.0,14.0,43.7,52.7,12.1,3.0,0.5,0.0,0.1,0.0,71.8,4.0,84.0,99.3,99.8,1066.7,10.67,15,15,15,35,74,374,1,2,是,否,否,否,否,否,否,否,否,否,是,否,否,否,否,否,否,否,否,否,否,否,否,否,否,否,否,否,否,否,否,否,否,否,否,否,否,36.0,34,34,43,97.0,100.0,否,否,24292,21072,0.0,0.3,0.3,0.000,0.304,3863,1528,38,0.000,100.0,1066.0,0.0,0.0,0.0,0.0,0.0,0.0,0.0,317,否,否,否,否,否,否,7.348,25.105,60.8,-11.118,25.2,135.5,7.2,60.6,0.7,0.7,0.7,0.7,7.2,60.3,0.7,0.7,0.7,0.7,139.66,1360.20,14.29,14.02,1532.07,1532.07,0.32,139.37,139.29,0.38,232.42,0,0,0.0,0.0,0,0.000,
17.9.2026,22:49:51.941,5967,33545,15.1,5889,10294,36.3,0.0,23329,0,0.770,0.797,0.770,0.757,0.755,0.688,0.696,1200.0,1200.0,1200.0,1200.0,1200.0,100.0,1000.0,198.2,644.8,714.4,141.8,51.6,31.7,0.2,0.8,0.2,198.2,13.4,43.8,49.0,11.1,3.2,0.0,0.0,0.0,0.0,49.0,13.4,100.0,8.2,26.6,29.5,5.7,2.1,1.3,0.0,0.0,0.0,8.2,12.0,12.0,12.0,12.0,12.0,10.0,36,36,36,37,36,64,64,64,63,64,38,37,否,否,否,否,否,否,否,否,否,否,否,否,否,否,否,否,否,否,38,38,38,0.250,4.806,1.065,0.000,13.512,1.289,0.424,1.951,35.0,30.0,64.0,64.0,0,0.2,0.2,0.0,0.0,0.0,14.1,44.4,49.6,11.7,4.2,2.5,0.0,0.1,0.0,71.6,5.8,83.4,97.3,99.9,1066.7,10.67,15,15,15,35,74,374,1,2,是,否,否,否,否,否,否,否,否,否,是,否,否,否,否,否,否,否,否,否,否,否,否,否,否,否,否,否,否,否,否,否,否,否,否,否,否,37.0,34,34,44,97.0,100.0,否,否,24292,21072,0.0,0.2,0.2,0.000,0.241,3863,1529,38,0.000,100.0,1066.0,0.0,0.0,0.0,0.0,0.0,0.0,0.0,317,否,否,否,否,否,否,7.341,25.097,60.8,-11.305,25.2,133.2,7.2,60.6,0.7,0.7,0.7,0.7,7.2,60.3,0.7,0.7,0.7,0.7,139.66,1360.20,14.29,14.02,1532.07,1532.07,0.32,139.37,139.29,0.38,232.42,0,0,0.0,0.0,0,0.000,
17.9.2026,22:49:53.948,5962,33550,15.0,5881,10302,36.3,0.0,23329,0,0.796,0.907,0.770,0.752,0.752,0.818,0.696,1600.0,2800.0,1200.0,1200.0,1200.0,100.0,2600.0,204.8,578.5,727.6,223.0,85.5,19.3,0.5,2.5,1.6,204.8,14.8,37.4,49.4,17.7,7.3,6.2,0.0,0.0,0.0,49.4,14.8,100.0,8.4,23.7,30.1,9.1,3.5,0.8,0.0,0.1,0.1,8.4,16.0,28.0,12.0,12.0,12.0,26.0,36,38,35,37,35,64,62,65,63,65,38,38,否,否,否,否,否,否,否,否,否,否,否,否,否,否,否,否,否,否,39,39,39,0.250,4.773,1.033,0.000,13.461,1.290,0.423,1.951,35.0,30.0,64.0,64.0,0,0.5,0.3,0.0,0.0,0.0,14.5,38.4,50.0,18.5,7.1,1.5,0.0,0.2,0.1,69.5,6.0,74.0,98.3,99.7,1600.0,16.00,22,22,22,52,74,560,1,2,是,否,否,否,否,否,否,否,否,否,是,否,否,否,否,否,否,否,否,否,否,否,否,否,否,否,否,否,否,否,否,否,否,否,否,否,否,37.0,34,34,45,97.0,100.0,否,否,24292,21072,0.0,0.2,0.2,0.000,0.266,3863,1529,39,0.000,100.0,1066.0,0.0,0.0,0.0,0.0,0.0,0.0,0.0,317,否,否,否,否,否,否,7.345,25.090,60.7,-11.818,25.2,127.4,7.2,60.6,0.7,0.7,0.7,0.7,7.2,60.3,0.7,0.7,0.7,0.7,139.66,1360.20,14.29,14.02,1532.07,1532.07,0.32,139.37,139.29,0.38,232.42,0,0,0.0,0.0,0,0.000,
17.9.2026,22:49:55.963,5968,33544,15.1,5887,10296,36.3,0.0,23329,0,0.776,0.810,0.767,0.755,0.770,0.708,0.693,1350.0,1500.0,1200.0,1200.0,1500.0,100.0,1300.0,202.8,693.5,770.6,123.5,21.0,9.9,0.2,3.3,0.1,202.8,14.1,46.3,51.0,10.0,1.6,1.5,0.8,1.0,0.7,51.0,14.1,100.0,8.4,28.6,31.9,5.0,0.9,0.4,0.0,0.1,0.0,8.4,13.5,15.0,12.0,12.0,15.0,13.0,37,37,38,38,36,63,63,62,62,64,38,38,否,否,否,否,否,否,否,否,否,否,否,否,否,否,否,否,否,否,39,39,39,0.250,4.750,1.009,0.000,13.454,1.289,0.429,1.951,35.0,30.0,64.0,64.0,0,0.2,0.1,0.0,0.0,0.0,14.0,46.8,51.5,10.5,1.7,0.8,0.0,0.2,0.0,71.7,1.5,86.7,99.0,99.7,1066.7,10.67,15,15,15,35,74,374,1,2,是,否,否,否,否,否,否,否,否,否,是,否,否,否,否,否,否,否,否,否,否,否,否,否,否,否,否,否,否,否,否,否,否,否,否,否,否,37.0,35,35,46,97.0,100.0,否,否,24292,21072,0.0,0.3,0.3,0.000,0.249,3863,1530,38,0.000,100.0,1599.0,0.0,0.0,0.0,0.0,0.0,0.0,0.0,317,否,否,否,否,否,否,7.335,25.082,60.7,-11.949,25.2,125.9,7.2,60.6,0.7,0.7,0.7,0.7,7.2,60.3,0.7,0.7,0.7,0.7,139.66,1360.20,14.29,14.02,1532.07,1532.07,0.32,139.37,139.29,0.38,232.42,0,0,0.0,0.0,0,0.000,
17.9.2026,22:49:57.972,5968,33544,15.1,5890,10293,36.3,0.0,23329,0,0.882,1.100,0.770,0.752,0.905,0.688,0.736,2375.0,4199.9,1200.0,1200.0,2900.0,100.0,1000.0,201.7,635.8,729.4,189.2,50.6,7.9,0.2,0.7,0.2,201.7,14.0,43.5,49.2,15.2,3.8,0.4,0.0,0.0,0.0,49.2,14.0,100.0,8.3,26.0,30.1,7.7,2.1,0.3,0.0,0.0,0.0,8.3,23.8,42.0,12.0,12.0,29.0,10.0,38,42,36,38,36,62,58,64,62,64,42,42,否,否,否,否,否,否,否,否,否,否,否,否,否,否,否,否,否,否,40,40,39,0.250,4.896,1.146,0.000,13.590,1.296,0.429,1.949,35.0,30.0,64.0,64.0,0,0.6,0.4,0.0,0.0,0.0,14.2,44.0,49.4,15.8,4.0,0.6,0.0,0.1,0.0,72.4,11.0,79.7,99.2,99.9,1066.7,10.67,15,15,15,35,74,374,1,2,是,否,否,否,否,否,否,否,否,否,是,否,否,否,否,否,否,否,否,否,否,否,否,否,否,否,否,否,否,否,否,否,否,否,否,否,否,37.0,35,35,47,97.0,100.0,否,否,24292,21072,0.0,0.3,0.3,0.000,0.362,3863,1530,39,0.000,100.0,1066.0,0.0,0.0,0.0,0.0,0.0,0.0,0.0,317,否,否,否,否,否,否,7.341,25.074,60.7,-12.245,25.2,122.8,7.2,60.6,0.7,0.7,0.7,0.7,7.2,60.3,0.7,0.7,0.7,0.7,139.66,1360.20,14.29,14.02,1532.07,1532.07,0.32,139.37,139.29,0.38,232.42,0,0,0.0,0.0,0,0.000,
17.9.2026,22:49:59.984,5956,33556,15.0,5878,10305,36.3,0.0,23329,0,0.789,0.840,0.767,0.795,0.752,0.741,0.736,1600.0,2000.0,1200.0,2000.0,1200.0,100.0,1800.0,197.8,591.3,648.2,279.0,35.1,12.7,0.3,15.2,0.2,197.8,13.9,40.3,44.2,23.0,3.1,0.6,0.0,0.0,0.0,44.2,13.9,100.0,8.1,24.3,26.8,11.5,1.4,0.5,0.0,0.6,0.0,8.1,16.0,20.0,12.0,20.0,12.0,18.0,37,36,38,38,36,63,64,62,62,64,39,38,否,否,否,否,否,否,否,否,否,否,否,否,否,否,否,否,否,否,39,39,39,0.250,4.746,1.002,0.000,13.371,1.289,0.429,1.952,35.0,30.0,64.0,64.0,0,0.4,0.3,0.0,0.0,0.0,14.3,41.3,44.9,23.1,2.8,1.0,0.0,1.2,0.0,71.5,14.3,74.0,98.8,98.7,1066.7,10.67,15,15,15,35,74,374,1,2,是,否,否,否,否,否,否,否,否,否,是,否,否,否,否,否,否,否,否,否,否,否,否,否,否,否,否,否,否,否,否,否,否,否,否,否,否,37.0,35,35,47,97.0,100.0,否,否,24292,21072,0.0,0.4,0.4,0.000,0.201,3863,1531,40,0.000,100.0,1066.0,0.0,0.0,0.0,0.0,0.0,0.0,0.0,317,否,否,否,否,否,否,7.338,25.067,60.7,-12.453,25.2,120.8,7.2,60.6,0.7,0.7,0.7,0.7,7.2,60.3,0.7,0.7,0.7,0.7,139.66,1360.20,14.29,14.02,1532.07,1532.07,0.32,139.37,139.29,0.38,232.42,0,0,0.0,0.0,0,0.000,
17.9.2026,22:50:1.995,5962,33549,15.0,5882,10300,36.3,0.0,23329,0,0.800,0.930,0.765,0.755,0.750,0.856,0.693,1700.0,3200.0,1200.0,1200.0,1200.0,100.0,3000.0,194.1,474.7,486.1,481.9,79.1,21.4,0.6,8.8,0.3,194.1,16.9,33.2,34.2,39.6,5.4,1.4,0.5,20.3,0.5,39.6,16.9,100.0,8.0,19.4,20.0,19.9,3.3,0.8,0.0,0.4,0.0,8.0,17.0,32.0,12.0,12.0,12.0,30.0,38,40,38,39,36,62,60,62,61,64,40,40,否,否,否,否,否,否,否,否,否,否,否,否,否,否,否,否,否,否,40,38,40,0.250,4.629,0.960,0.000,13.296,1.284,0.424,1.884,35.0,30.0,64.0,64.0,0,0.4,0.4,0.0,0.0,0.0,14.8,34.3,34.8,40.1,6.5,1.8,0.0,0.7,0.0,72.6,39.8,53.5,98.0,99.2,1066.7,10.67,15,15,15,35,74,374,1,2,是,否,否,否,否,否,否,否,否,否,是,否,否,否,否,否,否,否,否,否,否,否,否,否,否,否,否,否,否,否,否,否,否,否,否,否,否,38.0,35,35,43,97.0,100.0,否,否,24292,21072,0.0,0.9,0.9,0.000,0.245,3863,1531,39,0.000,100.0,1066.0,0.0,0.0,0.0,0.0,0.0,0.0,0.0,317,否,否,否,否,否,否,7.375,25.059,60.7,-12.700,25.2,118.4,7.2,60.6,0.7,0.7,0.7,0.7,7.2,60.3,0.7,0.7,0.7,0.7,139.66,1360.20,14.29,14.02,1532.07,1532.07,0.32,139.37,139.29,0.38,232.42,0,0,0.0,0.0,0,0.000,
17.9.2026,22:50:4.007,5957,33555,15.0,5880,10302,36.3,0.0,23329,0,0.767,0.797,0.765,0.755,0.752,0.688,0.693,1200.0,1200.0,1200.0,1200.0,1200.0,100.0,1000.0,187.5,474.0,558.8,402.0,57.4,5.5,0.3,1.6,0.2,187.5,14.3,33.9,39.8,33.2,4.7,1.4,0.3,0.4,0.3,39.8,14.3,100.0,7.7,19.4,23.1,16.6,2.3,0.2,0.0,0.1,0.0,7.7,12.0,12.0,12.0,12.0,12.0,10.0,37,32,39,39,38,63,68,61,61,62,39,39,否,否,否,否,否,否,否,否,否,否,否,否,否,否,否,否,否,否,39,38,39,0.250,3.516,0.691,0.002,11.402,1.241,0.380,1.094,35.0,30.0,64.0,64.0,0,0.5,0.6,0.0,0.0,0.0,14.2,34.5,40.0,33.4,4.6,0.5,0.0,0.1,0.0,71.1,23.7,61.6,99.3,99.8,1066.7,10.67,15,15,15,35,74,374,1,2,是,否,否,否,否,否,否,否,否,否,是,否,否,否,否,否,否,否,否,否,否,否,否,否,否,否,否,否,否,否,否,否,否,否,否,否,否,37.0,35,35,44,97.0,100.0,否,否,24292,21072,0.0,1.3,1.3,0.000,0.144,3863,1531,39,0.002,100.0,1066.0,0.0,0.0,0.0,0.0,0.0,0.0,0.0,317,否,否,否,否,否,否,7.336,25.052,60.6,-12.523,25.2,120.0,7.2,60.6,0.7,0.7,0.7,0.7,7.2,60.3,0.7,0.7,0.7,0.7,139.66,1360.20,14.29,14.02,1532.07,1532.07,0.32,139.37,139.29,0.38,232.42,0,0,0.0,0.0,0,0.000,
17.9.2026,22:50:6.012,5958,33554,15.0,5876,10306,36.3,0.0,23329,0,0.771,0.797,0.765,0.770,0.750,0.708,0.693,1275.0,1200.0,1200.0,1500.0,1200.0,100.0,1300.0,190.1,502.1,544.7,384.6,71.7,10.4,0.4,7.0,0.2,190.1,13.8,34.2,37.8,31.5,6.4,0.0,0.0,0.3,0.0,37.8,13.8,100.0,7.8,20.5,22.5,15.9,3.0,0.4,0.0,0.3,0.0,7.8,12.8,12.0,12.0,15.0,12.0,13.0,37,34,40,39,36,63,66,60,61,64,40,40,否,否,否,否,否,否,否,否,否,否,否,否,否,否,否,否,否,否,39,38,39,0.250,3.991,0.764,0.000,12.386,1.251,0.375,1.489,35.0,30.0,64.0,64.0,0,0.6,0.7,0.0,0.0,0.0,14.1,35.2,38.4,32.0,5.9,0.8,0.0,0.6,0.0,71.3,24.7,61.9,99.0,99.4,1066.7,10.67,15,15,15,35,74,374,1,2,是,否,否,否,否,否,否,否,否,否,是,否,否,否,否,否,否,否,否,否,否,否,否,否,否,否,否,否,否,否,否,否,否,否,否,否,否,36.0,35,35,44,97.0,100.0,否,否,24292,21072,0.0,1.0,1.0,0.000,0.151,3863,1532,39,0.000,100.0,1066.0,0.0,0.0,0.0,0.0,0.0,0.0,0.0,317,否,否,否,否,否,否,7.341,25.052,60.6,-12.604,25.2,119.2,7.2,60.6,0.7,0.7,0.7,0.7,7.2,60.3,0.7,0.7,0.7,0.7,139.66,1360.20,14.29,14.02,1532.07,1532.07,0.32,139.37,139.29,0.38,232.42,0,0,0.0,0.0,0,0.000,
17.9.2026,22:50:8.005,5965,33547,15.0,5887,10295,36.3,0.0,23329,0,0.760,0.797,0.715,0.777,0.750,0.716,0.693,1100.0,1200.0,400.0,1600.0,1200.0,100.0,1400.0,182.0,302.5,360.0,650.4,78.5,43.9,6.3,13.8,0.3,182.0,14.8,22.2,27.0,53.8,6.3,6.4,1.2,1.1,0.8,53.8,14.8,100.0,7.5,12.2,14.8,27.0,3.2,1.8,0.3,0.6,0.0,7.5,11.0,12.0,4.0,16.0,12.0,14.0,37,34,40,37,38,63,66,60,63,62,40,40,否,否,否,否,否,否,否,否,否,否,否,否,否,否,否,否,否,否,40,38,40,0.250,4.100,0.819,0.000,12.196,1.260,0.390,1.530,35.0,30.0,64.0,64.0,0,0.0,0.0,0.0,0.0,0.0,14.6,23.1,27.5,54.1,6.5,3.6,0.5,1.1,0.0,72.3,54.0,40.5,95.8,98.8,1066.7,10.67,15,15,15,35,74,374,1,2,是,否,否,否,否,否,否,否,否,否,是,否,否,否,否,否,否,否,否,否,否,否,否,否,否,否,否,否,否,否,否,否,否,否,否,否,否,37.0,35,35,42,97.0,100.0,否,否,24292,21072,0.0,1.9,1.9,0.000,0.055,3863,1532,38,0.000,100.0,1066.0,0.0,0.0,0.0,0.0,0.0,0.0,0.0,317,否,否,否,否,否,否,7.372,25.044,60.6,-12.658,25.2,118.7,7.2,60.6,0.7,0.7,0.7,0.7,7.2,60.3,0.7,0.7,0.7,0.7,139.66,1360.20,14.29,14.02,1532.07,1532.07,0.32,139.37,139.29,0.38,232.42,0,0,0.0,0.0,0,0.000,
17.9.2026,22:50:10.010,5959,33553,15.0,5881,10301,36.3,0.0,23329,0,0.850,1.127,0.767,0.752,0.752,0.966,0.736,1950.0,4199.9,1200.0,1200.0,1200.0,100.0,3599.9,196.6,591.1,677.3,226.0,69.7,7.1,0.3,1.6,0.2,196.6,14.0,40.8,46.4,18.8,5.4,1.0,0.0,0.0,0.0,46.4,14.0,100.0,8.1,24.2,28.0,9.2,2.9,0.3,0.0,0.1,0.0,8.1,19.5,42.0,12.0,12.0,12.0,36.0,38,38,38,39,37,62,62,62,61,63,40,39,否,否,否,否,否,否,否,否,否,否,否,否,否,否,否,否,否,否,39,38,39,0.250,2.768,0.505,0.000,9.544,1.207,0.295,0.590,35.0,30.0,64.0,64.0,0,0.5,0.4,0.0,0.0,0.0,14.1,41.2,46.6,18.8,5.7,0.5,0.0,0.1,0.0,72.6,16.4,74.8,99.2,99.8,1066.7,10.67,15,15,15,35,74,374,1,2,是,否,否,否,否,否,否,否,否,否,是,否,否,否,否,否,否,否,否,否,否,否,否,否,否,否,否,否,否,否,否,否,否,否,否,否,否,38.0,35,35,44,97.0,100.0,否,否,24292,21072,0.0,0.2,0.2,0.000,0.335,3863,1532,39,0.000,100.0,1066.0,0.0,0.0,0.0,0.0,0.0,0.0,0.0,317,否,否,否,否,否,否,7.353,25.036,60.6,-12.272,25.2,122.4,7.2,60.6,0.7,0.7,0.7,0.7,7.2,60.3,0.7,0.7,0.7,0.7,139.66,1360.20,14.29,14.02,1532.07,1532.07,0.32,139.37,139.29,0.38,232.42,0,0,0.0,0.0,0,0.000,
17.9.2026,22:50:12.019,5968,33544,15.1,5885,10298,36.3,0.0,23329,0,0.767,0.797,0.765,0.757,0.750,0.688,0.693,1200.0,1200.0,1200.0,1200.0,1200.0,100.0,1000.0,188.0,388.2,422.7,537.7,111.2,42.5,0.2,1.2,0.2,188.0,14.4,27.2,29.8,44.0,10.0,3.2,0.5,0.0,0.5,44.0,14.4,100.0,7.7,15.7,17.4,22.2,4.6,1.7,0.0,0.0,0.0,7.7,12.0,12.0,12.0,12.0,12.0,10.0,37,35,38,38,38,63,65,62,62,62,39,38,否,否,否,否,否,否,否,否,否,否,否,否,否,否,否,否,否,否,39,39,39,0.250,4.318,0.935,0.000,12.575,1.267,0.387,1.624,35.0,30.0,64.0,64.0,0,0.4,0.3,0.0,0.0,0.0,14.5,28.3,30.5,44.6,9.0,3.6,0.0,0.1,0.0,71.2,42.0,46.7,96.2,99.8,1066.7,10.67,15,15,15,35,74,374,1,2,是,否,否,否,否,否,否,否,否,否,是,否,否,否,否,否,否,否,否,否,否,否,否,否,否,否,否,否,否,否,否,否,否,否,否,否,否,38.0,36,36,42,97.0,100.0,否,否,24292,21072,0.0,1.0,1.0,0.000,0.087,3863,1533,38,0.000,100.0,1066.0,0.0,0.0,0.0,0.0,0.0,0.0,0.0,317,否,否,否,否,否,否,7.349,25.036,60.6,-12.479,25.2,120.4,7.2,60.6,0.7,0.7,0.7,0.7,7.2,60.3,0.7,0.7,0.7,0.7,139.66,1360.20,14.29,14.02,1532.07,1532.07,0.32,139.37,139.29,0.38,232.42,0,0,0.0,0.0,0,0.000,
17.9.2026,22:50:14.021,5965,33546,15.0,5884,10298,36.3,0.0,23329,0,0.766,0.795,0.765,0.752,0.750,0.688,0.693,1200.0,1200.0,1200.0,1200.0,1200.0,100.0,600.0,192.8,504.6,540.0,391.9,79.2,21.0,1.6,2.7,1.3,192.8,14.3,36.1,37.5,31.4,5.1,1.3,0.0,2.8,0.0,37.5,14.3,100.0,7.9,20.6,22.2,16.2,3.3,0.8,0.1,0.1,0.0,7.9,12.0,12.0,12.0,12.0,12.0,6.0,38,37,39,38,37,62,63,61,62,63,41,39,否,否,否,否,否,否,否,否,否,否,否,否,否,否,否,否,否,否,39,39,39,0.250,3.665,0.662,0.000,11.365,1.242,0.365,1.275,35.0,30.0,64.0,64.0,0,0.6,0.6,0.0,0.0,0.0,14.4,36.6,37.8,32.2,6.3,1.7,0.1,0.2,0.1,71.8,27.2,62.2,98.0,99.8,1066.7,10.67,15,15,15,35,74,374,1,2,是,否,否,否,否,否,否,否,否,否,是,否,否,否,否,否,否,否,否,否,否,否,否,否,否,否,否,否,否,否,否,否,否,否,否,否,否,38.0,36,36,44,97.0,100.0,否,否,24292,21072,0.0,1.2,1.2,0.000,0.179,3863,1533,39,0.000,100.0,1066.0,0.0,0.0,0.0,0.0,0.0,0.0,0.0,317,否,否,否,否,否,否,7.408,25.029,60.6,-12.438,25.2,120.7,7.2,60.6,0.7,0.7,0.7,0.7,7.2,60.3,0.7,0.7,0.7,0.7,139.66,1360.20,14.29,14.02,1532.07,1532.07,0.32,139.37,139.29,0.38,232.42,0,0,0.0,0.0,0,0.000,
17.9.2026,22:50:16.019,5965,33546,15.0,5901,10282,36.4,0.0,23329,0,0.772,0.797,0.765,0.752,0.775,0.721,0.693,1300.0,1200.0,1200.0,1200.0,1600.0,100.0,1500.0,190.4,479.3,472.2,459.6,81.6,25.5,1.8,3.5,0.2,190.4,14.3,33.8,33.1,38.3,8.0,1.2,0.1,0.0,0.0,38.3,14.3,100.0,7.8,19.5,19.4,19.0,3.4,1.0,0.1,0.1,0.0,7.8,13.0,12.0,12.0,12.0,16.0,15.0,36,34,38,38,36,64,66,62,62,64,39,38,否,否,否,否,否,否,否,否,否,否,否,否,否,否,否,否,否,否,40,40,39,0.250,4.098,0.797,0.001,12.209,1.263,0.401,1.544,35.0,30.0,64.0,64.0,0,0.6,0.6,0.0,0.0,0.0,14.5,34.8,33.7,38.2,6.7,2.1,0.1,0.2,0.0,72.2,35.9,55.5,97.5,99.7,1066.7,10.67,15,15,15,35,74,374,1,2,是,否,否,否,否,否,否,否,否,否,是,否,否,否,否,否,否,否,否,否,否,否,否,否,否,否,否,否,否,否,否,否,否,否,否,否,否,38.0,36,36,44,97.0,100.0,否,否,24292,21072,0.0,1.6,1.6,0.000,0.106,3863,1533,39,0.001,100.0,1066.0,0.0,0.0,0.0,0.0,0.0,0.0,0.0,317,否,否,否,否,否,否,7.356,25.021,60.6,-12.432,25.2,120.8,7.2,60.6,0.7,0.7,0.7,0.7,7.2,60.3,0.7,0.7,0.7,0.7,139.66,1360.20,14.29,14.02,1532.07,1532.07,0.32,139.37,139.29,0.38,232.42,0,0,0.0,0.0,0,0.000,
17.9.2026,22:50:18.021,5967,33545,15.1,5886,10296,36.3,0.0,23329,0,0.803,0.897,0.765,0.752,0.797,0.808,0.693,1800.0,2700.0,1200.0,1200.0,2100.0,100.0,2500.0,185.6,431.3,426.6,479.7,63.6,76.2,0.2,6.7,0.2,185.6,14.1,31.6,31.1,39.4,3.5,6.8,0.0,0.5,0.0,39.4,14.1,100.0,7.6,17.5,17.5,19.9,2.6,3.1,0.0,0.3,0.0,7.6,18.0,27.0,12.0,12.0,21.0,25.0,38,36,38,40,37,62,64,62,60,63,40,40,否,否,否,否,否,否,否,否,否,否,否,否,否,否,否,否,否,否,40,39,40,0.250,3.924,0.698,0.000,11.891,1.261,0.431,1.469,35.0,30.0,64.0,64.0,0,0.4,0.4,0.0,0.0,0.0,14.5,32.5,31.7,39.8,5.2,6.2,0.0,0.6,0.0,72.1,39.5,55.9,93.5,99.4,1066.7,10.67,15,15,15,35,74,374,1,2,是,否,否,否,否,否,否,否,否,否,是,否,否,否,否,否,否,否,否,否,否,否,否,否,否,否,否,否,否,否,否,否,否,否,否,否,否,38.0,36,36,42,97.0,100.0,否,否,24292,21072,0.0,1.9,1.9,0.000,0.133,3863,1533,39,0.000,100.0,1066.0,0.0,0.0,0.0,0.0,0.0,0.0,0.0,317,否,否,否,否,否,否,7.418,25.013,60.6,-12.329,25.2,121.7,7.2,60.6,0.7,0.7,0.7,0.7,7.2,60.3,0.7,0.7,0.7,0.7,139.66,1360.20,14.29,14.02,1532.07,1532.07,0.32,139.37,139.29,0.38,232.42,0,0,0.0,0.0,0,0.000,
17.9.2026,22:50:20.015,5971,33540,15.1,5899,10284,36.4,0.0,23329,0,0.769,0.812,0.762,0.752,0.747,0.708,0.693,1275.0,1500.0,1200.0,1200.0,1200.0,100.0,1300.0,201.0,477.0,577.1,409.1,117.2,25.8,0.6,1.0,0.3,201.0,15.0,31.9,41.0,32.8,10.0,2.5,0.6,0.7,0.6,41.0,15.0,100.0,8.2,19.3,23.8,16.8,4.8,1.0,0.0,0.0,0.0,8.2,12.8,15.0,12.0,12.0,12.0,13.0,38,34,41,38,38,62,66,59,62,62,40,41,否,否,否,否,否,否,否,否,否,否,否,否,否,否,否,否,否,否,41,41,39,0.250,3.418,0.606,0.000,10.781,1.232,0.369,1.098,35.0,30.0,64.0,64.0,0,0.6,0.5,0.0,0.0,0.0,14.9,33.1,41.6,33.5,9.0,2.0,0.1,0.1,0.0,70.1,24.4,58.3,97.7,99.8,1066.7,10.67,15,15,15,35,74,374,1,2,是,否,否,否,否,否,否,否,否,否,是,否,否,否,否,否,否,否,否,否,否,否,否,否,否,否,否,否,否,否,否,否,否,否,否,否,否,39.0,36,36,45,97.0,100.0,否,否,24292,21072,0.0,0.7,0.7,0.000,0.167,3863,1534,39,0.000,100.0,1066.0,0.0,0.0,0.0,0.0,0.0,0.0,0.0,317,否,否,否,否,否,否,7.339,25.006,60.5,-12.330,25.2,121.7,7.2,60.6,0.7,0.7,0.7,0.7,7.2,60.3,0.7,0.7,0.7,0.7,139.66,1360.20,14.29,14.02,1532.07,1532.07,0.32,139.37,139.29,0.38,232.42,0,0,0.0,0.0,0,0.000,
17.9.2026,22:50:22.026,5964,33548,15.0,5884,10299,36.3,0.0,23329,0,0.781,0.795,0.765,0.752,0.812,0.688,0.693,1450.0,1200.0,1200.0,1200.0,2200.0,100.0,1000.0,201.1,511.4,539.4,453.3,89.2,13.1,0.7,0.7,1.0,201.1,14.8,36.3,38.7,36.8,5.4,0.9,0.0,0.0,0.0,38.7,14.8,100.0,8.2,20.8,22.2,18.7,3.7,0.5,0.0,0.0,0.0,8.2,14.5,12.0,12.0,12.0,22.0,10.0,38,37,39,39,36,62,63,61,61,64,40,39,否,否,否,否,否,否,否,否,否,否,否,否,否,否,否,否,否,否,40,40,40,0.250,4.379,0.821,0.002,12.779,1.282,0.430,1.775,35.0,30.0,64.0,64.0,0,0.7,0.6,0.0,0.0,0.0,15.3,37.2,39.4,37.3,7.1,1.1,0.1,0.1,0.1,70.8,28.6,56.1,98.6,99.8,1066.7,10.67,15,15,15,35,74,374,1,2,是,否,否,否,否,否,否,否,否,否,是,否,否,否,否,否,否,否,否,否,否,否,否,否,否,否,否,否,否,否,否,否,否,否,否,否,否,38.0,36,36,45,97.0,100.0,否,否,24292,21072,0.0,1.6,1.6,0.000,0.196,3863,1534,40,0.002,100.0,1066.0,0.0,0.0,0.0,0.0,0.0,0.0,0.0,317,否,否,否,否,否,否,7.362,24.998,60.5,-12.493,25.2,120.0,7.2,60.6,0.7,0.7,0.7,0.7,7.2,60.3,0.7,0.7,0.7,0.7,139.66,1360.20,14.29,14.02,1532.07,1532.07,0.32,139.37,139.29,0.38,232.42,0,0,0.0,0.0,0,0.000,
17.9.2026,22:50:24.039,5970,33542,15.1,5886,10296,36.3,0.0,23329,0,0.779,0.847,0.767,0.750,0.750,0.758,0.693,1450.0,2200.0,1200.0,1200.0,1200.0,100.0,2000.0,205.5,624.9,614.0,258.3,68.5,29.8,28.0,7.5,12.9,205.5,14.4,42.7,40.2,20.7,5.8,1.2,2.7,0.9,1.4,42.7,14.4,100.0,8.4,25.5,25.2,10.6,2.8,1.2,1.2,0.3,0.5,8.4,14.5,22.0,12.0,12.0,12.0,20.0,38,38,39,40,36,62,62,61,60,64,40,40,否,否,否,否,否,否,否,否,否,否,否,否,否,否,否,否,否,否,39,38,39,0.250,4.161,0.748,0.000,12.407,1.265,0.416,1.653,35.0,30.0,64.0,64.0,0,1.3,0.9,0.0,0.0,0.0,14.8,43.9,41.0,21.4,5.5,2.4,2.2,0.6,1.0,71.7,18.0,74.0,96.1,98.7,1600.0,16.00,22,22,22,52,74,560,1,2,是,否,否,否,否,否,否,否,否,否,是,否,否,否,否,否,否,否,否,否,否,否,否,否,否,否,否,否,否,否,否,否,否,否,否,否,否,38.0,36,36,46,97.0,100.0,否,否,24292,21072,1.1,0.7,1.8,5.425,1.056,3874,1536,39,0.000,100.0,1066.0,0.0,0.0,0.0,0.0,0.0,0.0,0.0,317,否,否,否,否,否,否,7.336,24.990,60.5,-12.471,25.2,120.2,7.2,60.6,0.7,0.7,0.7,0.7,7.2,60.3,0.7,0.7,0.7,0.7,139.66,1360.20,14.29,14.02,1532.07,1532.07,0.32,139.37,139.29,0.38,232.42,0,0,0.0,0.0,0,0.000,
17.9.2026,22:50:26.050,5971,33541,15.1,5890,10292,36.3,0.0,23329,0,0.812,0.825,0.767,0.752,0.905,0.733,0.693,1800.0,1900.0,1200.0,1200.0,2900.0,100.0,1700.0,183.2,809.7,499.8,133.1,18.0,4.1,0.2,0.5,0.2,183.2,12.5,57.5,31.3,10.5,1.2,0.0,0.0,0.0,0.0,57.5,12.5,100.0,7.5,33.3,20.3,5.3,0.7,0.1,0.0,0.0,0.0,7.5,18.0,19.0,12.0,12.0,29.0,17.0,38,37,38,40,37,62,63,62,60,63,39,40,否,否,否,否,否,否,否,否,否,否,否,否,否,否,否,否,否,否,40,40,39,7.000,4.541,0.991,0.002,12.902,1.281,0.428,1.765,35.0,30.0,64.0,64.0,0,0.3,0.1,0.0,0.0,0.0,12.9,58.3,32.3,11.0,1.4,0.4,0.0,0.1,0.0,71.9,0.5,87.5,99.5,99.9,1066.7,10.67,15,15,15,35,74,374,1,2,是,否,否,否,否,否,否,否,否,否,是,否,否,否,否,否,否,否,否,否,否,否,否,否,否,否,否,否,否,否,否,否,否,否,否,否,否,37.0,36,36,48,97.0,100.0,否,否,24292,21072,3.3,1.8,5.0,29.931,2.785,3931,1541,39,0.002,100.0,1599.0,0.0,0.0,0.0,0.0,0.0,0.0,0.0,317,否,否,否,否,否,否,7.338,24.983,60.5,-12.651,25.2,118.5,7.2,60.6,0.7,0.7,0.7,0.7,7.2,60.3,0.7,0.7,0.7,0.7,139.66,1360.20,14.29,14.02,1532.07,1532.07,0.32,139.37,139.29,0.38,232.42,0,0,0.0,0.0,0,0.000,
17.9.2026,22:50:28.045,5973,33538,15.1,5890,10292,36.3,0.0,23329,0,0.774,0.795,0.765,0.752,0.785,0.713,0.693,1375.0,1200.0,1200.0,1200.0,1900.0,100.0,1400.0,181.4,741.4,522.5,150.8,32.3,3.5,0.2,0.3,0.2,181.4,13.2,51.7,34.8,12.0,2.2,5.3,0.0,0.0,0.0,51.7,13.2,100.0,7.4,30.2,21.2,6.1,1.3,0.1,0.0,0.0,0.0,7.4,13.8,12.0,12.0,12.0,19.0,14.0,37,35,39,39,36,63,65,61,61,64,39,39,否,否,否,否,否,否,否,否,否,否,否,否,否,否,否,否,否,否,40,39,40,0.750,4.759,1.007,0.000,13.315,1.296,0.429,1.952,35.0,30.0,64.0,64.0,0,0.8,0.5,0.0,0.0,0.0,13.0,52.9,35.9,12.4,2.4,0.3,0.0,0.0,0.0,72.6,6.1,84.8,99.5,99.9,1066.7,10.67,15,15,15,35,74,374,1,2,是,否,否,否,否,否,否,否,否,否,是,否,否,否,否,否,否,否,否,否,否,否,否,否,否,否,否,否,否,否,否,否,否,否,否,否,否,38.0,36,36,48,97.0,100.0,否,否,24292,21072,8.2,1.3,9.4,15.436,2.195,3961,1546,40,0.000,100.0,1066.0,0.0,0.0,0.0,0.0,0.0,0.0,0.0,317,否,否,否,否,否,否,7.335,24.983,60.5,-12.814,25.2,117.0,7.2,60.6,0.7,0.7,0.7,0.7,7.2,60.3,0.7,0.7,0.7,0.7,139.66,1360.20,14.29,14.02,1532.07,1532.07,0.32,139.37,139.29,0.38,232.42,0,0,0.0,0.0,0,0.000,
17.9.2026,22:50:30.045,5976,33535,15.1,5901,10281,36.4,0.0,23329,0,0.901,0.917,1.032,0.902,0.750,0.966,0.693,2650.0,2900.0,3599.9,2900.0,1200.0,100.0,3599.9,232.1,753.9,597.4,295.6,185.9,18.4,3.7,1.5,0.4,232.1,15.6,48.3,37.1,20.4,12.1,2.5,1.7,1.6,0.8,48.3,15.6,100.0,9.4,30.7,24.3,11.9,7.6,0.7,0.1,0.1,0.0,9.4,26.5,29.0,36.0,29.0,12.0,36.0,39,36,41,41,38,61,64,59,59,62,41,41,否,否,否,否,否,否,否,否,否,否,否,否,否,否,否,否,否,否,41,40,41,0.250,4.343,0.912,0.000,12.809,1.272,0.385,1.664,35.0,30.0,64.0,64.0,0,1.3,0.7,0.0,0.0,0.0,15.0,49.2,37.5,20.6,11.1,1.2,0.2,0.1,0.0,71.3,15.1,71.7,98.5,99.8,1600.0,16.00,22,22,22,52,74,560,1,2,是,否,否,否,否,否,否,否,否,否,是,否,否,否,否,否,否,否,否,否,否,否,否,否,否,否,否,否,否,否,否,否,否,否,否,否,否,38.0,36,36,49,97.0,100.0,否,否,24292,21073,4.5,1.6,6.0,21.860,2.442,4002,1550,40,0.000,100.0,1066.0,0.0,0.0,0.0,0.0,0.0,0.0,0.0,317,否,否,否,否,否,否,7.292,24.968,60.4,-12.834,25.2,116.7,7.2,60.6,0.7,0.7,0.7,0.7,7.2,60.3,0.7,0.7,0.7,0.7,139.66,1360.20,14.29,14.02,1532.07,1532.07,0.32,139.37,139.29,0.38,232.42,0,0,0.0,0.0,0,0.000,
17.9.2026,22:50:32.048,5975,33537,15.1,5897,10285,36.4,0.0,23329,0,0.769,0.792,0.765,0.752,0.767,0.713,0.693,1275.0,1200.0,1200.0,1200.0,1500.0,100.0,1400.0,220.2,744.5,575.0,222.1,139.1,43.2,28.5,7.4,1.4,220.2,13.6,48.7,33.9,15.4,8.3,2.3,0.4,0.0,0.0,48.7,13.6,100.0,8.9,30.3,23.3,9.0,5.7,1.7,1.1,0.3,0.1,8.9,12.8,12.0,12.0,12.0,15.0,14.0,39,40,38,40,38,61,60,62,60,62,40,40,否,否,否,否,否,否,否,否,否,否,否,否,否,否,否,否,否,否,40,40,39,0.250,5.086,1.330,0.000,13.669,1.299,0.444,1.949,35.0,30.0,64.0,64.0,0,1.7,1.2,0.0,0.0,0.0,14.5,50.1,35.1,16.3,9.5,2.7,1.6,0.6,0.1,72.4,18.3,75.2,96.7,99.2,1066.7,10.67,15,15,15,35,74,374,1,2,是,否,否,否,否,否,否,否,否,否,是,否,否,否,否,否,否,否,否,否,否,否,否,否,否,否,否,否,否,否,否,否,否,否,否,否,否,39.0,36,36,49,97.0,100.0,否,否,24292,21073,3.7,2.4,6.1,11.196,2.318,4024,1555,40,0.000,100.0,1599.0,0.0,0.0,0.0,0.0,0.0,0.0,0.0,317,否,否,否,否,否,否,7.287,24.960,60.4,-12.993,25.2,115.2,7.2,60.6,0.7,0.7,0.7,0.7,7.2,60.3,0.7,0.7,0.7,0.7,139.66,1360.20,14.29,14.02,1532.07,1532.07,0.32,139.37,139.29,0.38,232.42,0,0,0.0,0.0,0,0.000,
17.9.2026,22:50:34.051,5981,33531,15.1,5900,10282,36.4,0.0,23329,0,0.841,0.792,0.765,0.902,0.905,0.688,0.693,2050.0,1200.0,1200.0,2900.0,2900.0,100.0,1000.0,179.4,768.6,566.8,74.8,22.3,1.8,0.2,0.5,0.2,179.4,12.2,53.2,37.3,5.3,1.7,0.0,0.0,0.0,0.0,53.2,12.2,100.0,7.3,31.4,23.1,3.0,0.9,0.1,0.0,0.0,0.0,7.3,20.5,12.0,12.0,29.0,29.0,10.0,38,39,38,40,36,62,61,62,60,64,40,40,否,否,否,否,否,否,否,否,否,否,否,否,否,否,否,否,否,否,40,40,40,0.250,4.922,1.208,0.003,13.418,1.301,0.432,1.905,35.0,30.0,64.0,64.0,0,0.8,0.7,0.0,0.0,0.0,12.5,54.4,38.2,5.6,1.8,0.1,0.0,0.0,0.0,73.6,2.2,92.4,99.8,99.9,1066.7,10.67,15,15,15,35,74,374,1,2,是,否,否,否,否,否,否,否,否,否,是,否,否,否,否,否,否,否,否,否,否,否,否,否,否,否,否,否,否,否,否,否,否,否,否,否,否,38.0,37,37,50,97.0,100.0,否,否,24292,21073,3.7,4.6,8.3,16.179,2.671,4055,1560,41,0.003,100.0,1066.0,0.0,0.0,0.0,0.0,0.0,0.0,0.0,317,否,否,否,否,否,否,7.315,24.952,60.4,-13.123,25.2,114.1,7.2,60.6,0.7,0.7,0.7,0.7,7.2,60.3,0.7,0.7,0.7,0.7,139.66,1360.20,14.29,14.02,1532.07,1532.07,0.32,139.37,139.29,0.38,232.42,0,0,0.0,0.0,0,0.000,
17.9.2026,22:50:36.057,5944,33568,15.0,5865,10318,36.2,0.0,23329,0,0.761,0.792,0.755,0.750,0.747,0.678,0.696,1050.0,1000.0,1000.0,1100.0,1100.0,100.0,800.0,66.7,239.6,186.3,70.4,33.7,2.4,0.2,0.8,0.2,66.7,4.5,16.7,12.0,5.0,2.2,0.0,0.0,0.0,0.0,16.7,4.5,100.0,2.6,9.2,7.4,2.7,1.4,0.1,0.0,0.0,0.0,2.6,10.5,10.0,10.0,11.0,11.0,8.0,36,34,36,38,37,64,66,64,62,63,39,38,否,否,否,否,否,否,否,否,否,否,否,否,否,否,否,否,否,否,39,36,39,0.250,4.714,0.981,0.000,13.257,1.286,0.406,1.949,35.0,30.0,64.0,64.0,0,14.6,3.0,1.3,3.4,41.0,5.1,18.8,13.0,5.7,2.7,0.1,0.0,0.1,0.0,90.0,69.1,91.1,99.8,99.9,1066.7,10.67,15,15,15,35,74,374,1,2,是,否,否,否,否,否,否,否,否,否,是,否,否,否,否,否,否,否,否,否,否,否,否,否,否,否,否,否,否,否,否,否,否,否,否,否,否,37.0,37,37,44,97.0,100.0,否,否,24292,21073,0.0,3.2,3.2,0.000,1.128,4055,1562,39,0.000,100.0,1066.0,0.0,0.0,0.0,0.0,0.0,0.0,0.0,317,否,否,否,否,否,否,7.452,24.945,60.4,-13.123,25.2,114.0,7.2,60.6,0.7,0.7,0.7,0.7,7.2,60.3,0.7,0.7,0.7,0.7,139.66,1360.20,14.29,14.02,1532.07,1532.07,0.32,139.37,139.29,0.38,232.42,0,0,0.0,0.0,0,0.000,
17.9.2026,22:50:38.067,5944,33568,15.0,5867,10315,36.2,0.0,23329,0,0.762,0.792,0.760,0.750,0.745,0.681,0.693,1100.0,1100.0,1100.0,1100.0,1100.0,100.0,900.0,31.4,142.9,81.5,22.9,1.5,1.0,0.2,0.8,0.2,31.4,3.1,12.5,7.4,2.0,0.6,0.6,0.5,0.6,0.5,12.5,3.1,100.0,1.2,5.2,3.1,0.9,0.0,0.0,0.0,0.0,0.0,1.2,11.0,11.0,11.0,11.0,11.0,9.0,36,35,36,37,37,64,65,64,63,63,39,37,否,否,否,否,否,否,否,否,否,否,否,否,否,否,否,否,否,否,39,38,40,0.250,2.177,0.380,0.006,5.496,0.801,0.284,0.668,35.0,30.0,64.0,64.0,0,17.5,8.5,1.6,1.9,50.0,3.0,14.0,7.6,1.6,0.2,0.1,0.0,0.1,0.0,95.0,82.1,98.2,99.8,99.9,1066.7,10.67,15,15,15,35,74,374,1,2,否,否,否,否,否,否,否,否,否,否,否,否,否,否,否,否,否,否,否,否,否,否,否,否,否,否,否,否,否,否,否,否,否,否,否,否,否,37.0,37,37,43,97.0,100.0,否,否,24292,21073,0.0,3.9,3.9,0.000,0.245,4055,1562,39,0.006,100.0,1066.0,0.0,0.0,0.0,0.0,0.0,0.0,0.0,317,否,否,否,否,否,否,7.456,24.945,60.4,-12.422,25.2,120.5,7.2,60.6,0.7,0.7,0.7,0.7,7.2,60.3,0.7,0.7,0.7,0.7,139.66,1360.20,14.29,14.02,1532.07,1532.07,0.32,139.37,139.29,0.38,232.42,0,0,0.0,0.0,0,0.000,
17.9.2026,22:50:40.072,5944,33568,15.0,5868,10314,36.2,0.0,23329,0,0.759,0.792,0.755,0.745,0.745,0.676,0.736,1000.0,1000.0,1000.0,1000.0,1000.0,100.0,800.0,29.3,140.8,69.0,15.5,6.4,1.8,0.1,0.3,0.1,29.3,2.2,11.2,5.6,1.1,0.0,0.0,0.0,0.0,0.0,11.2,2.2,100.0,1.1,5.1,2.6,0.6,0.2,0.1,0.0,0.0,0.0,1.1,10.0,10.0,10.0,10.0,10.0,8.0,36,33,36,38,35,64,67,64,62,65,38,38,否,否,否,否,否,否,否,否,否,否,否,否,否,否,否,否,否,否,40,38,40,0.250,1.605,0.178,0.004,3.975,0.678,0.223,0.478,35.0,30.0,64.0,64.0,0,17.7,8.6,1.7,2.1,50.7,2.7,13.3,6.5,1.4,0.6,0.2,0.0,0.0,0.0,95.3,83.4,98.1,99.8,99.9,1066.7,10.67,15,15,15,35,74,374,1,2,否,否,否,否,否,否,否,否,否,否,否,否,否,否,否,否,否,否,否,否,否,否,否,否,否,否,否,否,否,否,否,否,否,否,否,否,否,37.0,37,37,47,97.0,100.0,否,否,24292,21073,0.0,1.3,1.3,0.000,0.208,4055,1563,39,0.004,100.0,1066.0,0.0,0.0,0.0,0.0,0.0,0.0,0.0,317,否,否,否,否,否,否,7.429,24.937,60.4,-11.849,25.2,126.3,7.2,60.6,0.7,0.7,0.7,0.7,7.2,60.3,0.7,0.7,0.7,0.7,139.66,1360.20,14.29,14.02,1532.07,1532.07,0.32,139.37,139.29,0.38,232.42,0,0,0.0,0.0,0,0.000,
17.9.2026,22:50:42.079,5944,33568,15.0,5871,10311,36.2,0.0,23329,0,0.759,0.795,0.752,0.745,0.745,0.678,0.696,1000.0,1000.0,1000.0,1000.0,1000.0,100.0,800.0,30.0,116.1,83.4,30.7,5.9,1.8,0.5,1.1,0.3,30.0,2.4,9.7,7.2,1.7,0.5,0.0,0.1,0.1,0.1,9.7,2.4,100.0,1.1,4.1,3.2,1.2,0.2,0.1,0.0,0.0,0.0,1.1,10.0,10.0,10.0,10.0,10.0,8.0,36,34,36,37,36,64,66,64,63,64,39,37,否,否,否,否,否,否,否,否,否,否,否,否,否,否,否,否,否,否,40,36,40,0.250,1.613,0.158,0.007,4.587,0.678,0.222,0.504,35.0,30.0,64.0,64.0,0,18.0,4.4,1.9,2.5,54.3,2.8,11.5,7.9,1.8,0.5,0.2,0.1,0.1,0.0,95.3,83.9,97.8,99.8,99.8,1066.7,10.67,15,15,15,35,74,374,1,2,是,否,否,否,否,否,否,否,否,否,是,否,否,否,否,否,否,否,否,否,否,否,否,否,否,否,否,否,否,否,否,否,否,否,否,否,否,37.0,37,37,42,97.0,100.0,否,否,24292,21073,0.0,1.3,1.3,0.000,0.084,4055,1563,39,0.007,100.0,1066.0,0.0,0.0,0.0,0.0,0.0,0.0,0.0,317,否,否,否,否,否,否,7.456,24.937,60.4,-11.400,25.2,131.2,7.2,60.6,0.7,0.7,0.7,0.7,7.2,60.3,0.7,0.7,0.7,0.7,139.66,1360.20,14.29,14.02,1532.07,1532.07,0.32,139.37,139.29,0.38,232.42,0,0,0.0,0.0,0,0.000,
17.9.2026,22:50:44.100,5945,33567,15.0,5874,10308,36.3,0.0,23329,0,0.776,0.800,0.780,0.757,0.765,0.691,0.696,1300.0,1200.0,1400.0,1200.0,1400.0,100.0,1000.0,31.2,139.5,77.0,29.1,1.3,2.1,0.2,0.4,0.2,31.2,4.1,11.2,5.9,1.6,0.5,12.1,0.4,0.4,0.4,12.1,4.1,100.0,1.2,5.0,2.9,1.2,0.0,0.1,0.0,0.0,0.0,1.1,13.0,12.0,14.0,12.0,14.0,10.0,36,34,36,38,35,64,66,64,62,65,38,38,否,否,否,否,否,否,否,否,否,否,否,否,否,否,否,否,否,否,39,37,39,0.250,1.479,0.189,0.006,3.487,0.649,0.230,0.373,35.0,30.0,64.0,64.0,0,17.6,10.1,1.6,2.4,47.7,2.9,13.5,7.0,2.1,0.1,0.2,0.0,0.1,0.0,94.9,82.4,97.7,99.7,99.9,1066.7,10.67,15,15,15,35,74,374,1,2,是,否,否,否,否,否,否,否,否,否,是,否,否,否,否,否,否,否,否,否,否,否,否,否,否,否,否,否,否,否,否,否,否,否,否,否,否,37.0,37,37,42,97.0,100.0,否,否,24292,21073,0.0,3.2,3.2,0.000,0.153,4055,1563,39,0.006,100.0,1066.0,0.0,0.0,0.0,0.0,0.0,0.0,0.0,317,否,否,否,否,否,否,7.451,24.929,60.3,-10.886,25.2,137.4,7.2,60.6,0.7,0.7,0.7,0.7,7.2,60.3,0.7,0.7,0.7,0.7,139.66,1360.20,14.29,14.02,1532.07,1532.07,0.32,139.37,139.29,0.38,232.42,0,0,0.0,0.0,0,0.000,
17.9.2026,22:50:46.096,5942,33569,15.0,5871,10311,36.2,0.0,23329,0,0.761,0.792,0.757,0.747,0.745,0.678,0.738,1000.0,1000.0,1000.0,1000.0,1000.0,100.0,800.0,29.6,140.1,79.1,13.3,3.2,0.5,0.2,0.2,0.2,29.6,2.6,11.8,6.9,1.7,0.1,0.0,0.0,0.0,0.0,11.8,2.6,100.0,1.1,5.0,3.0,0.5,0.1,0.0,0.0,0.0,0.0,1.1,10.0,10.0,10.0,10.0,10.0,8.0,34,31,35,36,36,66,69,65,64,64,40,36,否,否,否,否,否,否,否,否,否,否,否,否,否,否,否,否,否,否,38,37,38,0.250,1.669,0.181,0.008,4.440,0.689,0.222,0.523,35.0,30.0,64.0,64.0,0,17.8,5.0,1.6,2.2,53.7,2.7,13.2,7.0,1.2,0.3,0.1,0.0,0.0,0.0,95.2,82.6,98.5,99.9,99.9,1066.7,10.67,15,15,15,35,74,374,1,2,否,否,否,否,否,否,否,否,否,否,否,否,否,否,否,否,否,否,否,否,否,否,否,否,否,否,否,否,否,否,否,否,否,否,否,否,否,36.0,37,37,40,97.0,100.0,否,否,24292,21073,0.0,1.5,1.5,0.000,0.065,4055,1563,39,0.008,100.0,1066.0,0.0,0.0,0.0,0.0,0.0,0.0,0.0,317,否,否,否,否,否,否,7.448,24.929,60.3,-10.494,25.2,142.5,7.2,60.6,0.7,0.7,0.7,0.7,7.2,60.3,0.7,0.7,0.7,0.7,139.66,1360.20,14.29,14.02,1532.07,1532.07,0.32,139.37,139.29,0.38,232.42,0,0,0.0,0.0,0,0.000,
17.9.2026,22:50:48.113,5943,33569,15.0,5870,10312,36.2,0.0,23329,0,0.760,0.795,0.755,0.745,0.745,0.678,0.696,1000.0,1000.0,1000.0,1000.0,1000.0,100.0,800.0,31.0,142.3,77.9,23.2,1.9,1.9,0.2,0.2,0.2,31.0,2.5,11.9,6.6,1.4,0.1,0.1,0.0,0.0,0.0,11.9,2.5,100.0,1.1,5.1,2.9,0.9,0.1,0.1,0.0,0.0,0.0,1.1,10.0,10.0,10.0,10.0,10.0,8.0,35,32,35,38,35,65,68,65,62,65,38,38,否,否,否,否,否,否,否,否,否,否,否,否,否,否,否,否,否,否,40,37,40,0.250,1.486,0.164,0.006,3.490,0.667,0.234,0.383,35.0,30.0,64.0,64.0,0,17.6,7.1,1.7,2.3,50.4,2.9,13.9,7.3,1.5,0.2,0.2,0.0,0.0,0.0,95.0,82.0,98.2,99.8,99.9,1066.7,10.67,15,15,15,35,74,374,1,2,否,否,否,否,否,否,否,否,否,否,否,否,否,否,否,否,否,否,否,否,否,否,否,否,否,否,否,否,否,否,否,否,否,否,否,否,否,36.0,37,37,39,97.0,100.0,否,否,24292,21073,0.0,1.5,1.5,0.000,0.063,4055,1564,39,0.006,100.0,1066.0,0.0,0.0,0.0,0.0,0.0,0.0,0.0,317,否,否,否,否,否,否,7.479,24.922,60.3,-10.104,25.2,148.0,7.2,60.6,0.7,0.7,0.7,0.7,7.2,60.3,0.7,0.7,0.7,0.7,139.66,1360.20,14.29,14.02,1532.07,1532.07,0.32,139.37,139.29,0.38,232.42,0,0,0.0,0.0,0,0.000,
17.9.2026,22:50:50.119,5939,33572,15.0,5864,10318,36.2,0.0,23329,0,0.761,0.795,0.757,0.747,0.745,0.678,0.693,1000.0,1000.0,1000.0,1000.0,1000.0,100.0,800.0,31.8,145.3,95.1,11.1,1.6,0.6,0.2,0.2,0.2,31.8,2.6,11.9,7.6,0.9,0.1,0.0,0.0,0.0,0.0,11.9,2.6,100.0,1.2,5.3,3.7,0.4,0.0,0.0,0.0,0.0,0.0,1.2,10.0,10.0,10.0,10.0,10.0,8.0,35,32,35,36,36,65,68,65,64,64,38,36,否,否,否,否,否,否,否,否,否,否,否,否,否,否,否,否,否,否,39,37,38,0.250,1.563,0.174,0.006,3.839,0.668,0.222,0.452,35.0,30.0,64.0,64.0,0,17.5,5.9,1.6,2.0,52.4,2.9,13.9,8.3,1.1,0.2,0.1,0.0,0.0,0.0,95.0,81.4,98.7,99.9,99.9,1066.7,10.67,15,15,15,35,74,374,1,2,否,否,否,否,否,否,否,否,否,否,否,否,否,否,否,否,否,否,否,否,否,否,否,否,否,否,否,否,否,否,否,否,否,否,否,否,否,36.0,37,37,39,97.0,100.0,否,否,24292,21073,0.0,1.0,1.0,0.000,0.083,4055,1564,39,0.006,100.0,1066.0,0.0,0.0,0.0,0.0,0.0,0.0,0.0,317,否,否,否,否,否,否,7.428,24.914,60.3,-9.701,25.2,154.1,7.2,60.6,0.7,0.7,0.7,0.7,7.2,60.3,0.7,0.7,0.7,0.7,139.66,1360.20,14.29,14.02,1532.07,1532.07,0.32,139.37,139.29,0.38,232.42,0,0,0.0,0.0,0,0.000,
17.9.2026,22:50:52.130,5940,33572,15.0,5862,10320,36.2,0.0,23329,0,0.766,0.797,0.762,0.752,0.750,0.683,0.738,1100.0,1100.0,1100.0,1100.0,1100.0,100.0,900.0,30.1,121.8,69.9,38.4,6.9,1.1,0.4,1.7,0.2,30.1,2.8,9.8,5.7,2.1,0.5,4.4,0.0,0.0,0.0,9.8,2.8,100.0,1.1,4.3,2.6,1.6,0.3,0.0,0.0,0.1,0.0,1.1,11.0,11.0,11.0,11.0,11.0,9.0,35,31,37,37,35,65,69,63,63,65,38,37,否,否,否,否,否,否,否,否,否,否,否,否,否,否,否,否,否,否,39,37,39,0.250,1.542,0.162,0.006,3.709,0.670,0.230,0.437,35.0,30.0,64.0,64.0,0,17.8,8.0,1.6,2.1,51.0,2.7,11.9,6.5,2.3,0.6,0.1,0.0,0.2,0.0,95.3,84.4,97.1,99.8,99.8,1066.7,10.67,15,15,15,35,74,374,1,2,否,否,否,否,否,否,否,否,否,否,否,否,否,否,否,否,否,否,否,否,否,否,否,否,否,否,否,否,否,否,否,否,否,否,否,否,否,36.0,37,37,39,97.0,100.0,否,否,24292,21073,0.0,1.0,1.0,0.000,0.042,4055,1564,38,0.006,100.0,1066.0,0.0,0.0,0.0,0.0,0.0,0.0,0.0,317,否,否,否,否,否,否,7.477,24.914,60.3,-9.436,25.2,158.4,7.2,60.6,0.7,0.7,0.7,0.7,7.2,60.3,0.7,0.7,0.7,0.7,139.66,1360.20,14.29,14.02,1532.07,1532.07,0.32,139.37,139.29,0.38,232.42,0,0,0.0,0.0,0,0.000,
17.9.2026,22:50:54.129,5939,33573,15.0,5861,10321,36.2,0.0,23329,0,0.759,0.792,0.755,0.745,0.745,0.678,0.696,1000.0,1000.0,1000.0,1000.0,1000.0,100.0,800.0,34.0,146.5,91.2,24.2,8.6,0.7,0.2,0.3,0.2,34.0,3.2,12.0,7.2,1.9,0.5,4.4,0.0,0.0,0.0,12.0,3.2,100.0,1.3,5.3,3.5,1.0,0.3,0.0,0.0,0.0,0.0,1.3,10.0,10.0,10.0,10.0,10.0,8.0,35,32,36,37,35,65,68,64,63,65,39,37,否,否,否,否,否,否,否,否,否,否,否,否,否,否,否,否,否,否,39,37,38,0.250,1.602,0.198,0.007,3.847,0.664,0.220,0.469,35.0,30.0,64.0,64.0,0,17.4,6.9,1.4,1.8,52.2,3.1,13.9,8.0,2.1,0.7,0.1,0.0,0.0,0.0,94.8,82.1,97.5,99.9,99.9,1066.7,10.67,15,15,15,35,74,374,1,2,否,否,否,否,否,否,否,否,否,否,否,否,否,否,否,否,否,否,否,否,否,否,否,否,否,否,否,否,否,否,否,否,否,否,否,否,否,35.0,37,37,38,97.0,100.0,否,否,24292,21073,0.0,0.5,0.5,0.000,0.020,4055,1564,39,0.007,100.0,1066.0,0.0,0.0,0.0,0.0,0.0,0.0,0.0,317,否,否,否,否,否,否,7.437,24.914,60.3,-9.140,25.2,163.5,7.2,60.6,0.7,0.7,0.7,0.7,7.2,60.3,0.7,0.7,0.7,0.7,139.66,1360.20,14.29,14.02,1532.07,1532.07,0.32,139.37,139.29,0.38,232.42,0,0,0.0,0.0,0,0.000,
17.9.2026,22:50:56.124,5938,33573,15.0,5860,10322,36.2,0.0,23329,0,0.764,0.797,0.762,0.750,0.747,0.683,0.696,1100.0,1100.0,1100.0,1100.0,1100.0,100.0,900.0,28.6,122.1,72.0,31.2,1.4,1.2,0.2,0.6,0.2,28.6,2.4,9.8,5.8,1.7,0.6,0.0,0.5,0.6,0.5,9.8,2.4,100.0,1.0,4.3,2.7,1.3,0.0,0.0,0.0,0.0,0.0,1.0,11.0,11.0,11.0,11.0,11.0,9.0,35,34,35,37,35,65,66,65,63,65,39,37,否,否,否,否,否,否,否,否,否,否,否,否,否,否,否,否,否,否,38,36,38,0.250,1.573,0.171,0.009,3.781,0.676,0.233,0.451,35.0,30.0,64.0,64.0,0,17.8,5.9,1.8,2.1,53.6,2.6,11.9,6.8,2.1,0.1,0.1,0.0,0.1,0.0,95.4,84.3,97.7,99.8,99.9,1066.7,10.67,15,15,15,35,74,374,1,2,是,否,否,否,否,否,否,否,否,否,是,否,否,否,否,否,否,否,否,否,否,否,否,否,否,否,否,否,否,否,否,否,否,否,否,否,否,35.0,37,37,37,97.0,100.0,否,否,24292,21073,0.0,0.5,0.5,0.000,0.022,4055,1564,38,0.009,100.0,1066.0,0.0,0.0,0.0,0.0,0.0,0.0,0.0,317,否,否,否,否,否,否,7.481,24.914,60.3,-8.917,25.2,167.6,7.2,60.6,0.7,0.7,0.7,0.7,7.2,60.3,0.7,0.7,0.7,0.7,139.66,1360.20,14.29,14.02,1532.07,1532.07,0.32,139.37,139.29,0.38,232.42,0,0,0.0,0.0,0,0.000,
17.9.2026,22:50:58.129,5939,33572,15.0,5862,10320,36.2,0.0,23329,0,0.759,0.792,0.755,0.745,0.745,0.676,0.696,1000.0,1000.0,1000.0,1000.0,1000.0,100.0,800.0,34.9,156.8,90.3,31.3,0.2,0.3,0.2,0.2,0.2,34.9,2.9,13.3,7.7,2.2,0.0,0.0,0.0,0.0,0.0,13.3,2.9,100.0,1.3,5.7,3.4,1.3,0.0,0.0,0.0,0.0,0.0,1.3,10.0,10.0,10.0,10.0,10.0,8.0,35,32,36,37,36,65,68,64,63,64,38,37,否,否,否,否,否,否,否,否,否,否,否,否,否,否,否,否,否,否,38,36,38,0.250,1.548,0.178,0.005,3.581,0.675,0.235,0.423,35.0,30.0,64.0,64.0,0,17.1,7.7,2.0,2.2,48.9,3.1,15.0,8.2,1.9,0.0,0.0,0.0,0.0,0.0,94.7,80.8,98.0,99.9,99.9,1066.7,10.67,15,15,15,35,74,374,1,2,否,否,否,否,否,否,否,否,否,否,否,否,否,否,否,否,否,否,否,否,否,否,否,否,否,否,否,否,否,否,否,否,否,否,否,否,否,35.0,36,36,37,97.0,100.0,否,否,24292,21073,0.0,1.5,1.5,0.000,0.026,4055,1564,38,0.005,100.0,1066.0,0.0,0.0,0.0,0.0,0.0,0.0,0.0,317,否,否,否,否,否,否,7.480,24.906,60.3,-8.759,25.2,170.6,7.2,60.6,0.7,0.7,0.7,0.7,7.2,60.3,0.7,0.7,0.7,0.7,139.66,1360.20,14.29,14.02,1532.07,1532.07,0.32,139.37,139.29,0.38,232.42,0,0,0.0,0.0,0,0.000,
17.9.2026,22:51:0.132,5958,33554,15.0,5881,10302,36.3,0.0,23329,0,0.805,0.945,0.767,0.755,0.752,0.966,0.693,1700.0,3200.0,1200.0,1200.0,1200.0,100.0,3599.9,158.8,601.4,458.4,131.0,75.7,2.7,0.2,0.6,0.2,158.8,12.0,44.2,31.7,10.4,6.7,1.5,0.6,0.0,0.6,44.2,12.0,100.0,6.5,24.6,18.8,5.3,3.1,0.1,0.0,0.0,0.0,6.5,17.0,32.0,12.0,12.0,12.0,36.0,37,36,38,38,36,63,64,62,62,64,40,38,否,否,否,否,否,否,否,否,否,否,否,否,否,否,否,否,否,否,40,38,40,0.250,1.659,0.205,0.005,4.051,0.693,0.238,0.486,35.0,30.0,64.0,64.0,0,3.8,4.4,0.4,0.2,8.3,11.9,45.3,32.4,10.9,6.3,0.2,0.0,0.1,0.0,77.3,26.3,83.3,99.7,99.9,1066.7,10.67,15,15,15,35,74,374,1,2,是,否,否,否,否,否,否,否,否,否,是,否,否,否,否,否,否,否,否,否,否,否,否,否,否,否,否,否,否,否,否,否,否,否,否,否,否,36.0,36,36,39,97.0,100.0,否,否,24292,21073,0.0,2.9,2.9,0.000,0.132,4055,1564,38,0.005,100.0,1066.0,0.0,0.0,0.0,0.0,0.0,0.0,0.0,317,否,否,否,否,否,否,7.429,24.906,60.3,-8.699,25.2,171.8,7.2,60.6,0.7,0.7,0.7,0.7,7.2,60.3,0.7,0.7,0.7,0.7,139.66,1360.20,14.29,14.02,1532.07,1532.07,0.32,139.37,139.29,0.38,232.42,0,0,0.0,0.0,0,0.000,
17.9.2026,22:51:2.130,5965,33546,15.0,5882,10300,36.3,0.0,23329,0,0.771,0.795,0.767,0.770,0.752,0.688,0.693,1275.0,1200.0,1200.0,1500.0,1200.0,100.0,1000.0,198.2,537.2,561.5,306.7,126.1,21.8,29.1,2.7,0.3,198.2,14.8,39.9,40.1,25.3,9.9,0.7,2.0,0.7,0.0,40.1,14.8,100.0,8.2,22.1,23.2,12.7,5.2,0.9,1.2,0.1,0.0,8.2,12.8,12.0,12.0,15.0,12.0,10.0,37,38,36,39,36,63,62,64,61,64,40,39,否,否,否,否,否,否,否,否,否,否,否,否,否,否,否,否,否,否,39,39,39,0.250,3.169,0.701,0.001,9.611,1.145,0.398,0.868,35.0,30.0,64.0,64.0,0,0.3,0.4,0.0,0.0,0.0,15.1,40.3,40.3,25.2,10.3,1.8,2.3,0.2,0.0,70.6,18.2,68.3,96.2,99.7,1066.7,10.67,15,15,15,35,74,374,1,2,是,否,否,否,否,否,否,否,否,否,是,否,否,否,否,否,否,否,否,否,否,否,否,否,否,否,否,否,否,否,否,否,否,否,否,否,否,37.0,36,36,41,97.0,100.0,否,否,24292,21073,0.0,1.8,1.8,0.000,0.071,4055,1564,38,0.001,100.0,1066.0,0.0,0.0,0.0,0.0,0.0,0.0,0.0,317,否,否,否,否,否,否,7.341,24.899,60.3,-9.147,25.2,163.3,7.2,60.6,0.7,0.7,0.7,0.7,7.2,60.3,0.7,0.7,0.7,0.7,139.66,1360.20,14.29,14.02,1532.07,1532.07,0.32,139.37,139.29,0.38,232.42,0,0,0.0,0.0,0,0.000,
17.9.2026,22:51:4.139,5961,33551,15.0,5880,10302,36.3,0.0,23329,0,0.839,0.935,0.765,0.902,0.752,0.846,0.693,2100.0,3100.0,1200.0,2900.0,1200.0,100.0,2900.0,191.3,802.1,559.3,151.3,10.1,1.0,0.2,6.2,0.2,191.3,13.7,58.8,37.7,12.2,0.6,0.0,0.0,0.3,0.0,58.8,13.7,100.0,7.9,33.3,23.1,6.2,0.4,0.0,0.0,0.3,0.0,7.9,21.0,31.0,12.0,29.0,12.0,29.0,37,36,36,39,36,63,64,64,61,64,39,39,否,否,否,否,否,否,否,否,否,否,否,否,否,否,否,否,否,否,39,39,39,0.250,4.197,0.799,0.000,12.466,1.294,0.507,1.589,35.0,30.0,64.0,64.0,0,0.2,0.2,0.0,0.0,0.0,13.9,59.2,38.3,12.6,0.8,0.1,0.0,0.5,0.0,72.5,4.3,86.4,99.8,99.5,1066.7,10.67,15,15,15,35,74,374,1,2,是,否,否,否,否,否,否,否,否,否,是,否,否,否,否,否,否,否,否,否,否,否,否,否,否,否,否,否,否,否,否,否,否,否,否,否,否,36.0,36,36,41,97.0,100.0,否,否,24292,21073,0.0,2.4,2.4,0.000,0.077,4055,1564,39,0.000,100.0,1066.0,0.0,0.0,0.0,0.0,0.0,0.0,0.0,317,否,否,否,否,否,否,7.400,24.891,60.3,-9.583,25.2,155.8,7.2,60.6,0.7,0.7,0.7,0.7,7.2,60.3,0.7,0.7,0.7,0.7,139.66,1360.20,14.29,14.02,1532.07,1532.07,0.32,139.37,139.29,0.38,232.42,0,0,0.0,0.0,0,0.000,
17.9.2026,22:51:6.150,5966,33546,15.0,5885,10297,36.3,0.0,23329,0,0.808,0.810,0.765,0.752,0.905,0.966,0.693,1700.0,1500.0,1200.0,1200.0,2900.0,100.0,3599.9,189.6,678.7,488.3,262.5,61.0,25.4,0.2,0.7,0.2,189.6,14.3,49.6,33.4,20.9,4.3,6.0,0.0,0.0,0.0,49.6,14.3,100.0,7.8,28.0,20.1,10.8,2.5,1.0,0.0,0.0,0.0,7.8,17.0,15.0,12.0,12.0,29.0,36.0,37,37,36,39,36,63,63,64,61,64,40,39,否,否,否,否,否,否,否,否,否,否,否,否,否,否,否,否,否,否,39,39,39,0.250,3.749,0.847,0.000,11.272,1.277,0.466,1.116,35.0,30.0,64.0,64.0,0,0.7,0.6,0.0,0.0,0.0,14.2,50.4,34.2,21.6,5.0,2.1,0.0,0.1,0.0,70.2,9.3,73.9,97.8,99.9,1066.7,10.67,15,15,15,35,74,374,1,2,是,否,否,否,否,否,否,否,否,否,是,否,否,否,否,否,否,否,否,否,否,否,否,否,否,否,否,否,否,否,否,否,否,否,否,否,否,38.0,36,36,43,97.0,100.0,否,否,24292,21073,0.0,3.0,3.0,0.000,0.104,4055,1565,38,0.000,100.0,1066.0,0.0,0.0,0.0,0.0,0.0,0.0,0.0,317,否,否,否,否,否,否,7.390,24.883,60.2,-9.762,25.2,152.9,7.2,60.6,0.7,0.7,0.7,0.7,7.2,60.3,0.7,0.7,0.7,0.7,139.66,1360.20,14.29,14.02,1532.07,1532.07,0.32,139.37,139.29,0.38,232.42,0,0,0.0,0.0,0,0.000,
17.9.2026,22:51:8.149,5963,33549,15.0,5881,10301,36.3,0.0,23329,0,0.769,0.805,0.765,0.755,0.750,0.688,0.693,1250.0,1400.0,1200.0,1200.0,1200.0,100.0,1000.0,191.0,680.6,652.7,165.2,21.1,3.0,0.8,4.7,0.4,191.0,14.3,50.2,46.7,13.2,2.1,0.0,0.5,0.9,0.5,50.2,14.3,100.0,7.9,28.2,27.0,6.8,0.9,0.1,0.0,0.2,0.0,7.9,12.5,14.0,12.0,12.0,12.0,10.0,37,37,38,37,37,63,63,62,63,63,40,38,否,否,否,否,否,否,否,否,否,否,否,否,否,否,否,否,否,否,39,39,39,0.250,4.106,0.771,0.000,12.261,1.280,0.453,1.554,35.0,30.0,64.0,64.0,0,0.3,0.2,0.0,0.0,0.0,14.1,50.4,46.8,13.0,1.7,0.2,0.1,0.4,0.0,72.0,3.7,84.9,99.7,99.5,1066.7,10.67,15,15,15,35,74,374,1,2,是,否,否,否,否,否,否,否,否,否,是,否,否,否,否,否,否,否,否,否,否,否,否,否,否,否,否,否,否,否,否,否,否,否,否,否,否,37.0,36,36,41,97.0,100.0,否,否,24292,21073,0.0,1.6,1.6,0.000,0.352,4055,1565,39,0.000,100.0,1066.0,0.0,0.0,0.0,0.0,0.0,0.0,0.0,317,否,否,否,否,否,否,7.351,24.876,60.2,-10.313,25.2,144.7,7.2,60.6,0.7,0.7,0.7,0.7,7.2,60.3,0.7,0.7,0.7,0.7,139.66,1360.20,14.29,14.02,1532.07,1532.07,0.32,139.37,139.29,0.38,232.42,0,0,0.0,0.0,0,0.000,
17.9.2026,22:51:10.154,5964,33548,15.0,5887,10296,36.3,0.0,23329,0,0.811,0.795,0.787,0.755,0.905,0.691,0.693,1700.0,1200.0,1500.0,1200.0,2900.0,100.0,1000.0,188.0,690.8,562.8,192.4,54.6,1.6,0.4,0.8,0.2,188.0,14.0,50.7,39.2,15.6,5.0,0.0,0.6,0.0,0.6,50.7,14.0,100.0,7.8,28.6,23.2,7.9,2.2,0.1,0.0,0.0,0.0,7.8,17.0,12.0,15.0,12.0,29.0,10.0,38,37,38,38,37,62,63,62,62,63,40,38,否,否,否,否,否,否,否,否,否,否,否,否,否,否,否,否,否,否,39,39,39,0.250,3.924,0.831,0.000,11.718,1.277,0.436,1.314,35.0,30.0,64.0,64.0,0,0.5,0.5,0.0,0.0,0.0,14.0,51.3,39.7,16.0,4.5,0.1,0.0,0.1,0.0,71.5,6.9,79.6,99.8,99.9,1066.7,10.67,15,15,15,35,74,374,1,2,是,否,否,否,否,否,否,否,否,否,是,否,否,否,否,否,否,否,否,否,否,否,否,否,否,否,否,否,否,否,否,否,否,否,否,否,否,38.0,36,36,41,97.0,100.0,否,否,24292,21073,0.0,3.2,3.2,0.000,0.110,4055,1566,39,0.000,100.0,1066.0,0.0,0.0,0.0,0.0,0.0,0.0,0.0,317,否,否,否,否,否,否,7.412,24.868,60.2,-10.451,25.2,142.8,7.2,60.6,0.7,0.7,0.7,0.7,7.2,60.3,0.7,0.7,0.7,0.7,139.66,1360.20,14.29,14.02,1532.07,1532.07,0.32,139.37,139.29,0.38,232.42,0,0,0.0,0.0,0,0.000,
17.9.2026,22:51:12.166,5961,33551,15.0,5888,10295,36.3,0.0,23329,0,0.756,0.797,0.765,0.710,0.750,0.686,0.693,1000.0,1200.0,1200.0,400.0,1200.0,100.0,1000.0,194.0,715.5,661.5,143.8,15.0,15.1,0.6,0.5,0.2,194.0,16.2,51.8,44.9,11.7,0.4,7.0,0.0,14.1,0.0,51.8,16.2,100.0,8.0,29.6,27.3,5.9,0.6,0.6,0.0,0.0,0.0,8.0,10.0,12.0,12.0,4.0,12.0,10.0,38,38,38,40,38,62,62,62,60,62,40,40,否,否,否,否,否,否,否,否,否,否,否,否,否,否,否,否,否,否,40,40,39,0.250,3.790,0.755,0.001,11.504,1.258,0.405,1.282,35.0,30.0,64.0,64.0,0,0.1,0.1,0.0,0.0,0.0,14.0,52.2,45.5,12.0,1.2,1.3,0.1,0.1,0.0,72.6,5.6,86.3,98.6,99.9,1600.0,16.00,22,22,22,52,74,560,1,2,是,否,否,否,否,否,否,否,否,否,是,否,否,否,否,否,否,否,否,否,否,否,否,否,否,否,否,否,否,否,否,否,否,否,否,否,否,38.0,36,36,44,97.0,100.0,否,否,24292,21073,0.0,0.9,0.9,0.000,0.122,4055,1566,39,0.001,100.0,1066.0,0.0,0.0,0.0,0.0,0.0,0.0,0.0,317,否,否,否,否,否,否,7.377,24.861,60.2,-10.630,25.2,140.3,7.2,60.6,0.7,0.7,0.7,0.7,7.2,60.3,0.7,0.7,0.7,0.7,139.66,1360.20,14.29,14.02,1532.07,1532.07,0.32,139.37,139.29,0.38,232.42,0,0,0.0,0.0,0,0.000,
17.9.2026,22:51:14.177,5965,33546,15.0,5885,10297,36.3,0.0,23329,0,0.766,0.795,0.767,0.752,0.750,0.708,0.693,1200.0,1200.0,1200.0,1200.0,1200.0,100.0,1300.0,187.9,747.2,572.6,125.7,51.5,4.5,0.4,0.7,0.5,187.9,14.3,56.5,39.9,9.9,4.7,0.8,0.5,1.3,0.5,56.5,14.3,100.0,7.8,31.0,23.6,5.2,2.1,0.2,0.0,0.0,0.0,7.8,12.0,12.0,12.0,12.0,12.0,13.0,38,39,36,39,37,62,61,64,61,63,39,39,否,否,否,否,否,否,否,否,否,否,否,否,否,否,否,否,否,否,40,39,40,0.250,4.365,0.911,0.000,12.817,1.293,0.451,1.655,35.0,30.0,64.0,64.0,0,0.1,0.0,0.0,0.0,0.0,14.1,57.0,40.5,10.4,4.3,0.4,0.0,0.1,0.0,72.2,4.0,85.3,99.5,99.9,1066.7,10.67,15,15,15,35,74,374,1,2,是,否,否,否,否,否,否,否,否,否,是,否,否,否,否,否,否,否,否,否,否,否,否,否,否,否,否,否,否,否,否,否,否,否,否,否,否,38.0,36,36,41,97.0,100.0,否,否,24292,21073,0.0,1.1,1.1,0.000,0.086,4055,1566,39,0.000,100.0,1599.0,0.0,0.0,0.0,0.0,0.0,0.0,0.0,317,否,否,否,否,否,否,7.334,24.853,60.2,-10.942,25.2,136.3,7.2,60.6,0.7,0.7,0.7,0.7,7.2,60.3,0.7,0.7,0.7,0.7,139.66,1360.20,14.29,14.02,1532.07,1532.07,0.32,139.37,139.29,0.38,232.42,0,0,0.0,0.0,0,0.000,
17.9.2026,22:51:16.186,5961,33551,15.0,5886,10296,36.3,0.0,23329,0,0.824,1.005,0.770,0.752,0.770,0.948,0.693,1900.0,3699.9,1200.0,1200.0,1500.0,100.0,3499.9,189.6,658.9,595.3,190.4,46.3,22.9,0.4,2.4,0.3,189.6,13.6,48.4,43.1,14.7,2.7,0.1,0.0,0.0,0.0,48.4,13.6,100.0,7.8,27.2,24.5,7.8,1.9,0.9,0.0,0.1,0.0,7.8,19.0,37.0,12.0,12.0,15.0,35.0,36,36,35,38,36,64,64,65,62,64,39,38,否,否,否,否,否,否,否,否,否,否,否,否,否,否,否,否,否,否,40,39,40,0.250,3.692,0.798,0.000,11.491,1.272,0.442,1.119,35.0,30.0,64.0,64.0,0,0.3,0.3,0.0,0.0,0.0,14.2,49.0,43.6,15.1,3.7,1.9,0.0,0.2,0.0,70.9,4.9,81.2,97.9,99.8,1066.7,10.67,15,15,15,35,74,374,1,2,是,否,否,否,否,否,否,否,否,否,是,否,否,否,否,否,否,否,否,否,否,否,否,否,否,否,否,否,否,否,否,否,否,否,否,否,否,38.0,36,36,42,97.0,100.0,否,否,24292,21073,0.0,1.8,1.8,0.000,0.511,4055,1567,39,0.000,100.0,1066.0,0.0,0.0,0.0,0.0,0.0,0.0,0.0,317,否,否,否,否,否,否,7.339,24.853,60.2,-11.089,25.2,134.5,7.2,60.6,0.7,0.7,0.7,0.7,7.2,60.3,0.7,0.7,0.7,0.7,139.66,1360.20,14.29,14.02,1532.07,1532.07,0.32,139.37,139.29,0.38,232.42,0,0,0.0,0.0,0,0.000,
17.9.2026,22:51:18.203,5961,33550,15.0,5888,10294,36.3,0.0,23329,0,0.770,0.812,0.765,0.752,0.750,0.688,0.693,1275.0,1500.0,1200.0,1200.0,1200.0,100.0,1000.0,189.1,417.5,518.8,497.0,48.9,29.0,0.4,1.0,0.2,189.1,14.7,29.7,38.3,41.1,4.1,4.1,0.0,0.4,0.0,41.1,14.7,100.0,7.8,17.0,21.5,20.5,2.0,1.2,0.0,0.0,0.0,7.8,12.8,15.0,12.0,12.0,12.0,10.0,37,36,38,38,37,63,64,62,62,63,39,38,否,否,否,否,否,否,否,否,否,否,否,否,否,否,否,否,否,否,39,38,39,0.250,4.095,0.802,0.000,12.114,1.275,0.415,1.520,35.0,30.0,64.0,64.0,0,0.3,0.4,0.0,0.0,0.0,14.6,30.3,38.5,41.4,3.9,2.5,0.0,0.1,0.0,71.8,35.1,54.9,97.3,99.9,1066.7,10.67,15,15,15,35,74,374,1,2,是,否,否,否,否,否,否,否,否,否,是,否,否,否,否,否,否,否,否,否,否,否,否,否,否,否,否,否,否,否,否,否,否,否,否,否,否,38.0,36,36,41,97.0,100.0,否,否,24292,21073,0.0,1.5,1.5,0.000,0.087,4055,1567,40,0.000,100.0,1066.0,0.0,0.0,0.0,0.0,0.0,0.0,0.0,317,否,否,否,否,否,否,7.350,24.845,60.1,-11.268,25.2,132.3,7.2,60.6,0.7,0.7,0.7,0.7,7.2,60.3,0.7,0.7,0.7,0.7,139.66,1360.20,14.29,14.02,1532.07,1532.07,0.32,139.37,139.29,0.38,232.42,0,0,0.0,0.0,0,0.000,
17.9.2026,22:51:20.210,5966,33546,15.0,5890,10293,36.3,0.0,23329,0,0.801,0.935,0.765,0.752,0.750,0.846,0.696,1675.0,3100.0,1200.0,1200.0,1200.0,100.0,2900.0,183.4,437.6,484.3,478.6,32.4,24.1,0.5,3.8,5.6,183.4,14.1,32.7,35.2,39.6,3.2,0.0,0.7,0.0,1.1,39.6,14.1,100.0,7.5,17.8,19.9,19.8,1.3,1.0,0.0,0.1,0.2,7.5,16.8,31.0,12.0,12.0,12.0,29.0,38,37,38,40,38,62,63,62,60,62,40,40,否,否,否,否,否,否,否,否,否,否,否,否,否,否,否,否,否,否,40,40,39,0.250,3.438,0.626,0.001,10.794,1.247,0.365,1.081,35.0,30.0,64.0,64.0,0,0.3,0.2,0.0,0.0,0.0,14.4,33.7,35.8,40.0,2.6,2.0,0.0,0.3,0.5,72.1,34.4,57.1,97.7,99.2,1066.7,10.67,15,15,15,35,74,374,1,2,否,否,否,否,否,否,否,否,否,否,否,否,否,否,否,否,否,否,否,否,否,否,否,否,否,否,否,否,否,否,否,否,否,否,否,否,否,39.0,36,36,41,97.0,100.0,否,否,24292,21073,0.0,1.4,1.4,0.000,0.118,4055,1567,40,0.001,100.0,1066.0,0.0,0.0,0.0,0.0,0.0,0.0,0.0,317,否,否,否,否,否,否,7.417,24.845,60.1,-11.311,25.2,131.8,7.2,60.6,0.7,0.7,0.7,0.7,7.2,60.3,0.7,0.7,0.7,0.7,139.66,1360.20,14.29,14.02,1532.07,1532.07,0.32,139.37,139.29,0.38,232.42,0,0,0.0,0.0,0,0.000,
17.9.2026,22:51:22.208,5966,33546,15.0,5887,10295,36.3,0.0,23329,0,0.801,0.795,0.765,0.752,0.892,0.688,0.693,1625.0,1200.0,1200.0,1200.0,2900.0,100.0,1000.0,198.3,601.4,589.7,264.7,118.7,10.2,0.2,1.8,0.2,198.3,16.3,41.1,40.3,21.3,8.8,7.4,0.0,11.3,0.0,41.1,16.3,100.0,8.1,24.6,24.3,10.8,4.9,0.4,0.0,0.1,0.0,8.1,16.2,12.0,12.0,12.0,29.0,10.0,39,40,38,40,37,61,60,62,60,63,40,40,否,否,否,否,否,否,否,否,否,否,否,否,否,否,否,否,否,否,40,39,40,0.250,3.407,0.611,0.000,10.771,1.248,0.363,1.065,35.0,30.0,64.0,64.0,0,0.8,0.5,0.0,0.0,0.0,14.3,41.9,40.7,21.7,9.5,0.9,0.0,0.2,0.0,72.1,20.9,68.7,98.9,99.8,1066.7,10.67,15,15,15,35,74,374,1,2,是,否,否,否,否,否,否,否,否,否,是,否,否,否,否,否,否,否,否,否,否,否,否,否,否,否,否,否,否,否,否,否,否,否,否,否,否,38.0,36,36,45,97.0,100.0,否,否,24292,21073,0.0,0.3,0.3,0.000,0.290,4055,1568,40,0.000,100.0,1066.0,0.0,0.0,0.0,0.0,0.0,0.0,0.0,317,否,否,否,否,否,否,7.339,24.838,60.1,-11.309,25.2,131.8,7.2,60.6,0.7,0.7,0.7,0.7,7.2,60.3,0.7,0.7,0.7,0.7,139.66,1360.20,14.29,14.02,1532.07,1532.07,0.32,139.37,139.29,0.38,232.42,0,0,0.0,0.0,0,0.000,
17.9.2026,22:51:24.205,5963,33549,15.0,5881,10302,36.3,0.0,23329,0,0.879,1.107,0.765,0.752,0.890,0.966,0.693,2350.0,4099.9,1200.0,1200.0,2900.0,100.0,3599.9,203.1,593.2,671.1,278.2,69.6,11.3,0.5,1.1,0.2,203.1,14.4,40.3,45.2,22.1,5.3,0.7,0.7,0.7,0.7,45.2,14.4,100.0,8.3,24.3,27.7,11.4,2.8,0.4,0.0,0.0,0.0,8.3,23.5,41.0,12.0,12.0,29.0,36.0,38,39,38,39,38,62,61,62,61,62,41,39,否,否,否,否,否,否,否,否,否,否,否,否,否,否,否,否,否,否,42,42,40,0.250,4.657,0.910,0.000,13.289,1.295,0.416,1.952,35.0,30.0,64.0,64.0,0,0.6,0.3,0.0,0.0,0.0,14.5,41.1,45.7,22.7,5.6,0.9,0.0,0.1,0.0,69.9,9.4,71.5,98.9,99.9,1066.7,10.67,15,15,15,35,74,374,1,2,是,否,否,否,否,否,否,否,否,否,是,否,否,否,否,否,否,否,否,否,否,否,否,否,否,否,否,否,否,否,否,否,否,否,否,否,否,38.0,36,36,47,97.0,100.0,否,否,24292,21073,0.0,0.2,0.2,0.000,0.221,4055,1568,40,0.000,100.0,1066.0,0.0,0.0,0.0,0.0,0.0,0.0,0.0,317,否,否,否,否,否,否,7.332,24.830,60.1,-11.629,25.2,128.1,7.2,60.6,0.7,0.7,0.7,0.7,7.2,60.3,0.7,0.7,0.7,0.7,139.66,1360.20,14.29,14.02,1532.07,1532.07,0.32,139.37,139.29,0.38,232.42,0,0,0.0,0.0,0,0.000,
17.9.2026,22:51:26.209,5962,33549,15.0,5883,10299,36.3,0.0,23329,0,0.766,0.795,0.765,0.755,0.750,0.733,0.693,1200.0,1200.0,1200.0,1200.0,1200.0,100.0,1700.0,197.6,602.2,705.3,195.4,66.1,10.4,0.3,0.9,0.3,197.6,13.8,40.6,48.7,15.3,5.8,0.0,0.0,0.0,0.0,48.7,13.8,100.0,8.1,24.7,29.1,7.9,2.7,0.4,0.0,0.0,0.0,8.1,12.0,12.0,12.0,12.0,12.0,17.0,38,37,39,39,37,62,63,61,61,63,40,39,否,否,否,否,否,否,否,否,否,否,否,否,否,否,否,否,否,否,40,40,40,0.250,4.738,0.983,0.000,13.394,1.299,0.432,1.951,35.0,30.0,64.0,64.0,0,0.6,0.3,0.0,0.0,0.0,14.2,41.6,49.3,16.1,5.4,0.9,0.0,0.1,0.0,71.2,8.2,77.8,98.9,99.9,1066.7,10.67,15,15,15,35,74,374,1,2,是,否,否,否,否,否,否,否,否,否,是,否,否,否,否,否,否,否,否,否,否,否,否,否,否,否,否,否,否,否,否,否,否,否,否,否,否,38.0,36,36,48,97.0,100.0,否,否,24292,21073,0.0,0.2,0.2,0.000,0.234,4055,1569,39,0.000,100.0,1066.0,0.0,0.0,0.0,0.0,0.0,0.0,0.0,317,否,否,否,否,否,否,7.333,24.822,60.1,-11.923,25.2,124.9,7.2,60.6,0.7,0.7,0.7,0.7,7.2,60.3,0.7,0.7,0.7,0.7,139.66,1360.20,14.29,14.02,1532.07,1532.07,0.32,139.37,139.29,0.38,232.42,0,0,0.0,0.0,0,0.000,
17.9.2026,22:51:28.213,5965,33546,15.0,5887,10295,36.3,0.0,23329,0,0.766,0.795,0.765,0.752,0.752,0.713,0.693,1200.0,1200.0,1200.0,1200.0,1200.0,100.0,1400.0,193.1,536.6,531.5,312.9,127.7,26.4,0.2,9.5,0.2,193.1,14.2,38.2,37.1,24.7,10.1,3.7,0.1,0.0,0.1,38.2,14.2,100.0,7.9,21.9,21.9,12.8,5.2,1.1,0.0,0.4,0.0,7.9,12.0,12.0,12.0,12.0,12.0,14.0,38,38,39,39,38,62,62,61,61,62,40,39,否,否,否,否,否,否,否,否,否,否,否,否,否,否,否,否,否,否,41,40,41,0.250,4.711,0.970,0.000,13.351,1.291,0.417,1.950,35.0,30.0,64.0,64.0,0,0.9,0.6,0.0,0.0,0.0,14.4,39.0,37.6,25.3,10.2,2.2,0.0,0.8,0.0,72.3,27.8,64.7,97.6,99.2,1600.0,16.00,22,22,22,52,74,560,1,2,是,否,否,否,否,否,否,否,否,否,是,否,否,否,否,否,否,否,否,否,否,否,否,否,否,否,否,否,否,否,否,否,否,否,否,否,否,38.0,37,37,48,97.0,100.0,否,否,24292,21073,0.0,0.2,0.2,0.000,0.210,4055,1569,40,0.000,100.0,1066.0,0.0,0.0,0.0,0.0,0.0,0.0,0.0,317,否,否,否,否,否,否,7.334,24.815,60.1,-12.174,25.2,122.3,7.2,60.6,0.7,0.7,0.7,0.7,7.2,60.3,0.7,0.7,0.7,0.7,139.66,1360.20,14.29,14.02,1532.07,1532.07,0.32,139.37,139.29,0.38,232.42,0,0,0.0,0.0,0,0.000,
17.9.2026,22:51:30.221,5964,33548,15.0,5888,10295,36.3,0.0,23329,0,0.768,0.810,0.765,0.750,0.747,0.713,0.693,1300.0,1600.0,1200.0,1200.0,1200.0,100.0,1400.0,202.3,643.6,710.9,216.4,40.7,3.7,0.3,2.1,0.4,202.3,15.3,42.9,48.5,17.3,3.0,4.6,0.0,5.9,0.0,48.5,15.3,100.0,8.3,26.5,29.4,8.8,1.6,0.1,0.0,0.1,0.0,8.3,13.0,16.0,12.0,12.0,12.0,14.0,39,39,38,40,38,61,61,62,60,62,41,40,否,否,否,否,否,否,否,否,否,否,否,否,否,否,否,否,否,否,41,40,41,0.250,4.571,0.827,0.001,13.182,1.291,0.415,1.951,35.0,30.0,64.0,64.0,0,0.5,0.3,0.0,0.0,0.0,14.2,43.2,48.6,17.9,3.2,0.3,0.0,0.2,0.0,72.3,11.7,78.3,99.4,99.8,1066.7,10.67,15,15,15,35,74,374,1,2,是,否,否,否,否,否,否,否,否,否,是,否,否,否,否,否,否,否,否,否,否,否,否,否,否,否,否,否,否,否,否,否,否,否,否,否,否,38.0,37,37,49,97.0,100.0,否,否,24292,21073,0.0,0.3,0.3,0.000,0.276,4055,1570,41,0.001,100.0,1599.0,0.0,0.0,0.0,0.0,0.0,0.0,0.0,317,否,否,否,否,否,否,7.327,24.807,60.1,-12.361,25.2,120.4,7.2,60.6,0.7,0.7,0.7,0.7,7.2,60.3,0.7,0.7,0.7,0.7,139.66,1360.20,14.29,14.02,1532.07,1532.07,0.32,139.37,139.29,0.38,232.42,0,0,0.0,0.0,0,0.000,
17.9.2026,22:51:32.219,5961,33551,15.0,5887,10296,36.3,0.0,23329,0,0.765,0.797,0.762,0.752,0.747,0.708,0.693,1200.0,1200.0,1200.0,1200.0,1200.0,100.0,1300.0,196.0,617.1,651.6,221.9,65.9,9.1,0.3,1.2,0.5,196.0,14.2,42.4,45.3,18.5,5.9,2.0,0.0,0.0,0.0,45.3,14.2,100.0,8.0,25.3,26.9,9.0,2.7,0.3,0.0,0.0,0.0,8.0,12.0,12.0,12.0,12.0,12.0,13.0,38,34,40,39,40,62,66,60,61,60,40,40,否,否,否,否,否,否,否,否,否,否,否,否,否,否,否,否,否,否,41,40,41,0.250,4.779,1.031,0.000,13.428,1.294,0.423,1.951,35.0,30.0,64.0,64.0,0,0.8,0.6,0.0,0.0,0.0,14.3,43.2,45.9,18.6,5.5,0.8,0.0,0.1,0.0,71.3,11.2,75.2,99.0,99.8,1066.7,10.67,15,15,15,35,74,374,1,2,是,否,否,否,否,否,否,否,否,否,是,否,否,否,否,否,否,否,否,否,否,否,否,否,否,否,否,否,否,否,否,否,否,否,否,否,否,38.0,37,37,49,97.0,100.0,否,否,24292,21073,0.0,0.4,0.4,0.000,0.253,4055,1570,41,0.000,100.0,1066.0,0.0,0.0,0.0,0.0,0.0,0.0,0.0,317,否,否,否,否,否,否,7.326,24.799,60.0,-12.564,25.2,118.4,7.2,60.6,0.7,0.7,0.7,0.7,7.2,60.3,0.7,0.7,0.7,0.7,139.66,1360.20,14.29,14.02,1532.07,1532.07,0.32,139.37,139.29,0.38,232.42,0,0,0.0,0.0,0,0.000,
17.9.2026,22:51:34.237,5967,33545,15.1,5890,10292,36.3,0.0,23329,0,0.806,0.955,0.765,0.752,0.750,0.873,0.693,1725.0,3299.9,1200.0,1200.0,1200.0,100.0,3100.0,187.6,572.7,513.6,365.1,42.4,4.0,0.4,2.0,0.8,187.6,14.0,41.9,36.2,28.9,3.3,0.0,0.6,0.7,0.6,41.9,14.0,100.0,7.7,23.5,21.1,15.1,1.7,0.1,0.0,0.1,0.0,7.7,17.2,33.0,12.0,12.0,12.0,31.0,38,38,39,39,38,62,62,61,61,62,41,39,否,否,否,否,否,否,否,否,否,否,否,否,否,否,否,否,否,否,40,39,40,0.250,4.564,0.902,0.000,13.187,1.293,0.423,1.867,35.0,30.0,64.0,64.0,0,0.3,0.2,0.0,0.0,0.0,14.3,42.8,36.8,30.7,3.6,0.4,0.0,0.2,0.1,73.0,27.5,65.4,99.4,99.8,1066.7,10.67,15,15,15,35,74,374,1,2,是,否,否,否,否,否,否,否,否,否,是,否,否,否,否,否,否,否,否,否,否,否,否,否,否,否,否,否,否,否,否,否,否,否,否,否,否,38.0,37,37,47,97.0,100.0,否,否,24292,21073,0.0,0.4,0.4,0.000,0.114,4055,1570,40,0.000,100.0,1066.0,0.0,0.0,0.0,0.0,0.0,0.0,0.0,317,否,否,否,否,否,否,7.371,24.792,60.0,-12.708,25.2,117.0,7.2,60.6,0.7,0.7,0.7,0.7,7.2,60.3,0.7,0.7,0.7,0.7,139.66,1360.20,14.29,14.02,1532.07,1532.07,0.32,139.37,139.29,0.38,232.42,0,0,0.0,0.0,0,0.000,
17.9.2026,22:51:36.248,5967,33544,15.1,5888,10294,36.3,0.0,23329,0,0.779,0.812,0.765,0.792,0.747,0.713,0.693,1500.0,1600.0,1200.0,2000.0,1200.0,100.0,1400.0,187.6,507.8,543.5,384.9,35.7,27.0,1.0,0.9,0.2,187.6,14.7,36.8,38.7,32.5,1.9,7.8,0.0,0.0,0.0,38.7,14.7,100.0,7.7,20.7,22.4,15.9,1.4,1.1,0.0,0.0,0.0,7.7,15.0,16.0,12.0,20.0,12.0,14.0,38,37,39,40,38,62,63,61,60,62,40,40,否,否,否,否,否,否,否,否,否,否,否,否,否,否,否,否,否,否,40,40,40,0.250,3.548,0.714,0.000,11.507,1.251,0.363,1.098,35.0,30.0,64.0,64.0,0,0.7,0.8,0.0,0.0,0.0,14.3,37.7,39.2,31.9,2.9,2.3,0.1,0.1,0.0,72.8,28.8,64.9,97.4,99.9,1066.7,10.67,15,15,15,35,74,374,1,2,是,否,否,否,否,否,否,否,否,否,是,否,否,否,否,否,否,否,否,否,否,否,否,否,否,否,否,否,否,否,否,否,否,否,否,否,否,38.0,37,37,45,97.0,100.0,否,否,24292,21073,0.0,1.6,1.6,0.000,0.143,4055,1571,40,0.000,100.0,1066.0,0.0,0.0,0.0,0.0,0.0,0.0,0.0,317,否,否,否,否,否,否,7.322,24.784,60.0,-12.645,25.2,117.6,7.2,60.6,0.7,0.7,0.7,0.7,7.2,60.3,0.7,0.7,0.7,0.7,139.66,1360.20,14.29,14.02,1532.07,1532.07,0.32,139.37,139.29,0.38,232.42,0,0,0.0,0.0,0,0.000,
17.9.2026,22:51:38.258,5964,33548,15.0,5896,10286,36.4,0.0,23329,0,0.766,0.797,0.762,0.755,0.747,0.713,0.693,1200.0,1200.0,1200.0,1200.0,1200.0,100.0,1400.0,218.3,445.2,451.9,569.1,261.0,16.2,0.3,2.8,0.2,218.3,16.5,32.2,33.9,44.7,18.9,2.5,0.0,0.0,0.0,44.7,16.5,100.0,9.0,18.0,18.6,23.5,10.8,0.6,0.0,0.1,0.0,9.0,12.0,12.0,12.0,12.0,12.0,14.0,38,34,41,38,39,62,66,59,62,61,41,41,否,否,否,否,否,否,否,否,否,否,否,否,否,否,否,否,否,否,40,40,40,0.750,3.914,0.725,0.000,11.846,1.259,0.371,1.443,35.0,30.0,64.0,64.0,0,0.6,0.7,0.0,0.0,0.0,16.5,32.8,34.1,44.8,18.6,1.3,0.0,0.2,0.0,69.5,36.5,43.4,98.3,99.7,1066.7,10.67,15,15,15,35,74,374,1,2,是,否,否,否,否,否,否,否,否,否,是,否,否,否,否,否,否,否,否,否,否,否,否,否,否,否,否,否,否,否,否,否,否,否,否,否,否,38.0,37,37,46,97.0,100.0,否,否,24292,21073,0.0,1.1,1.1,0.000,0.170,4055,1571,40,0.000,100.0,1066.0,0.0,0.0,0.0,0.0,0.0,0.0,0.0,317,否,否,否,否,否,否,7.343,24.777,60.0,-12.601,25.2,118.0,7.2,60.6,0.7,0.7,0.7,0.7,7.2,60.3,0.7,0.7,0.7,0.7,139.66,1360.20,14.29,14.02,1532.07,1532.07,0.32,139.37,139.29,0.38,232.42,0,0,0.0,0.0,0,0.000,
17.9.2026,22:51:40.263,5971,33541,15.1,5896,10287,36.4,0.0,23329,0,0.773,0.795,0.795,0.752,0.750,0.721,0.693,1325.0,1200.0,1700.0,1200.0,1200.0,100.0,1500.0,178.0,294.0,355.1,666.5,59.2,43.8,0.2,5.3,0.2,178.0,14.1,22.2,27.6,55.0,4.5,3.2,0.0,0.0,0.0,55.0,14.1,100.0,7.3,11.9,14.6,27.7,2.4,1.8,0.0,0.2,0.0,7.3,13.2,12.0,17.0,12.0,12.0,15.0,38,35,41,40,38,62,65,59,60,62,41,41,否,否,否,否,否,否,否,否,否,否,否,否,否,否,否,否,否,否,40,39,40,0.250,4.265,0.850,0.000,12.541,1.278,0.417,1.640,35.0,30.0,64.0,64.0,0,0.0,0.0,0.0,0.0,0.0,14.5,23.3,28.2,55.5,4.9,3.7,0.0,0.4,0.0,72.0,52.4,40.0,96.1,99.5,1066.7,10.67,15,15,15,35,74,374,1,2,是,否,否,否,否,否,否,否,否,否,是,否,否,否,否,否,否,否,否,否,否,否,否,否,否,否,否,否,否,否,否,否,否,否,否,否,否,38.0,37,37,43,97.0,100.0,否,否,24292,21073,0.0,0.9,0.9,0.000,0.030,4055,1571,41,0.000,100.0,1066.0,0.0,0.0,0.0,0.0,0.0,0.0,0.0,317,否,否,否,否,否,否,7.401,24.777,60.0,-12.656,25.2,117.5,7.2,60.6,0.7,0.7,0.7,0.7,7.2,60.3,0.7,0.7,0.7,0.7,139.66,1360.20,14.29,14.02,1532.07,1532.07,0.32,139.37,139.29,0.38,232.42,0,0,0.0,0.0,0,0.000,
17.9.2026,22:51:42.272,5972,33540,15.1,5894,10289,36.4,0.0,23329,0,0.765,0.795,0.765,0.750,0.750,0.706,0.693,1200.0,1200.0,1200.0,1200.0,1200.0,100.0,1300.0,195.6,545.8,672.1,281.2,57.2,3.4,1.7,3.0,0.2,195.6,15.1,38.2,46.1,22.9,4.4,0.1,0.7,7.3,0.7,46.1,15.1,100.0,8.0,22.4,27.8,11.6,2.3,0.1,0.1,0.1,0.0,8.0,12.0,12.0,12.0,12.0,12.0,13.0,39,38,40,40,37,61,62,60,60,63,41,40,否,否,否,否,否,否,否,否,否,否,否,否,否,否,否,否,否,否,41,41,39,0.250,2.695,0.453,0.000,9.403,1.217,0.292,0.557,35.0,30.0,64.0,64.0,0,0.3,0.2,0.0,0.0,0.0,14.3,39.0,46.7,23.5,4.6,0.3,0.1,0.2,0.0,72.3,17.9,72.2,99.4,99.7,1066.7,10.67,15,15,15,35,74,374,1,2,是,否,否,否,否,否,否,否,否,否,是,否,否,否,否,否,否,否,否,否,否,否,否,否,否,否,否,否,否,否,否,否,否,否,否,否,否,38.0,37,37,45,97.0,100.0,否,否,24292,21073,0.0,0.7,0.7,0.000,0.207,4055,1571,40,0.000,100.0,1066.0,0.0,0.0,0.0,0.0,0.0,0.0,0.0,317,否,否,否,否,否,否,7.339,24.769,60.0,-12.227,25.2,121.5,7.2,60.6,0.7,0.7,0.7,0.7,7.2,60.3,0.7,0.7,0.7,0.7,139.66,1360.20,14.29,14.02,1532.07,1532.07,0.32,139.37,139.29,0.38,232.42,0,0,0.0,0.0,0,0.000,
17.9.2026,22:51:44.269,5970,33541,15.1,5890,10292,36.3,0.0,23329,0,0.765,0.795,0.765,0.752,0.747,0.688,0.693,1200.0,1200.0,1200.0,1200.0,1200.0,100.0,1000.0,187.6,458.5,543.1,410.4,72.0,10.0,0.3,6.4,0.2,187.6,14.2,32.1,39.6,34.2,5.8,0.0,0.0,1.7,0.0,39.6,14.2,100.0,7.7,18.7,22.4,17.0,3.0,0.4,0.0,0.3,0.0,7.7,12.0,12.0,12.0,12.0,12.0,10.0,38,36,39,38,38,62,64,61,62,62,41,39,否,否,否,否,否,否,否,否,否,否,否,否,否,否,否,否,否,否,41,39,41,0.250,4.364,0.948,0.000,12.638,1.279,0.393,1.643,35.0,30.0,64.0,64.0,0,0.6,0.5,0.0,0.0,0.0,14.2,32.6,39.7,34.3,5.4,0.9,0.0,0.5,0.0,70.7,24.9,59.6,98.9,99.4,1066.7,10.67,15,15,15,35,74,374,1,2,否,否,否,否,否,否,否,否,否,否,否,否,否,否,否,否,否,否,否,否,否,否,否,否,否,否,否,否,否,否,否,否,否,否,否,否,否,38.0,37,37,44,97.0,100.0,否,否,24292,21073,0.0,1.1,1.1,0.000,0.093,4055,1572,40,0.000,100.0,1066.0,0.0,0.0,0.0,0.0,0.0,0.0,0.0,317,否,否,否,否,否,否,7.323,24.761,59.9,-12.427,25.2,119.5,7.2,60.6,0.7,0.7,0.7,0.7,7.2,60.3,0.7,0.7,0.7,0.7,139.66,1360.20,14.29,14.02,1532.07,1532.07,0.32,139.37,139.29,0.38,232.42,0,0,0.0,0.0,0,0.000,
17.9.2026,22:51:46.264,5967,33545,15.1,5896,10286,36.4,0.0,23329,0,0.803,0.792,0.765,0.750,0.905,0.688,0.693,1625.0,1200.0,1200.0,1200.0,2900.0,100.0,1000.0,193.8,615.5,626.1,238.7,47.4,14.5,6.6,1.4,0.4,193.8,14.0,42.9,43.3,18.9,3.7,0.0,0.7,2.5,0.2,43.3,14.0,100.0,8.0,25.3,25.9,9.8,1.9,0.6,0.3,0.0,0.0,8.0,16.2,12.0,12.0,12.0,29.0,10.0,39,38,38,40,39,61,62,62,60,61,40,40,否,否,否,否,否,否,否,否,否,否,否,否,否,否,否,否,否,否,40,40,40,0.250,3.721,0.714,0.001,11.415,1.256,0.367,1.264,35.0,30.0,64.0,64.0,0,0.6,0.4,0.0,0.0,0.0,14.2,44.0,44.2,19.9,3.7,1.2,0.5,0.1,0.0,72.8,17.3,76.0,98.0,99.8,1066.7,10.67,15,15,15,35,74,374,1,2,是,否,否,否,否,否,否,否,否,否,是,否,否,否,否,否,否,否,否,否,否,否,否,否,否,否,否,否,否,否,否,否,否,否,否,否,否,38.0,37,37,46,97.0,100.0,否,否,24292,21073,0.0,1.6,1.6,0.000,0.175,4055,1572,40,0.001,100.0,1066.0,0.0,0.0,0.0,0.0,0.0,0.0,0.0,317,否,否,否,否,否,否,7.332,24.761,59.9,-12.318,25.2,120.6,7.2,60.6,0.7,0.7,0.7,0.7,7.2,60.3,0.7,0.7,0.7,0.7,139.66,1360.20,14.29,14.02,1532.07,1532.07,0.32,139.37,139.29,0.38,232.42,0,0,0.0,0.0,0,0.000,
17.9.2026,22:51:48.277,5969,33543,15.1,5904,10278,36.4,0.0,23329,0,0.771,0.815,0.765,0.755,0.747,0.688,0.693,1300.0,1600.0,1200.0,1200.0,1200.0,100.0,1000.0,183.5,417.9,492.4,438.4,69.5,40.5,0.4,8.5,0.2,183.5,15.3,31.7,37.0,35.6,5.8,10.4,0.2,1.6,0.2,37.0,15.3,100.0,7.5,16.9,20.2,18.1,2.8,1.6,0.0,0.3,0.0,7.5,13.0,16.0,12.0,12.0,12.0,10.0,38,36,39,37,38,62,64,61,63,62,40,39,否,否,否,否,否,否,否,否,否,否,否,否,否,否,否,否,否,否,40,40,40,2.000,4.267,0.886,0.000,12.476,1.275,0.403,1.609,35.0,30.0,64.0,64.0,0,0.6,0.6,0.0,0.0,0.0,14.5,32.5,37.5,36.0,5.8,3.3,0.0,0.7,0.0,71.8,33.4,58.1,96.4,99.2,1066.7,10.67,15,15,15,35,74,374,1,2,是,否,否,否,否,否,否,否,否,否,是,否,否,否,否,否,否,否,否,否,否,否,否,否,否,否,否,否,否,否,否,否,否,否,否,否,否,38.0,37,37,44,97.0,100.0,否,否,24292,21073,0.0,1.1,1.1,0.000,0.154,4055,1572,41,0.000,100.0,1066.0,0.0,0.0,0.0,0.0,0.0,0.0,0.0,317,否,否,否,否,否,否,7.348,24.754,59.9,-12.455,25.2,119.2,7.2,60.6,0.7,0.7,0.7,0.7,7.2,60.3,0.7,0.7,0.7,0.7,139.66,1360.20,14.29,14.02,1532.07,1532.07,0.32,139.37,139.29,0.38,232.42,0,0,0.0,0.0,0,0.000,
17.9.2026,22:51:50.265,5971,33541,15.1,5890,10292,36.3,0.0,23329,0,0.765,0.795,0.765,0.752,0.747,0.686,0.693,1200.0,1200.0,1200.0,1200.0,1200.0,100.0,1000.0,184.6,412.3,477.7,475.3,86.8,19.8,1.8,2.5,0.3,184.6,14.5,30.6,35.7,39.5,7.3,1.9,0.5,0.5,0.4,39.5,14.5,100.0,7.6,16.7,19.7,19.7,3.6,0.8,0.1,0.1,0.0,7.6,12.0,12.0,12.0,12.0,12.0,10.0,38,37,39,39,38,62,63,61,61,62,40,39,否,否,否,否,否,否,否,否,否,否,否,否,否,否,否,否,否,否,41,40,41,0.250,3.768,0.614,0.000,11.616,1.266,0.426,1.391,35.0,30.0,64.0,64.0,0,0.4,0.4,0.0,0.0,0.0,14.5,31.2,35.9,39.6,7.0,1.6,0.1,0.2,0.0,72.6,38.7,53.7,98.1,99.8,1066.7,10.67,15,15,15,35,74,374,1,2,是,否,否,否,否,否,否,否,否,否,是,否,否,否,否,否,否,否,否,否,否,否,否,否,否,否,否,否,否,否,否,否,否,否,否,否,否,38.0,37,37,43,97.0,100.0,否,否,24292,21073,0.0,1.0,1.0,0.000,0.152,4055,1573,40,0.000,100.0,1066.0,0.0,0.0,0.0,0.0,0.0,0.0,0.0,317,否,否,否,否,否,否,7.408,24.746,59.9,-12.371,25.2,120.0,7.2,60.6,0.7,0.7,0.7,0.7,7.2,60.3,0.7,0.7,0.7,0.7,139.66,1360.20,14.29,14.02,1532.07,1532.07,0.32,139.37,139.29,0.38,232.42,0,0,0.0,0.0,0,0.000,
17.9.2026,22:51:52.273,5968,33544,15.1,5884,10298,36.3,0.0,23329,0,0.771,0.795,0.782,0.755,0.750,0.686,0.693,1275.0,1200.0,1500.0,1200.0,1200.0,100.0,1000.0,188.5,454.7,570.5,437.4,34.5,4.2,3.5,2.6,0.4,188.5,14.1,32.3,41.3,35.8,3.3,0.0,0.2,0.1,0.0,41.3,14.1,100.0,7.7,18.5,23.5,18.0,1.4,0.1,0.1,0.1,0.0,7.7,12.8,12.0,15.0,12.0,12.0,10.0,38,36,40,39,37,62,64,60,61,63,41,40,否,否,否,否,否,否,否,否,否,否,否,否,否,否,否,否,否,否,41,40,41,0.250,3.388,0.586,0.000,10.830,1.249,0.374,1.066,35.0,30.0,64.0,64.0,0,0.6,0.4,0.0,0.0,0.0,14.4,33.2,41.8,36.5,2.7,0.4,0.3,0.2,0.0,69.9,19.9,60.8,99.2,99.8,1066.7,10.67,15,15,15,35,74,374,1,2,是,否,否,否,否,否,否,否,否,否,是,否,否,否,否,否,否,否,否,否,否,否,否,否,否,否,否,否,否,否,否,否,否,否,否,否,否,38.0,37,37,47,97.0,100.0,否,否,24292,21073,0.0,0.7,0.7,0.000,0.173,4055,1573,41,0.000,100.0,1066.0,0.0,0.0,0.0,0.0,0.0,0.0,0.0,317,否,否,否,否,否,否,7.322,24.738,59.9,-12.301,25.2,120.7,7.2,60.6,0.7,0.7,0.7,0.7,7.2,60.3,0.7,0.7,0.7,0.7,139.66,1360.20,14.29,14.02,1532.07,1532.07,0.32,139.37,139.29,0.38,232.42,0,0,0.0,0.0,0,0.000,
17.9.2026,22:51:54.286,5963,33549,15.0,5892,10290,36.4,0.0,23329,0,0.771,0.817,0.765,0.752,0.747,0.713,0.693,1300.0,1600.0,1200.0,1200.0,1200.0,100.0,1400.0,194.7,458.1,544.5,404.9,111.8,15.2,0.9,21.8,0.3,194.7,14.6,31.8,40.3,32.9,7.5,1.8,0.0,2.4,0.0,40.3,14.6,100.0,8.0,18.6,22.5,16.7,4.6,0.6,0.0,0.9,0.0,8.0,13.0,16.0,12.0,12.0,12.0,14.0,38,35,39,39,38,62,65,61,61,62,40,39,否,否,否,否,否,否,否,否,否,否,否,否,否,否,否,否,否,否,40,40,40,0.250,4.290,0.720,0.000,12.801,1.284,0.414,1.789,35.0,30.0,64.0,64.0,0,0.5,0.5,0.0,0.0,0.0,14.7,32.7,40.8,33.4,7.7,1.3,0.1,1.8,0.0,70.8,25.5,60.9,98.4,98.2,1066.7,10.67,15,15,15,35,74,374,1,2,是,否,否,否,否,否,否,否,否,否,是,否,否,否,否,否,否,否,否,否,否,否,否,否,否,否,否,否,否,否,否,否,否,否,否,否,否,38.0,37,37,45,97.0,100.0,否,否,24292,21073,0.0,1.1,1.1,0.000,0.194,4055,1573,41,0.000,100.0,1066.0,0.0,0.0,0.0,0.0,0.0,0.0,0.0,317,否,否,否,否,否,否,7.332,24.731,59.9,-12.457,25.2,119.1,7.2,60.6,0.7,0.7,0.7,0.7,7.2,60.3,0.7,0.7,0.7,0.7,139.66,1360.20,14.29,14.02,1532.07,1532.07,0.32,139.37,139.29,0.38,232.42,0,0,0.0,0.0,0,0.000,
17.9.2026,22:51:56.299,5971,33541,15.1,5892,10290,36.4,0.0,23329,0,0.804,0.792,0.765,0.752,0.905,0.966,0.693,1625.0,1200.0,1200.0,1200.0,2900.0,100.0,3599.9,194.6,603.3,617.2,302.6,27.9,3.9,0.9,0.4,0.2,194.6,14.0,41.8,42.8,24.9,1.4,0.4,0.2,0.0,0.1,42.8,14.0,100.0,8.0,24.8,25.5,12.5,1.1,0.1,0.0,0.0,0.0,8.0,16.2,12.0,12.0,12.0,29.0,36.0,39,39,39,40,38,61,61,61,60,62,40,40,否,否,否,否,否,否,否,否,否,否,否,否,否,否,否,否,否,否,42,42,41,0.250,4.058,0.776,0.000,12.173,1.276,0.419,1.508,35.0,30.0,64.0,64.0,0,0.3,0.2,0.0,0.0,0.0,14.2,42.5,43.2,25.2,2.1,0.3,0.1,0.0,0.0,72.2,16.1,73.2,99.4,99.9,1066.7,10.67,15,15,15,35,74,374,1,2,是,否,否,否,否,否,否,否,否,否,是,否,否,否,否,否,否,否,否,否,否,否,否,否,否,否,否,否,否,否,否,否,否,否,否,否,否,38.0,37,37,47,97.0,100.0,否,否,24292,21073,0.0,0.7,0.7,0.000,0.213,4055,1574,41,0.000,100.0,1066.0,0.0,0.0,0.0,0.0,0.0,0.0,0.0,317,否,否,否,否,否,否,7.325,24.723,59.8,-12.394,25.2,119.7,7.2,60.6,0.7,0.7,0.7,0.7,7.2,60.3,0.7,0.7,0.7,0.7,139.66,1360.20,14.29,14.02,1532.07,1532.07,0.32,139.37,139.29,0.38,232.42,0,0,0.0,0.0,0,0.000,
17.9.2026,22:51:58.294,5970,33541,15.1,5891,10292,36.4,0.0,23329,0,0.764,0.795,0.762,0.752,0.747,0.708,0.693,1200.0,1200.0,1200.0,1200.0,1200.0,100.0,1300.0,190.8,515.9,591.5,345.8,54.9,17.5,0.2,0.3,0.2,190.8,13.6,35.6,41.4,27.2,4.4,0.0,0.0,0.0,0.0,41.4,13.6,100.0,7.8,21.0,24.4,14.3,2.2,0.7,0.0,0.0,0.0,7.8,12.0,12.0,12.0,12.0,12.0,13.0,38,36,40,40,38,62,64,60,60,62,41,40,否,否,否,否,否,否,否,否,否,否,否,否,否,否,否,否,否,否,40,40,40,0.500,4.393,0.857,0.001,12.793,1.275,0.398,1.766,35.0,30.0,64.0,64.0,0,0.9,1.0,0.0,0.0,0.0,14.0,36.7,42.2,27.9,4.1,1.4,0.0,0.0,0.0,72.6,23.8,68.3,98.4,99.9,1066.7,10.67,15,15,15,35,74,374,1,2,是,否,否,否,否,否,否,否,否,否,是,否,否,否,否,否,否,否,否,否,否,否,否,否,否,否,否,否,否,否,否,否,否,否,否,否,否,38.0,37,37,47,97.0,100.0,否,否,24292,21073,0.0,0.7,0.7,0.000,0.201,4055,1574,41,0.001,100.0,1066.0,0.0,0.0,0.0,0.0,0.0,0.0,0.0,317,否,否,否,否,否,否,7.341,24.715,59.8,-12.516,25.2,118.5,7.2,60.6,0.7,0.7,0.7,0.7,7.2,60.3,0.7,0.7,0.7,0.7,139.66,1360.20,14.29,14.02,1532.07,1532.07,0.32,139.37,139.29,0.38,232.42,0,0,0.0,0.0,0,0.000,
17.9.2026,22:52:0.294,5969,33543,15.1,5886,10296,36.3,0.0,23329,0,0.805,0.795,0.925,0.752,0.747,0.701,0.693,1625.0,1200.0,2900.0,1200.0,1200.0,100.0,1200.0,183.7,380.6,511.6,494.9,61.0,18.7,1.0,2.0,0.2,183.7,14.4,27.4,38.4,40.3,5.0,3.2,0.3,0.4,0.3,40.3,14.4,100.0,7.5,15.4,21.1,20.5,2.5,0.7,0.0,0.1,0.0,7.5,16.2,12.0,29.0,12.0,12.0,12.0,38,37,39,39,38,62,63,61,61,62,40,39,否,否,否,否,否,否,否,否,否,否,否,否,否,否,否,否,否,否,41,41,40,6.750,4.304,0.835,0.001,12.582,1.267,0.396,1.709,35.0,30.0,64.0,64.0,0,0.4,0.3,0.0,0.0,0.0,14.2,28.0,38.6,40.4,4.9,1.5,0.0,0.1,0.0,71.1,31.1,55.6,98.1,99.8,1066.7,10.67,15,15,15,35,74,374,1,2,是,否,否,否,否,否,否,否,否,否,是,否,否,否,否,否,否,否,否,否,否,否,否,否,否,否,否,否,否,否,否,否,否,否,否,否,否,39.0,37,37,46,97.0,100.0,否,否,24292,21073,0.0,1.0,1.0,0.000,0.116,4055,1574,40,0.001,100.0,1066.0,0.0,0.0,0.0,0.0,0.0,0.0,0.0,317,否,否,否,否,否,否,7.349,24.708,59.8,-12.559,25.2,118.0,7.2,60.6,0.7,0.7,0.7,0.7,7.2,60.3,0.7,0.7,0.7,0.7,139.66,1360.20,14.29,14.02,1532.07,1532.07,0.32,139.37,139.29,0.38,232.42,0,0,0.0,0.0,0,0.000,
17.9.2026,22:52:2.298,5970,33542,15.1,5889,10293,36.3,0.0,23329,0,0.765,0.795,0.765,0.752,0.747,0.713,0.693,1200.0,1200.0,1200.0,1200.0,1200.0,100.0,1400.0,189.6,431.4,458.7,451.4,145.3,25.6,0.6,2.0,1.5,189.6,14.3,30.6,33.8,36.2,11.1,1.6,0.3,0.4,0.4,36.2,14.3,100.0,7.8,17.5,18.9,18.6,6.0,1.0,0.0,0.1,0.1,7.8,12.0,12.0,12.0,12.0,12.0,14.0,38,37,40,38,38,62,63,60,62,62,40,40,否,否,否,否,否,否,否,否,否,否,否,否,否,否,否,否,否,否,41,40,41,0.250,3.580,0.656,0.000,11.451,1.247,0.352,1.195,35.0,30.0,64.0,64.0,0,0.7,0.6,0.0,0.0,0.0,14.7,32.0,34.6,37.0,11.7,2.1,0.0,0.2,0.1,71.4,35.3,53.0,97.6,99.7,1066.7,10.67,15,15,15,35,74,374,1,2,是,否,否,否,否,否,否,否,否,否,是,否,否,否,否,否,否,否,否,否,否,否,否,否,否,否,否,否,否,否,否,否,否,否,否,否,否,38.0,38,38,45,97.0,100.0,否,否,24292,21073,0.0,1.1,1.1,0.000,0.134,4055,1575,41,0.000,100.0,1066.0,0.0,0.0,0.0,0.0,0.0,0.0,0.0,317,否,否,否,否,否,否,7.337,24.708,59.8,-12.502,25.2,118.6,7.2,60.6,0.7,0.7,0.7,0.7,7.2,60.3,0.7,0.7,0.7,0.7,139.66,1360.20,14.29,14.02,1532.07,1532.07,0.32,139.37,139.29,0.38,232.42,0,0,0.0,0.0,0,0.000,
17.9.2026,22:52:4.297,5973,33538,15.1,5897,10285,36.4,0.0,23329,0,0.771,0.792,0.787,0.752,0.750,0.966,0.693,1300.0,1200.0,1600.0,1200.0,1200.0,100.0,3599.9,187.9,591.1,621.8,258.7,6.1,18.2,0.7,6.4,0.2,187.9,13.5,41.6,44.0,21.5,0.0,1.0,0.0,0.0,0.0,44.0,13.5,100.0,7.7,24.3,25.6,10.6,0.2,0.7,0.0,0.3,0.0,7.7,13.0,12.0,16.0,12.0,12.0,36.0,39,40,39,39,38,61,60,61,61,62,41,40,否,否,否,否,否,否,否,否,否,否,否,否,否,否,否,否,否,否,40,40,40,0.250,3.942,0.674,0.001,11.897,1.270,0.397,1.505,35.0,30.0,64.0,64.0,0,0.4,0.4,0.0,0.0,0.0,13.9,42.2,44.5,21.6,0.5,1.5,0.1,0.5,0.0,72.4,14.7,77.0,98.3,99.5,1066.7,10.67,15,15,15,35,74,374,1,2,是,否,否,否,否,否,否,否,否,否,是,否,否,否,否,否,否,否,否,否,否,否,否,否,否,否,否,否,否,否,否,否,否,否,否,否,否,38.0,38,38,48,97.0,100.0,否,否,24292,21073,1.1,0.3,1.4,6.199,0.468,4066,1575,41,0.001,100.0,1066.0,0.0,0.0,0.0,0.0,0.0,0.0,0.0,317,否,否,否,否,否,否,7.327,24.700,59.8,-12.493,25.2,118.6,7.2,60.6,0.7,0.7,0.7,0.7,7.2,60.3,0.7,0.7,0.7,0.7,139.66,1360.20,14.29,14.02,1532.07,1532.07,0.32,139.37,139.29,0.38,232.42,0,0,0.0,0.0,0,0.000,
17.9.2026,22:52:6.300,5967,33545,15.1,5892,10290,36.4,0.0,23329,0,0.771,0.795,0.765,0.752,0.772,0.688,0.693,1300.0,1200.0,1200.0,1200.0,1600.0,100.0,1000.0,181.4,761.4,510.8,145.3,23.9,8.2,0.1,1.1,0.2,181.4,12.9,53.0,33.9,11.6,2.4,1.1,0.5,0.6,0.5,53.0,12.9,100.0,7.4,31.1,20.8,5.9,1.0,0.3,0.0,0.0,0.0,7.4,13.0,12.0,12.0,12.0,16.0,10.0,40,39,40,40,39,60,61,60,60,61,41,40,否,否,否,否,否,否,否,否,否,否,否,否,否,否,否,否,否,否,41,40,41,0.250,4.339,0.850,0.000,12.653,1.271,0.399,1.725,35.0,30.0,64.0,64.0,0,2.0,0.9,0.0,0.0,0.0,13.0,54.2,34.9,12.2,2.0,0.7,0.0,0.1,0.0,73.3,8.7,85.5,99.2,99.9,1066.7,10.67,15,15,15,35,74,374,1,2,是,否,否,否,否,否,否,否,否,否,是,否,否,否,否,否,否,否,否,否,否,否,否,否,否,否,否,否,否,否,否,否,否,否,否,否,否,38.0,38,38,50,97.0,100.0,否,否,24292,21073,3.3,1.3,4.7,51.490,2.117,4165,1579,41,0.000,100.0,1066.0,0.0,0.0,0.0,0.0,0.0,0.0,0.0,317,否,否,否,否,否,否,7.325,24.692,59.8,-12.665,25.2,117.0,7.2,60.6,0.7,0.7,0.7,0.7,7.2,60.3,0.7,0.7,0.7,0.7,139.66,1360.20,14.29,14.02,1532.07,1532.07,0.32,139.37,139.29,0.38,232.42,0,0,0.0,0.0,0,0.000,
17.9.2026,22:52:8.293,5994,33518,15.1,5915,10267,36.5,0.0,23329,0,0.762,0.792,0.760,0.752,0.745,0.826,0.693,1200.0,1200.0,1200.0,1200.0,1200.0,100.0,2700.0,322.9,810.8,735.0,489.8,498.9,19.2,16.0,13.4,0.3,322.9,22.5,55.2,48.3,36.0,37.1,1.3,1.2,0.7,0.0,55.2,22.5,100.0,13.2,33.0,30.0,20.0,20.5,0.7,0.6,0.5,0.0,13.2,12.0,12.0,12.0,12.0,12.0,27.0,40,37,42,40,40,60,63,58,60,60,41,42,否,否,否,否,否,否,否,否,否,否,否,否,否,否,否,否,否,否,41,41,41,1.250,4.643,0.897,0.001,13.205,1.295,0.414,1.952,35.0,30.0,64.0,64.0,0,0.1,0.0,0.0,0.0,0.0,22.8,56.6,49.1,36.4,36.7,1.6,1.3,0.8,0.0,62.3,3.3,49.7,97.2,99.1,1066.7,10.67,15,15,15,35,74,374,1,2,是,否,否,否,否,否,否,否,否,否,是,否,否,否,否,否,否,否,否,否,否,否,否,否,否,否,否,否,否,否,否,否,否,否,否,否,否,40.0,38,38,51,97.0,100.0,否,否,24292,21073,8.2,0.6,8.8,55.485,1.081,4271,1582,40,0.001,100.0,1066.0,0.0,0.0,0.0,0.0,0.0,0.0,0.0,317,否,否,否,否,否,否,7.309,24.685,59.8,-12.769,25.2,116.0,7.2,60.6,0.7,0.7,0.7,0.7,7.2,60.3,0.7,0.7,0.7,0.7,139.66,1360.20,14.29,14.02,1532.07,1532.07,0.32,139.37,139.29,0.38,232.42,0,0,0.0,0.0,0,0.000,
17.9.2026,22:52:10.313,5981,33530,15.1,5908,10274,36.5,0.0,23329,0,0.766,0.805,0.762,0.747,0.750,0.706,0.693,1275.0,1500.0,1200.0,1200.0,1200.0,100.0,1300.0,200.3,867.1,532.0,107.7,80.4,8.7,3.2,2.6,0.7,200.3,13.1,58.3,31.9,7.9,5.1,0.0,0.7,0.7,0.6,58.3,13.1,100.0,8.2,35.6,21.5,4.4,3.3,0.3,0.1,0.1,0.0,8.2,12.8,15.0,12.0,12.0,12.0,13.0,40,40,39,41,39,60,60,61,59,61,42,41,否,否,否,否,否,否,否,否,否,否,否,否,否,否,否,否,否,否,41,40,41,0.250,5.680,1.887,0.000,14.463,1.324,0.482,1.951,35.0,30.0,64.0,64.0,0,0.4,0.3,0.0,0.0,0.0,13.4,58.9,33.1,8.3,6.2,0.5,0.2,0.2,0.1,72.0,1.7,87.2,99.2,99.8,1066.7,10.67,15,15,15,35,74,374,1,2,是,否,否,否,否,否,否,否,否,否,是,否,否,否,否,否,否,否,否,否,否,否,否,否,否,否,否,否,否,否,否,否,否,否,否,否,否,39.0,38,38,51,97.0,100.0,否,否,24292,21073,0.0,3.1,3.1,0.097,3.769,4271,1589,41,0.000,100.0,1066.0,0.0,0.0,0.0,0.0,0.0,0.0,0.0,317,否,否,否,否,否,否,7.310,24.677,59.7,-13.100,25.2,113.0,7.2,60.6,0.7,0.7,0.7,0.7,7.2,60.3,0.7,0.7,0.7,0.7,139.66,1360.20,14.29,14.02,1532.07,1532.07,0.32,139.37,139.29,0.38,232.42,0,0,0.0,0.0,0,0.000,
17.9.2026,22:52:12.326,5984,33527,15.1,5909,10273,36.5,0.0,23329,0,0.872,1.067,0.765,0.750,0.905,0.946,0.733,2275.0,3799.9,1200.0,1200.0,2900.0,100.0,3499.9,189.4,815.0,553.4,106.2,37.5,2.2,0.2,0.5,0.2,189.4,15.2,53.8,33.6,7.6,2.4,24.0,0.0,0.4,0.0,53.8,15.2,100.0,7.7,33.3,22.5,4.3,1.5,0.1,0.0,0.0,0.0,7.7,22.8,38.0,12.0,12.0,29.0,35.0,40,42,40,41,39,60,58,60,59,61,42,42,否,否,否,否,否,否,否,否,否,否,否,否,否,否,否,否,否,否,41,40,41,0.250,5.046,1.258,0.000,13.668,1.323,0.449,1.951,35.0,30.0,64.0,64.0,0,1.7,1.6,0.0,0.0,0.0,12.7,55.0,34.8,8.3,2.9,0.2,0.0,0.0,0.0,74.6,9.1,89.8,99.8,99.9,1066.7,10.67,15,15,15,35,74,374,1,2,是,否,否,否,否,否,否,否,否,否,是,否,否,否,否,否,否,否,否,否,否,否,否,否,否,否,否,否,否,否,否,否,否,否,否,否,否,39.0,38,38,51,97.0,100.0,否,否,24292,21073,0.0,2.3,2.3,0.000,3.759,4271,1596,42,0.000,100.0,1066.0,0.0,0.0,0.0,0.0,0.0,0.0,0.0,317,否,否,否,否,否,否,7.310,24.670,59.7,-13.224,25.2,111.9,7.2,60.6,0.7,0.7,0.7,0.7,7.2,60.3,0.7,0.7,0.7,0.7,139.66,1360.20,14.29,14.02,1532.07,1532.07,0.32,139.37,139.29,0.38,232.42,0,0,0.0,0.0,0,0.000,
17.9.2026,22:52:14.339,5947,33565,15.0,5869,10314,36.2,0.0,23329,0,0.756,0.790,0.750,0.742,0.740,0.676,0.736,1000.0,1000.0,1000.0,1000.0,1000.0,100.0,800.0,172.1,649.2,455.6,194.6,56.8,16.1,1.4,2.1,1.4,172.1,12.0,44.3,30.4,15.5,4.9,0.0,0.4,0.0,0.4,44.3,12.0,100.0,6.9,26.0,18.5,7.9,2.3,0.6,0.1,0.1,0.1,6.9,10.0,10.0,10.0,10.0,10.0,8.0,37,34,38,38,38,63,66,62,62,62,40,38,否,否,否,否,否,否,否,否,否,否,否,否,否,否,否,否,否,否,42,42,41,0.250,4.946,1.151,0.004,13.505,1.327,0.448,1.951,35.0,30.0,64.0,64.0,0,4.9,3.3,0.2,1.0,3.9,12.3,45.7,31.0,15.6,4.7,1.3,0.1,0.2,0.1,75.8,24.6,80.2,98.6,99.8,1066.7,10.67,15,15,15,35,74,374,1,2,是,否,否,否,否,否,否,否,否,否,是,否,否,否,否,否,否,否,否,否,否,否,否,否,否,否,否,否,否,否,否,否,否,否,否,否,否,38.0,38,38,51,97.0,100.0,否,否,24292,21073,1.1,1.7,2.9,6.708,2.418,4284,1601,40,0.004,100.0,1066.0,0.0,0.0,0.0,0.0,0.0,0.0,0.0,317,否,否,否,否,否,否,7.324,24.662,59.7,-13.344,25.2,110.9,7.2,60.6,0.7,0.7,0.7,0.7,7.2,60.3,0.7,0.7,0.7,0.7,139.66,1360.20,14.29,14.02,1532.07,1532.07,0.32,139.37,139.29,0.38,232.42,0,0,0.0,0.0,0,0.000,
17.9.2026,22:52:16.343,5945,33567,15.0,5866,10316,36.2,0.0,23329,0,0.757,0.790,0.752,0.745,0.740,0.676,0.736,1000.0,1000.0,1000.0,1000.0,1000.0,100.0,800.0,30.0,130.4,74.0,34.9,0.2,0.4,0.2,0.2,0.2,30.0,2.3,10.6,5.9,1.6,0.0,0.0,0.0,0.0,0.0,10.6,2.3,100.0,1.1,4.6,2.8,1.4,0.0,0.0,0.0,0.0,0.0,1.1,10.0,10.0,10.0,10.0,10.0,8.0,37,35,38,37,38,63,65,62,63,62,40,38,否,否,否,否,否,否,否,否,否,否,否,否,否,否,否,否,否,否,40,38,41,0.250,4.435,0.872,0.005,12.439,1.264,0.443,1.803,35.0,30.0,64.0,64.0,0,17.6,15.8,1.3,2.4,42.6,2.8,13.0,7.0,2.1,0.0,0.0,0.0,0.0,0.0,95.2,83.0,97.7,99.9,99.9,1600.0,16.00,22,22,22,52,74,560,1,2,否,否,否,否,否,否,否,否,否,否,否,否,否,否,否,否,否,否,否,否,否,否,否,否,否,否,否,否,否,否,否,否,否,否,否,否,否,38.0,38,38,50,97.0,100.0,否,否,24292,21073,0.0,2.5,2.5,0.000,0.150,4284,1601,41,0.005,100.0,1066.0,0.0,0.0,0.0,0.0,0.0,0.0,0.0,317,否,否,否,否,否,否,7.411,24.654,59.7,-13.199,25.2,112.1,7.2,60.6,0.7,0.7,0.7,0.7,7.2,60.3,0.7,0.7,0.7,0.7,139.66,1360.20,14.29,14.02,1532.07,1532.07,0.32,139.37,139.29,0.38,232.42,0,0,0.0,0.0,0,0.000,
17.9.2026,22:52:18.350,5945,33567,15.0,5867,10315,36.2,0.0,23329,0,0.757,0.792,0.752,0.745,0.740,0.676,0.736,1000.0,1000.0,1000.0,1000.0,1000.0,100.0,800.0,31.6,122.4,80.9,40.7,5.9,1.6,0.2,1.0,0.2,31.6,5.7,10.7,7.5,4.0,0.5,23.0,0.0,0.1,0.0,23.0,5.7,100.0,1.2,4.3,3.1,1.6,0.2,0.1,0.0,0.0,0.0,1.2,10.0,10.0,10.0,10.0,10.0,8.0,37,36,38,37,38,63,64,62,63,62,39,38,否,否,否,否,否,否,否,否,否,否,否,否,否,否,否,否,否,否,40,39,40,0.250,1.916,0.213,0.009,5.363,0.740,0.220,0.681,35.0,30.0,64.0,64.0,0,17.3,9.4,1.1,2.4,49.3,3.0,12.0,7.5,3.4,0.6,0.1,0.0,0.1,0.0,94.8,83.5,96.1,99.8,99.9,1066.7,10.67,15,15,15,35,74,374,1,2,否,否,否,否,否,否,否,否,否,否,否,否,否,否,否,否,否,否,否,否,否,否,否,否,否,否,否,否,否,否,否,否,否,否,否,否,否,38.0,38,38,47,97.0,100.0,否,否,24292,21073,0.0,1.7,1.7,0.000,0.143,4284,1601,41,0.009,100.0,1599.0,0.0,0.0,0.0,0.0,0.0,0.0,0.0,317,否,否,否,否,否,否,7.443,24.647,59.7,-12.742,25.2,116.0,7.2,60.6,0.7,0.7,0.7,0.7,7.2,60.3,0.7,0.7,0.7,0.7,139.66,1360.20,14.29,14.02,1532.07,1532.07,0.32,139.37,139.29,0.38,232.42,0,0,0.0,0.0,0,0.000,
17.9.2026,22:52:20.358,5945,33567,15.0,5868,10314,36.2,0.0,23329,0,0.756,0.787,0.752,0.745,0.740,0.673,0.693,1000.0,1000.0,1000.0,1000.0,1000.0,100.0,800.0,28.4,129.8,62.7,30.3,1.0,2.1,0.2,0.7,0.2,28.4,2.4,10.3,4.7,1.7,0.5,0.6,0.4,0.4,0.4,10.3,2.4,100.0,1.0,4.6,2.3,1.2,0.0,0.1,0.0,0.0,0.0,1.0,10.0,10.0,10.0,10.0,10.0,8.0,37,35,38,38,36,63,65,62,62,64,40,38,否,否,否,否,否,否,否,否,否,否,否,否,否,否,否,否,否,否,41,39,41,0.250,1.644,0.168,0.007,4.490,0.697,0.227,0.503,35.0,30.0,64.0,64.0,0,17.9,10.0,1.9,2.6,48.0,2.6,12.7,5.8,2.1,0.1,0.2,0.0,0.1,0.0,95.3,83.9,97.7,99.8,99.9,1066.7,10.67,15,15,15,35,74,374,1,2,否,否,否,否,否,否,否,否,否,否,否,否,否,否,否,否,否,否,否,否,否,否,否,否,否,否,否,否,否,否,否,否,否,否,否,否,否,38.0,38,38,45,97.0,100.0,否,否,24292,21073,0.0,1.4,1.4,0.000,0.050,4284,1601,40,0.007,100.0,1066.0,0.0,0.0,0.0,0.0,0.0,0.0,0.0,317,否,否,否,否,否,否,7.461,24.647,59.7,-12.139,25.2,121.8,7.2,60.6,0.7,0.7,0.7,0.7,7.2,60.3,0.7,0.7,0.7,0.7,139.66,1360.20,14.29,14.02,1532.07,1532.07,0.32,139.37,139.29,0.38,232.42,0,0,0.0,0.0,0,0.000,
17.9.2026,22:52:22.367,5945,33567,15.0,5870,10312,36.2,0.0,23329,0,0.758,0.792,0.752,0.745,0.742,0.676,0.696,1000.0,1000.0,1000.0,1000.0,1000.0,100.0,800.0,30.3,126.5,82.3,32.9,0.2,0.3,0.2,0.2,0.2,30.3,2.4,10.3,6.8,2.3,0.0,0.0,0.0,0.0,0.0,10.3,2.4,100.0,1.1,4.5,3.1,1.3,0.0,0.0,0.0,0.0,0.0,1.1,10.0,10.0,10.0,10.0,10.0,8.0,37,34,38,37,38,63,66,62,63,62,41,38,否,否,否,否,否,否,否,否,否,否,否,否,否,否,否,否,否,否,40,38,41,0.250,1.668,0.181,0.007,4.067,0.705,0.227,0.504,35.0,30.0,64.0,64.0,0,17.5,11.4,1.7,2.5,46.4,2.8,12.3,7.7,2.4,0.0,0.0,0.0,0.0,0.0,95.1,83.1,97.5,99.9,99.9,1066.7,10.67,15,15,15,35,74,374,1,2,否,否,否,否,否,否,否,否,否,否,否,否,否,否,否,否,否,否,否,否,否,否,否,否,否,否,否,否,否,否,否,否,否,否,否,否,否,38.0,38,38,49,97.0,100.0,否,否,24292,21073,0.0,0.7,0.7,0.000,0.192,4284,1602,40,0.007,100.0,1066.0,0.0,0.0,0.0,0.0,0.0,0.0,0.0,317,否,否,否,否,否,否,7.429,24.639,59.6,-11.589,25.2,127.5,7.2,60.6,0.7,0.7,0.7,0.7,7.2,60.3,0.7,0.7,0.7,0.7,139.66,1360.20,14.29,14.02,1532.07,1532.07,0.32,139.37,139.29,0.38,232.42,0,0,0.0,0.0,0,0.000,
17.9.2026,22:52:24.370,5945,33567,15.0,5871,10312,36.2,0.0,23329,0,0.753,0.787,0.747,0.740,0.737,0.673,0.693,900.0,900.0,900.0,900.0,900.0,100.0,700.0,28.4,127.8,68.7,28.1,1.0,0.8,0.2,0.3,0.2,28.4,2.4,11.0,5.9,2.3,0.0,0.0,0.0,0.0,0.0,11.0,2.4,100.0,1.0,4.5,2.6,1.1,0.0,0.0,0.0,0.0,0.0,1.0,9.0,9.0,9.0,9.0,9.0,7.0,37,34,38,38,38,63,66,62,62,62,39,38,否,否,否,否,否,否,否,否,否,否,否,否,否,否,否,否,否,否,40,38,40,0.250,1.739,0.188,0.007,4.963,0.709,0.224,0.562,35.0,30.0,64.0,64.0,0,18.2,7.0,1.8,2.5,51.1,2.7,12.6,6.3,2.1,0.1,0.1,0.0,0.0,0.0,95.3,83.7,97.7,99.9,99.9,1066.7,10.67,15,15,15,35,74,374,1,2,否,否,否,否,否,否,否,否,否,否,否,否,否,否,否,否,否,否,否,否,否,否,否,否,否,否,否,否,否,否,否,否,否,否,否,否,否,38.0,38,38,44,97.0,100.0,否,否,24292,21073,0.0,1.0,1.0,0.000,0.024,4284,1602,40,0.007,100.0,1066.0,0.0,0.0,0.0,0.0,0.0,0.0,0.0,317,否,否,否,否,否,否,7.465,24.639,59.6,-11.250,25.2,131.4,7.2,60.6,0.7,0.7,0.7,0.7,7.2,60.3,0.7,0.7,0.7,0.7,139.66,1360.20,14.29,14.02,1532.07,1532.07,0.32,139.37,139.29,0.38,232.42,0,0,0.0,0.0,0,0.000,
17.9.2026,22:52:26.373,5944,33568,15.0,5871,10311,36.2,0.0,23329,0,0.757,0.790,0.752,0.745,0.742,0.676,0.736,1000.0,1000.0,1000.0,1000.0,1000.0,100.0,800.0,29.1,138.3,75.3,16.8,0.3,1.5,0.3,0.3,0.3,29.1,2.7,11.5,5.8,1.2,0.8,0.1,0.8,0.8,0.8,11.5,2.7,100.0,1.1,5.0,2.8,0.7,0.0,0.0,0.0,0.0,0.0,1.1,10.0,10.0,10.0,10.0,10.0,8.0,36,34,36,38,36,64,66,64,62,64,39,38,否,否,否,否,否,否,否,否,否,否,否,否,否,否,否,否,否,否,39,38,39,0.250,1.528,0.168,0.006,3.764,0.660,0.214,0.429,35.0,30.0,64.0,64.0,0,17.8,12.1,1.6,2.5,46.2,2.7,13.6,6.5,1.3,0.0,0.2,0.0,0.0,0.0,95.2,82.7,98.6,99.8,99.9,1066.7,10.67,15,15,15,35,74,374,1,2,否,否,否,否,否,否,否,否,否,否,否,否,否,否,否,否,否,否,否,否,否,否,否,否,否,否,否,否,否,否,否,否,否,否,否,否,否,38.0,38,38,43,97.0,100.0,否,否,24292,21073,0.0,2.1,2.1,0.000,0.043,4284,1602,39,0.006,100.0,1066.0,0.0,0.0,0.0,0.0,0.0,0.0,0.0,317,否,否,否,否,否,否,7.467,24.639,59.6,-10.775,25.2,137.2,7.2,60.6,0.7,0.7,0.7,0.7,7.2,60.3,0.7,0.7,0.7,0.7,139.66,1360.20,14.29,14.02,1532.07,1532.07,0.32,139.37,139.29,0.38,232.42,0,0,0.0,0.0,0,0.000,
17.9.2026,22:52:28.384,5947,33565,15.0,5869,10313,36.2,0.0,23329,0,0.763,0.797,0.760,0.750,0.745,0.683,0.736,1100.0,1100.0,1100.0,1100.0,1100.0,100.0,900.0,109.8,440.1,418.9,18.1,0.2,0.3,0.2,0.2,0.2,109.8,5.3,22.3,19.4,0.5,0.0,0.0,0.0,0.0,0.0,22.3,5.3,100.0,4.4,17.3,16.8,0.7,0.0,0.0,0.0,0.0,0.0,4.4,11.0,11.0,11.0,11.0,11.0,9.0,37,34,38,38,38,63,66,62,62,62,39,38,否,否,否,否,否,否,否,否,否,否,否,否,否,否,否,否,否,否,39,38,40,0.250,1.749,0.188,0.006,4.364,0.694,0.211,0.593,35.0,30.0,64.0,64.0,0,13.3,3.3,1.7,3.2,37.4,5.8,24.4,20.6,1.0,0.0,0.0,0.0,0.0,0.0,89.8,60.7,98.8,99.9,99.9,1066.7,10.67,15,15,15,35,74,374,1,2,否,否,否,否,否,否,否,否,否,否,否,否,否,否,否,否,否,否,否,否,否,否,否,否,否,否,否,否,否,否,否,否,否,否,否,否,否,37.0,38,38,42,97.0,100.0,否,否,24292,21073,0.0,0.5,0.5,0.000,0.008,4284,1602,40,0.006,100.0,1066.0,0.0,0.0,0.0,0.0,0.0,0.0,0.0,317,否,否,否,否,否,否,7.466,24.631,59.6,-10.542,25.2,140.2,7.2,60.6,0.7,0.7,0.7,0.7,7.2,60.3,0.7,0.7,0.7,0.7,139.66,1360.20,14.29,14.02,1532.07,1532.07,0.32,139.37,139.29,0.38,232.42,0,0,0.0,0.0,0,0.000,
17.9.2026,22:52:30.385,5945,33567,15.0,5867,10316,36.2,0.0,23329,0,0.759,0.795,0.752,0.745,0.742,0.678,0.696,1000.0,1000.0,1000.0,1000.0,1000.0,100.0,800.0,28.5,138.7,80.6,7.5,0.2,0.5,0.2,0.2,0.2,28.5,3.1,11.5,6.6,0.4,0.0,6.5,0.0,0.0,0.0,11.5,3.1,100.0,1.0,5.0,3.1,0.3,0.0,0.0,0.0,0.0,0.0,1.0,10.0,10.0,10.0,10.0,10.0,8.0,37,34,38,38,37,63,66,62,62,63,39,38,否,否,否,否,否,否,否,否,否,否,否,否,否,否,否,否,否,否,39,38,39,0.250,2.521,1.015,0.005,5.839,0.797,0.243,0.384,35.0,30.0,64.0,64.0,0,18.0,11.1,1.7,2.1,46.8,2.7,13.7,7.5,0.6,0.0,0.1,0.0,0.0,0.0,95.2,81.7,99.3,99.9,99.9,1066.7,10.67,15,15,15,35,74,374,1,2,否,否,否,否,否,否,否,否,否,否,否,否,否,否,否,否,否,否,否,否,否,否,否,否,否,否,否,否,否,否,否,否,否,否,否,否,否,38.0,38,38,41,97.0,100.0,否,否,24292,21073,0.0,1.9,1.9,0.000,0.018,4284,1602,40,0.005,100.0,1066.0,0.0,0.0,0.0,0.0,0.0,0.0,0.0,317,否,否,否,否,否,否,7.471,24.631,59.6,-10.295,25.2,143.6,7.2,60.6,0.7,0.7,0.7,0.7,7.2,60.3,0.7,0.7,0.7,0.7,139.66,1360.20,14.29,14.02,1532.07,1532.07,0.32,139.37,139.29,0.38,232.42,0,0,0.0,0.0,0,0.000,
17.9.2026,22:52:32.374,5945,33567,15.0,5866,10316,36.2,0.0,23329,0,0.762,0.792,0.762,0.750,0.745,0.683,0.736,1100.0,1100.0,1100.0,1100.0,1100.0,100.0,900.0,30.0,128.6,91.0,19.0,0.2,0.3,0.2,0.2,0.2,30.0,2.5,10.9,7.9,1.2,0.1,0.1,0.1,0.1,0.1,10.9,2.5,100.0,1.1,4.6,3.5,0.8,0.0,0.0,0.0,0.0,0.0,1.1,11.0,11.0,11.0,11.0,11.0,9.0,37,36,36,37,38,63,64,64,63,62,39,38,否,否,否,否,否,否,否,否,否,否,否,否,否,否,否,否,否,否,39,37,40,0.250,1.698,0.167,0.006,4.268,0.700,0.214,0.556,35.0,30.0,64.0,64.0,0,17.5,6.4,2.1,1.9,51.4,2.8,12.7,8.5,1.2,0.0,0.0,0.0,0.0,0.0,95.1,81.9,98.7,99.9,99.9,1066.7,10.67,15,15,15,35,74,374,1,2,否,否,否,否,否,否,否,否,否,否,否,否,否,否,否,否,否,否,否,否,否,否,否,否,否,否,否,否,否,否,否,否,否,否,否,否,否,37.0,38,38,41,97.0,100.0,否,否,24292,21073,0.0,1.0,1.0,0.000,0.010,4284,1602,40,0.006,100.0,1066.0,0.0,0.0,0.0,0.0,0.0,0.0,0.0,317,否,否,否,否,否,否,7.468,24.624,59.6,-9.955,25.2,148.4,7.2,60.6,0.7,0.7,0.7,0.7,7.2,60.3,0.7,0.7,0.7,0.7,139.66,1360.20,14.29,14.02,1532.07,1532.07,0.32,139.37,139.29,0.38,232.42,0,0,0.0,0.0,0,0.000,
17.9.2026,22:52:34.386,5945,33566,15.0,5867,10316,36.2,0.0,23329,0,0.758,0.792,0.752,0.745,0.742,0.678,0.696,1000.0,1000.0,1000.0,1000.0,1000.0,100.0,800.0,29.8,123.1,85.0,25.0,2.0,2.0,0.2,0.6,0.2,29.8,2.6,10.7,7.8,2.1,0.0,0.0,0.0,0.0,0.0,10.7,2.6,100.0,1.1,4.4,3.2,1.0,0.1,0.1,0.0,0.0,0.0,1.1,10.0,10.0,10.0,10.0,10.0,8.0,36,34,37,36,36,64,66,63,64,64,39,37,否,否,否,否,否,否,否,否,否,否,否,否,否,否,否,否,否,否,40,38,40,0.250,1.513,0.172,0.006,3.939,0.648,0.210,0.428,35.0,30.0,64.0,64.0,0,17.5,9.0,1.8,1.9,49.8,2.8,12.2,8.1,1.7,0.2,0.2,0.0,0.1,0.0,95.1,82.8,98.0,99.7,99.9,1066.7,10.67,15,15,15,35,74,374,1,2,否,否,否,否,否,否,否,否,否,否,否,否,否,否,否,否,否,否,否,否,否,否,否,否,否,否,否,否,否,否,否,否,否,否,否,否,否,37.0,38,38,40,97.0,100.0,否,否,24292,21073,0.0,1.5,1.5,0.000,0.014,4284,1602,39,0.006,100.0,1066.0,0.0,0.0,0.0,0.0,0.0,0.0,0.0,317,否,否,否,否,否,否,7.435,24.616,59.6,-9.628,25.2,153.4,7.2,60.6,0.7,0.7,0.7,0.7,7.2,60.3,0.7,0.7,0.7,0.7,139.66,1360.20,14.29,14.02,1532.07,1532.07,0.32,139.37,139.29,0.38,232.42,0,0,0.0,0.0,0,0.000,
17.9.2026,22:52:36.389,5945,33567,15.0,5867,10316,36.2,0.0,23329,0,0.757,0.790,0.755,0.742,0.742,0.676,0.696,1000.0,1000.0,1000.0,1000.0,1000.0,100.0,800.0,28.5,136.6,73.9,13.1,0.2,3.8,0.2,0.2,0.2,28.5,2.3,11.4,5.9,1.1,0.0,0.3,0.0,0.0,0.0,11.4,2.3,100.0,1.0,4.9,2.8,0.5,0.0,0.2,0.0,0.0,0.0,1.0,10.0,10.0,10.0,10.0,10.0,8.0,36,34,36,37,36,64,66,64,63,64,39,37,否,否,否,否,否,否,否,否,否,否,否,否,否,否,否,否,否,否,39,38,39,0.250,1.605,0.179,0.006,3.959,0.662,0.209,0.497,35.0,30.0,64.0,64.0,0,17.7,10.9,2.4,1.7,47.2,2.7,13.4,6.7,1.3,0.0,0.4,0.0,0.0,0.0,95.2,82.8,98.6,99.6,99.9,1066.7,10.67,15,15,15,35,74,374,1,2,否,否,否,否,否,否,否,否,否,否,否,否,否,否,否,否,否,否,否,否,否,否,否,否,否,否,否,否,否,否,否,否,否,否,否,否,否,37.0,38,38,41,97.0,100.0,否,否,24292,21073,0.0,2.0,2.0,0.000,0.032,4284,1602,41,0.006,100.0,1066.0,0.0,0.0,0.0,0.0,0.0,0.0,0.0,317,否,否,否,否,否,否,7.469,24.616,59.6,-9.389,25.2,157.3,7.2,60.6,0.7,0.7,0.7,0.7,7.2,60.3,0.7,0.7,0.7,0.7,139.66,1360.20,14.29,14.02,1532.07,1532.07,0.32,139.37,139.29,0.38,232.42,0,0,0.0,0.0,0,0.000,
17.9.2026,22:52:38.396,5943,33568,15.0,5867,10315,36.2,0.0,23329,0,0.763,0.800,0.760,0.750,0.742,0.683,0.736,1075.0,1100.0,1100.0,1100.0,1000.0,100.0,900.0,30.5,136.0,83.7,23.0,0.2,0.6,0.2,0.3,0.2,30.5,2.5,11.4,7.0,1.4,0.0,0.0,0.0,0.0,0.0,11.4,2.5,100.0,1.1,4.8,3.2,0.9,0.0,0.0,0.0,0.0,0.0,1.1,10.8,11.0,11.0,11.0,10.0,9.0,36,34,38,38,36,64,66,62,62,64,39,38,否,否,否,否,否,否,否,否,否,否,否,否,否,否,否,否,否,否,38,37,39,0.250,1.701,0.169,0.008,4.230,0.698,0.220,0.559,35.0,30.0,64.0,64.0,0,17.9,8.6,2.1,2.2,48.5,2.9,13.5,7.9,1.5,0.0,0.1,0.0,0.0,0.0,95.1,82.1,98.4,99.9,99.9,1066.7,10.67,15,15,15,35,74,374,1,2,否,否,否,否,否,否,否,否,否,否,否,否,否,否,否,否,否,否,否,否,否,否,否,否,否,否,否,否,否,否,否,否,否,否,否,否,否,37.0,38,38,39,97.0,100.0,否,否,24292,21073,0.0,2.1,2.1,0.000,0.302,4284,1602,39,0.008,100.0,1066.0,0.0,0.0,0.0,0.0,0.0,0.0,0.0,317,否,否,否,否,否,否,7.473,24.616,59.6,-9.169,25.2,161.1,7.2,60.6,0.7,0.7,0.7,0.7,7.2,60.3,0.7,0.7,0.7,0.7,139.66,1360.20,14.29,14.02,1532.07,1532.07,0.32,139.37,139.29,0.38,232.42,0,0,0.0,0.0,0,0.000,
17.9.2026,22:52:40.394,5943,33569,15.0,5868,10314,36.2,0.0,23329,0,0.759,0.792,0.752,0.747,0.745,0.676,0.693,1000.0,1000.0,1000.0,1000.0,1000.0,100.0,800.0,30.1,129.1,72.8,35.5,0.9,1.6,0.2,0.2,0.2,30.1,2.5,10.4,5.7,1.9,0.5,0.5,0.4,0.4,0.4,10.4,2.5,100.0,1.1,4.6,2.7,1.4,0.0,0.1,0.0,0.0,0.0,1.1,10.0,10.0,10.0,10.0,10.0,8.0,35,32,36,37,35,65,68,64,63,65,39,37,否,否,否,否,否,否,否,否,否,否,否,否,否,否,否,否,否,否,39,38,39,0.250,1.639,0.179,0.005,4.051,0.685,0.222,0.502,35.0,30.0,64.0,64.0,0,17.5,12.5,2.4,1.8,46.0,2.8,12.7,6.8,2.4,0.1,0.1,0.0,0.0,0.0,95.2,83.6,97.4,99.8,99.9,1066.7,10.67,15,15,15,35,74,374,1,2,否,否,否,否,否,否,否,否,否,否,否,否,否,否,否,否,否,否,否,否,否,否,否,否,否,否,否,否,否,否,否,否,否,否,否,否,否,38.0,38,38,39,97.0,100.0,否,否,24292,21073,0.0,2.3,2.3,0.000,0.714,4284,1604,39,0.005,100.0,1066.0,0.0,0.0,0.0,0.0,0.0,0.0,0.0,317,否,否,否,否,否,否,7.473,24.608,59.6,-8.953,25.2,164.9,7.2,60.6,0.7,0.7,0.7,0.7,7.2,60.3,0.7,0.7,0.7,0.7,139.66,1360.20,14.29,14.02,1532.07,1532.07,0.32,139.37,139.29,0.38,232.42,0,0,0.0,0.0,0,0.000,
17.9.2026,22:52:42.396,5942,33570,15.0,5868,10314,36.2,0.0,23329,0,0.759,0.795,0.752,0.745,0.742,0.676,0.693,1000.0,1000.0,1000.0,1000.0,1000.0,100.0,800.0,28.5,134.0,69.5,23.2,0.2,0.2,0.2,0.2,0.2,28.5,2.3,11.2,5.8,1.4,0.0,0.0,0.0,0.0,0.0,11.2,2.3,100.0,1.0,4.8,2.6,0.9,0.0,0.0,0.0,0.0,0.0,1.0,10.0,10.0,10.0,10.0,10.0,8.0,36,34,36,37,37,64,66,64,63,63,38,37,否,否,否,否,否,否,否,否,否,否,否,否,否,否,否,否,否,否,39,37,39,0.250,1.741,0.201,0.006,4.371,0.689,0.211,0.581,35.0,30.0,64.0,64.0,0,17.7,9.4,2.3,2.0,48.9,2.7,13.2,6.6,1.5,0.0,0.0,0.0,0.0,0.0,95.3,83.0,98.4,99.9,99.9,1066.7,10.67,15,15,15,35,74,374,1,2,否,否,否,否,否,否,否,否,否,否,否,否,否,否,否,否,否,否,否,否,否,否,否,否,否,否,否,否,否,否,否,否,否,否,否,否,否,37.0,38,38,39,97.0,100.0,否,否,24292,21073,0.0,1.5,1.5,0.000,0.034,4284,1604,40,0.006,100.0,1066.0,0.0,0.0,0.0,0.0,0.0,0.0,0.0,317,否,否,否,否,否,否,7.470,24.608,59.6,-8.792,25.2,167.9,7.2,60.6,0.7,0.7,0.7,0.7,7.2,60.3,0.7,0.7,0.7,0.7,139.66,1360.20,14.29,14.02,1532.07,1532.07,0.32,139.37,139.29,0.38,232.42,0,0,0.0,0.0,0,0.000,
17.9.2026,22:52:44.398,5943,33569,15.0,5868,10314,36.2,0.0,23329,0,0.764,0.795,0.762,0.750,0.747,0.683,0.736,1100.0,1100.0,1100.0,1100.0,1100.0,100.0,900.0,28.2,131.8,65.7,22.9,2.0,0.9,0.3,1.9,0.3,28.2,2.8,10.8,5.1,1.3,0.9,1.5,0.7,0.9,0.7,10.8,2.8,100.0,1.0,4.7,2.4,0.9,0.1,0.0,0.0,0.1,0.0,1.0,11.0,11.0,11.0,11.0,11.0,9.0,35,32,36,37,36,65,68,64,63,64,38,37,否,否,否,否,否,否,否,否,否,否,否,否,否,否,否,否,否,否,38,38,38,0.250,1.623,0.175,0.007,3.998,0.670,0.213,0.508,35.0,30.0,64.0,64.0,0,18.1,7.0,2.5,2.1,51.3,2.6,12.8,5.9,1.5,0.2,0.1,0.0,0.2,0.0,95.4,83.7,98.3,99.9,99.8,1066.7,10.67,15,15,15,35,74,374,1,2,否,否,否,否,否,否,否,否,否,否,否,否,否,否,否,否,否,否,否,否,否,否,否,否,否,否,否,否,否,否,否,否,否,否,否,否,否,37.0,37,37,38,97.0,100.0,否,否,24292,21073,0.0,0.9,0.9,0.000,0.012,4284,1604,39,0.007,100.0,1066.0,0.0,0.0,0.0,0.0,0.0,0.0,0.0,317,否,否,否,否,否,否,7.472,24.601,59.6,-8.615,25.2,171.3,7.2,60.6,0.7,0.7,0.7,0.7,7.2,60.3,0.7,0.7,0.7,0.7,139.66,1360.20,14.29,14.02,1532.07,1532.07,0.32,139.37,139.29,0.38,232.42,0,0,0.0,0.0,0,0.000,
17.9.2026,22:52:46.408,5942,33569,15.0,5867,10316,36.2,0.0,23329,0,0.759,0.792,0.755,0.745,0.745,0.676,0.693,1000.0,1000.0,1000.0,1000.0,1000.0,100.0,800.0,101.1,404.6,370.5,31.8,0.2,1.3,0.2,0.2,0.2,101.1,5.4,22.1,17.5,2.3,0.4,0.0,0.4,0.4,0.4,22.1,5.4,100.0,4.0,15.8,14.9,1.3,0.0,0.0,0.0,0.0,0.0,4.0,10.0,10.0,10.0,10.0,10.0,8.0,36,33,38,37,35,64,67,62,63,65,39,38,否,否,否,否,否,否,否,否,否,否,否,否,否,否,否,否,否,否,39,37,39,0.250,1.548,0.177,0.006,3.692,0.667,0.224,0.432,35.0,30.0,64.0,64.0,0,13.5,5.8,1.9,1.5,38.1,5.5,23.6,18.1,2.0,0.0,0.1,0.0,0.0,0.0,90.3,63.6,97.9,99.8,99.9,1066.7,10.67,15,15,15,35,74,374,1,2,是,否,否,否,否,否,否,否,否,否,是,否,否,否,否,否,否,否,否,否,否,否,否,否,否,否,否,否,否,否,否,否,否,否,否,否,否,37.0,37,37,38,97.0,100.0,否,否,24292,21073,0.0,1.5,1.5,0.000,0.067,4284,1604,40,0.006,100.0,1066.0,0.0,0.0,0.0,0.0,0.0,0.0,0.0,317,否,否,否,否,否,否,7.456,24.593,59.5,-8.433,25.2,175.0,7.2,60.6,0.7,0.7,0.7,0.7,7.2,60.3,0.7,0.7,0.7,0.7,139.66,1360.20,14.29,14.02,1532.07,1532.07,0.32,139.37,139.29,0.38,232.42,0,0,0.0,0.0,0,0.000,
17.9.2026,22:52:48.411,5943,33569,15.0,5866,10317,36.2,0.0,23329,0,0.759,0.792,0.752,0.745,0.745,0.676,0.736,1000.0,1000.0,1000.0,1000.0,1000.0,100.0,800.0,30.1,138.5,85.2,16.1,0.2,0.3,0.2,0.2,0.2,30.1,2.5,11.3,7.0,1.3,0.0,0.7,0.0,0.0,0.0,11.3,2.5,100.0,1.1,5.0,3.3,0.6,0.0,0.0,0.0,0.0,0.0,1.1,10.0,10.0,10.0,10.0,10.0,8.0,35,32,36,37,35,65,68,64,63,65,38,37,否,否,否,否,否,否,否,否,否,否,否,否,否,否,否,否,否,否,39,37,39,0.250,2.579,0.929,0.004,6.095,0.793,0.238,0.540,35.0,30.0,64.0,64.0,0,17.4,9.0,1.8,1.9,49.5,2.8,13.3,7.8,1.5,0.0,0.0,0.0,0.0,0.0,95.1,82.1,98.4,99.9,99.9,1066.7,10.67,15,15,15,35,74,374,1,2,否,否,否,否,否,否,否,否,否,否,否,否,否,否,否,否,否,否,否,否,否,否,否,否,否,否,否,否,否,否,否,否,否,否,否,否,否,37.0,37,37,37,97.0,100.0,否,否,24292,21073,0.0,1.0,1.0,0.000,0.040,4284,1604,38,0.004,100.0,1066.0,0.0,0.0,0.0,0.0,0.0,0.0,0.0,317,否,否,否,否,否,否,7.464,24.593,59.5,-8.509,25.2,173.4,7.2,60.6,0.7,0.7,0.7,0.7,7.2,60.3,0.7,0.7,0.7,0.7,139.66,1360.20,14.29,14.02,1532.07,1532.07,0.32,139.37,139.29,0.38,232.42,0,0,0.0,0.0,0,0.000,
17.9.2026,22:52:50.419,5943,33569,15.0,5865,10317,36.2,0.0,23329,0,0.759,0.792,0.755,0.745,0.745,0.676,0.693,1000.0,1000.0,1000.0,1000.0,1000.0,100.0,800.0,28.9,124.9,64.3,38.4,1.4,1.0,0.2,1.0,0.2,28.9,1.9,10.3,5.2,0.0,0.0,0.0,0.0,0.0,0.0,10.3,1.9,100.0,1.1,4.4,2.4,1.6,0.0,0.0,0.0,0.0,0.0,1.1,10.0,10.0,10.0,10.0,10.0,8.0,36,34,36,38,36,64,66,64,62,64,39,38,否,否,否,否,否,否,否,否,否,否,否,否,否,否,否,否,否,否,38,37,38,0.250,1.630,0.166,0.005,4.014,0.689,0.226,0.503,35.0,30.0,64.0,64.0,0,18.2,5.7,2.2,2.0,52.5,2.7,12.4,6.0,2.6,0.1,0.1,0.0,0.1,0.0,95.3,84.3,97.2,99.9,99.9,1066.7,10.67,15,15,15,35,74,374,1,2,否,否,否,否,否,否,否,否,否,否,否,否,否,否,否,否,否,否,否,否,否,否,否,否,否,否,否,否,否,否,否,否,否,否,否,否,否,38.0,37,37,37,97.0,100.0,否,否,24292,21073,0.0,1.0,1.0,0.000,0.026,4284,1604,39,0.005,100.0,1066.0,0.0,0.0,0.0,0.0,0.0,0.0,0.0,317,否,否,否,否,否,否,7.476,24.586,59.5,-8.373,25.2,176.2,7.2,60.6,0.7,0.7,0.7,0.7,7.2,60.3,0.7,0.7,0.7,0.7,139.66,1360.20,14.29,14.02,1532.07,1532.07,0.32,139.37,139.29,0.38,232.42,0,0,0.0,0.0,0,0.000,
17.9.2026,22:52:52.428,5944,33567,15.0,5867,10316,36.2,0.0,23329,0,0.802,0.880,0.820,0.755,0.752,0.741,0.736,1725.0,2500.0,2000.0,1200.0,1200.0,100.0,1800.0,34.7,147.3,97.6,29.0,0.5,2.5,0.2,0.2,0.2,34.7,4.6,12.2,8.2,9.5,1.1,4.9,0.3,0.3,0.3,12.2,4.6,100.0,1.3,5.3,3.8,1.2,0.0,0.1,0.0,0.0,0.0,1.3,17.2,25.0,20.0,12.0,12.0,18.0,37,36,38,38,36,63,64,62,62,64,39,38,否,否,否,否,否,否,否,否,否,否,否,否,否,否,否,否,否,否,38,37,38,0.250,1.513,0.184,0.005,3.598,0.660,0.224,0.402,35.0,30.0,64.0,64.0,0,17.7,6.8,2.2,1.8,50.3,3.1,14.0,8.7,1.6,0.0,0.2,0.0,0.0,0.0,94.8,81.4,98.3,99.7,99.9,1066.7,10.67,15,15,15,35,74,374,1,2,否,否,否,否,否,否,否,否,否,否,否,否,否,否,否,否,否,否,否,否,否,否,否,否,否,否,否,否,否,否,否,否,否,否,否,否,否,37.0,37,37,37,97.0,100.0,否,否,24292,21073,0.0,1.0,1.0,0.000,0.014,4284,1604,39,0.005,100.0,1066.0,0.0,0.0,0.0,0.0,0.0,0.0,0.0,317,否,否,否,否,否,否,7.477,24.586,59.5,-8.232,25.2,179.2,7.2,60.6,0.7,0.7,0.7,0.7,7.2,60.3,0.7,0.7,0.7,0.7,139.66,1360.20,14.29,14.02,1532.07,1532.07,0.32,139.37,139.29,0.38,232.42,0,0,0.0,0.0,0,0.000,
17.9.2026,22:52:54.430,5955,33557,15.0,5879,10304,36.3,0.0,23329,0,0.817,0.837,0.925,0.752,0.752,0.966,0.693,1825.0,2000.0,2900.0,1200.0,1200.0,100.0,3599.9,72.5,181.3,159.4,145.6,58.7,8.5,10.1,8.7,7.7,72.5,5.1,14.5,12.7,10.8,2.5,0.0,0.0,0.0,0.0,14.5,5.1,100.0,2.9,6.8,6.3,6.0,2.4,0.3,0.4,0.3,0.3,2.9,18.2,20.0,29.0,12.0,12.0,36.0,37,36,38,38,35,63,64,62,62,65,39,38,否,否,否,否,否,否,否,否,否,否,否,否,否,否,否,否,否,否,38,37,39,0.250,1.608,0.209,0.010,3.908,0.662,0.221,0.463,35.0,30.0,64.0,64.0,0,14.3,6.2,2.0,1.3,40.6,6.0,16.3,13.5,11.0,4.2,0.6,0.8,0.7,0.6,89.0,73.9,84.4,98.7,99.1,1066.7,10.67,15,15,15,35,74,374,1,2,是,否,否,否,否,否,否,否,否,否,是,否,否,否,否,否,否,否,否,否,否,否,否,否,否,否,否,否,否,否,否,否,否,否,否,否,否,37.0,37,37,37,97.0,100.0,否,否,24292,21073,0.0,1.4,1.4,0.000,0.032,4284,1604,38,0.010,100.0,1066.0,0.0,0.0,0.0,0.0,0.0,0.0,0.0,317,否,否,否,否,否,否,7.448,24.578,59.5,-8.096,25.2,182.1,7.2,60.6,0.7,0.7,0.7,0.7,7.2,60.3,0.7,0.7,0.7,0.7,139.66,1360.20,14.29,14.02,1532.07,1532.07,0.32,139.37,139.29,0.38,232.42,0,0,0.0,0.0,0,0.000,
17.9.2026,22:52:56.425,5960,33552,15.0,5882,10300,36.3,0.0,23329,0,0.844,1.107,0.765,0.752,0.750,0.946,0.693,1925.0,4099.9,1200.0,1200.0,1200.0,100.0,3499.9,186.9,705.1,571.6,135.1,22.0,59.8,0.2,1.0,0.2,186.9,14.2,53.1,41.1,10.5,1.6,6.0,0.6,0.0,0.6,53.1,14.2,100.0,7.7,29.2,23.6,5.6,0.9,2.5,0.0,0.0,0.0,7.7,19.2,41.0,12.0,12.0,12.0,35.0,37,37,38,38,36,63,63,62,62,64,39,38,否,否,否,否,否,否,否,否,否,否,否,否,否,否,否,否,否,否,39,39,39,4.250,1.985,0.363,0.004,5.189,0.800,0.274,0.503,35.0,30.0,64.0,64.0,0,0.2,0.3,0.0,0.0,0.0,14.1,53.7,41.6,10.9,1.9,4.8,0.0,0.1,0.0,72.4,7.1,87.4,95.1,99.9,1066.7,10.67,15,15,15,35,74,374,1,2,是,否,否,否,否,否,否,否,否,否,是,否,否,否,否,否,否,否,否,否,否,否,否,否,否,否,否,否,否,否,否,否,否,否,否,否,否,38.0,37,37,38,97.0,100.0,否,否,24292,21073,0.0,2.1,2.1,0.000,0.102,4284,1604,40,0.004,100.0,1066.0,0.0,0.0,0.0,0.0,0.0,0.0,0.0,317,否,否,否,否,否,否,7.384,24.578,59.5,-8.108,25.2,181.9,7.2,60.6,0.7,0.7,0.7,0.7,7.2,60.3,0.7,0.7,0.7,0.7,139.66,1360.20,14.29,14.02,1532.07,1532.07,0.32,139.37,139.29,0.38,232.42,0,0,0.0,0.0,0,0.000,
17.9.2026,22:52:58.421,5966,33546,15.1,5882,10300,36.3,0.0,23329,0,0.796,0.915,0.765,0.752,0.752,0.826,0.693,1625.0,2900.0,1200.0,1200.0,1200.0,100.0,2700.0,187.5,656.9,521.1,222.0,77.9,21.6,0.2,0.3,0.2,187.5,14.1,49.0,36.6,18.5,6.8,0.0,0.0,2.0,0.0,49.0,14.1,100.0,7.7,27.1,21.5,9.1,3.2,0.9,0.0,0.0,0.0,7.7,16.2,29.0,12.0,12.0,12.0,27.0,37,37,38,38,36,63,63,62,62,64,39,38,否,否,否,否,否,否,否,否,否,否,否,否,否,否,否,否,否,否,40,40,40,0.250,3.789,0.765,0.000,11.589,1.266,0.469,1.251,35.0,30.0,64.0,64.0,0,0.4,0.5,0.0,0.0,0.0,14.1,49.4,36.8,18.5,6.5,1.8,0.0,0.0,0.0,71.5,12.8,75.1,98.1,99.9,1066.7,10.67,15,15,15,35,74,374,1,2,是,否,否,否,否,否,否,否,否,否,是,否,否,否,否,否,否,否,否,否,否,否,否,否,否,否,否,否,否,否,否,否,否,否,否,否,否,38.0,37,37,40,97.0,100.0,否,否,24292,21073,0.0,2.9,2.9,0.000,0.226,4284,1605,40,0.000,100.0,1066.0,0.0,0.0,0.0,0.0,0.0,0.0,0.0,317,否,否,否,否,否,否,7.345,24.570,59.5,-8.594,25.2,171.5,7.2,60.6,0.7,0.7,0.7,0.7,7.2,60.3,0.7,0.7,0.7,0.7,139.66,1360.20,14.29,14.02,1532.07,1532.07,0.32,139.37,139.29,0.38,232.42,0,0,0.0,0.0,0,0.000,
17.9.2026,22:53:0.422,5963,33548,15.0,5882,10301,36.3,0.0,23329,0,0.907,1.045,0.925,0.752,0.907,0.966,0.693,2700.0,3799.9,2900.0,1200.0,2900.0,100.0,3599.9,191.1,772.8,610.2,81.0,58.5,3.2,0.8,1.9,0.3,191.1,15.1,57.2,42.3,6.4,6.1,7.3,0.0,1.6,0.0,57.2,15.1,100.0,7.9,32.1,25.2,3.3,2.4,0.1,0.0,0.1,0.0,7.9,27.0,38.0,29.0,12.0,29.0,36.0,38,38,38,39,36,62,62,62,61,64,39,39,否,否,否,否,否,否,否,否,否,否,否,否,否,否,否,否,否,否,39,38,39,0.250,3.944,0.759,0.000,11.884,1.266,0.451,1.417,35.0,30.0,64.0,64.0,0,0.3,0.3,0.0,0.0,0.0,14.1,57.6,42.9,6.7,4.8,0.2,0.0,0.2,0.0,72.8,2.8,88.8,99.6,99.8,1066.7,10.67,15,15,15,35,74,374,1,2,是,否,否,否,否,否,否,否,否,否,是,否,否,否,否,否,否,否,否,否,否,否,否,否,否,否,否,否,否,否,否,否,否,否,否,否,否,38.0,37,37,41,97.0,100.0,否,否,24292,21073,0.0,2.0,2.0,0.000,0.071,4284,1605,39,0.000,100.0,1066.0,0.0,0.0,0.0,0.0,0.0,0.0,0.0,317,否,否,否,否,否,否,7.362,24.570,59.5,-9.092,25.2,162.1,7.2,60.6,0.7,0.7,0.7,0.7,7.2,60.3,0.7,0.7,0.7,0.7,139.66,1360.20,14.29,14.02,1532.07,1532.07,0.32,139.37,139.29,0.38,232.42,0,0,0.0,0.0,0,0.000,
17.9.2026,22:53:2.430,5963,33549,15.0,5882,10300,36.3,0.0,23329,0,0.791,0.895,0.765,0.752,0.750,0.808,0.693,1575.0,2700.0,1200.0,1200.0,1200.0,100.0,2500.0,197.4,620.0,526.2,286.6,81.9,35.6,20.0,7.6,1.4,197.4,14.2,46.3,36.7,23.1,4.9,0.0,2.1,0.0,0.5,46.3,14.2,100.0,8.1,25.5,21.7,11.8,3.4,1.4,0.8,0.3,0.1,8.1,15.8,27.0,12.0,12.0,12.0,25.0,38,37,38,39,37,62,63,62,61,63,41,39,否,否,否,否,否,否,否,否,否,否,否,否,否,否,否,否,否,否,39,38,39,0.250,3.981,0.862,0.000,11.818,1.285,0.494,1.319,35.0,30.0,64.0,64.0,0,0.5,0.6,0.0,0.0,0.0,15.1,47.1,37.4,23.7,6.8,3.0,1.7,0.6,0.1,70.4,15.6,71.4,95.5,99.2,1066.7,10.67,15,15,15,35,74,374,1,2,是,否,否,否,否,否,否,否,否,否,是,否,否,否,否,否,否,否,否,否,否,否,否,否,否,否,否,否,否,否,否,否,否,否,否,否,否,38.0,37,37,42,97.0,100.0,否,否,24292,21073,0.0,2.1,2.1,0.000,0.112,4284,1605,40,0.000,100.0,1066.0,0.0,0.0,0.0,0.0,0.0,0.0,0.0,317,否,否,否,否,否,否,7.379,24.563,59.5,-9.548,25.2,154.3,7.2,60.6,0.7,0.7,0.7,0.7,7.2,60.3,0.7,0.7,0.7,0.7,139.66,1360.20,14.29,14.02,1532.07,1532.07,0.32,139.37,139.29,0.38,232.42,0,0,0.0,0.0,0,0.000,
17.9.2026,22:53:4.429,5976,33535,15.1,5900,10282,36.4,0.0,23329,0,0.784,0.875,0.760,0.752,0.747,0.686,0.693,1525.0,2500.0,1200.0,1200.0,1200.0,100.0,1000.0,311.3,787.6,660.4,521.1,473.2,46.6,0.2,1.2,0.2,311.3,22.7,53.9,43.1,39.4,36.3,8.7,0.0,0.0,0.0,53.9,22.7,100.0,12.7,32.3,26.8,21.2,19.2,1.9,0.0,0.0,0.0,12.7,15.2,25.0,12.0,12.0,12.0,10.0,40,37,41,40,40,60,63,59,60,60,41,41,否,否,否,否,否,否,否,否,否,否,否,否,否,否,否,否,否,否,41,40,41,1.750,4.091,0.762,0.001,12.232,1.284,0.463,1.540,35.0,30.0,64.0,64.0,0,0.0,0.0,0.0,0.0,0.0,22.6,55.0,44.4,40.5,36.6,3.9,0.0,0.1,0.0,60.8,4.7,42.9,95.9,99.9,1066.7,10.67,15,15,15,35,74,374,1,2,是,否,否,否,否,否,否,否,否,否,是,否,否,否,否,否,否,否,否,否,否,否,否,否,否,否,否,否,否,否,否,否,否,否,否,否,否,38.0,37,37,41,97.0,100.0,否,否,24292,21073,0.4,1.5,2.0,1.055,0.044,4286,1605,40,0.001,100.0,1066.0,0.0,0.0,0.0,0.0,0.0,0.0,0.0,317,否,否,否,否,否,否,7.327,24.555,59.4,-9.877,25.2,149.2,7.2,60.6,0.7,0.7,0.7,0.7,7.2,60.3,0.7,0.7,0.7,0.7,139.66,1360.20,14.29,14.02,1532.07,1532.07,0.32,139.37,139.29,0.38,232.42,0,0,0.0,0.0,0,0.000,
17.9.2026,22:53:6.428,5962,33550,15.0,5885,10297,36.3,0.0,23329,0,0.803,0.795,0.765,0.902,0.750,0.966,0.693,1625.0,1200.0,1200.0,2900.0,1200.0,100.0,3599.9,207.2,769.4,527.2,184.2,164.0,3.3,0.9,8.0,0.2,207.2,15.7,57.9,36.4,15.3,12.4,1.4,0.0,1.8,0.0,57.9,15.7,100.0,8.6,31.9,21.7,7.6,6.8,0.1,0.0,0.3,0.0,8.6,16.2,12.0,12.0,29.0,12.0,36.0,39,38,39,40,38,61,62,61,60,62,41,40,否,否,否,否,否,否,否,否,否,否,否,否,否,否,否,否,否,否,40,40,40,0.250,5.071,1.903,0.000,13.148,1.294,0.468,1.361,35.0,30.0,64.0,64.0,0,0.1,0.2,0.0,0.0,0.0,15.5,58.1,36.6,15.1,13.4,0.2,0.0,0.6,0.0,70.5,4.6,78.5,99.6,99.3,1066.7,10.67,15,15,15,35,74,374,1,2,是,否,否,否,否,否,否,否,否,否,是,否,否,否,否,否,否,否,否,否,否,否,否,否,否,否,否,否,否,否,否,否,否,否,否,否,否,38.0,37,37,42,97.0,100.0,否,否,24292,21073,0.0,2.5,2.6,0.032,0.214,4286,1606,40,0.000,100.0,1066.0,0.0,0.0,0.0,0.0,0.0,0.0,0.0,317,否,否,否,否,否,否,7.344,24.547,59.4,-10.428,25.2,141.2,7.2,60.6,0.7,0.7,0.7,0.7,7.2,60.3,0.7,0.7,0.7,0.7,139.66,1360.20,14.29,14.02,1532.07,1532.07,0.32,139.37,139.29,0.38,232.42,0,0,0.0,0.0,0,0.000,
17.9.2026,22:53:8.424,5966,33546,15.1,5892,10290,36.4,0.0,23329,0,0.766,0.795,0.765,0.752,0.752,0.688,0.693,1200.0,1200.0,1200.0,1200.0,1200.0,100.0,1000.0,191.1,710.9,667.3,123.6,12.1,12.5,1.7,0.6,0.2,191.1,13.9,52.6,46.3,9.9,0.9,0.0,0.9,0.0,0.7,52.6,13.9,100.0,7.9,29.4,27.6,5.0,0.5,0.5,0.1,0.0,0.0,7.9,12.0,12.0,12.0,12.0,12.0,10.0,39,37,40,40,38,61,63,60,60,62,41,40,否,否,否,否,否,否,否,否,否,否,否,否,否,否,否,否,否,否,40,39,40,0.250,4.085,0.871,0.000,12.066,1.280,0.441,1.430,35.0,30.0,64.0,64.0,0,0.2,0.1,0.0,0.0,0.0,14.0,53.1,46.8,10.2,1.0,1.0,0.1,0.1,0.0,72.1,1.3,88.3,98.7,99.9,1066.7,10.67,15,15,15,35,74,374,1,2,是,否,否,否,否,否,否,否,否,否,是,否,否,否,否,否,否,否,否,否,否,否,否,否,否,否,否,否,否,否,否,否,否,否,否,否,否,38.0,37,37,43,97.0,100.0,否,否,24292,21073,0.0,1.2,1.2,0.000,0.157,4286,1606,41,0.000,100.0,1066.0,0.0,0.0,0.0,0.0,0.0,0.0,0.0,317,否,否,否,否,否,否,7.316,24.540,59.4,-10.667,25.2,138.0,7.2,60.6,0.7,0.7,0.7,0.7,7.2,60.3,0.7,0.7,0.7,0.7,139.66,1360.20,14.29,14.02,1532.07,1532.07,0.32,139.37,139.29,0.38,232.42,0,0,0.0,0.0,0,0.000,
17.9.2026,22:53:10.430,5966,33546,15.1,5893,10289,36.4,0.0,23329,0,0.844,0.955,0.765,0.752,0.905,0.873,0.693,2150.0,3299.9,1200.0,1200.0,2900.0,100.0,3100.0,191.3,676.1,709.9,117.7,22.1,3.4,0.2,0.5,0.2,191.3,14.7,49.8,50.2,9.4,1.6,6.7,0.0,0.0,0.0,50.2,14.7,100.0,7.9,28.0,29.4,4.8,0.9,0.1,0.0,0.0,0.0,7.9,21.5,33.0,12.0,12.0,29.0,31.0,39,38,39,40,38,61,62,61,60,62,41,40,否,否,否,否,否,否,否,否,否,否,否,否,否,否,否,否,否,否,40,39,40,0.250,4.437,0.922,0.000,12.790,1.301,0.468,1.702,35.0,30.0,64.0,64.0,0,0.2,0.1,0.0,0.0,0.0,14.1,50.3,50.6,9.7,1.8,0.3,0.0,0.1,0.0,72.5,2.0,88.4,99.6,99.9,1066.7,10.67,15,15,15,35,74,374,1,2,是,否,否,否,否,否,否,否,否,否,是,否,否,否,否,否,否,否,否,否,否,否,否,否,否,否,否,否,否,否,否,否,否,否,否,否,否,38.0,37,37,43,97.0,100.0,否,否,24292,21073,0.0,1.1,1.1,0.000,0.210,4286,1606,40,0.000,100.0,1066.0,0.0,0.0,0.0,0.0,0.0,0.0,0.0,317,否,否,否,否,否,否,7.337,24.532,59.4,-10.961,25.2,134.3,7.2,60.6,0.7,0.7,0.7,0.7,7.2,60.3,0.7,0.7,0.7,0.7,139.66,1360.20,14.29,14.02,1532.07,1532.07,0.32,139.37,139.29,0.38,232.42,0,0,0.0,0.0,0,0.000,
17.9.2026,22:53:12.430,5966,33546,15.1,5895,10287,36.4,0.0,23329,0,0.765,0.795,0.762,0.752,0.750,0.688,0.693,1200.0,1200.0,1200.0,1200.0,1200.0,100.0,1000.0,186.9,618.5,580.6,203.9,68.4,21.4,0.5,2.0,0.2,186.9,14.7,46.4,41.0,16.3,6.1,0.0,0.7,6.6,0.6,46.4,14.7,100.0,7.7,25.5,24.0,8.3,2.8,0.9,0.0,0.1,0.0,7.7,12.0,12.0,12.0,12.0,12.0,10.0,39,37,39,40,39,61,63,61,60,61,40,40,否,否,否,否,否,否,否,否,否,否,否,否,否,否,否,否,否,否,41,40,41,0.500,3.779,0.854,0.000,11.392,1.268,0.433,1.156,35.0,30.0,64.0,64.0,0,0.4,0.3,0.0,0.0,0.0,14.1,47.0,41.5,16.8,5.6,1.8,0.0,0.2,0.0,70.9,8.3,77.5,98.1,99.8,1066.7,10.67,15,15,15,35,74,374,1,2,是,否,否,否,否,否,否,否,否,否,是,否,否,否,否,否,否,否,否,否,否,否,否,否,否,否,否,否,否,否,否,否,否,否,否,否,否,38.0,37,37,43,97.0,100.0,否,否,24292,21073,0.0,2.0,2.0,0.000,0.092,4286,1607,41,0.000,100.0,1066.0,0.0,0.0,0.0,0.0,0.0,0.0,0.0,317,否,否,否,否,否,否,7.315,24.524,59.4,-11.111,25.2,132.4,7.2,60.6,0.7,0.7,0.7,0.7,7.2,60.3,0.7,0.7,0.7,0.7,139.66,1360.20,14.29,14.02,1532.07,1532.07,0.32,139.37,139.29,0.38,232.42,0,0,0.0,0.0,0,0.000,
17.9.2026,22:53:14.448,5963,33549,15.0,5888,10294,36.3,0.0,23329,0,0.766,0.795,0.765,0.755,0.747,0.708,0.693,1200.0,1200.0,1200.0,1200.0,1200.0,100.0,1300.0,180.4,366.5,415.2,550.0,93.2,8.9,0.5,8.5,0.2,180.4,14.2,27.4,31.7,44.9,7.1,2.0,0.0,0.5,0.0,44.9,14.2,100.0,7.4,14.8,17.1,22.8,3.9,0.3,0.0,0.3,0.0,7.4,12.0,12.0,12.0,12.0,12.0,13.0,38,35,40,38,38,62,65,60,62,62,39,40,否,否,否,否,否,否,否,否,否,否,否,否,否,否,否,否,否,否,40,39,40,0.250,3.968,0.765,0.000,11.893,1.266,0.405,1.443,35.0,30.0,64.0,64.0,0,0.3,0.3,0.0,0.0,0.0,14.4,28.4,32.3,45.4,7.4,0.8,0.0,0.7,0.0,72.5,43.8,48.1,99.0,99.2,1066.7,10.67,15,15,15,35,74,374,1,2,是,否,否,否,否,否,否,否,否,否,是,否,否,否,否,否,否,否,否,否,否,否,否,否,否,否,否,否,否,否,否,否,否,否,否,否,否,38.0,37,37,42,97.0,100.0,否,否,24292,21073,0.0,1.0,1.0,0.000,0.073,4286,1607,40,0.000,100.0,1066.0,0.0,0.0,0.0,0.0,0.0,0.0,0.0,317,否,否,否,否,否,否,7.396,24.517,59.4,-11.397,25.2,129.1,7.2,60.6,0.7,0.7,0.7,0.7,7.2,60.3,0.7,0.7,0.7,0.7,139.66,1360.20,14.29,14.02,1532.07,1532.07,0.32,139.37,139.29,0.38,232.42,0,0,0.0,0.0,0,0.000,
17.9.2026,22:53:16.453,5964,33548,15.0,5890,10293,36.3,0.0,23329,0,0.766,0.795,0.765,0.755,0.750,0.686,0.693,1200.0,1200.0,1200.0,1200.0,1200.0,100.0,1000.0,186.0,413.4,481.4,492.9,73.3,16.6,0.6,9.3,0.2,186.0,13.8,30.0,35.5,40.4,4.5,0.0,0.0,0.0,0.0,40.4,13.8,100.0,7.6,16.8,19.8,20.4,3.0,0.7,0.0,0.4,0.0,7.6,12.0,12.0,12.0,12.0,12.0,10.0,38,37,40,39,38,62,63,60,61,62,40,40,否,否,否,否,否,否,否,否,否,否,否,否,否,否,否,否,否,否,40,39,40,0.250,3.083,0.524,0.000,10.094,1.229,0.345,0.852,35.0,30.0,64.0,64.0,0,0.4,0.4,0.0,0.0,0.0,14.2,30.6,35.7,40.5,4.9,1.4,0.0,0.8,0.0,72.3,36.8,54.8,98.3,99.2,1066.7,10.67,15,15,15,35,74,374,1,2,是,否,否,否,否,否,否,否,否,否,是,否,否,否,否,否,否,否,否,否,否,否,否,否,否,否,否,否,否,否,否,否,否,否,否,否,否,38.0,37,37,43,97.0,100.0,否,否,24292,21073,0.0,0.2,0.2,0.000,0.155,4286,1607,39,0.000,100.0,1066.0,0.0,0.0,0.0,0.0,0.0,0.0,0.0,317,否,否,否,否,否,否,7.359,24.509,59.3,-11.149,25.2,131.9,7.2,60.6,0.7,0.7,0.7,0.7,7.2,60.3,0.7,0.7,0.7,0.7,139.66,1360.20,14.29,14.02,1532.07,1532.07,0.32,139.37,139.29,0.38,232.42,0,0,0.0,0.0,0,0.000,
17.9.2026,22:53:18.457,5967,33545,15.1,5888,10294,36.3,0.0,23329,0,0.794,0.795,0.870,0.762,0.750,0.708,0.693,1575.0,1200.0,2500.0,1400.0,1200.0,100.0,1300.0,196.9,598.4,626.9,243.9,101.3,4.5,0.2,0.2,0.2,196.9,14.7,40.7,42.9,19.7,9.2,3.2,0.0,2.2,0.0,42.9,14.7,100.0,8.1,24.5,25.9,9.9,4.2,0.2,0.0,0.0,0.0,8.1,15.8,12.0,25.0,14.0,12.0,13.0,39,36,40,40,39,61,64,60,60,61,41,40,否,否,否,否,否,否,否,否,否,否,否,否,否,否,否,否,否,否,40,39,40,0.250,3.797,0.733,0.000,11.489,1.261,0.383,1.312,35.0,30.0,64.0,64.0,0,0.5,0.3,0.0,0.0,0.0,14.2,41.5,43.5,20.3,8.0,0.4,0.0,0.0,0.0,70.9,13.0,71.2,99.5,99.9,1066.7,10.67,15,15,15,35,74,374,1,2,是,否,否,否,否,否,否,否,否,否,是,否,否,否,否,否,否,否,否,否,否,否,否,否,否,否,否,否,否,否,否,否,否,否,否,否,否,38.0,37,37,47,97.0,100.0,否,否,24292,21073,0.0,0.3,0.3,0.000,0.212,4286,1607,41,0.000,100.0,1066.0,0.0,0.0,0.0,0.0,0.0,0.0,0.0,317,否,否,否,否,否,否,7.331,24.509,59.3,-11.334,25.2,129.7,7.2,60.6,0.7,0.7,0.7,0.7,7.2,60.3,0.7,0.7,0.7,0.7,139.66,1360.20,14.29,14.02,1532.07,1532.07,0.32,139.37,139.29,0.38,232.42,0,0,0.0,0.0,0,0.000,
17.9.2026,22:53:20.461,5966,33545,15.1,5888,10294,36.3,0.0,23329,0,0.867,1.045,0.765,0.752,0.905,0.966,0.693,2275.0,3799.9,1200.0,1200.0,2900.0,100.0,3599.9,201.1,656.7,731.1,157.4,54.7,6.0,1.5,1.3,0.2,201.1,13.9,44.6,49.4,12.7,3.1,0.7,0.3,0.3,0.3,49.4,13.9,100.0,8.3,27.0,30.2,6.4,2.3,0.2,0.1,0.0,0.0,8.3,22.8,38.0,12.0,12.0,29.0,36.0,39,39,40,40,38,61,61,60,60,62,41,40,否,否,否,否,否,否,否,否,否,否,否,否,否,否,否,否,否,否,42,42,40,0.250,4.689,0.941,0.000,13.307,1.295,0.420,1.951,35.0,30.0,64.0,64.0,0,0.4,0.2,0.0,0.0,0.0,14.1,45.1,49.7,12.9,4.4,0.5,0.1,0.1,0.0,72.5,8.8,82.2,99.3,99.9,1066.7,10.67,15,15,15,35,74,374,1,2,是,否,否,否,否,否,否,否,否,否,是,否,否,否,否,否,否,否,否,否,否,否,否,否,否,否,否,否,否,否,否,否,否,否,否,否,否,38.0,37,37,47,97.0,100.0,否,否,24292,21073,0.0,0.2,0.2,0.000,0.214,4286,1608,41,0.000,100.0,1066.0,0.0,0.0,0.0,0.0,0.0,0.0,0.0,317,否,否,否,否,否,否,7.316,24.501,59.3,-11.640,25.2,126.3,7.2,60.6,0.7,0.7,0.7,0.7,7.2,60.3,0.7,0.7,0.7,0.7,139.66,1360.20,14.29,14.02,1532.07,1532.07,0.32,139.37,139.29,0.38,232.42,0,0,0.0,0.0,0,0.000,
17.9.2026,22:53:22.456,5966,33545,15.1,5888,10294,36.3,0.0,23329,0,0.804,0.792,0.765,0.752,0.905,0.688,0.693,1625.0,1200.0,1200.0,1200.0,2900.0,100.0,1000.0,200.0,671.2,725.4,169.5,26.9,5.7,0.3,0.8,0.2,200.0,14.1,45.9,49.9,13.4,3.3,0.3,0.0,0.0,0.0,49.9,14.1,100.0,8.2,27.7,30.0,6.9,1.1,0.2,0.0,0.0,0.0,8.2,16.2,12.0,12.0,12.0,29.0,10.0,39,40,39,40,38,61,60,61,60,62,40,40,否,否,否,否,否,否,否,否,否,否,否,否,否,否,否,否,否,否,41,41,40,0.250,4.830,1.082,0.000,13.464,1.295,0.419,1.952,35.0,30.0,64.0,64.0,0,0.3,0.1,0.0,0.0,0.0,14.2,46.6,50.4,14.0,2.1,0.5,0.0,0.1,0.0,71.2,2.5,83.2,99.3,99.9,1066.7,10.67,15,15,15,35,74,374,1,2,是,否,否,否,否,否,否,否,否,否,是,否,否,否,否,否,否,否,否,否,否,否,否,否,否,否,否,否,否,否,否,否,否,否,否,否,否,38.0,37,37,48,97.0,100.0,否,否,24292,21073,0.0,0.3,0.3,0.000,0.308,4286,1608,41,0.000,100.0,1066.0,0.0,0.0,0.0,0.0,0.0,0.0,0.0,317,否,否,否,否,否,否,7.322,24.501,59.3,-11.957,25.2,122.9,7.2,60.6,0.7,0.7,0.7,0.7,7.2,60.3,0.7,0.7,0.7,0.7,139.66,1360.20,14.29,14.02,1532.07,1532.07,0.32,139.37,139.29,0.38,232.42,0,0,0.0,0.0,0,0.000,
17.9.2026,22:53:24.452,5966,33546,15.1,5892,10291,36.4,0.0,23329,0,0.772,0.805,0.760,0.762,0.762,0.701,0.693,1350.0,1400.0,1200.0,1400.0,1400.0,100.0,1200.0,195.8,527.0,678.9,267.2,70.2,15.6,1.9,3.4,2.5,195.8,14.0,35.8,47.3,21.0,5.3,0.9,0.6,0.7,0.6,47.3,14.0,100.0,8.0,21.5,28.0,10.9,2.9,0.6,0.1,0.1,0.1,8.0,13.5,14.0,12.0,14.0,14.0,12.0,39,37,41,40,39,61,63,59,60,61,41,41,否,否,否,否,否,否,否,否,否,否,否,否,否,否,否,否,否,否,40,40,40,0.250,4.787,1.030,0.000,13.437,1.302,0.428,1.950,35.0,30.0,64.0,64.0,0,0.8,0.5,0.0,0.0,0.0,14.2,36.8,48.0,21.6,5.7,1.3,0.1,0.2,0.1,72.1,17.0,73.1,98.5,99.7,1600.0,16.00,22,22,22,52,74,560,1,2,是,否,否,否,否,否,否,否,否,否,是,否,否,否,否,否,否,否,否,否,否,否,否,否,否,否,否,否,否,否,否,否,否,否,否,否,否,38.0,37,37,49,97.0,100.0,否,否,24292,21073,0.0,0.2,0.2,0.000,0.208,4286,1609,41,0.000,100.0,1066.0,0.0,0.0,0.0,0.0,0.0,0.0,0.0,317,否,否,否,否,否,否,7.326,24.486,59.3,-12.220,25.2,120.2,7.2,60.6,0.7,0.7,0.7,0.7,7.2,60.3,0.7,0.7,0.7,0.7,139.66,1360.20,14.29,14.02,1532.07,1532.07,0.32,139.37,139.29,0.38,232.42,0,0,0.0,0.0,0,0.000,
17.9.2026,22:53:26.469,5961,33551,15.0,5888,10294,36.3,0.0,23329,0,0.771,0.820,0.765,0.752,0.747,0.718,0.693,1325.0,1700.0,1200.0,1200.0,1200.0,100.0,1500.0,197.2,604.4,662.6,198.0,95.6,11.3,0.6,1.1,4.2,197.2,13.4,40.9,44.3,15.6,6.7,0.0,0.0,0.0,0.0,44.3,13.4,100.0,8.1,24.8,27.3,8.1,4.0,0.4,0.0,0.0,0.2,8.1,13.2,17.0,12.0,12.0,12.0,15.0,39,38,40,39,38,61,62,60,61,62,41,40,否,否,否,否,否,否,否,否,否,否,否,否,否,否,否,否,否,否,41,41,41,0.250,4.659,0.902,0.001,13.294,1.301,0.423,1.950,35.0,30.0,64.0,64.0,0,0.5,0.5,0.0,0.0,0.0,14.0,41.8,45.1,16.2,7.7,0.9,0.0,0.1,0.3,71.2,10.4,75.9,98.9,99.6,1600.0,16.00,22,22,22,52,74,560,1,2,是,否,否,否,否,否,否,否,否,否,是,否,否,否,否,否,否,否,否,否,否,否,否,否,否,否,否,否,否,否,否,否,否,否,否,否,否,38.0,37,37,49,97.0,100.0,否,否,24292,21073,0.0,0.3,0.3,0.000,0.344,4286,1610,41,0.001,100.0,1599.0,0.0,0.0,0.0,0.0,0.0,0.0,0.0,317,否,否,否,否,否,否,7.326,24.479,59.3,-12.425,25.2,118.2,7.2,60.6,0.7,0.7,0.7,0.7,7.2,60.3,0.7,0.7,0.7,0.7,139.66,1360.20,14.29,14.02,1532.07,1532.07,0.32,139.37,139.29,0.38,232.42,0,0,0.0,0.0,0,0.000,
17.9.2026,22:53:28.469,5964,33547,15.0,5891,10292,36.4,0.0,23329,0,0.766,0.797,0.765,0.752,0.747,0.713,0.693,1200.0,1200.0,1200.0,1200.0,1200.0,100.0,1400.0,186.3,444.1,493.9,442.4,58.4,50.3,0.2,1.0,0.2,186.3,14.6,31.7,36.1,36.5,4.0,7.8,0.0,0.9,0.0,36.5,14.6,100.0,7.6,18.1,20.4,18.3,2.4,2.1,0.0,0.0,0.0,7.6,12.0,12.0,12.0,12.0,12.0,14.0,39,36,40,40,40,61,64,60,60,60,40,40,否,否,否,否,否,否,否,否,否,否,否,否,否,否,否,否,否,否,41,40,41,0.250,4.734,0.988,0.000,13.369,1.294,0.416,1.952,35.0,30.0,64.0,64.0,0,0.5,0.3,0.0,0.0,0.0,14.4,32.5,36.5,36.9,4.8,4.2,0.0,0.1,0.0,71.1,30.4,58.7,95.5,99.9,1066.7,10.67,15,15,15,35,74,374,1,2,是,否,否,否,否,否,否,否,否,否,是,否,否,否,否,否,否,否,否,否,否,否,否,否,否,否,否,否,否,否,否,否,否,否,否,否,否,38.0,37,37,46,97.0,100.0,否,否,24292,21073,0.0,0.8,0.8,0.000,0.135,4286,1610,41,0.000,100.0,1599.0,0.0,0.0,0.0,0.0,0.0,0.0,0.0,317,否,否,否,否,否,否,7.331,24.471,59.2,-12.653,25.2,116.0,7.2,60.6,0.7,0.7,0.7,0.7,7.2,60.3,0.7,0.7,0.7,0.7,139.66,1360.20,14.29,14.02,1532.07,1532.07,0.32,139.37,139.29,0.38,232.42,0,0,0.0,0.0,0,0.000,
17.9.2026,22:53:30.483,5967,33545,15.1,5891,10291,36.4,0.0,23329,0,0.779,0.802,0.765,0.752,0.797,0.701,0.693,1450.0,1400.0,1200.0,1200.0,2000.0,100.0,1200.0,194.8,609.0,657.3,250.1,10.5,24.5,2.5,3.2,1.1,194.8,14.6,42.1,46.1,21.1,2.2,1.9,1.6,0.1,1.5,46.1,14.6,100.0,8.0,25.0,27.2,10.3,0.4,1.0,0.1,0.1,0.0,8.0,14.5,14.0,12.0,12.0,20.0,12.0,39,38,40,40,38,61,62,60,60,62,40,40,否,否,否,否,否,否,否,否,否,否,否,否,否,否,否,否,否,否,42,42,41,0.250,3.867,0.684,0.000,12.101,1.263,0.372,1.434,35.0,30.0,64.0,64.0,0,0.5,0.5,0.0,0.0,0.0,14.1,42.4,46.1,21.0,0.8,2.0,0.2,0.2,0.1,72.2,14.4,77.2,97.7,99.7,1066.7,10.67,15,15,15,35,74,374,1,2,是,否,否,否,否,否,否,否,否,否,是,否,否,否,否,否,否,否,否,否,否,否,否,否,否,否,否,否,否,否,否,否,否,否,否,否,否,38.0,37,37,47,97.0,100.0,否,否,24292,21073,0.0,0.7,0.7,0.000,0.228,4286,1610,42,0.000,100.0,1066.0,0.0,0.0,0.0,0.0,0.0,0.0,0.0,317,否,否,否,否,否,否,7.323,24.463,59.2,-12.559,25.2,116.9,7.2,60.6,0.7,0.7,0.7,0.7,7.2,60.3,0.7,0.7,0.7,0.7,139.66,1360.20,14.29,14.02,1532.07,1532.07,0.32,139.37,139.29,0.38,232.42,0,0,0.0,0.0,0,0.000,
17.9.2026,22:53:32.487,5963,33548,15.0,5888,10295,36.3,0.0,23329,0,0.773,0.810,0.782,0.752,0.747,0.688,0.733,1350.0,1500.0,1500.0,1200.0,1200.0,100.0,1000.0,188.3,512.9,519.4,402.7,51.5,19.4,0.2,0.5,0.2,188.3,14.3,36.8,37.1,33.0,4.5,1.7,0.5,0.5,0.5,37.1,14.3,100.0,7.7,21.1,21.4,16.6,2.1,0.8,0.0,0.0,0.0,7.7,13.5,15.0,15.0,12.0,12.0,10.0,39,37,40,39,39,61,63,60,61,61,41,40,否,否,否,否,否,否,否,否,否,否,否,否,否,否,否,否,否,否,41,40,41,0.250,4.240,0.913,0.000,12.344,1.279,0.395,1.553,35.0,30.0,64.0,64.0,0,0.4,0.4,0.0,0.0,0.0,14.3,37.7,37.8,33.6,4.1,1.3,0.0,0.1,0.0,71.4,24.5,62.5,98.4,99.9,1066.7,10.67,15,15,15,35,74,374,1,2,是,否,否,否,否,否,否,否,否,否,是,否,否,否,否,否,否,否,否,否,否,否,否,否,否,否,否,否,否,否,否,否,否,否,否,否,否,38.0,37,37,46,97.0,100.0,否,否,24292,21073,0.0,1.5,1.5,0.000,0.102,4286,1610,41,0.000,100.0,1066.0,0.0,0.0,0.0,0.0,0.0,0.0,0.0,317,否,否,否,否,否,否,7.392,24.456,59.2,-12.751,25.2,115.1,7.2,60.6,0.7,0.7,0.7,0.7,7.2,60.3,0.7,0.7,0.7,0.7,139.66,1360.20,14.29,14.02,1532.07,1532.07,0.32,139.37,139.29,0.38,232.42,0,0,0.0,0.0,0,0.000,
17.9.2026,22:53:34.502,5971,33541,15.1,5900,10283,36.4,0.0,23329,0,0.771,0.820,0.765,0.752,0.747,0.721,0.693,1325.0,1700.0,1200.0,1200.0,1200.0,100.0,1500.0,183.9,441.5,444.8,498.0,62.8,15.4,0.4,2.5,6.1,183.9,13.6,31.7,32.8,41.0,3.5,0.0,0.0,0.0,0.0,41.0,13.6,100.0,7.5,17.9,18.3,20.6,2.6,0.6,0.0,0.1,0.3,7.5,13.2,17.0,12.0,12.0,12.0,15.0,39,36,41,40,38,61,64,59,60,62,41,41,否,否,否,否,否,否,否,否,否,否,否,否,否,否,否,否,否,否,41,41,41,4.000,3.811,0.700,0.000,11.645,1.254,0.366,1.373,35.0,30.0,64.0,64.0,0,0.5,0.5,0.0,0.0,0.0,14.2,32.4,33.2,41.2,5.0,1.3,0.0,0.2,0.5,72.0,36.0,54.3,98.5,99.4,1600.0,16.00,22,22,22,52,74,560,1,2,是,否,否,否,否,否,否,否,否,否,是,否,否,否,否,否,否,否,否,否,否,否,否,否,否,否,否,否,否,否,否,否,否,否,否,否,否,38.0,37,37,45,97.0,100.0,否,否,24292,21073,0.0,1.5,1.5,0.000,0.112,4286,1611,40,0.000,100.0,1066.0,0.0,0.0,0.0,0.0,0.0,0.0,0.0,317,否,否,否,否,否,否,7.327,24.456,59.2,-12.588,25.2,116.6,7.2,60.6,0.7,0.7,0.7,0.7,7.2,60.3,0.7,0.7,0.7,0.7,139.66,1360.20,14.29,14.02,1532.07,1532.07,0.32,139.37,139.29,0.38,232.42,0,0,0.0,0.0,0,0.000,
17.9.2026,22:53:36.508,5969,33542,15.1,5898,10285,36.4,0.0,23329,0,0.836,0.920,0.765,0.765,0.892,0.846,0.693,2175.0,3100.0,1200.0,1500.0,2900.0,100.0,2900.0,177.2,409.8,367.5,565.2,27.4,26.8,0.4,20.0,0.2,177.2,14.8,31.8,27.5,46.7,2.1,2.0,0.0,8.0,0.0,46.7,14.8,100.0,7.3,16.7,15.1,23.5,1.1,1.1,0.0,0.8,0.0,7.3,21.8,31.0,12.0,15.0,29.0,29.0,40,39,40,41,38,60,61,60,59,62,41,41,否,否,否,否,否,否,否,否,否,否,否,否,否,否,否,否,否,否,41,41,41,2.000,3.550,0.667,0.000,11.117,1.243,0.344,1.158,35.0,30.0,64.0,64.0,0,0.2,0.3,0.0,0.0,0.0,14.2,32.7,27.9,47.1,2.2,2.2,0.0,1.7,0.0,72.8,44.7,50.5,97.6,98.3,1066.7,10.67,15,15,15,35,74,374,1,2,是,否,否,否,否,否,否,否,否,否,是,否,否,否,否,否,否,否,否,否,否,否,否,否,否,否,否,否,否,否,否,否,否,否,否,否,否,38.0,38,38,44,97.0,100.0,否,否,24292,21073,0.0,1.0,1.0,0.000,0.077,4286,1611,40,0.000,100.0,1599.0,0.0,0.0,0.0,0.0,0.0,0.0,0.0,317,否,否,否,否,否,否,7.363,24.448,59.2,-12.370,25.2,118.6,7.2,60.6,0.7,0.7,0.7,0.7,7.2,60.3,0.7,0.7,0.7,0.7,139.66,1360.20,14.29,14.02,1532.07,1532.07,0.32,139.37,139.29,0.38,232.42,0,0,0.0,0.0,0,0.000,
17.9.2026,22:53:38.506,5967,33545,15.1,5893,10289,36.4,0.0,23329,0,0.801,0.792,0.765,0.900,0.747,0.826,0.693,1625.0,1200.0,1200.0,2900.0,1200.0,100.0,2700.0,196.8,573.4,600.5,311.8,77.2,9.1,0.5,1.7,0.2,196.8,16.2,39.2,42.0,25.2,6.0,2.1,0.7,14.1,0.7,42.0,16.2,100.0,8.1,23.4,24.7,12.8,3.2,0.3,0.0,0.1,0.0,8.1,16.2,12.0,12.0,29.0,12.0,27.0,40,39,40,41,38,60,61,60,59,62,41,41,否,否,否,否,否,否,否,否,否,否,否,否,否,否,否,否,否,否,42,41,42,0.250,2.893,0.480,0.000,9.864,1.228,0.301,0.712,35.0,30.0,64.0,64.0,0,0.8,0.4,0.0,0.0,0.0,14.5,40.1,42.6,25.9,6.3,0.8,0.0,0.1,0.0,70.5,15.5,67.9,98.9,99.8,1066.7,10.67,15,15,15,35,74,374,1,2,是,否,否,否,否,否,否,否,否,否,是,否,否,否,否,否,否,否,否,否,否,否,否,否,否,否,否,否,否,否,否,否,否,否,否,否,否,38.0,38,38,48,97.0,100.0,否,否,24292,21073,0.0,0.3,0.3,0.000,0.233,4286,1611,41,0.000,100.0,1066.0,0.0,0.0,0.0,0.0,0.0,0.0,0.0,317,否,否,否,否,否,否,7.324,24.440,59.2,-12.216,25.2,120.0,7.2,60.6,0.7,0.7,0.7,0.7,7.2,60.3,0.7,0.7,0.7,0.7,139.66,1360.20,14.29,14.02,1532.07,1532.07,0.32,139.37,139.29,0.38,232.42,0,0,0.0,0.0,0,0.000,
17.9.2026,22:53:40.502,5971,33540,15.1,5895,10287,36.4,0.0,23329,0,0.765,0.795,0.765,0.752,0.747,0.708,0.693,1200.0,1200.0,1200.0,1200.0,1200.0,100.0,1300.0,184.6,423.6,474.9,513.4,41.3,14.2,0.6,8.2,1.0,184.6,13.9,30.4,34.0,42.3,3.2,0.9,0.0,0.4,0.0,42.3,13.9,100.0,7.6,17.2,19.6,21.3,1.7,0.6,0.0,0.3,0.0,7.6,12.0,12.0,12.0,12.0,12.0,13.0,39,37,41,41,38,61,63,59,59,62,41,41,否,否,否,否,否,否,否,否,否,否,否,否,否,否,否,否,否,否,41,40,41,0.250,4.583,0.832,0.000,13.215,1.300,0.426,1.948,35.0,30.0,64.0,64.0,0,0.3,0.3,0.0,0.0,0.0,14.3,31.4,34.6,42.8,3.4,1.2,0.0,0.7,0.1,72.0,36.3,53.8,98.6,99.2,1066.7,10.67,15,15,15,35,74,374,1,2,是,否,否,否,否,否,否,否,否,否,是,否,否,否,否,否,否,否,否,否,否,否,否,否,否,否,否,否,否,否,否,否,否,否,否,否,否,38.0,38,38,44,97.0,100.0,否,否,24292,21073,0.0,1.5,1.5,0.000,0.108,4286,1611,41,0.000,100.0,1066.0,0.0,0.0,0.0,0.0,0.0,0.0,0.0,317,否,否,否,否,否,否,7.339,24.433,59.1,-12.403,25.2,118.2,7.2,60.6,0.7,0.7,0.7,0.7,7.2,60.3,0.7,0.7,0.7,0.7,139.66,1360.20,14.29,14.02,1532.07,1532.07,0.32,139.37,139.29,0.38,232.42,0,0,0.0,0.0,0,0.000,
17.9.2026,22:53:42.505,5964,33548,15.0,5892,10290,36.4,0.0,23329,0,0.764,0.795,0.760,0.755,0.747,0.686,0.693,1200.0,1200.0,1200.0,1200.0,1200.0,100.0,1000.0,216.6,587.5,547.8,373.2,192.5,28.8,0.5,1.1,1.3,216.6,16.1,41.5,38.2,30.0,15.9,2.6,0.4,0.0,0.5,41.5,16.1,100.0,8.9,24.0,22.5,15.4,8.0,1.2,0.0,0.0,0.1,8.9,12.0,12.0,12.0,12.0,12.0,10.0,39,37,41,39,40,61,63,59,61,60,41,41,否,否,否,否,否,否,否,否,否,否,否,否,否,否,否,否,否,否,41,41,40,0.250,3.505,0.685,0.000,10.989,1.247,0.345,1.091,35.0,30.0,64.0,64.0,0,0.5,0.6,0.0,0.0,0.0,16.0,42.2,38.6,30.2,14.4,2.4,0.0,0.1,0.1,71.0,26.5,60.5,97.3,99.8,1066.7,10.67,15,15,15,35,74,374,1,2,是,否,否,否,否,否,否,否,否,否,是,否,否,否,否,否,否,否,否,否,否,否,否,否,否,否,否,否,否,否,否,否,否,否,否,否,否,38.0,38,38,47,97.0,100.0,否,否,24292,21073,0.0,1.1,1.1,0.000,0.228,4286,1612,40,0.000,100.0,1066.0,0.0,0.0,0.0,0.0,0.0,0.0,0.0,317,否,否,否,否,否,否,7.359,24.433,59.1,-12.319,25.2,119.0,7.2,60.6,0.7,0.7,0.7,0.7,7.2,60.3,0.7,0.7,0.7,0.7,139.66,1360.20,14.29,14.02,1532.07,1532.07,0.32,139.37,139.29,0.38,232.42,0,0,0.0,0.0,0,0.000,
17.9.2026,22:53:44.507,5966,33546,15.0,5890,10292,36.3,0.0,23329,0,0.770,0.815,0.765,0.752,0.747,0.713,0.693,1300.0,1600.0,1200.0,1200.0,1200.0,100.0,1400.0,179.5,442.0,429.2,496.2,23.3,31.2,0.3,7.0,6.9,179.5,13.8,34.0,32.7,40.8,1.0,1.7,0.0,0.0,0.0,40.8,13.8,100.0,7.4,17.9,17.6,20.5,0.9,1.3,0.0,0.3,0.3,7.4,13.0,16.0,12.0,12.0,12.0,14.0,38,38,38,40,38,62,62,62,60,62,41,40,否,否,否,否,否,否,否,否,否,否,否,否,否,否,否,否,否,否,41,40,41,0.250,4.481,0.986,0.000,12.843,1.287,0.443,1.704,35.0,30.0,64.0,64.0,0,0.5,0.6,0.0,0.0,0.0,14.4,35.0,33.2,41.2,1.8,2.6,0.0,0.6,0.6,72.8,38.1,57.0,97.1,98.8,1066.7,10.67,15,15,15,35,74,374,1,2,是,否,否,否,否,否,否,否,否,否,是,否,否,否,否,否,否,否,否,否,否,否,否,否,否,否,否,否,否,否,否,否,否,否,否,否,否,38.0,38,38,45,97.0,100.0,否,否,24292,21073,0.0,1.6,1.6,0.000,0.059,4286,1612,41,0.000,100.0,1066.0,0.0,0.0,0.0,0.0,0.0,0.0,0.0,317,否,否,否,否,否,否,7.391,24.425,59.1,-12.402,25.2,118.2,7.2,60.6,0.7,0.7,0.7,0.7,7.2,60.3,0.7,0.7,0.7,0.7,139.66,1360.20,14.29,14.02,1532.07,1532.07,0.32,139.37,139.29,0.38,232.42,0,0,0.0,0.0,0,0.000,
17.9.2026,22:53:46.505,5965,33546,15.0,5888,10294,36.3,0.0,23329,0,0.773,0.830,0.765,0.750,0.747,0.731,0.693,1375.0,1900.0,1200.0,1200.0,1200.0,100.0,1700.0,194.1,527.2,625.7,324.1,38.6,26.4,2.8,2.2,6.0,194.1,16.4,35.2,43.8,25.9,2.9,1.9,0.0,21.4,0.3,43.8,16.4,100.0,8.0,21.6,25.8,13.3,1.6,1.1,0.1,0.1,0.2,8.0,13.8,19.0,12.0,12.0,12.0,17.0,40,40,38,41,39,60,60,62,59,61,41,41,否,否,否,否,否,否,否,否,否,否,否,否,否,否,否,否,否,否,41,41,40,0.250,3.339,0.516,0.000,10.676,1.250,0.395,1.085,35.0,30.0,64.0,64.0,0,0.5,0.5,0.0,0.0,0.0,14.3,36.1,44.4,27.1,3.2,2.2,0.2,0.2,0.5,72.7,25.0,69.1,97.4,99.3,1066.7,10.67,15,15,15,35,74,374,1,2,是,否,否,否,否,否,否,否,否,否,是,否,否,否,否,否,否,否,否,否,否,否,否,否,否,否,否,否,否,否,否,否,否,否,否,否,否,38.0,38,38,45,97.0,100.0,否,否,24292,21073,0.0,0.2,0.2,0.000,0.192,4286,1612,40,0.000,100.0,1066.0,0.0,0.0,0.0,0.0,0.0,0.0,0.0,317,否,否,否,否,否,否,7.319,24.417,59.1,-12.208,25.2,120.0,7.2,60.6,0.7,0.7,0.7,0.7,7.2,60.3,0.7,0.7,0.7,0.7,139.66,1360.20,14.29,14.02,1532.07,1532.07,0.32,139.37,139.29,0.38,232.42,0,0,0.0,0.0,0,0.000,
17.9.2026,22:53:48.501,5970,33542,15.1,5892,10290,36.4,0.0,23329,0,0.767,0.790,0.765,0.765,0.747,0.713,0.693,1275.0,1200.0,1200.0,1500.0,1200.0,100.0,1400.0,195.4,572.2,568.4,299.3,106.5,14.1,1.4,1.0,0.2,195.4,14.4,40.7,38.3,25.2,8.3,2.2,0.4,0.0,0.3,40.7,14.4,100.0,8.0,23.4,23.4,12.2,4.4,0.5,0.1,0.0,0.0,8.0,12.8,12.0,12.0,15.0,12.0,14.0,40,40,40,42,39,60,60,60,58,61,41,42,否,否,否,否,否,否,否,否,否,否,否,否,否,否,否,否,否,否,40,40,40,0.250,4.056,0.838,0.000,11.970,1.273,0.394,1.453,35.0,30.0,64.0,64.0,0,0.8,0.6,0.0,0.0,0.0,14.4,41.4,38.7,24.9,8.8,1.2,0.1,0.1,0.0,71.1,19.7,66.3,98.5,99.9,1066.7,10.67,15,15,15,35,74,374,1,2,是,否,否,否,否,否,否,否,否,否,是,否,否,否,否,否,否,否,否,否,否,否,否,否,否,否,否,否,否,否,否,否,否,否,否,否,否,38.0,38,38,47,97.0,100.0,否,否,24292,21073,0.0,0.7,0.7,0.000,0.175,4286,1613,40,0.000,100.0,1066.0,0.0,0.0,0.0,0.0,0.0,0.0,0.0,317,否,否,否,否,否,否,7.332,24.410,59.1,-12.376,25.2,118.3,7.2,60.6,0.7,0.7,0.7,0.7,7.2,60.3,0.7,0.7,0.7,0.7,139.66,1360.20,14.29,14.02,1532.07,1532.07,0.32,139.37,139.29,0.38,232.42,0,0,0.0,0.0,0,0.000,
17.9.2026,22:53:50.506,5970,33542,15.1,5891,10291,36.4,0.0,23329,0,0.800,0.935,0.765,0.752,0.747,0.843,0.693,1675.0,3100.0,1200.0,1200.0,1200.0,100.0,2900.0,186.7,472.2,546.6,393.0,47.1,28.7,0.2,5.5,0.2,186.7,13.9,33.1,38.4,32.2,4.4,2.1,0.5,0.2,0.5,38.4,13.9,100.0,7.7,19.3,22.6,16.3,1.9,1.2,0.0,0.2,0.0,7.7,16.8,31.0,12.0,12.0,12.0,29.0,39,39,40,40,38,61,61,60,60,62,41,40,否,否,否,否,否,否,否,否,否,否,否,否,否,否,否,否,否,否,42,40,42,0.250,4.441,0.861,0.000,12.836,1.301,0.429,1.776,35.0,30.0,64.0,64.0,0,0.4,0.5,0.0,0.0,0.0,14.1,34.0,39.0,32.7,3.9,2.4,0.0,0.5,0.0,71.2,24.9,62.9,97.4,99.5,1066.7,10.67,15,15,15,35,74,374,1,2,是,否,否,否,否,否,否,否,否,否,是,否,否,否,否,否,否,否,否,否,否,否,否,否,否,否,否,否,否,否,否,否,否,否,否,否,否,39.0,38,38,45,97.0,100.0,否,否,24292,21073,0.0,1.0,1.0,0.000,0.114,4286,1613,41,0.000,100.0,1066.0,0.0,0.0,0.0,0.0,0.0,0.0,0.0,317,否,否,否,否,否,否,7.391,24.402,59.1,-12.432,25.2,117.8,7.2,60.6,0.7,0.7,0.7,0.7,7.2,60.3,0.7,0.7,0.7,0.7,139.66,1360.20,14.29,14.02,1532.07,1532.07,0.32,139.37,139.29,0.38,232.42,0,0,0.0,0.0,0,0.000,
17.9.2026,22:53:52.505,5964,33547,15.0,5885,10297,36.3,0.0,23329,0,0.769,0.815,0.765,0.750,0.747,0.686,0.693,1300.0,1600.0,1200.0,1200.0,1200.0,100.0,1000.0,196.6,552.2,639.0,285.7,78.1,16.1,0.2,1.0,0.2,196.6,14.0,38.0,45.0,23.2,5.5,0.5,0.0,0.0,0.0,45.0,14.0,100.0,8.1,22.6,26.4,11.7,3.2,0.6,0.0,0.0,0.0,8.1,13.0,16.0,12.0,12.0,12.0,10.0,38,36,39,41,38,62,64,61,59,62,41,41,否,否,否,否,否,否,否,否,否,否,否,否,否,否,否,否,否,否,41,40,41,0.250,3.783,0.741,0.000,11.457,1.267,0.381,1.287,35.0,30.0,64.0,64.0,0,0.4,0.4,0.0,0.0,0.0,14.5,38.7,45.5,23.7,6.3,1.4,0.0,0.1,0.0,71.3,16.0,71.1,98.4,99.8,1066.7,10.67,15,15,15,35,74,374,1,2,是,否,否,否,否,否,否,否,否,否,是,否,否,否,否,否,否,否,否,否,否,否,否,否,否,否,否,否,否,否,否,否,否,否,否,否,否,38.0,38,38,47,97.0,100.0,否,否,24292,21073,0.0,0.6,0.6,0.000,0.181,4286,1613,41,0.000,100.0,1066.0,0.0,0.0,0.0,0.0,0.0,0.0,0.0,317,否,否,否,否,否,否,7.360,24.395,59.1,-12.549,25.2,116.6,7.2,60.6,0.7,0.7,0.7,0.7,7.2,60.3,0.7,0.7,0.7,0.7,139.66,1360.20,14.29,14.02,1532.07,1532.07,0.32,139.37,139.29,0.38,232.42,0,0,0.0,0.0,0,0.000,
17.9.2026,22:53:54.511,5967,33545,15.1,5883,10299,36.3,0.0,23329,0,0.765,0.795,0.765,0.752,0.747,0.686,0.693,1200.0,1200.0,1200.0,1200.0,1200.0,100.0,1000.0,190.7,435.7,558.9,415.5,73.5,32.0,8.5,1.1,0.2,190.7,14.4,30.0,40.0,33.8,6.4,2.5,0.6,1.6,0.0,40.0,14.4,100.0,7.8,17.7,23.1,17.2,3.0,1.3,0.4,0.0,0.0,7.8,12.0,12.0,12.0,12.0,12.0,10.0,39,37,40,40,38,61,63,60,60,62,42,40,否,否,否,否,否,否,否,否,否,否,否,否,否,否,否,否,否,否,41,40,41,0.250,4.451,0.878,0.000,12.807,1.289,0.413,1.786,35.0,30.0,64.0,64.0,0,0.4,0.3,0.0,0.0,0.0,14.4,30.8,40.5,34.3,5.8,2.7,0.7,0.1,0.0,71.5,29.3,60.1,96.7,99.8,1066.7,10.67,15,15,15,35,74,374,1,2,是,否,否,否,否,否,否,否,否,否,是,否,否,否,否,否,否,否,否,否,否,否,否,否,否,否,否,否,否,否,否,否,否,否,否,否,否,38.0,38,38,47,97.0,100.0,否,否,24292,21073,0.0,0.6,0.6,0.000,0.161,4286,1614,41,0.000,100.0,1066.0,0.0,0.0,0.0,0.0,0.0,0.0,0.0,317,否,否,否,否,否,否,7.320,24.387,59.0,-12.503,25.2,117.0,7.2,60.6,0.7,0.7,0.7,0.7,7.2,60.3,0.7,0.7,0.7,0.7,139.66,1360.20,14.29,14.02,1532.07,1532.07,0.32,139.37,139.29,0.38,232.42,0,0,0.0,0.0,0,0.000,
17.9.2026,22:53:56.509,5971,33541,15.1,5888,10295,36.3,0.0,23329,0,0.766,0.802,0.762,0.750,0.747,0.701,0.693,1250.0,1400.0,1200.0,1200.0,1200.0,100.0,1200.0,183.6,512.8,505.3,363.9,63.3,16.5,0.5,6.5,0.2,183.6,13.6,37.8,36.8,29.5,4.3,0.5,0.0,0.0,0.0,37.8,13.6,100.0,7.5,21.0,20.8,15.0,2.6,0.7,0.0,0.3,0.0,7.5,12.5,14.0,12.0,12.0,12.0,12.0,39,38,40,40,38,61,62,60,60,62,42,40,否,否,否,否,否,否,否,否,否,否,否,否,否,否,否,否,否,否,41,40,41,0.250,3.979,0.775,0.001,11.943,1.273,0.382,1.438,35.0,30.0,64.0,64.0,0,0.8,0.8,0.0,0.0,0.0,14.1,38.6,37.3,29.9,5.2,1.4,0.0,0.6,0.0,72.1,25.6,65.1,98.4,99.4,1066.7,10.67,15,15,15,35,74,374,1,2,是,否,否,否,否,否,否,否,否,否,是,否,否,否,否,否,否,否,否,否,否,否,否,否,否,否,否,否,否,否,否,否,否,否,否,否,否,38.0,38,38,45,97.0,100.0,否,否,24292,21073,0.0,1.6,1.6,0.000,0.175,4286,1614,41,0.001,100.0,1066.0,0.0,0.0,0.0,0.0,0.0,0.0,0.0,317,否,否,否,否,否,否,7.327,24.379,59.0,-12.485,25.2,117.2,7.2,60.6,0.7,0.7,0.7,0.7,7.2,60.3,0.7,0.7,0.7,0.7,139.66,1360.20,14.29,14.02,1532.07,1532.07,0.32,139.37,139.29,0.38,232.42,0,0,0.0,0.0,0,0.000,
17.9.2026,22:53:58.516,5966,33546,15.0,5882,10300,36.3,0.0,23329,0,0.764,0.795,0.762,0.750,0.747,0.686,0.693,1200.0,1200.0,1200.0,1200.0,1200.0,100.0,1000.0,194.2,574.3,583.4,315.8,61.1,14.2,3.8,1.2,0.2,194.2,14.4,39.4,40.0,25.7,5.4,2.3,0.0,2.8,0.0,40.0,14.4,100.0,8.0,23.5,24.1,13.0,2.5,0.6,0.2,0.0,0.0,8.0,12.0,12.0,12.0,12.0,12.0,10.0,40,37,40,42,39,60,63,60,58,61,42,42,否,否,否,否,否,否,否,否,否,否,否,否,否,否,否,否,否,否,42,42,40,0.250,3.772,0.706,0.001,11.489,1.260,0.369,1.319,35.0,30.0,64.0,64.0,0,0.7,0.4,0.0,0.0,0.0,14.3,40.4,40.6,26.4,5.1,1.2,0.3,0.1,0.0,71.0,17.6,68.1,98.3,99.8,1066.7,10.67,15,15,15,35,74,374,1,2,是,否,否,否,否,否,否,否,否,否,是,否,否,否,否,否,否,否,否,否,否,否,否,否,否,否,否,否,否,否,否,否,否,否,否,否,否,38.0,38,38,48,97.0,100.0,否,否,24292,21073,0.0,0.7,0.7,0.000,0.143,4286,1614,41,0.001,100.0,1066.0,0.0,0.0,0.0,0.0,0.0,0.0,0.0,317,否,否,否,否,否,否,7.370,24.379,59.0,-12.477,25.2,117.2,7.2,60.6,0.7,0.7,0.7,0.7,7.2,60.3,0.7,0.7,0.7,0.7,139.66,1360.20,14.29,14.02,1532.07,1532.07,0.32,139.37,139.29,0.38,232.42,0,0,0.0,0.0,0,0.000,
17.9.2026,22:54:0.531,5966,33545,15.1,5904,10278,36.4,0.0,23329,0,0.763,0.792,0.760,0.752,0.747,0.688,0.693,1200.0,1200.0,1200.0,1200.0,1200.0,100.0,1000.0,192.4,566.1,588.5,202.6,130.8,42.2,1.3,7.0,0.4,192.4,13.9,39.3,40.6,16.2,10.7,3.5,0.1,0.6,0.1,40.6,13.9,100.0,7.9,23.2,24.2,8.3,5.4,1.7,0.1,0.3,0.0,7.9,12.0,12.0,12.0,12.0,12.0,10.0,40,37,41,41,39,60,63,59,59,61,41,41,否,否,否,否,否,否,否,否,否,否,否,否,否,否,否,否,否,否,41,41,41,0.250,4.263,0.858,0.000,12.428,1.278,0.395,1.634,35.0,30.0,64.0,64.0,0,0.9,0.8,0.0,0.0,0.0,14.1,40.1,41.2,16.7,10.8,3.5,0.1,0.6,0.0,71.0,15.6,72.7,96.3,99.4,1066.7,10.67,15,15,15,35,74,374,1,2,是,否,否,否,否,否,否,否,否,否,是,否,否,否,否,否,否,否,否,否,否,否,否,否,否,否,否,否,否,否,否,否,否,否,否,否,否,40.0,38,38,48,97.0,100.0,否,否,24292,21073,0.0,1.6,1.6,0.000,0.168,4286,1615,41,0.000,100.0,1066.0,0.0,0.0,0.0,0.0,0.0,0.0,0.0,317,否,否,否,否,否,否,7.329,24.372,59.0,-12.511,25.2,116.9,7.2,60.6,0.7,0.7,0.7,0.7,7.2,60.3,0.7,0.7,0.7,0.7,139.66,1360.20,14.29,14.02,1532.07,1532.07,0.32,139.37,139.29,0.38,232.42,0,0,0.0,0.0,0,0.000,
17.9.2026,22:54:2.532,5967,33545,15.1,5887,10295,36.3,0.0,23329,0,0.764,0.795,0.762,0.752,0.747,0.686,0.693,1200.0,1200.0,1200.0,1200.0,1200.0,100.0,1000.0,187.9,441.9,404.4,502.6,121.2,24.8,0.2,7.7,0.2,187.9,14.5,33.0,29.9,41.2,9.9,2.0,0.1,0.0,0.1,41.2,14.5,100.0,7.7,18.0,16.6,20.8,5.0,1.0,0.0,0.3,0.0,7.7,12.0,12.0,12.0,12.0,12.0,10.0,39,36,40,40,39,61,64,60,60,61,42,40,否,否,否,否,否,否,否,否,否,否,否,否,否,否,否,否,否,否,42,41,42,0.250,4.411,0.892,0.000,12.783,1.282,0.398,1.743,35.0,30.0,64.0,64.0,0,0.5,0.5,0.0,0.0,0.0,14.8,33.8,30.3,41.7,10.0,2.1,0.0,0.6,0.0,70.7,35.6,50.2,97.7,99.3,1066.7,10.67,15,15,15,35,74,374,1,2,是,否,否,否,否,否,否,否,否,否,是,否,否,否,否,否,否,否,否,否,否,否,否,否,否,否,否,否,否,否,否,否,否,否,否,否,否,38.0,38,38,46,97.0,100.0,否,否,24292,21073,0.0,1.1,1.1,0.000,0.116,4286,1615,41,0.000,100.0,1066.0,0.0,0.0,0.0,0.0,0.0,0.0,0.0,317,否,否,否,否,否,否,7.334,24.364,59.0,-12.526,25.2,116.7,7.2,60.6,0.7,0.7,0.7,0.7,7.2,60.3,0.7,0.7,0.7,0.7,139.66,1360.20,14.29,14.02,1532.07,1532.07,0.32,139.37,139.29,0.38,232.42,0,0,0.0,0.0,0,0.000,
17.9.2026,22:54:4.537,5974,33538,15.1,5889,10293,36.3,0.0,23329,0,0.752,0.795,0.760,0.710,0.745,0.701,0.693,1000.0,1200.0,1200.0,400.0,1200.0,100.0,1200.0,194.9,590.2,674.6,258.9,11.9,17.5,0.5,1.4,4.1,194.9,14.4,41.1,46.4,21.7,1.4,1.7,0.6,1.4,0.9,46.4,14.4,100.0,8.0,24.2,27.9,10.6,0.5,0.7,0.0,0.0,0.2,8.0,10.0,12.0,12.0,4.0,12.0,12.0,40,37,41,40,40,60,63,59,60,60,41,41,否,否,否,否,否,否,否,否,否,否,否,否,否,否,否,否,否,否,42,41,42,0.250,3.411,0.610,0.000,10.710,1.255,0.382,1.058,35.0,30.0,64.0,64.0,0,0.6,0.4,0.0,0.0,0.0,14.1,41.5,46.6,21.7,1.0,1.3,0.0,0.1,0.3,72.8,16.7,76.5,98.5,99.5,1066.7,10.67,15,15,15,35,74,374,1,2,是,否,否,否,否,否,否,否,否,否,是,否,否,否,否,否,否,否,否,否,否,否,否,否,否,否,否,否,否,否,否,否,否,否,否,否,否,40.0,38,38,47,97.0,100.0,否,否,24292,21073,0.0,0.2,0.2,0.000,0.210,4286,1615,41,0.000,100.0,1066.0,0.0,0.0,0.0,0.0,0.0,0.0,0.0,317,否,否,否,否,否,否,7.334,24.364,59.0,-12.402,25.2,117.9,7.2,60.6,0.7,0.7,0.7,0.7,7.2,60.3,0.7,0.7,0.7,0.7,139.66,1360.20,14.29,14.02,1532.07,1532.07,0.32,139.37,139.29,0.38,232.42,0,0,0.0,0.0,0,0.000,
17.9.2026,22:54:6.532,5968,33544,15.1,5884,10299,36.3,0.0,23329,0,0.772,0.795,0.765,0.765,0.762,0.706,0.693,1350.0,1200.0,1200.0,1500.0,1500.0,100.0,1300.0,195.4,633.0,667.8,206.0,50.9,4.0,0.2,1.3,0.2,195.4,13.7,43.6,45.8,16.6,3.3,0.0,0.0,0.0,0.0,45.8,13.7,100.0,8.0,26.0,27.6,8.4,2.1,0.1,0.0,0.0,0.0,8.0,13.5,12.0,12.0,15.0,15.0,13.0,39,37,40,40,39,61,63,60,60,61,42,40,否,否,否,否,否,否,否,否,否,否,否,否,否,否,否,否,否,否,41,41,41,0.250,4.448,0.933,0.000,12.782,1.285,0.403,1.733,35.0,30.0,64.0,64.0,0,0.5,0.3,0.0,0.0,0.0,14.0,44.2,46.3,17.0,4.1,0.4,0.0,0.1,0.0,72.1,10.7,78.3,99.5,99.8,1066.7,10.67,15,15,15,35,74,374,1,2,是,否,否,否,否,否,否,否,否,否,是,否,否,否,否,否,否,否,否,否,否,否,否,否,否,否,否,否,否,否,否,否,否,否,否,否,否,40.0,38,38,50,97.0,100.0,否,否,24292,21073,0.0,0.2,0.2,0.000,0.275,4286,1616,40,0.000,100.0,1066.0,0.0,0.0,0.0,0.0,0.0,0.0,0.0,317,否,否,否,否,否,否,7.318,24.356,59.0,-12.587,25.2,116.1,7.2,60.6,0.7,0.7,0.7,0.7,7.2,60.3,0.7,0.7,0.7,0.7,139.66,1360.20,14.29,14.02,1532.07,1532.07,0.32,139.37,139.29,0.38,232.42,0,0,0.0,0.0,0,0.000,
17.9.2026,22:54:8.535,5972,33540,15.1,5886,10296,36.3,0.0,23329,0,0.839,0.792,0.760,0.900,0.902,0.966,0.693,2050.0,1200.0,1200.0,2900.0,2900.0,100.0,3599.9,185.7,635.6,470.8,242.0,97.4,34.0,2.7,2.6,0.2,185.7,13.2,44.6,31.9,19.0,7.8,2.6,0.0,0.0,0.0,44.6,13.2,100.0,7.5,25.7,19.2,9.9,4.0,1.4,0.1,0.1,0.0,7.5,20.5,12.0,12.0,29.0,29.0,36.0,40,39,40,41,39,60,61,60,59,61,42,41,否,否,否,否,否,否,否,否,否,否,否,否,否,否,否,否,否,否,41,40,41,0.250,4.783,1.031,0.000,13.401,1.301,0.416,1.950,35.0,30.0,64.0,64.0,0,1.2,0.8,0.0,0.0,0.0,13.7,46.2,32.9,19.6,8.1,2.9,0.2,0.2,0.0,72.6,20.7,73.0,96.9,99.7,1066.7,10.67,15,15,15,35,74,374,1,2,是,否,否,否,否,否,否,否,否,否,是,否,否,否,否,否,否,否,否,否,否,否,否,否,否,否,否,否,否,否,否,否,否,否,否,否,否,40.0,38,38,51,97.0,100.0,否,否,24292,21073,2.7,1.1,3.9,7.197,1.604,4300,1619,40,0.000,100.0,1066.0,0.0,0.0,0.0,0.0,0.0,0.0,0.0,317,否,否,否,否,否,否,7.329,24.349,58.9,-12.738,25.2,114.7,7.2,60.6,0.7,0.7,0.7,0.7,7.2,60.3,0.7,0.7,0.7,0.7,139.66,1360.20,14.29,14.02,1532.07,1532.07,0.32,139.37,139.29,0.38,232.42,0,0,0.0,0.0,0,0.000,
17.9.2026,22:54:10.533,5978,33534,15.1,5891,10292,36.4,0.0,23329,0,0.855,0.865,0.762,0.900,0.892,0.786,0.693,2375.0,2500.0,1200.0,2900.0,2900.0,100.0,2300.0,178.3,737.7,540.4,135.9,6.1,2.3,0.3,3.7,0.2,178.3,13.1,53.3,37.4,11.0,0.7,1.2,0.3,0.5,0.3,53.3,13.1,100.0,7.2,29.7,22.1,5.4,0.2,0.1,0.0,0.1,0.0,7.2,23.8,25.0,12.0,29.0,29.0,23.0,39,38,39,41,39,61,62,61,59,61,42,41,否,否,否,否,否,否,否,否,否,否,否,否,否,否,否,否,否,否,41,41,41,0.250,4.499,0.833,0.002,13.041,1.304,0.443,1.854,35.0,30.0,64.0,64.0,0,0.4,0.1,0.0,0.0,0.0,13.2,55.2,38.0,11.3,0.5,0.2,0.0,0.3,0.0,73.0,5.2,87.3,99.7,99.6,1600.0,16.00,22,22,22,52,74,560,1,2,是,否,否,否,否,否,否,否,否,否,是,否,否,否,否,否,否,否,否,否,否,否,否,否,否,否,否,否,否,否,否,否,否,否,否,否,否,40.0,38,38,51,97.0,100.0,否,否,24292,21073,12.0,0.7,12.7,38.100,1.189,4373,1621,41,0.002,100.0,1066.0,0.0,0.0,0.0,0.0,0.0,0.0,0.0,317,否,否,否,否,否,否,7.324,24.341,58.9,-12.832,25.2,113.8,7.2,60.6,0.7,0.7,0.7,0.7,7.2,60.3,0.7,0.7,0.7,0.7,139.66,1360.20,14.29,14.02,1532.07,1532.07,0.32,139.37,139.29,0.38,232.42,0,0,0.0,0.0,0,0.000,
17.9.2026,22:54:12.541,5979,33533,15.1,5892,10290,36.4,0.0,23329,0,0.779,0.855,0.765,0.750,0.747,0.686,0.693,1500.0,2400.0,1200.0,1200.0,1200.0,100.0,1000.0,187.2,864.1,517.2,102.9,6.3,6.0,0.2,0.4,0.2,187.2,12.4,58.2,31.6,7.6,0.8,0.0,0.4,0.4,0.4,58.2,12.4,100.0,7.6,35.4,20.9,4.2,0.2,0.2,0.0,0.0,0.0,7.6,15.0,24.0,12.0,12.0,12.0,10.0,40,40,40,42,40,60,60,60,58,60,42,42,否,否,否,否,否,否,否,否,否,否,否,否,否,否,否,否,否,否,42,41,42,0.250,4.314,0.811,0.000,12.838,1.273,0.348,1.744,35.0,30.0,64.0,64.0,0,1.1,1.1,0.0,0.0,0.0,12.6,59.2,32.8,8.1,0.5,0.5,0.0,0.0,0.0,73.6,3.6,91.5,99.5,99.9,1066.7,10.67,15,15,15,35,74,374,1,2,是,否,否,否,否,否,否,否,否,否,是,否,否,否,否,否,否,否,否,否,否,否,否,否,否,否,否,否,否,否,否,否,否,否,否,否,否,40.0,38,38,51,97.0,100.0,否,否,24292,21073,0.0,2.3,2.3,0.000,3.814,4373,1628,41,0.000,100.0,1599.0,0.0,0.0,0.0,0.0,0.0,0.0,0.0,317,否,否,否,否,否,否,7.308,24.333,58.9,-12.935,25.2,112.9,7.2,60.6,0.7,0.7,0.7,0.7,7.2,60.3,0.7,0.7,0.7,0.7,139.66,1360.20,14.29,14.02,1532.07,1532.07,0.32,139.37,139.29,0.38,232.42,0,0,0.0,0.0,0,0.000,
17.9.2026,22:54:14.558,5981,33531,15.1,5897,10285,36.4,0.0,23329,0,0.775,0.835,0.765,0.752,0.747,0.738,0.693,1400.0,2000.0,1200.0,1200.0,1200.0,100.0,1800.0,184.1,713.7,497.2,221.0,32.5,7.5,0.2,0.5,0.2,184.1,14.2,49.1,32.5,18.3,2.1,11.2,0.0,0.0,0.0,49.1,14.2,100.0,7.5,29.0,20.2,9.1,1.3,0.3,0.0,0.0,0.0,7.5,14.0,20.0,12.0,12.0,12.0,18.0,40,40,40,40,39,60,60,60,60,61,41,40,否,否,否,否,否,否,否,否,否,否,否,否,否,否,否,否,否,否,42,41,42,0.250,4.915,1.134,0.002,13.493,1.319,0.439,1.951,35.0,30.0,64.0,64.0,0,2.0,1.5,0.0,0.0,0.0,13.2,50.2,33.2,18.5,2.7,0.6,0.0,0.1,0.0,72.0,10.2,78.7,99.3,99.9,1066.7,10.67,15,15,15,35,74,374,1,2,是,否,否,否,否,否,否,否,否,否,是,否,否,否,否,否,否,否,否,否,否,否,否,否,否,否,否,否,否,否,否,否,否,否,否,否,否,40.0,38,38,51,97.0,100.0,否,否,24292,21073,1.2,1.7,2.9,3.620,2.567,4380,1633,41,0.002,100.0,1066.0,0.0,0.0,0.0,0.0,0.0,0.0,0.0,317,否,否,否,否,否,否,7.330,24.326,58.9,-13.091,25.2,111.5,7.2,60.6,0.7,0.7,0.7,0.7,7.2,60.3,0.7,0.7,0.7,0.7,139.66,1360.20,14.29,14.02,1532.07,1532.07,0.32,139.37,139.29,0.38,232.42,0,0,0.0,0.0,0,0.000,
17.9.2026,22:54:16.573,5973,33538,15.1,5894,10288,36.4,0.0,23329,0,0.885,1.127,0.762,0.902,0.747,0.963,0.693,2375.0,4199.9,1200.0,2900.0,1200.0,100.0,3599.9,184.0,662.1,483.3,301.3,12.9,3.3,0.4,8.2,0.2,184.0,13.8,45.1,31.8,23.8,1.4,0.0,0.4,7.5,0.4,45.1,13.8,100.0,7.5,26.9,19.7,12.4,0.5,0.1,0.0,0.3,0.0,7.5,23.8,42.0,12.0,29.0,12.0,36.0,40,40,40,41,39,60,60,60,59,61,41,41,否,否,否,否,否,否,否,否,否,否,否,否,否,否,否,否,否,否,42,40,42,0.250,4.680,0.930,0.002,13.236,1.316,0.453,1.925,35.0,30.0,64.0,64.0,0,2.1,2.2,0.0,0.0,0.0,13.3,46.6,32.8,24.9,1.0,0.3,0.0,0.7,0.0,73.6,21.5,73.9,99.6,99.3,1066.7,10.67,15,15,15,35,74,374,1,2,是,否,否,否,否,否,否,否,否,否,是,否,否,否,否,否,否,否,否,否,否,否,否,否,否,否,否,否,否,否,否,否,否,否,否,否,否,40.0,38,38,51,97.0,100.0,否,否,24292,21073,3.6,2.9,6.5,8.331,1.492,4396,1636,42,0.002,100.0,1066.0,0.0,0.0,0.0,0.0,0.0,0.0,0.0,317,否,否,否,否,否,否,7.316,24.318,58.9,-13.154,25.2,110.9,7.2,60.6,0.7,0.7,0.7,0.7,7.2,60.3,0.7,0.7,0.7,0.7,139.66,1360.20,14.29,14.02,1532.07,1532.07,0.32,139.37,139.29,0.38,232.42,0,0,0.0,0.0,0,0.000,
17.9.2026,22:54:18.574,5979,33533,15.1,5924,10258,36.6,0.0,23329,0,0.827,1.045,0.765,0.750,0.747,0.686,0.693,1850.0,3799.9,1200.0,1200.0,1200.0,100.0,1000.0,182.5,707.7,490.2,183.6,53.4,24.6,0.2,0.5,0.2,182.5,13.7,50.1,32.9,14.7,3.3,2.5,0.0,6.4,0.0,50.1,13.7,100.0,7.4,28.8,19.9,7.5,2.2,1.0,0.0,0.0,0.0,7.4,18.5,38.0,12.0,12.0,12.0,10.0,40,39,40,41,39,60,61,60,59,61,42,41,否,否,否,否,否,否,否,否,否,否,否,否,否,否,否,否,否,否,41,41,41,0.250,4.267,0.852,0.003,12.797,1.283,0.398,1.636,35.0,30.0,64.0,64.0,0,2.0,1.2,0.0,0.0,0.0,13.3,51.4,34.0,14.7,4.4,2.1,0.0,0.0,0.0,72.6,10.9,81.9,97.8,99.9,1066.7,10.67,15,15,15,35,74,374,1,2,是,否,否,否,否,否,否,否,否,否,是,否,否,否,否,否,否,否,否,否,否,否,否,否,否,否,否,否,否,否,否,否,否,否,否,否,否,40.0,39,39,51,97.0,100.0,否,否,24292,21073,4.5,1.5,6.0,54.380,2.009,4500,1640,41,0.003,100.0,1066.0,0.0,0.0,0.0,0.0,0.0,0.0,0.0,317,否,否,否,否,否,否,7.323,24.310,58.8,-13.174,25.2,110.7,7.2,60.6,0.7,0.7,0.7,0.7,7.2,60.3,0.7,0.7,0.7,0.7,139.66,1360.20,14.29,14.02,1532.07,1532.07,0.32,139.37,139.29,0.38,232.42,0,0,0.0,0.0,0,0.000,
17.9.2026,22:54:20.588,5983,33528,15.1,5911,10272,36.5,0.0,23329,0,0.769,0.792,0.765,0.770,0.747,0.686,0.693,1300.0,1200.0,1200.0,1600.0,1200.0,100.0,1000.0,182.5,615.6,468.7,324.1,39.8,7.8,0.5,3.0,0.8,182.5,13.3,43.1,32.9,26.6,3.8,0.0,0.0,0.2,0.0,43.1,13.3,100.0,7.4,24.7,19.1,13.3,1.6,0.3,0.0,0.1,0.0,7.4,13.0,12.0,12.0,16.0,12.0,10.0,40,39,40,40,39,60,61,60,60,61,41,40,否,否,否,否,否,否,否,否,否,否,否,否,否,否,否,否,否,否,42,42,42,0.250,4.616,0.862,0.003,13.177,1.302,0.411,1.952,35.0,30.0,64.0,64.0,0,1.7,1.3,0.0,0.0,0.0,13.7,44.7,33.7,27.0,3.2,0.7,0.0,0.2,0.1,73.5,25.5,69.7,99.1,99.7,1066.7,10.67,15,15,15,35,74,374,1,2,是,否,否,否,否,否,否,否,否,否,是,否,否,否,否,否,否,否,否,否,否,否,否,否,否,否,否,否,否,否,否,否,否,否,否,否,否,40.0,39,39,52,97.0,100.0,否,否,24292,21073,4.3,0.8,5.2,32.424,1.100,4562,1642,41,0.003,100.0,1066.0,0.0,0.0,0.0,0.0,0.0,0.0,0.0,317,否,否,否,否,否,否,7.321,24.303,58.8,-13.244,25.2,110.1,7.2,60.6,0.7,0.7,0.7,0.7,7.2,60.3,0.7,0.7,0.7,0.7,139.66,1360.20,14.29,14.02,1532.07,1532.07,0.32,139.37,139.29,0.38,232.42,0,0,0.0,0.0,0,0.000,
17.9.2026,22:54:22.593,5990,33522,15.1,5907,10275,36.5,0.0,23329,0,0.887,1.127,0.922,0.750,0.747,0.963,0.693,2375.0,4199.9,2900.0,1200.0,1200.0,100.0,3599.9,183.6,765.2,520.3,123.1,53.4,4.3,1.4,0.9,0.2,183.6,12.9,54.0,34.1,10.0,4.7,0.0,0.0,0.0,0.0,54.0,12.9,100.0,7.5,31.4,21.2,5.0,2.2,0.2,0.1,0.0,0.0,7.5,23.8,42.0,29.0,12.0,12.0,36.0,40,39,40,42,40,60,61,60,58,60,41,42,否,否,否,否,否,否,否,否,否,否,否,否,否,否,否,否,否,否,42,42,41,0.250,4.458,0.747,0.001,13.009,1.294,0.440,1.915,35.0,30.0,64.0,64.0,0,0.8,0.4,0.0,0.0,0.0,13.0,54.6,34.6,10.0,4.4,0.3,0.1,0.1,0.0,72.1,3.4,85.6,99.5,99.9,1066.7,10.67,15,15,15,35,74,374,1,2,是,否,否,否,否,否,否,否,否,否,是,否,否,否,否,否,否,否,否,否,否,否,否,否,否,否,否,否,否,否,否,否,否,否,否,否,否,40.0,39,39,52,97.0,100.0,否,否,24292,21073,3.7,2.1,5.7,53.594,2.556,4664,1647,41,0.001,100.0,1066.0,0.0,0.0,0.0,0.0,0.0,0.0,0.0,317,否,否,否,否,否,否,7.325,24.295,58.8,-13.288,25.2,109.7,7.2,60.6,0.7,0.7,0.7,0.7,7.2,60.3,0.7,0.7,0.7,0.7,139.66,1360.20,14.29,14.02,1532.07,1532.07,0.32,139.37,139.29,0.38,232.42,0,0,0.0,0.0,0,0.000,
17.9.2026,22:54:24.594,5996,33515,15.1,5920,10262,36.5,0.0,23329,0,0.764,0.795,0.765,0.747,0.747,0.686,0.693,1200.0,1200.0,1200.0,1200.0,1200.0,100.0,600.0,184.9,873.5,511.7,79.6,8.5,4.3,0.4,0.5,0.2,184.9,12.6,61.3,32.1,6.2,0.4,0.9,0.0,0.0,0.0,61.3,12.6,100.0,7.5,35.4,20.6,3.2,0.3,0.2,0.0,0.0,0.0,7.5,12.0,12.0,12.0,12.0,12.0,6.0,40,39,40,41,39,60,61,60,59,61,42,41,否,否,否,否,否,否,否,否,否,否,否,否,否,否,否,否,否,否,42,42,42,0.250,4.710,0.955,0.001,13.284,1.301,0.406,1.953,35.0,30.0,64.0,64.0,0,0.2,0.1,0.0,0.0,0.0,13.1,63.2,33.4,6.7,0.7,0.4,0.0,0.0,0.0,73.4,1.6,92.7,99.5,99.9,1066.7,10.67,15,15,15,35,74,374,1,2,是,否,否,否,否,否,否,否,否,否,是,否,否,否,否,否,否,否,否,否,否,否,否,否,否,否,否,否,否,否,否,否,否,否,否,否,否,40.0,39,39,52,97.0,100.0,否,否,24292,21073,11.1,1.4,12.5,16.287,3.635,4695,1654,41,0.001,100.0,1066.0,0.0,0.0,0.0,0.0,0.0,0.0,0.0,317,否,否,否,否,否,否,7.284,24.295,58.8,-13.322,25.2,109.4,7.2,60.6,0.7,0.7,0.7,0.7,7.2,60.3,0.7,0.7,0.7,0.7,139.66,1360.20,14.29,14.02,1532.07,1532.07,0.32,139.37,139.29,0.38,232.42,0,0,0.0,0.0,0,0.000,
17.9.2026,22:54:26.597,6000,33511,15.1,5923,10259,36.6,0.0,23329,0,0.877,1.100,0.765,0.752,0.892,0.686,0.693,2375.0,4199.9,1200.0,1200.0,2900.0,100.0,1000.0,180.3,696.6,494.3,193.2,48.7,7.8,0.2,1.4,0.3,180.3,12.3,47.1,32.3,15.2,3.8,0.0,0.1,0.2,0.1,47.1,12.3,100.0,7.3,28.1,20.0,7.8,2.0,0.3,0.0,0.0,0.0,7.3,23.8,42.0,12.0,12.0,29.0,10.0,39,38,40,40,39,61,62,60,60,61,42,40,否,否,否,否,否,否,否,否,否,否,否,否,否,否,否,否,否,否,42,42,41,0.250,4.724,0.992,0.000,13.300,1.289,0.375,1.949,35.0,30.0,64.0,64.0,0,2.6,3.4,0.0,0.0,0.0,12.7,48.6,33.2,15.6,3.8,0.5,0.0,0.1,0.0,74.1,16.9,80.6,99.3,99.9,1066.7,10.67,15,15,15,35,74,374,1,2,是,否,否,否,否,否,否,否,否,否,是,否,否,否,否,否,否,否,否,否,否,否,否,否,否,否,否,否,否,否,否,否,否,否,否,否,否,40.0,39,39,52,97.0,100.0,否,否,24292,21073,10.7,4.3,15.1,36.798,5.575,4765,1664,41,0.000,100.0,1066.0,0.0,0.0,0.0,0.0,0.0,0.0,0.0,317,否,否,否,否,否,否,7.303,24.288,58.8,-13.408,25.2,108.7,7.2,60.6,0.7,0.7,0.7,0.7,7.2,60.3,0.7,0.7,0.7,0.7,139.66,1360.20,14.29,14.02,1532.07,1532.07,0.32,139.37,139.29,0.38,232.42,0,0,0.0,0.0,0,0.000,
17.9.2026,22:54:28.610,6003,33508,15.1,5951,10231,36.7,0.0,23329,0,0.782,0.815,0.762,0.752,0.797,0.711,0.693,1500.0,1600.0,1200.0,1200.0,2000.0,100.0,1400.0,183.0,846.2,497.4,93.8,20.3,3.4,1.0,0.8,1.3,183.0,13.4,59.0,31.6,7.0,0.8,7.4,0.0,1.6,0.1,59.0,13.4,100.0,7.4,34.5,20.1,3.8,0.8,0.1,0.0,0.0,0.1,7.4,15.0,16.0,12.0,12.0,20.0,14.0,40,38,41,40,39,60,62,59,60,61,41,41,否,否,否,否,否,否,否,否,否,否,否,否,否,否,否,否,否,否,42,41,42,0.250,4.601,0.936,0.002,13.089,1.300,0.402,1.872,35.0,30.0,64.0,64.0,0,1.6,1.1,0.0,0.0,0.0,12.8,60.2,32.6,7.2,1.7,0.3,0.0,0.1,0.1,73.8,4.8,90.9,99.6,99.8,1066.7,10.67,15,15,15,35,74,374,1,2,是,否,否,否,否,否,否,否,否,否,是,否,否,否,否,否,否,否,否,否,否,否,否,否,否,否,否,否,否,否,否,否,否,否,否,否,否,40.0,39,39,52,97.0,100.0,否,否,24292,21073,4.1,1.6,5.7,24.428,2.658,4812,1670,41,0.002,100.0,1066.0,0.0,0.0,0.0,0.0,0.0,0.0,0.0,317,否,否,否,否,否,否,7.310,24.280,58.8,-13.480,25.2,108.1,7.2,60.6,0.7,0.7,0.7,0.7,7.2,60.3,0.7,0.7,0.7,0.7,139.66,1360.20,14.29,14.02,1532.07,1532.07,0.32,139.37,139.29,0.38,232.42,0,0,0.0,0.0,0,0.000,
17.9.2026,22:54:30.625,6004,33507,15.1,5942,10240,36.7,0.0,23329,0,0.775,0.825,0.760,0.770,0.745,0.723,0.693,1450.0,1800.0,1200.0,1600.0,1200.0,100.0,1600.0,179.8,756.7,469.9,170.3,16.9,14.6,6.9,2.6,0.8,179.8,12.9,54.2,31.4,14.3,1.8,0.0,1.0,0.0,0.5,54.2,12.9,100.0,7.3,31.0,19.0,7.0,0.7,0.6,0.3,0.1,0.0,7.3,14.5,18.0,12.0,16.0,12.0,16.0,39,37,40,41,39,61,63,60,59,61,42,41,否,否,否,否,否,否,否,否,否,否,否,否,否,否,否,否,否,否,42,42,42,0.250,4.799,1.030,0.003,13.392,1.311,0.424,1.949,35.0,30.0,64.0,64.0,0,0.6,0.1,0.0,0.0,0.0,13.1,54.9,32.1,14.3,1.4,1.2,0.6,0.2,0.1,72.3,8.4,82.7,98.5,99.7,1066.7,10.67,15,15,15,35,74,374,1,2,是,否,否,否,否,否,否,否,否,否,是,否,否,否,否,否,否,否,否,否,否,否,否,否,否,否,否,否,否,否,否,否,否,否,否,否,否,40.0,39,39,52,97.0,100.0,否,否,24292,21073,4.7,1.2,5.9,54.379,2.327,4916,1674,41,0.003,100.0,1066.0,0.0,0.0,0.0,0.0,0.0,0.0,0.0,317,否,否,否,否,否,否,7.311,24.265,58.7,-13.503,25.2,107.8,7.2,60.6,0.7,0.7,0.7,0.7,7.2,60.3,0.7,0.7,0.7,0.7,139.66,1360.20,14.29,14.02,1532.07,1532.07,0.32,139.37,139.29,0.38,232.42,0,0,0.0,0.0,0,0.000,
17.9.2026,22:54:32.636,6011,33500,15.2,5935,10247,36.6,0.0,23329,0,0.801,0.805,0.762,0.887,0.747,0.706,0.693,1700.0,1500.0,1200.0,2900.0,1200.0,100.0,1300.0,181.2,682.5,474.1,241.8,38.3,10.0,0.3,2.6,0.2,181.2,13.5,49.4,33.1,19.3,2.8,1.3,0.6,0.8,0.6,49.4,13.5,100.0,7.4,27.7,19.4,9.8,1.6,0.4,0.0,0.1,0.0,7.4,17.0,15.0,12.0,29.0,12.0,13.0,40,39,40,41,40,60,61,60,59,60,41,41,否,否,否,否,否,否,否,否,否,否,否,否,否,否,否,否,否,否,41,41,41,0.250,4.649,0.893,0.000,13.198,1.304,0.402,1.952,35.0,30.0,64.0,64.0,0,1.7,0.6,0.0,0.0,0.0,13.6,50.9,34.0,20.1,3.1,0.8,0.0,0.2,0.0,72.2,13.6,76.4,99.0,99.7,1066.7,10.67,15,15,15,35,74,374,1,2,是,否,否,否,否,否,否,否,否,否,是,否,否,否,否,否,否,否,否,否,否,否,否,否,否,否,否,否,否,否,否,否,否,否,否,否,否,40.0,39,39,53,97.0,100.0,否,否,24292,21074,6.1,0.8,6.9,69.892,1.183,5050,1676,42,0.000,100.0,1066.0,0.0,0.0,0.0,0.0,0.0,0.0,0.0,317,否,否,否,否,否,否,7.323,24.257,58.7,-13.555,25.2,107.4,7.2,60.6,0.7,0.7,0.7,0.7,7.2,60.3,0.7,0.7,0.7,0.7,139.66,1360.20,14.29,14.02,1532.07,1532.07,0.32,139.37,139.29,0.38,232.42,0,0,0.0,0.0,0,0.000,
17.9.2026,22:54:34.631,6009,33502,15.2,5841,10341,36.0,0.0,23329,0,0.842,0.812,0.755,0.897,0.902,0.711,0.691,2175.0,1700.0,1200.0,2900.0,2900.0,100.0,1400.0,263.3,742.4,583.5,376.9,278.8,74.0,47.3,2.8,0.5,263.3,18.6,50.2,38.5,27.2,21.2,6.7,4.0,0.8,0.7,50.2,18.6,100.0,10.7,30.1,23.7,15.3,11.4,2.9,1.9,0.1,0.0,10.7,21.8,17.0,12.0,29.0,29.0,14.0,43,42,46,44,41,57,58,54,56,59,46,46,否,否,否,否,否,否,否,否,否,否,否,否,否,否,否,否,否,否,41,41,41,0.250,4.439,0.733,0.002,12.991,1.291,0.392,1.918,35.0,30.0,64.0,64.0,0,1.9,1.5,0.0,0.0,0.0,18.7,51.7,39.7,28.1,20.5,5.7,3.5,0.2,0.1,65.5,9.7,60.3,92.3,99.7,1066.7,10.67,15,15,15,35,74,374,1,2,是,否,否,否,否,否,否,否,否,否,是,否,否,否,否,否,否,否,否,否,否,否,否,否,否,否,否,否,否,否,否,否,否,否,否,否,否,40.0,39,39,53,97.0,100.0,否,否,24292,21074,7.0,2.7,9.7,59.523,15.692,5163,1706,41,0.002,100.0,1066.0,0.0,0.0,0.0,0.0,0.0,0.0,0.0,317,否,否,否,否,否,否,7.308,24.249,58.7,-13.534,25.2,107.5,7.2,60.6,0.7,0.7,0.7,0.7,7.2,60.3,0.7,0.7,0.7,0.7,139.66,1360.20,14.29,14.02,1532.07,1532.07,0.32,139.37,139.29,0.38,232.42,0,0,0.0,0.0,0,0.000,
17.9.2026,22:54:36.639,5969,33543,15.1,5735,10447,35.4,0.0,23329,0,0.760,0.795,0.755,0.747,0.742,0.683,0.693,1100.0,1100.0,1100.0,1100.0,1100.0,100.0,900.0,162.6,291.1,282.9,337.6,292.9,54.3,36.3,3.6,2.0,162.6,10.2,18.2,18.4,22.0,18.3,2.8,1.4,0.0,0.0,22.0,10.2,100.0,6.5,10.9,11.3,13.9,12.0,2.2,1.5,0.1,0.1,6.5,11.0,11.0,11.0,11.0,11.0,9.0,38,36,39,39,40,62,64,61,61,60,42,40,否,否,否,否,否,否,否,否,否,否,否,否,否,否,否,否,否,否,42,40,41,0.250,5.269,1.451,0.002,13.995,1.342,0.501,1.953,35.0,30.0,64.0,64.0,0,12.2,8.6,1.6,1.8,31.7,11.2,20.9,19.6,22.6,19.5,4.1,2.6,0.3,0.1,81.2,61.5,68.8,95.0,99.6,1066.7,10.67,15,15,15,35,74,374,1,2,是,否,否,否,否,否,否,否,否,否,是,否,否,否,否,否,否,否,否,否,否,否,否,否,否,否,否,否,否,否,否,否,否,否,否,否,否,38.0,39,39,51,97.0,100.0,否,否,24292,21074,0.0,1.7,1.7,0.000,1.372,5163,1709,41,0.002,100.0,1066.0,0.0,0.0,0.0,0.0,0.0,0.0,0.0,317,否,否,否,否,否,否,7.394,24.242,58.7,-13.819,25.2,105.2,7.2,60.6,0.7,0.7,0.7,0.7,7.2,60.3,0.7,0.7,0.7,0.7,139.66,1360.20,14.29,14.02,1532.07,1532.07,0.32,139.37,139.29,0.38,232.42,0,0,0.0,0.0,0,0.000,
17.9.2026,22:54:38.626,5969,33543,15.1,5734,10448,35.4,0.0,23329,0,0.756,0.790,0.750,0.745,0.740,0.676,0.693,1000.0,1000.0,1000.0,1000.0,1000.0,100.0,800.0,30.3,138.1,78.6,16.9,6.5,0.7,0.5,0.6,0.2,30.3,2.7,12.3,7.2,1.9,0.4,0.0,0.0,0.0,0.0,12.3,2.7,100.0,1.1,4.9,3.0,0.7,0.3,0.0,0.0,0.0,0.0,1.1,10.0,10.0,10.0,10.0,10.0,8.0,38,35,39,38,38,62,65,61,62,62,41,39,否,否,否,否,否,否,否,否,否,否,否,否,否,否,否,否,否,否,41,39,42,0.250,3.324,1.017,0.005,8.417,0.932,0.387,1.002,35.0,30.0,64.0,64.0,0,17.6,14.6,1.8,2.0,43.5,2.9,13.8,7.4,1.4,0.6,0.1,0.0,0.1,0.0,95.0,82.2,98.0,99.9,99.9,1066.7,10.67,15,15,15,35,74,374,1,2,否,否,否,否,否,否,否,否,否,否,否,否,否,否,否,否,否,否,否,否,否,否,否,否,否,否,否,否,否,否,否,否,否,否,否,否,否,38.0,39,39,48,97.0,100.0,否,否,24292,21074,0.0,3.7,3.7,0.000,0.236,5163,1709,41,0.005,100.0,1066.0,0.0,0.0,0.0,0.0,0.0,0.0,0.0,317,否,否,否,否,否,否,7.435,24.234,58.7,-13.257,25.2,109.7,7.2,60.6,0.7,0.7,0.7,0.7,7.2,60.3,0.7,0.7,0.7,0.7,139.66,1360.20,14.29,14.02,1532.07,1532.07,0.32,139.37,139.29,0.38,232.42,0,0,0.0,0.0,0,0.000,
17.9.2026,22:54:40.640,5967,33545,15.1,5733,10450,35.4,0.0,23329,0,0.759,0.792,0.755,0.750,0.740,0.681,0.693,1075.0,1100.0,1100.0,1100.0,1000.0,100.0,900.0,27.8,130.2,67.4,23.9,0.2,0.2,0.2,0.2,0.2,27.8,2.3,10.7,5.5,1.8,0.0,0.0,0.0,0.0,0.0,10.7,2.3,100.0,1.0,4.6,2.5,1.0,0.0,0.0,0.0,0.0,0.0,1.0,10.8,11.0,11.0,11.0,10.0,9.0,38,36,39,38,38,62,64,61,62,62,41,39,否,否,否,否,否,否,否,否,否,否,否,否,否,否,否,否,否,否,41,38,41,0.250,1.782,0.172,0.008,4.911,0.709,0.206,0.628,35.0,30.0,64.0,64.0,0,17.8,6.7,1.9,1.9,52.3,2.6,12.8,6.3,1.9,0.0,0.0,0.0,0.0,0.0,95.4,83.9,98.0,99.9,99.9,1066.7,10.67,15,15,15,35,74,374,1,2,否,否,否,否,否,否,否,否,否,否,否,否,否,否,否,否,否,否,否,否,否,否,否,否,否,否,否,否,否,否,否,否,否,否,否,否,否,38.0,39,39,46,97.0,100.0,否,否,24292,21074,0.0,1.9,1.9,0.000,0.143,5163,1710,42,0.008,100.0,1066.0,0.0,0.0,0.0,0.0,0.0,0.0,0.0,317,否,否,否,否,否,否,7.451,24.234,58.7,-12.510,25.2,116.2,7.2,60.6,0.7,0.7,0.7,0.7,7.2,60.3,0.7,0.7,0.7,0.7,139.66,1360.20,14.29,14.02,1532.07,1532.07,0.32,139.37,139.29,0.38,232.42,0,0,0.0,0.0,0,0.000,
17.9.2026,22:54:42.649,5967,33545,15.1,5732,10451,35.4,0.0,23329,0,0.761,0.792,0.760,0.747,0.745,0.683,0.696,1075.0,1100.0,1100.0,1100.0,1000.0,100.0,900.0,29.2,138.7,67.8,23.0,2.4,1.0,0.2,0.4,0.2,29.2,2.8,11.5,5.6,1.5,0.9,0.8,0.7,0.7,0.7,11.5,2.8,100.0,1.1,4.9,2.5,0.9,0.1,0.0,0.0,0.0,0.0,1.1,10.8,11.0,11.0,11.0,10.0,9.0,37,35,38,38,36,63,65,62,62,64,42,38,否,否,否,否,否,否,否,否,否,否,否,否,否,否,否,否,否,否,41,39,41,0.250,1.523,0.151,0.006,3.640,0.675,0.227,0.426,35.0,30.0,64.0,64.0,0,18.0,10.5,1.6,2.1,48.0,2.8,13.7,6.4,1.7,0.2,0.1,0.0,0.0,0.0,95.1,82.8,98.0,99.8,99.9,1066.7,10.67,15,15,15,35,74,374,1,2,否,否,否,否,否,否,否,否,否,否,否,否,否,否,否,否,否,否,否,否,否,否,否,否,否,否,否,否,否,否,否,否,否,否,否,否,否,38.0,39,39,46,97.0,100.0,否,否,24292,21074,0.0,3.0,3.0,0.000,0.139,5163,1710,40,0.006,100.0,1066.0,0.0,0.0,0.0,0.0,0.0,0.0,0.0,317,否,否,否,否,否,否,7.439,24.226,58.6,-11.850,25.2,122.7,7.2,60.6,0.7,0.7,0.7,0.7,7.2,60.3,0.7,0.7,0.7,0.7,139.66,1360.20,14.29,14.02,1532.07,1532.07,0.32,139.37,139.29,0.38,232.42,0,0,0.0,0.0,0,0.000,
17.9.2026,22:54:44.648,5967,33545,15.1,5730,10452,35.4,0.0,23329,0,0.762,0.795,0.760,0.750,0.745,0.681,0.736,1100.0,1100.0,1100.0,1100.0,1100.0,100.0,900.0,28.2,127.4,68.2,21.5,2.3,5.5,0.1,0.2,0.1,28.2,2.1,10.5,5.6,0.0,0.2,0.5,0.0,0.0,0.0,10.5,2.1,100.0,1.0,4.5,2.5,0.8,0.1,0.2,0.0,0.0,0.0,1.0,11.0,11.0,11.0,11.0,11.0,9.0,37,34,38,38,38,63,66,62,62,62,39,38,否,否,否,否,否,否,否,否,否,否,否,否,否,否,否,否,否,否,41,39,40,0.250,1.707,0.175,0.008,4.493,0.722,0.234,0.527,35.0,30.0,64.0,64.0,0,18.2,6.7,2.0,2.0,53.0,2.6,12.4,6.4,1.3,0.2,0.5,0.0,0.0,0.0,95.5,84.1,98.4,99.5,99.9,1600.0,16.00,22,22,22,52,74,560,1,2,否,否,否,否,否,否,否,否,否,否,否,否,否,否,否,否,否,否,否,否,否,否,否,否,否,否,否,否,否,否,否,否,否,否,否,否,否,38.0,39,39,45,97.0,100.0,否,否,24292,21074,0.0,1.5,1.5,0.000,0.106,5163,1710,40,0.008,100.0,1066.0,0.0,0.0,0.0,0.0,0.0,0.0,0.0,317,否,否,否,否,否,否,7.443,24.226,58.6,-11.470,25.2,126.7,7.2,60.6,0.7,0.7,0.7,0.7,7.2,60.3,0.7,0.7,0.7,0.7,139.66,1360.20,14.29,14.02,1532.07,1532.07,0.32,139.37,139.29,0.38,232.42,0,0,0.0,0.0,0,0.000,
17.9.2026,22:54:46.647,5966,33546,15.0,5729,10454,35.4,0.0,23329,0,0.756,0.790,0.750,0.742,0.742,0.676,0.736,1000.0,1000.0,1000.0,1000.0,1000.0,100.0,800.0,29.1,125.8,72.7,25.0,2.5,3.2,0.5,2.6,0.2,29.1,2.7,10.2,5.8,3.6,0.1,0.0,0.7,0.9,0.7,10.2,2.7,100.0,1.1,4.5,2.7,1.0,0.1,0.1,0.0,0.1,0.0,1.1,10.0,10.0,10.0,10.0,10.0,8.0,37,34,38,39,38,63,66,62,61,62,41,39,否,否,否,否,否,否,否,否,否,否,否,否,否,否,否,否,否,否,42,38,41,0.250,1.543,0.185,0.006,3.966,0.669,0.224,0.422,35.0,30.0,64.0,64.0,0,18.6,7.2,1.9,2.6,51.3,2.7,12.1,6.7,1.6,0.2,0.3,0.0,0.2,0.0,95.4,84.1,98.2,99.7,99.7,1066.7,10.67,15,15,15,35,74,374,1,2,否,否,否,否,否,否,否,否,否,否,否,否,否,否,否,否,否,否,否,否,否,否,否,否,否,否,否,否,否,否,否,否,否,否,否,否,否,38.0,39,39,44,97.0,100.0,否,否,24292,21074,0.0,1.0,1.0,0.000,0.044,5163,1710,41,0.006,100.0,1599.0,0.0,0.0,0.0,0.0,0.0,0.0,0.0,317,否,否,否,否,否,否,7.451,24.226,58.6,-10.968,25.2,132.5,7.2,60.6,0.7,0.7,0.7,0.7,7.2,60.3,0.7,0.7,0.7,0.7,139.66,1360.20,14.29,14.02,1532.07,1532.07,0.32,139.37,139.29,0.38,232.42,0,0,0.0,0.0,0,0.000,
17.9.2026,22:54:48.655,5967,33545,15.1,5727,10455,35.3,0.0,23329,0,0.757,0.795,0.750,0.745,0.740,0.683,0.736,1025.0,1100.0,1000.0,1000.0,1000.0,100.0,900.0,30.6,138.0,78.6,25.8,1.0,0.4,0.2,0.2,0.2,30.6,6.3,11.2,6.4,0.7,0.0,32.2,0.0,0.0,0.0,32.2,6.3,100.0,1.1,4.9,3.0,1.0,0.0,0.0,0.0,0.0,0.0,1.1,10.2,11.0,10.0,10.0,10.0,9.0,37,34,38,38,38,63,66,62,62,62,41,38,否,否,否,否,否,否,否,否,否,否,否,否,否,否,否,否,否,否,41,39,41,0.250,1.576,0.182,0.009,3.763,0.683,0.228,0.435,35.0,30.0,64.0,64.0,0,17.7,9.9,1.8,1.9,48.7,2.8,13.4,7.3,1.7,0.1,0.1,0.0,0.0,0.0,95.1,82.6,98.1,99.9,99.9,1066.7,10.67,15,15,15,35,74,374,1,2,否,否,否,否,否,否,否,否,否,否,否,否,否,否,否,否,否,否,否,否,否,否,否,否,否,否,否,否,否,否,否,否,否,否,否,否,否,38.0,39,39,43,97.0,100.0,否,否,24292,21074,0.0,1.6,1.6,0.000,0.077,5163,1710,41,0.009,100.0,1066.0,0.0,0.0,0.0,0.0,0.0,0.0,0.0,317,否,否,否,否,否,否,7.457,24.226,58.6,-10.522,25.2,138.1,7.2,60.6,0.7,0.7,0.7,0.7,7.2,60.3,0.7,0.7,0.7,0.7,139.66,1360.20,14.29,14.02,1532.07,1532.07,0.32,139.37,139.29,0.38,232.42,0,0,0.0,0.0,0,0.000,
17.9.2026,22:54:50.673,5966,33546,15.0,5726,10457,35.3,0.0,23329,0,0.757,0.790,0.752,0.745,0.742,0.676,0.696,1000.0,1000.0,1000.0,1000.0,1000.0,100.0,800.0,29.0,130.8,73.6,26.3,0.2,0.3,0.2,0.2,0.2,29.0,2.5,10.9,6.2,2.5,0.0,0.8,0.0,0.0,0.0,10.9,2.5,100.0,1.1,4.6,2.8,1.1,0.0,0.0,0.0,0.0,0.0,1.1,10.0,10.0,10.0,10.0,10.0,8.0,37,34,39,37,37,63,66,61,63,63,40,39,否,否,否,否,否,否,否,否,否,否,否,否,否,否,否,否,否,否,40,39,41,0.250,1.664,0.190,0.006,4.082,0.692,0.221,0.513,35.0,30.0,64.0,64.0,0,18.1,8.7,1.7,2.3,49.8,2.7,12.9,7.0,1.8,0.0,0.0,0.0,0.0,0.0,95.4,83.4,98.2,99.9,99.9,1066.7,10.67,15,15,15,35,74,374,1,2,否,否,否,否,否,否,否,否,否,否,否,否,否,否,否,否,否,否,否,否,否,否,否,否,否,否,否,否,否,否,否,否,否,否,否,否,否,38.0,39,39,43,97.0,100.0,否,否,24292,21074,0.0,1.9,1.9,0.000,0.102,5163,1711,40,0.006,100.0,1066.0,0.0,0.0,0.0,0.0,0.0,0.0,0.0,317,否,否,否,否,否,否,7.456,24.219,58.6,-10.118,25.2,143.6,7.2,60.6,0.7,0.7,0.7,0.7,7.2,60.3,0.7,0.7,0.7,0.7,139.66,1360.20,14.29,14.02,1532.07,1532.07,0.32,139.37,139.29,0.38,232.42,0,0,0.0,0.0,0,0.000,
17.9.2026,22:54:52.674,5965,33546,15.0,5724,10458,35.3,0.0,23329,0,0.762,0.792,0.760,0.750,0.745,0.676,0.738,1075.0,1000.0,1100.0,1100.0,1100.0,100.0,800.0,35.5,156.3,93.1,31.4,1.9,1.0,0.2,0.2,0.2,35.5,2.7,12.3,7.2,2.5,0.0,0.0,0.0,0.0,0.0,12.3,2.7,100.0,1.3,5.7,3.6,1.2,0.1,0.0,0.0,0.0,0.0,1.3,10.8,10.0,11.0,11.0,11.0,8.0,37,34,38,38,38,63,66,62,62,62,39,38,否,否,否,否,否,否,否,否,否,否,否,否,否,否,否,否,否,否,41,38,41,0.250,1.659,0.176,0.005,4.029,0.687,0.222,0.520,35.0,30.0,64.0,64.0,0,17.7,10.9,2.0,3.6,45.3,3.0,13.9,7.5,2.3,0.2,0.1,0.0,0.0,0.0,94.9,82.5,97.4,99.8,99.9,1066.7,10.67,15,15,15,35,74,374,1,2,否,否,否,否,否,否,否,否,否,否,否,否,否,否,否,否,否,否,否,否,否,否,否,否,否,否,否,否,否,否,否,否,否,否,否,否,否,38.0,39,39,42,97.0,100.0,否,否,24292,21074,0.0,2.0,2.0,0.000,0.130,5163,1711,41,0.005,100.0,1066.0,0.0,0.0,0.0,0.0,0.0,0.0,0.0,317,否,否,否,否,否,否,7.422,24.211,58.6,-9.738,25.2,149.2,7.2,60.6,0.7,0.7,0.7,0.7,7.2,60.3,0.7,0.7,0.7,0.7,139.66,1360.20,14.29,14.02,1532.07,1532.07,0.32,139.37,139.29,0.38,232.42,0,0,0.0,0.0,0,0.000,
17.9.2026,22:54:54.687,5965,33546,15.0,5733,10450,35.4,0.0,23329,0,0.763,0.795,0.762,0.750,0.745,0.681,0.736,1100.0,1100.0,1100.0,1100.0,1100.0,100.0,900.0,29.8,132.3,75.9,25.8,3.1,0.9,0.2,0.2,0.2,29.8,2.4,10.7,6.2,2.1,0.2,0.0,0.0,0.0,0.0,10.7,2.4,100.0,1.1,4.7,2.9,1.0,0.1,0.0,0.0,0.0,0.0,1.1,11.0,11.0,11.0,11.0,11.0,9.0,37,34,38,38,37,63,66,62,62,63,40,38,否,否,否,否,否,否,否,否,否,否,否,否,否,否,否,否,否,否,41,39,41,0.250,1.765,0.224,0.009,4.323,0.712,0.234,0.547,35.0,30.0,64.0,64.0,0,18.4,8.6,1.8,2.4,49.4,2.8,12.7,6.9,2.2,0.3,0.1,0.0,0.0,0.0,95.1,83.0,97.5,99.9,99.9,1066.7,10.67,15,15,15,35,74,374,1,2,否,否,否,否,否,否,否,否,否,否,否,否,否,否,否,否,否,否,否,否,否,否,否,否,否,否,否,否,否,否,否,否,否,否,否,否,否,38.0,39,39,41,97.0,100.0,否,否,24292,21074,0.0,1.4,1.4,0.000,0.026,5163,1711,40,0.009,100.0,1066.0,0.0,0.0,0.0,0.0,0.0,0.0,0.0,317,否,否,否,否,否,否,7.451,24.211,58.6,-9.522,25.2,152.6,7.2,60.6,0.7,0.7,0.7,0.7,7.2,60.3,0.7,0.7,0.7,0.7,139.66,1360.20,14.29,14.02,1532.07,1532.07,0.32,139.37,139.29,0.38,232.42,0,0,0.0,0.0,0,0.000,
17.9.2026,22:54:56.695,5964,33547,15.0,5731,10451,35.4,0.0,23329,0,0.757,0.790,0.752,0.745,0.742,0.678,0.693,1000.0,1000.0,1000.0,1000.0,1000.0,100.0,800.0,28.6,128.0,62.7,34.9,0.9,1.8,0.2,0.2,0.2,28.6,6.2,10.6,5.0,2.2,0.7,29.3,0.6,0.6,0.6,29.3,6.2,100.0,1.0,4.5,2.3,1.4,0.0,0.1,0.0,0.0,0.0,1.0,10.0,10.0,10.0,10.0,10.0,8.0,36,34,36,38,37,64,66,64,62,63,41,38,否,否,否,否,否,否,否,否,否,否,否,否,否,否,否,否,否,否,39,38,39,0.250,1.624,0.160,0.008,3.980,0.691,0.229,0.494,35.0,30.0,64.0,64.0,0,18.3,9.3,1.7,2.8,48.8,2.7,12.7,5.9,2.4,0.1,0.2,0.0,0.0,0.0,95.3,84.2,97.4,99.8,99.9,1066.7,10.67,15,15,15,35,74,374,1,2,否,否,否,否,否,否,否,否,否,否,否,否,否,否,否,否,否,否,否,否,否,否,否,否,否,否,否,否,否,否,否,否,否,否,否,否,否,38.0,39,39,40,97.0,100.0,否,否,24292,21074,0.0,1.4,1.4,0.000,0.014,5163,1711,40,0.008,100.0,1066.0,0.0,0.0,0.0,0.0,0.0,0.0,0.0,317,否,否,否,否,否,否,7.465,24.204,58.6,-9.249,25.2,157.0,7.2,60.6,0.7,0.7,0.7,0.7,7.2,60.3,0.7,0.7,0.7,0.7,139.66,1360.20,14.29,14.02,1532.07,1532.07,0.32,139.37,139.29,0.38,232.42,0,0,0.0,0.0,0,0.000,
17.9.2026,22:54:58.712,5964,33547,15.0,5730,10452,35.4,0.0,23329,0,0.759,0.792,0.752,0.745,0.745,0.676,0.693,1025.0,1000.0,1000.0,1000.0,1100.0,100.0,800.0,30.0,129.8,65.1,42.4,1.1,0.6,0.2,0.3,0.2,30.0,2.5,10.4,5.3,2.8,0.0,1.4,0.0,0.0,0.0,10.4,2.5,100.0,1.1,4.5,2.4,1.7,0.0,0.0,0.0,0.0,0.0,1.1,10.2,10.0,10.0,10.0,11.0,8.0,36,35,36,37,36,64,65,64,63,64,41,37,否,否,否,否,否,否,否,否,否,否,否,否,否,否,否,否,否,否,40,38,40,0.250,1.634,0.187,0.006,3.981,0.682,0.219,0.495,35.0,30.0,64.0,64.0,0,18.0,11.3,1.5,2.2,47.1,2.8,12.7,6.2,3.1,0.1,0.1,0.0,0.0,0.0,95.1,84.0,96.7,99.9,99.9,1066.7,10.67,15,15,15,35,74,374,1,2,否,否,否,否,否,否,否,否,否,否,否,否,否,否,否,否,否,否,否,否,否,否,否,否,否,否,否,否,否,否,否,否,否,否,否,否,否,38.0,39,39,40,97.0,100.0,否,否,24292,21074,0.0,1.9,1.9,0.000,0.028,5163,1711,40,0.006,100.0,1066.0,0.0,0.0,0.0,0.0,0.0,0.0,0.0,317,否,否,否,否,否,否,7.458,24.204,58.6,-9.054,25.2,160.4,7.2,60.6,0.7,0.7,0.7,0.7,7.2,60.3,0.7,0.7,0.7,0.7,139.66,1360.20,14.29,14.02,1532.07,1532.07,0.32,139.37,139.29,0.38,232.42,0,0,0.0,0.0,0,0.000,
17.9.2026,22:55:0.713,5964,33547,15.0,5728,10454,35.3,0.0,23329,0,0.757,0.792,0.752,0.742,0.742,0.676,0.696,1000.0,1000.0,1000.0,1000.0,1000.0,100.0,800.0,28.7,130.6,79.7,18.1,0.2,0.4,0.2,0.2,0.2,28.7,3.0,11.0,6.9,1.1,0.1,0.0,0.0,4.6,0.0,11.0,3.0,100.0,1.1,4.6,3.0,0.7,0.0,0.0,0.0,0.0,0.0,1.1,10.0,10.0,10.0,10.0,10.0,8.0,38,35,38,39,38,62,65,62,61,62,41,39,否,否,否,否,否,否,否,否,否,否,否,否,否,否,否,否,否,否,40,38,40,0.250,1.726,0.200,0.005,4.268,0.698,0.218,0.556,35.0,30.0,64.0,64.0,0,18.1,6.2,1.4,2.5,52.1,2.7,12.9,7.6,1.0,0.0,0.1,0.0,0.0,0.0,95.3,82.6,98.9,99.9,99.9,1066.7,10.67,15,15,15,35,74,374,1,2,否,否,否,否,否,否,否,否,否,否,否,否,否,否,否,否,否,否,否,否,否,否,否,否,否,否,否,否,否,否,否,否,否,否,否,否,否,38.0,39,39,40,97.0,100.0,否,否,24292,21074,0.0,1.0,1.0,0.000,0.010,5163,1711,41,0.005,100.0,1066.0,0.0,0.0,0.0,0.0,0.0,0.0,0.0,317,否,否,否,否,否,否,7.468,24.196,58.6,-8.812,25.2,164.7,7.2,60.6,0.7,0.7,0.7,0.7,7.2,60.3,0.7,0.7,0.7,0.7,139.66,1360.20,14.29,14.02,1532.07,1532.07,0.32,139.37,139.29,0.38,232.42,0,0,0.0,0.0,0,0.000,
17.9.2026,22:55:2.725,5964,33547,15.0,5726,10456,35.3,0.0,23329,0,0.763,0.797,0.760,0.750,0.745,0.683,0.736,1100.0,1100.0,1100.0,1100.0,1100.0,100.0,900.0,34.1,142.6,87.1,40.3,1.1,0.6,0.3,0.4,0.3,34.1,3.9,12.2,7.7,3.1,0.5,5.5,0.4,1.2,0.4,12.2,3.9,100.0,1.3,5.1,3.3,1.6,0.0,0.0,0.0,0.0,0.0,1.3,11.0,11.0,11.0,11.0,11.0,9.0,36,34,38,37,37,64,66,62,63,63,39,38,否,否,否,否,否,否,否,否,否,否,否,否,否,否,否,否,否,否,40,38,40,0.250,1.537,0.170,0.007,3.676,0.661,0.220,0.434,35.0,30.0,64.0,64.0,0,17.8,8.9,1.6,2.6,47.6,3.1,13.8,8.1,2.8,0.1,0.1,0.0,0.0,0.0,94.7,81.9,97.0,99.9,99.9,1066.7,10.67,15,15,15,35,74,374,1,2,否,否,否,否,否,否,否,否,否,否,否,否,否,否,否,否,否,否,否,否,否,否,否,否,否,否,否,否,否,否,否,否,否,否,否,否,否,38.0,38,38,39,97.0,100.0,否,否,24292,21074,0.0,1.5,1.5,0.000,0.079,5163,1711,40,0.007,100.0,1066.0,0.0,0.0,0.0,0.0,0.0,0.0,0.0,317,否,否,否,否,否,否,7.438,24.196,58.6,-8.606,25.2,168.7,7.2,60.6,0.7,0.7,0.7,0.7,7.2,60.3,0.7,0.7,0.7,0.7,139.66,1360.20,14.29,14.02,1532.07,1532.07,0.32,139.37,139.29,0.38,232.42,0,0,0.0,0.0,0,0.000,
17.9.2026,22:55:4.727,5964,33548,15.0,5724,10459,35.3,0.0,23329,0,0.762,0.792,0.762,0.750,0.745,0.683,0.693,1100.0,1100.0,1100.0,1100.0,1100.0,100.0,900.0,30.3,126.2,83.0,28.1,3.6,0.6,0.2,0.2,0.2,30.3,2.0,10.0,6.3,0.0,0.0,0.0,0.0,0.0,0.0,10.0,2.0,100.0,1.1,4.4,3.2,1.1,0.1,0.0,0.0,0.0,0.0,1.1,11.0,11.0,11.0,11.0,11.0,9.0,37,34,38,38,37,63,66,62,62,63,39,38,否,否,否,否,否,否,否,否,否,否,否,否,否,否,否,否,否,否,40,37,40,0.250,1.656,0.188,0.008,4.134,0.692,0.226,0.497,35.0,30.0,64.0,64.0,0,18.0,8.3,1.5,2.3,50.4,2.8,12.4,7.5,2.0,0.4,0.1,0.0,0.0,0.0,95.2,83.2,97.7,99.9,99.9,1066.7,10.67,15,15,15,35,74,374,1,2,否,否,否,否,否,否,否,否,否,否,否,否,否,否,否,否,否,否,否,否,否,否,否,否,否,否,否,否,否,否,否,否,否,否,否,否,否,37.0,38,38,39,97.0,100.0,否,否,24292,21074,0.0,1.1,1.1,0.000,0.075,5163,1711,40,0.008,100.0,1066.0,0.0,0.0,0.0,0.0,0.0,0.0,0.0,317,否,否,否,否,否,否,7.468,24.188,58.6,-8.469,25.2,171.3,7.2,60.6,0.7,0.7,0.7,0.7,7.2,60.3,0.7,0.7,0.7,0.7,139.66,1360.20,14.29,14.02,1532.07,1532.07,0.32,139.37,139.29,0.38,232.42,0,0,0.0,0.0,0,0.000,
17.9.2026,22:55:6.717,5963,33549,15.0,5720,10462,35.3,0.0,23329,0,0.764,0.797,0.762,0.750,0.745,0.686,0.736,1100.0,1100.0,1100.0,1100.0,1100.0,100.0,900.0,28.8,122.0,87.4,19.6,1.0,0.2,0.2,0.2,0.2,28.8,3.8,9.9,7.0,3.8,0.8,7.2,0.7,0.7,0.7,9.9,3.8,100.0,1.1,4.3,3.3,0.8,0.0,0.0,0.0,0.0,0.0,1.1,11.0,11.0,11.0,11.0,11.0,9.0,37,34,37,38,38,63,66,63,62,62,39,38,否,否,否,否,否,否,否,否,否,否,否,否,否,否,否,否,否,否,40,38,40,0.250,1.636,0.184,0.007,3.889,0.700,0.237,0.472,35.0,30.0,64.0,64.0,0,18.4,6.9,1.7,2.8,50.7,2.7,12.0,7.8,1.7,0.1,0.0,0.0,0.0,0.0,95.3,83.1,98.1,99.9,99.9,1066.7,10.67,15,15,15,35,74,374,1,2,否,否,否,否,否,否,否,否,否,否,否,否,否,否,否,否,否,否,否,否,否,否,否,否,否,否,否,否,否,否,否,否,否,否,否,否,否,37.0,38,38,39,97.0,100.0,否,否,24292,21074,0.0,1.0,1.0,0.000,0.012,5163,1711,39,0.007,100.0,1066.0,0.0,0.0,0.0,0.0,0.0,0.0,0.0,317,否,否,否,否,否,否,7.462,24.188,58.6,-8.432,25.2,172.1,7.2,60.6,0.7,0.7,0.7,0.7,7.2,60.3,0.7,0.7,0.7,0.7,139.66,1360.20,14.29,14.02,1532.07,1532.07,0.32,139.37,139.29,0.38,232.42,0,0,0.0,0.0,0,0.000,
17.9.2026,22:55:8.729,5962,33549,15.0,5730,10452,35.4,0.0,23329,0,0.760,0.792,0.755,0.745,0.747,0.683,0.693,1050.0,1100.0,1000.0,1000.0,1100.0,100.0,900.0,31.1,138.8,72.5,29.3,1.1,2.0,0.2,4.6,0.2,31.1,2.4,12.0,6.4,0.0,0.6,0.0,0.0,0.1,0.0,12.0,2.4,100.0,1.1,4.9,2.7,1.2,0.0,0.1,0.0,0.2,0.0,1.1,10.5,11.0,10.0,10.0,11.0,9.0,36,35,38,37,35,64,65,62,63,65,40,38,否,否,否,否,否,否,否,否,否,否,否,否,否,否,否,否,否,否,40,37,41,0.250,1.601,0.158,0.008,3.762,0.710,0.245,0.449,35.0,30.0,64.0,64.0,0,17.9,12.3,1.0,2.3,46.4,2.9,13.7,6.8,1.8,0.1,0.2,0.0,0.4,0.0,95.0,82.6,98.0,99.8,99.6,1066.7,10.67,15,15,15,35,74,374,1,2,否,否,否,否,否,否,否,否,否,否,否,否,否,否,否,否,否,否,否,否,否,否,否,否,否,否,否,否,否,否,否,否,否,否,否,否,否,38.0,38,38,39,97.0,100.0,否,否,24292,21074,0.0,3.2,3.2,0.000,0.371,5163,1712,40,0.008,100.0,1066.0,0.0,0.0,0.0,0.0,0.0,0.0,0.0,317,否,否,否,否,否,否,7.469,24.181,58.5,-8.238,25.2,176.1,7.2,60.6,0.7,0.7,0.7,0.7,7.2,60.3,0.7,0.7,0.7,0.7,139.66,1360.20,14.29,14.02,1532.07,1532.07,0.32,139.37,139.29,0.38,232.42,0,0,0.0,0.0,0,0.000,
17.9.2026,22:55:10.729,5962,33549,15.0,5729,10453,35.4,0.0,23329,0,0.762,0.792,0.762,0.750,0.745,0.686,0.736,1100.0,1100.0,1100.0,1100.0,1100.0,100.0,900.0,28.7,130.3,71.9,24.9,1.3,0.4,0.2,0.2,0.2,28.7,2.6,10.7,5.9,4.4,0.0,0.0,0.0,0.0,0.0,10.7,2.6,100.0,1.0,4.6,2.7,1.0,0.0,0.0,0.0,0.0,0.0,1.0,11.0,11.0,11.0,11.0,11.0,9.0,36,34,36,38,36,64,66,64,62,64,41,38,否,否,否,否,否,否,否,否,否,否,否,否,否,否,否,否,否,否,39,37,39,0.250,1.730,0.208,0.005,4.380,0.687,0.209,0.570,35.0,30.0,64.0,64.0,0,18.2,7.3,1.8,3.1,50.6,2.6,12.7,6.7,1.5,0.1,0.0,0.0,0.0,0.0,95.4,83.5,98.3,99.9,99.9,1066.7,10.67,15,15,15,35,74,374,1,2,否,否,否,否,否,否,否,否,否,否,否,否,否,否,否,否,否,否,否,否,否,否,否,否,否,否,否,否,否,否,否,否,否,否,否,否,否,38.0,38,38,38,97.0,100.0,否,否,24292,21074,0.0,1.0,1.0,0.000,0.014,5163,1712,39,0.005,100.0,1066.0,0.0,0.0,0.0,0.0,0.0,0.0,0.0,317,否,否,否,否,否,否,7.462,24.181,58.5,-8.216,25.2,176.6,7.2,60.6,0.7,0.7,0.7,0.7,7.2,60.3,0.7,0.7,0.7,0.7,139.66,1360.20,14.29,14.02,1532.07,1532.07,0.32,139.37,139.29,0.38,232.42,0,0,0.0,0.0,0,0.000,
17.9.2026,22:55:12.737,5963,33549,15.0,5727,10455,35.3,0.0,23329,0,0.759,0.795,0.752,0.745,0.745,0.678,0.693,1025.0,1100.0,1000.0,1000.0,1000.0,100.0,800.0,29.7,130.1,78.8,23.9,2.3,2.0,0.2,0.3,0.2,29.7,2.4,10.7,6.6,1.4,0.2,0.2,0.0,0.0,0.0,10.7,2.4,100.0,1.1,4.6,3.0,0.9,0.1,0.1,0.0,0.0,0.0,1.1,10.2,11.0,10.0,10.0,10.0,8.0,36,34,36,37,37,64,66,64,63,63,39,37,否,否,否,否,否,否,否,否,否,否,否,否,否,否,否,否,否,否,39,38,39,0.250,1.572,0.187,0.007,3.752,0.653,0.211,0.463,35.0,30.0,64.0,64.0,0,18.1,7.2,1.7,2.5,51.0,2.8,12.7,7.3,1.6,0.2,0.2,0.0,0.0,0.0,95.3,83.3,98.1,99.8,99.9,1066.7,10.67,15,15,15,35,74,374,1,2,否,否,否,否,否,否,否,否,否,否,否,否,否,否,否,否,否,否,否,否,否,否,否,否,否,否,否,否,否,否,否,否,否,否,否,否,否,38.0,38,38,38,97.0,100.0,否,否,24292,21074,0.0,1.0,1.0,0.000,0.233,5163,1712,41,0.007,100.0,1066.0,0.0,0.0,0.0,0.0,0.0,0.0,0.0,317,否,否,否,否,否,否,7.456,24.173,58.5,-8.082,25.2,179.4,7.2,60.6,0.7,0.7,0.7,0.7,7.2,60.3,0.7,0.7,0.7,0.7,139.66,1360.20,14.29,14.02,1532.07,1532.07,0.32,139.37,139.29,0.38,232.42,0,0,0.0,0.0,0,0.000,
17.9.2026,22:55:14.750,5981,33531,15.1,5744,10438,35.4,0.0,23329,0,0.766,0.795,0.767,0.752,0.750,0.846,0.693,1200.0,1200.0,1200.0,1200.0,1200.0,100.0,2900.0,96.0,338.3,305.4,52.4,19.6,13.0,21.3,9.7,7.9,96.0,7.1,25.2,22.6,3.9,1.3,0.9,1.6,0.7,0.6,25.2,7.1,100.0,3.9,13.5,12.5,2.1,0.8,0.5,0.9,0.4,0.3,3.9,12.0,12.0,12.0,12.0,12.0,29.0,38,39,38,39,36,62,61,62,61,64,40,39,否,否,否,否,否,否,否,否,否,否,否,否,否,否,否,否,否,否,39,37,39,0.250,1.604,0.178,0.007,3.825,0.680,0.227,0.473,35.0,30.0,64.0,64.0,0,11.9,3.3,1.0,1.9,34.8,7.5,26.7,23.3,4.2,1.4,1.0,1.6,0.8,0.6,86.8,55.8,94.9,97.7,99.0,1066.7,10.67,15,15,15,35,74,374,1,2,是,否,否,否,否,否,否,否,否,否,是,否,否,否,否,否,否,否,否,否,否,否,否,否,否,否,否,否,否,否,否,否,否,否,否,否,否,38.0,38,38,37,97.0,100.0,否,否,24292,21074,0.0,1.0,1.0,0.000,0.022,5163,1712,40,0.007,100.0,1066.0,0.0,0.0,0.0,0.0,0.0,0.0,0.0,317,否,否,否,否,否,否,7.467,24.165,58.5,-8.012,25.2,180.9,7.2,60.6,0.7,0.7,0.7,0.7,7.2,60.3,0.7,0.7,0.7,0.7,139.66,1360.20,14.29,14.02,1532.07,1532.07,0.32,139.37,139.29,0.38,232.42,0,0,0.0,0.0,0,0.000,
17.9.2026,22:55:16.754,5990,33522,15.1,5750,10432,35.5,0.0,23329,0,0.765,0.795,0.765,0.752,0.747,0.738,0.693,1200.0,1200.0,1200.0,1200.0,1200.0,100.0,1800.0,190.5,635.5,574.2,227.2,74.6,11.7,0.2,0.3,0.2,190.5,14.1,46.1,39.9,18.3,5.9,2.4,0.0,0.0,0.0,46.1,14.1,100.0,7.8,26.2,23.7,9.3,3.1,0.5,0.0,0.0,0.0,7.8,12.0,12.0,12.0,12.0,12.0,18.0,38,37,39,39,38,62,63,61,61,62,40,39,否,否,否,否,否,否,否,否,否,否,否,否,否,否,否,否,否,否,41,39,41,0.250,2.154,0.442,0.004,5.886,0.866,0.296,0.493,35.0,30.0,64.0,64.0,0,0.6,0.7,0.0,0.0,0.0,14.2,46.8,40.5,18.8,6.2,1.0,0.0,0.0,0.0,70.8,8.7,75.4,98.9,99.9,1066.7,10.67,15,15,15,35,74,374,1,2,是,否,否,否,否,否,否,否,否,否,是,否,否,否,否,否,否,否,否,否,否,否,否,否,否,否,否,否,否,否,否,否,否,否,否,否,否,38.0,38,38,39,97.0,100.0,否,否,24292,21074,0.0,2.0,2.0,0.000,0.079,5163,1713,40,0.004,100.0,1066.0,0.0,0.0,0.0,0.0,0.0,0.0,0.0,317,否,否,否,否,否,否,7.361,24.165,58.5,-8.104,25.2,178.9,7.2,60.6,0.7,0.7,0.7,0.7,7.2,60.3,0.7,0.7,0.7,0.7,139.66,1360.20,14.29,14.02,1532.07,1532.07,0.32,139.37,139.29,0.38,232.42,0,0,0.0,0.0,0,0.000,
17.9.2026,22:55:18.756,5986,33526,15.1,5741,10441,35.4,0.0,23329,0,0.886,1.127,0.765,0.902,0.750,0.966,0.693,2375.0,4199.9,1200.0,2900.0,1200.0,100.0,3599.9,196.5,754.4,605.4,149.2,49.1,12.3,0.2,1.4,0.2,196.5,14.0,54.8,42.0,11.6,3.9,0.0,0.0,0.0,0.0,54.8,14.0,100.0,8.1,31.3,25.0,6.1,2.0,0.5,0.0,0.1,0.0,8.1,23.8,42.0,12.0,29.0,12.0,36.0,39,39,39,40,38,61,61,61,60,62,40,40,否,否,否,否,否,否,否,否,否,否,否,否,否,否,否,否,否,否,40,40,39,0.750,3.952,0.825,0.000,11.834,1.280,0.492,1.334,35.0,30.0,64.0,64.0,0,0.2,0.1,0.0,0.0,0.0,14.4,55.3,42.5,12.0,4.1,1.0,0.0,0.1,0.0,71.3,3.0,83.7,98.8,99.9,1066.7,10.67,15,15,15,35,74,374,1,2,是,否,否,否,否,否,否,否,否,否,是,否,否,否,否,否,否,否,否,否,否,否,否,否,否,否,否,否,否,否,否,否,否,否,否,否,否,38.0,38,38,41,97.0,100.0,否,否,24292,21074,0.0,2.0,2.0,0.000,0.137,5163,1713,41,0.000,100.0,1066.0,0.0,0.0,0.0,0.0,0.0,0.0,0.0,317,否,否,否,否,否,否,7.328,24.158,58.5,-8.662,25.2,167.3,7.2,60.6,0.7,0.7,0.7,0.7,7.2,60.3,0.7,0.7,0.7,0.7,139.66,1360.20,14.29,14.02,1532.07,1532.07,0.32,139.37,139.29,0.38,232.42,0,0,0.0,0.0,0,0.000,
17.9.2026,22:55:20.745,5994,33517,15.1,5752,10430,35.5,0.0,23329,0,0.769,0.797,0.765,0.752,0.762,0.701,0.693,1250.0,1200.0,1200.0,1200.0,1400.0,100.0,1200.0,198.4,599.5,517.5,270.0,162.9,36.6,0.3,0.5,0.3,198.4,14.6,42.2,35.0,21.5,13.6,4.0,0.3,0.0,0.3,42.2,14.6,100.0,8.2,24.7,21.3,11.1,6.7,1.5,0.0,0.0,0.0,8.2,12.5,12.0,12.0,12.0,14.0,12.0,38,36,39,39,37,62,64,61,61,63,41,39,否,否,否,否,否,否,否,否,否,否,否,否,否,否,否,否,否,否,41,41,41,0.250,4.289,0.912,0.000,12.428,1.290,0.482,1.573,35.0,30.0,64.0,64.0,0,0.4,0.6,0.0,0.0,0.0,14.8,43.2,35.9,22.3,13.5,3.0,0.0,0.1,0.0,70.4,18.1,66.6,96.8,99.9,1066.7,10.67,15,15,15,35,74,374,1,2,是,否,否,否,否,否,否,否,否,否,是,否,否,否,否,否,否,否,否,否,否,否,否,否,否,否,否,否,否,否,否,否,否,否,否,否,否,39.0,38,38,42,97.0,100.0,否,否,24292,21074,0.5,3.0,3.5,0.038,0.065,5163,1713,40,0.000,100.0,1066.0,0.0,0.0,0.0,0.0,0.0,0.0,0.0,317,否,否,否,否,否,否,7.348,24.158,58.5,-9.178,25.2,157.9,7.2,60.6,0.7,0.7,0.7,0.7,7.2,60.3,0.7,0.7,0.7,0.7,139.66,1360.20,14.29,14.02,1532.07,1532.07,0.32,139.37,139.29,0.38,232.42,0,0,0.0,0.0,0,0.000,
17.9.2026,22:55:22.755,5989,33523,15.1,5745,10438,35.5,0.0,23329,0,0.848,1.127,0.765,0.752,0.747,0.966,0.736,1950.0,4199.9,1200.0,1200.0,1200.0,100.0,3599.9,206.0,702.6,573.2,225.4,134.7,7.8,0.5,3.5,0.3,206.0,16.8,51.5,40.1,18.1,10.6,0.0,0.3,13.4,0.3,51.5,16.8,100.0,8.5,29.0,23.6,9.3,5.6,0.3,0.0,0.1,0.0,8.5,19.5,42.0,12.0,12.0,12.0,36.0,38,38,38,40,38,62,62,62,60,62,41,40,否,否,否,否,否,否,否,否,否,否,否,否,否,否,否,否,否,否,41,41,40,0.250,4.079,0.866,0.000,12.055,1.293,0.496,1.406,35.0,30.0,64.0,64.0,0,0.2,0.1,0.0,0.0,0.0,15.3,51.9,40.5,18.1,11.1,0.5,0.0,0.3,0.0,70.9,11.4,73.0,99.3,99.7,1066.7,10.67,15,15,15,35,74,374,1,2,是,否,否,否,否,否,否,否,否,否,是,否,否,否,否,否,否,否,否,否,否,否,否,否,否,否,否,否,否,否,否,否,否,否,否,否,否,38.0,37,37,43,97.0,100.0,否,否,24292,21074,0.0,2.5,2.5,0.000,0.224,5163,1713,41,0.000,100.0,1066.0,0.0,0.0,0.0,0.0,0.0,0.0,0.0,317,否,否,否,否,否,否,7.331,24.150,58.5,-9.626,25.2,150.5,7.2,60.6,0.7,0.7,0.7,0.7,7.2,60.3,0.7,0.7,0.7,0.7,139.66,1360.20,14.29,14.02,1532.07,1532.07,0.32,139.37,139.29,0.38,232.42,0,0,0.0,0.0,0,0.000,
17.9.2026,22:55:24.750,5986,33526,15.1,5756,10426,35.5,0.0,23329,0,0.765,0.795,0.765,0.752,0.747,0.718,0.693,1200.0,1200.0,1200.0,1200.0,1200.0,100.0,1500.0,185.7,643.8,552.3,156.3,112.3,19.7,0.2,0.7,0.2,185.7,14.0,47.9,39.8,12.4,9.7,1.9,0.0,0.0,0.0,47.9,14.0,100.0,7.7,26.6,22.8,6.4,4.6,0.8,0.0,0.0,0.0,7.7,12.0,12.0,12.0,12.0,12.0,15.0,39,38,40,39,38,61,62,60,61,62,40,40,否,否,否,否,否,否,否,否,否,否,否,否,否,否,否,否,否,否,40,40,40,0.250,4.288,0.910,0.000,12.488,1.283,0.450,1.591,35.0,30.0,64.0,64.0,0,0.4,0.5,0.0,0.0,0.0,14.1,48.5,40.3,13.0,9.4,1.4,0.0,0.1,0.0,71.5,9.7,78.1,98.5,99.9,1066.7,10.67,15,15,15,35,74,374,1,2,是,否,否,否,否,否,否,否,否,否,是,否,否,否,否,否,否,否,否,否,否,否,否,否,否,否,否,否,否,否,否,否,否,否,否,否,否,38.0,37,37,42,97.0,100.0,否,否,24292,21074,0.0,1.5,1.5,0.000,0.051,5163,1714,41,0.000,100.0,1066.0,0.0,0.0,0.0,0.0,0.0,0.0,0.0,317,否,否,否,否,否,否,7.384,24.142,58.4,-10.146,25.2,142.8,7.2,60.6,0.7,0.7,0.7,0.7,7.2,60.3,0.7,0.7,0.7,0.7,139.66,1360.20,14.29,14.02,1532.07,1532.07,0.32,139.37,139.29,0.38,232.42,0,0,0.0,0.0,0,0.000,
17.9.2026,22:55:26.748,5987,33524,15.1,5749,10434,35.5,0.0,23329,0,0.929,1.127,0.922,0.902,0.762,0.966,0.733,2850.0,4199.9,2900.0,2900.0,1400.0,100.0,3599.9,188.0,651.6,524.8,177.2,125.6,3.8,18.6,2.0,0.5,188.0,14.1,47.9,37.2,14.5,10.6,0.0,1.8,0.5,0.4,47.9,14.1,100.0,7.7,26.9,21.6,7.2,5.2,0.1,0.8,0.1,0.0,7.7,28.5,42.0,29.0,29.0,14.0,36.0,39,38,40,39,38,61,62,60,61,62,41,40,否,否,否,否,否,否,否,否,否,否,否,否,否,否,否,否,否,否,41,40,41,0.250,3.632,0.735,0.000,11.121,1.257,0.403,1.150,35.0,30.0,64.0,64.0,0,0.3,0.4,0.0,0.0,0.0,14.1,48.3,37.5,14.5,10.4,0.3,1.5,0.2,0.0,71.4,11.6,76.2,98.1,99.8,1066.7,10.67,15,15,15,35,74,374,1,2,是,否,否,否,否,否,否,否,否,否,是,否,否,否,否,否,否,否,否,否,否,否,否,否,否,否,否,否,否,否,否,否,否,否,否,否,否,38.0,37,37,43,97.0,100.0,否,否,24292,21074,0.0,2.5,2.5,0.000,0.110,5163,1714,40,0.000,100.0,1066.0,0.0,0.0,0.0,0.0,0.0,0.0,0.0,317,否,否,否,否,否,否,7.347,24.142,58.4,-10.234,25.2,141.5,7.2,60.6,0.7,0.7,0.7,0.7,7.2,60.3,0.7,0.7,0.7,0.7,139.66,1360.20,14.29,14.02,1532.07,1532.07,0.32,139.37,139.29,0.38,232.42,0,0,0.0,0.0,0,0.000,
17.9.2026,22:55:28.750,5990,33522,15.1,5745,10438,35.5,0.0,23329,0,0.834,0.925,0.762,0.902,0.747,0.836,0.693,2075.0,3000.0,1200.0,2900.0,1200.0,100.0,2800.0,195.0,754.3,577.7,142.2,81.3,3.0,0.2,0.8,0.2,195.0,14.5,55.7,39.8,11.2,5.6,1.5,0.6,0.6,0.6,55.7,14.5,100.0,8.0,31.3,23.8,5.7,3.3,0.1,0.0,0.0,0.0,8.0,20.8,30.0,12.0,29.0,12.0,28.0,39,38,40,39,38,61,62,60,61,62,41,40,否,否,否,否,否,否,否,否,否,否,否,否,否,否,否,否,否,否,41,41,41,0.250,3.940,0.738,0.000,11.846,1.275,0.427,1.428,35.0,30.0,64.0,64.0,0,0.3,0.5,0.0,0.0,0.0,14.4,56.2,40.5,11.8,6.7,0.2,0.0,0.1,0.0,71.4,3.8,82.2,99.7,99.9,1066.7,10.67,15,15,15,35,74,374,1,2,是,否,否,否,否,否,否,否,否,否,是,否,否,否,否,否,否,否,否,否,否,否,否,否,否,否,否,否,否,否,否,否,否,否,否,否,否,38.0,37,37,46,97.0,100.0,否,否,24292,21074,0.0,0.8,0.8,0.000,0.161,5163,1714,40,0.000,100.0,1066.0,0.0,0.0,0.0,0.0,0.0,0.0,0.0,317,否,否,否,否,否,否,7.331,24.135,58.4,-10.557,25.2,137.2,7.2,60.6,0.7,0.7,0.7,0.7,7.2,60.3,0.7,0.7,0.7,0.7,139.66,1360.20,14.29,14.02,1532.07,1532.07,0.32,139.37,139.29,0.38,232.42,0,0,0.0,0.0,0,0.000,
17.9.2026,22:55:30.760,5993,33519,15.1,5755,10427,35.5,0.0,23329,0,0.764,0.795,0.762,0.750,0.747,0.686,0.693,1200.0,1200.0,1200.0,1200.0,1200.0,100.0,1000.0,190.2,732.4,596.8,118.6,56.3,12.6,0.3,4.6,0.3,190.2,14.1,54.0,42.6,9.5,5.2,0.9,0.0,0.3,0.0,54.0,14.1,100.0,7.8,30.4,24.6,4.8,2.3,0.5,0.0,0.2,0.0,7.8,12.0,12.0,12.0,12.0,12.0,10.0,39,37,40,41,38,61,63,60,59,62,41,41,否,否,否,否,否,否,否,否,否,否,否,否,否,否,否,否,否,否,41,40,41,0.250,4.293,0.864,0.001,12.746,1.292,0.456,1.628,35.0,30.0,64.0,64.0,0,0.0,0.0,0.0,0.0,0.0,14.2,54.4,43.2,9.9,4.7,1.0,0.0,0.4,0.0,71.1,0.4,85.5,98.8,99.6,1066.7,10.67,15,15,15,35,74,374,1,2,是,否,否,否,否,否,否,否,否,否,是,否,否,否,否,否,否,否,否,否,否,否,否,否,否,否,否,否,否,否,否,否,否,否,否,否,否,39.0,38,38,44,97.0,100.0,否,否,24292,21074,0.0,1.1,1.1,0.000,0.079,5163,1714,40,0.001,100.0,1066.0,0.0,0.0,0.0,0.0,0.0,0.0,0.0,317,否,否,否,否,否,否,7.382,24.127,58.4,-10.911,25.2,132.7,7.2,60.6,0.7,0.7,0.7,0.7,7.2,60.3,0.7,0.7,0.7,0.7,139.66,1360.20,14.29,14.02,1532.07,1532.07,0.32,139.37,139.29,0.38,232.42,0,0,0.0,0.0,0,0.000,
17.9.2026,22:55:32.760,5989,33523,15.1,5744,10438,35.4,0.0,23329,0,0.799,0.792,0.762,0.750,0.892,0.686,0.693,1625.0,1200.0,1200.0,1200.0,2900.0,100.0,400.0,185.6,578.6,572.5,269.8,47.4,8.8,0.7,6.8,0.3,185.6,13.9,43.3,41.5,22.2,3.5,1.1,0.0,0.0,0.0,43.3,13.9,100.0,7.6,23.8,23.6,11.1,2.0,0.3,0.0,0.3,0.0,7.6,16.2,12.0,12.0,12.0,29.0,4.0,39,38,40,40,38,61,62,60,60,62,41,40,否,否,否,否,否,否,否,否,否,否,否,否,否,否,否,否,否,否,41,40,41,0.750,3.962,0.847,0.000,12.127,1.276,0.442,1.335,35.0,30.0,64.0,64.0,0,0.6,0.6,0.0,0.0,0.0,14.1,43.7,41.8,22.2,4.0,0.7,0.1,0.6,0.0,71.5,14.0,73.5,99.0,99.4,1066.7,10.67,15,15,15,35,74,374,1,2,是,否,否,否,否,否,否,否,否,否,是,否,否,否,否,否,否,否,否,否,否,否,否,否,否,否,否,否,否,否,否,否,否,否,否,否,否,39.0,38,38,44,97.0,100.0,否,否,24292,21074,0.0,1.6,1.6,0.000,0.188,5163,1715,40,0.000,100.0,1066.0,0.0,0.0,0.0,0.0,0.0,0.0,0.0,317,否,否,否,否,否,否,7.377,24.119,58.4,-11.147,25.2,129.8,7.2,60.6,0.7,0.7,0.7,0.7,7.2,60.3,0.7,0.7,0.7,0.7,139.66,1360.20,14.29,14.02,1532.07,1532.07,0.32,139.37,139.29,0.38,232.42,0,0,0.0,0.0,0,0.000,
17.9.2026,22:55:34.777,5991,33521,15.1,5746,10436,35.5,0.0,23329,0,0.771,0.815,0.765,0.752,0.750,0.711,0.693,1300.0,1600.0,1200.0,1200.0,1200.0,100.0,1400.0,177.9,340.7,321.6,678.4,36.7,35.7,2.3,7.2,1.0,177.9,15.9,26.4,24.8,56.1,2.8,3.6,0.9,12.2,0.8,56.1,15.9,100.0,7.3,13.7,13.1,28.2,1.5,1.4,0.1,0.3,0.0,7.3,13.0,16.0,12.0,12.0,12.0,14.0,38,37,40,38,38,62,63,60,62,62,40,40,否,否,否,否,否,否,否,否,否,否,否,否,否,否,否,否,否,否,41,40,41,0.250,3.909,0.696,0.001,11.800,1.261,0.391,1.461,35.0,30.0,64.0,64.0,0,0.1,0.2,0.0,0.0,0.0,14.5,27.5,25.4,56.4,3.0,3.0,0.1,0.6,0.1,72.1,51.1,41.0,96.8,99.4,1066.7,10.67,15,15,15,35,74,374,1,2,是,否,否,否,否,否,否,否,否,否,是,否,否,否,否,否,否,否,否,否,否,否,否,否,否,否,否,否,否,否,否,否,否,否,否,否,否,38.0,38,38,43,97.0,100.0,否,否,24292,21074,0.0,1.0,1.0,0.000,0.016,5163,1715,41,0.001,100.0,1066.0,0.0,0.0,0.0,0.0,0.0,0.0,0.0,317,否,否,否,否,否,否,7.411,24.112,58.4,-11.309,25.2,127.9,7.2,60.6,0.7,0.7,0.7,0.7,7.2,60.3,0.7,0.7,0.7,0.7,139.66,1360.20,14.29,14.02,1532.07,1532.07,0.32,139.37,139.29,0.38,232.42,0,0,0.0,0.0,0,0.000,
17.9.2026,22:55:36.786,5995,33517,15.1,5750,10432,35.5,0.0,23329,0,0.764,0.795,0.762,0.752,0.747,0.708,0.693,1200.0,1200.0,1200.0,1200.0,1200.0,100.0,1300.0,196.2,484.4,554.1,409.5,105.3,5.6,2.7,7.7,0.2,196.2,14.5,33.1,38.9,32.4,9.1,0.4,0.2,2.1,0.0,38.9,14.5,100.0,8.0,19.6,22.8,16.9,4.3,0.2,0.1,0.3,0.0,8.0,12.0,12.0,12.0,12.0,12.0,13.0,39,36,41,40,40,61,64,59,60,60,41,41,否,否,否,否,否,否,否,否,否,否,否,否,否,否,否,否,否,否,41,41,41,6.250,2.741,0.467,0.000,9.287,1.219,0.334,0.580,35.0,30.0,64.0,64.0,0,0.8,0.6,0.0,0.0,0.0,14.5,34.2,39.5,32.8,7.9,0.5,0.2,0.6,0.0,71.9,29.4,59.8,99.2,99.3,1066.7,10.67,15,15,15,35,74,374,1,2,是,否,否,否,否,否,否,否,否,否,是,否,否,否,否,否,否,否,否,否,否,否,否,否,否,否,否,否,否,否,否,否,否,否,否,否,否,40.0,38,38,44,97.0,100.0,否,否,24292,21074,0.0,0.2,0.2,0.000,0.183,5163,1715,41,0.000,100.0,1066.0,0.0,0.0,0.0,0.0,0.0,0.0,0.0,317,否,否,否,否,否,否,7.315,24.104,58.4,-10.973,25.2,131.8,7.2,60.6,0.7,0.7,0.7,0.7,7.2,60.3,0.7,0.7,0.7,0.7,139.66,1360.20,14.29,14.02,1532.07,1532.07,0.32,139.37,139.29,0.38,232.42,0,0,0.0,0.0,0,0.000,
17.9.2026,22:55:38.780,5995,33516,15.1,5753,10429,35.5,0.0,23329,0,0.764,0.795,0.762,0.750,0.747,0.706,0.693,1200.0,1200.0,1200.0,1200.0,1200.0,100.0,1300.0,205.0,671.0,664.6,190.8,60.6,51.7,0.7,0.9,0.2,205.0,14.1,45.3,46.3,15.0,3.9,2.1,0.0,0.0,0.0,46.3,14.1,100.0,8.4,27.5,27.4,7.8,2.5,2.1,0.0,0.0,0.0,8.4,12.0,12.0,12.0,12.0,12.0,13.0,40,39,40,41,39,60,61,60,59,61,41,41,否,否,否,否,否,否,否,否,否,否,否,否,否,否,否,否,否,否,42,42,41,0.250,4.203,0.827,0.000,12.350,1.278,0.401,1.603,35.0,30.0,64.0,64.0,0,0.5,0.3,0.0,0.0,0.0,14.5,46.3,47.0,15.7,4.8,2.3,0.0,0.1,0.0,71.1,7.5,79.3,97.5,99.8,1600.0,16.00,22,22,22,52,74,560,1,2,是,否,否,否,否,否,否,否,否,否,是,否,否,否,否,否,否,否,否,否,否,否,否,否,否,否,否,否,否,否,否,否,否,否,否,否,否,40.0,38,38,48,97.0,100.0,否,否,24292,21074,0.0,0.3,0.3,0.000,0.271,5163,1715,41,0.000,100.0,1066.0,0.0,0.0,0.0,0.0,0.0,0.0,0.0,317,否,否,否,否,否,否,7.313,24.097,58.3,-11.342,25.2,127.5,7.2,60.6,0.7,0.7,0.7,0.7,7.2,60.3,0.7,0.7,0.7,0.7,139.66,1360.20,14.29,14.02,1532.07,1532.07,0.32,139.37,139.29,0.38,232.42,0,0,0.0,0.0,0,0.000,
17.9.2026,22:55:40.792,5989,33523,15.1,5749,10434,35.5,0.0,23329,0,0.779,0.810,0.795,0.762,0.747,0.706,0.693,1450.0,1500.0,1700.0,1400.0,1200.0,100.0,1300.0,197.0,593.3,702.6,202.9,53.5,20.7,0.3,2.6,0.2,197.0,14.0,40.1,49.5,15.8,5.1,1.8,0.0,0.0,0.0,49.5,14.0,100.0,8.1,24.3,29.0,8.3,2.2,0.8,0.0,0.1,0.0,8.1,14.5,15.0,17.0,14.0,12.0,13.0,39,37,41,39,39,61,63,59,61,61,41,41,否,否,否,否,否,否,否,否,否,否,否,否,否,否,否,否,否,否,41,41,41,0.250,4.796,1.042,0.002,13.423,1.297,0.429,1.952,35.0,30.0,64.0,64.0,0,0.4,0.2,0.0,0.0,0.0,14.2,40.8,49.9,16.2,4.4,1.7,0.0,0.2,0.0,70.8,6.2,79.0,98.1,99.7,1066.7,10.67,15,15,15,35,74,374,1,2,是,否,否,否,否,否,否,否,否,否,是,否,否,否,否,否,否,否,否,否,否,否,否,否,否,否,否,否,否,否,否,否,否,否,否,否,否,40.0,38,38,49,97.0,100.0,否,否,24292,21074,0.0,0.2,0.2,0.000,0.209,5163,1716,41,0.002,100.0,1599.0,0.0,0.0,0.0,0.0,0.0,0.0,0.0,317,否,否,否,否,否,否,7.317,24.089,58.3,-11.685,25.2,123.7,7.2,60.6,0.7,0.7,0.7,0.7,7.2,60.3,0.7,0.7,0.7,0.7,139.66,1360.20,14.29,14.02,1532.07,1532.07,0.32,139.37,139.29,0.38,232.42,0,0,0.0,0.0,0,0.000,
17.9.2026,22:55:42.809,5995,33517,15.1,5755,10427,35.5,0.0,23329,0,0.765,0.795,0.762,0.752,0.750,0.686,0.693,1200.0,1200.0,1200.0,1200.0,1200.0,100.0,1000.0,199.7,604.8,705.3,216.7,33.7,33.4,1.6,1.8,0.2,199.7,14.6,40.1,49.0,17.2,1.8,2.7,0.2,6.0,0.1,49.0,14.6,100.0,8.2,24.8,29.2,8.8,1.4,1.3,0.1,0.1,0.0,8.2,12.0,12.0,12.0,12.0,12.0,10.0,39,38,40,40,39,61,62,60,60,61,42,40,否,否,否,否,否,否,否,否,否,否,否,否,否,否,否,否,否,否,41,40,41,0.250,4.787,1.036,0.000,13.401,1.299,0.424,1.949,35.0,30.0,64.0,64.0,0,0.4,0.2,0.0,0.0,0.0,14.2,40.8,49.4,17.7,2.6,2.7,0.1,0.1,0.0,71.4,8.9,79.8,97.0,99.8,1066.7,10.67,15,15,15,35,74,374,1,2,是,否,否,否,否,否,否,否,否,否,是,否,否,否,否,否,否,否,否,否,否,否,否,否,否,否,否,否,否,否,否,否,否,否,否,否,否,40.0,38,38,49,97.0,100.0,否,否,24292,21074,0.0,0.2,0.2,0.000,0.302,5163,1716,41,0.000,100.0,1066.0,0.0,0.0,0.0,0.0,0.0,0.0,0.0,317,否,否,否,否,否,否,7.305,24.089,58.3,-11.951,25.2,120.9,7.2,60.6,0.7,0.7,0.7,0.7,7.2,60.3,0.7,0.7,0.7,0.7,139.66,1360.20,14.29,14.02,1532.07,1532.07,0.32,139.37,139.29,0.38,232.42,0,0,0.0,0.0,0,0.000,
17.9.2026,22:55:44.817,6025,33487,15.2,5784,10398,35.7,0.0,23329,0,0.762,0.792,0.760,0.750,0.747,0.826,0.693,1200.0,1200.0,1200.0,1200.0,1200.0,100.0,2700.0,235.4,596.2,719.2,314.3,249.0,3.3,0.2,1.0,0.2,235.4,16.9,39.8,50.4,24.7,20.4,0.1,0.0,0.0,0.0,50.4,16.9,100.0,9.7,24.5,29.7,12.9,10.3,0.1,0.0,0.0,0.0,9.7,12.0,12.0,12.0,12.0,12.0,27.0,40,37,42,42,39,60,63,58,58,61,42,42,否,否,否,否,否,否,否,否,否,否,否,否,否,否,否,否,否,否,42,42,42,0.250,4.785,1.020,0.000,13.406,1.308,0.425,1.953,35.0,30.0,64.0,64.0,0,0.2,0.1,0.0,0.0,0.0,17.2,40.6,51.0,25.3,20.1,0.3,0.0,0.1,0.0,68.6,9.2,65.8,99.4,99.9,1600.0,16.00,22,22,22,52,74,560,1,2,是,否,否,否,否,否,否,否,否,否,是,否,否,否,否,否,否,否,否,否,否,否,否,否,否,否,否,否,否,否,否,否,否,否,否,否,否,40.0,38,38,50,97.0,100.0,否,否,24292,21074,0.0,0.2,0.2,0.000,0.200,5163,1717,42,0.000,100.0,1066.0,0.0,0.0,0.0,0.0,0.0,0.0,0.0,317,否,否,否,否,否,否,7.307,24.081,58.3,-12.210,25.2,118.3,7.2,60.6,0.7,0.7,0.7,0.7,7.2,60.3,0.7,0.7,0.7,0.7,139.66,1360.20,14.29,14.02,1532.07,1532.07,0.32,139.37,139.29,0.38,232.42,0,0,0.0,0.0,0,0.000,
17.9.2026,22:55:46.816,5994,33517,15.1,5694,10489,35.1,0.0,23329,0,0.768,0.792,0.760,0.772,0.747,0.686,0.693,1300.0,1200.0,1200.0,1600.0,1200.0,100.0,600.0,308.4,386.9,434.9,788.3,781.7,46.6,25.8,2.4,0.8,308.4,24.1,28.4,32.9,62.2,62.3,2.8,2.5,1.3,0.5,62.3,24.1,100.0,12.7,15.6,17.9,32.8,32.6,1.9,1.1,0.1,0.0,12.7,13.0,12.0,12.0,16.0,12.0,6.0,40,37,41,40,40,60,63,59,60,60,41,41,否,否,否,否,否,否,否,否,否,否,否,否,否,否,否,否,否,否,43,43,41,2.500,4.883,1.054,0.000,13.658,1.348,0.533,1.950,35.0,30.0,64.0,64.0,0,0.1,0.0,0.0,0.0,0.0,24.3,29.8,33.7,62.6,62.9,3.3,2.2,0.2,0.1,62.0,45.5,8.0,94.7,99.7,1066.7,10.67,15,15,15,35,74,374,1,2,是,否,否,否,否,否,否,否,否,否,是,否,否,否,否,否,否,否,否,否,否,否,否,否,否,否,否,否,否,否,否,否,否,否,否,否,否,42.0,38,38,50,97.0,100.0,否,否,24292,21074,0.0,0.2,0.2,0.000,0.177,5163,1717,41,0.000,100.0,1599.0,0.0,0.0,0.0,0.0,0.0,0.0,0.0,317,否,否,否,否,否,否,7.297,24.074,58.3,-12.500,25.2,115.5,7.2,60.6,0.7,0.7,0.7,0.7,7.2,60.3,0.7,0.7,0.7,0.7,139.66,1360.20,14.29,14.02,1532.07,1532.07,0.32,139.37,139.29,0.38,232.42,0,0,0.0,0.0,0,0.000,
17.9.2026,22:55:48.825,5990,33521,15.1,5687,10496,35.1,0.0,23329,0,0.769,0.795,0.782,0.752,0.747,0.686,0.693,1275.0,1200.0,1500.0,1200.0,1200.0,100.0,1000.0,215.1,571.0,563.3,399.5,159.1,24.4,0.5,3.1,0.2,215.1,17.2,42.4,40.5,31.5,13.6,2.4,0.0,7.2,0.0,42.4,17.2,100.0,8.8,23.4,23.2,16.4,6.5,1.0,0.0,0.1,0.0,8.8,12.8,12.0,15.0,12.0,12.0,10.0,39,37,40,41,39,61,63,60,59,61,40,41,否,否,否,否,否,否,否,否,否,否,否,否,否,否,否,否,否,否,42,40,42,0.250,4.823,0.903,0.000,13.890,1.402,0.692,1.952,35.0,30.0,64.0,64.0,0,0.5,0.5,0.0,0.0,0.0,16.3,42.7,40.7,31.7,12.8,2.0,0.0,0.2,0.0,68.7,20.4,56.9,97.7,99.7,1066.7,10.67,15,15,15,35,74,374,1,2,是,否,否,否,否,否,否,否,否,否,是,否,否,否,否,否,否,否,否,否,否,否,否,否,否,否,否,否,否,否,否,否,否,否,否,否,否,40.0,38,38,48,97.0,100.0,否,否,24292,21074,0.0,1.4,1.4,0.000,0.668,5163,1718,41,0.000,100.0,1066.0,0.0,0.0,0.0,0.0,0.0,0.0,0.0,317,否,否,否,否,否,否,7.311,24.066,58.3,-12.743,25.2,113.3,7.2,60.6,0.7,0.7,0.7,0.7,7.2,60.3,0.7,0.7,0.7,0.7,139.66,1360.20,14.29,14.02,1532.07,1532.07,0.32,139.37,139.29,0.38,232.42,0,0,0.0,0.0,0,0.000,
17.9.2026,22:55:50.830,5996,33515,15.1,5689,10493,35.1,0.0,23329,0,0.771,0.807,0.775,0.752,0.747,0.713,0.693,1325.0,1500.0,1400.0,1200.0,1200.0,100.0,1400.0,185.3,375.2,474.8,471.7,142.0,17.2,0.6,0.8,0.2,185.3,13.6,26.5,35.3,37.4,9.3,0.0,0.0,0.0,0.0,37.4,13.6,100.0,7.6,15.1,19.5,19.4,5.8,0.7,0.0,0.0,0.0,7.6,13.2,15.0,14.0,12.0,12.0,14.0,39,38,40,40,39,61,62,60,60,61,41,40,否,否,否,否,否,否,否,否,否,否,否,否,否,否,否,否,否,否,42,40,42,0.250,4.302,0.873,0.000,12.547,1.285,0.412,1.647,35.0,30.0,64.0,64.0,0,0.6,0.5,0.0,0.0,0.0,14.3,27.5,36.0,38.0,11.1,1.5,0.0,0.1,0.0,72.6,39.8,52.6,98.3,99.9,1066.7,10.67,15,15,15,35,74,374,1,2,是,否,否,否,否,否,否,否,否,否,是,否,否,否,否,否,否,否,否,否,否,否,否,否,否,否,否,否,否,否,否,否,否,否,否,否,否,40.0,38,38,47,97.0,100.0,否,否,24292,21074,0.0,0.1,0.1,0.000,0.098,5163,1719,41,0.000,100.0,1066.0,0.0,0.0,0.0,0.0,0.0,0.0,0.0,317,否,否,否,否,否,否,7.313,24.058,58.2,-12.564,25.2,114.9,7.2,60.6,0.7,0.7,0.7,0.7,7.2,60.3,0.7,0.7,0.7,0.7,139.66,1360.20,14.29,14.02,1532.07,1532.07,0.32,139.37,139.29,0.38,232.42,0,0,0.0,0.0,0,0.000,
17.9.2026,22:55:52.833,5995,33516,15.1,5685,10497,35.1,0.0,23329,0,0.775,0.790,0.760,0.752,0.797,0.686,0.693,1400.0,1200.0,1200.0,1200.0,2000.0,100.0,1000.0,190.8,485.8,443.7,521.1,47.5,25.3,0.4,1.5,1.1,190.8,14.6,35.1,30.7,42.8,4.0,4.1,0.0,0.0,0.0,42.8,14.6,100.0,7.8,19.8,18.2,21.6,1.9,1.0,0.0,0.1,0.0,7.8,14.0,12.0,12.0,12.0,20.0,10.0,40,39,40,40,40,60,61,60,60,60,41,40,否,否,否,否,否,否,否,否,否,否,否,否,否,否,否,否,否,否,42,41,42,0.250,3.660,0.649,0.000,11.310,1.259,0.357,1.270,35.0,30.0,64.0,64.0,0,0.7,0.9,0.0,0.0,0.0,14.5,36.0,31.3,43.2,3.5,2.0,0.0,0.1,0.1,71.6,34.2,54.6,97.7,99.7,1600.0,16.00,22,22,22,52,74,560,1,2,是,否,否,否,否,否,否,否,否,否,是,否,否,否,否,否,否,否,否,否,否,否,否,否,否,否,否,否,否,否,否,否,否,否,否,否,否,40.0,38,38,46,97.0,100.0,否,否,24292,21074,0.0,1.1,1.1,0.000,0.210,5163,1719,41,0.000,100.0,1066.0,0.0,0.0,0.0,0.0,0.0,0.0,0.0,317,否,否,否,否,否,否,7.356,24.051,58.2,-12.719,25.2,113.5,7.2,60.6,0.7,0.7,0.7,0.7,7.2,60.3,0.7,0.7,0.7,0.7,139.66,1360.20,14.29,14.02,1532.07,1532.07,0.32,139.37,139.29,0.38,232.42,0,0,0.0,0.0,0,0.000,
17.9.2026,22:55:54.833,5997,33515,15.1,5691,10491,35.1,0.0,23329,0,0.768,0.795,0.760,0.752,0.765,0.706,0.693,1275.0,1200.0,1200.0,1200.0,1500.0,100.0,1300.0,186.7,406.1,529.9,484.9,38.6,27.0,0.9,5.6,0.2,186.7,14.1,28.8,37.1,39.9,2.7,0.0,0.5,3.8,0.4,39.9,14.1,100.0,7.7,16.5,21.8,20.1,1.6,1.1,0.0,0.2,0.0,7.7,12.8,12.0,12.0,12.0,15.0,13.0,39,36,41,40,40,61,64,59,60,60,41,41,否,否,否,否,否,否,否,否,否,否,否,否,否,否,否,否,否,否,41,41,40,0.250,3.933,0.710,0.000,11.841,1.269,0.379,1.469,35.0,30.0,64.0,64.0,0,0.7,0.7,0.0,0.0,0.0,14.2,29.8,37.8,40.5,3.1,2.3,0.1,0.4,0.0,71.4,32.4,56.1,97.5,99.6,1066.7,10.67,15,15,15,35,74,374,1,2,是,否,否,否,否,否,否,否,否,否,是,否,否,否,否,否,否,否,否,否,否,否,否,否,否,否,否,否,否,否,否,否,否,否,否,否,否,39.0,38,38,46,97.0,100.0,否,否,24292,21074,0.0,1.1,1.1,0.000,0.116,5163,1719,40,0.000,100.0,1599.0,0.0,0.0,0.0,0.0,0.0,0.0,0.0,317,否,否,否,否,否,否,7.365,24.043,58.2,-12.660,25.2,113.9,7.2,60.6,0.7,0.7,0.7,0.7,7.2,60.3,0.7,0.7,0.7,0.7,139.66,1360.20,14.29,14.02,1532.07,1532.07,0.32,139.37,139.29,0.38,232.42,0,0,0.0,0.0,0,0.000,
17.9.2026,22:55:56.824,6001,33510,15.1,5692,10490,35.1,0.0,23329,0,0.772,0.795,0.792,0.752,0.747,0.686,0.693,1325.0,1200.0,1700.0,1200.0,1200.0,100.0,1000.0,178.6,418.2,364.0,575.7,32.6,35.3,0.6,1.5,0.8,178.6,14.6,32.4,27.7,47.5,3.3,5.1,0.0,0.8,0.0,47.5,14.6,100.0,7.4,17.1,15.0,23.9,1.3,1.4,0.0,0.0,0.0,7.4,13.2,12.0,17.0,12.0,12.0,10.0,39,36,41,40,40,61,64,59,60,60,42,41,否,否,否,否,否,否,否,否,否,否,否,否,否,否,否,否,否,否,42,41,42,0.250,3.756,0.716,0.000,11.449,1.269,0.367,1.284,35.0,30.0,64.0,64.0,0,0.0,0.0,0.0,0.0,0.0,14.4,33.1,28.2,47.8,2.6,3.0,0.1,0.1,0.1,71.8,40.9,49.6,96.7,99.8,1066.7,10.67,15,15,15,35,74,374,1,2,是,否,否,否,否,否,否,否,否,否,是,否,否,否,否,否,否,否,否,否,否,否,否,否,否,否,否,否,否,否,否,否,否,否,否,否,否,39.0,38,38,44,97.0,100.0,否,否,24292,21074,0.0,1.4,1.4,0.000,0.016,5163,1719,42,0.000,100.0,1066.0,0.0,0.0,0.0,0.0,0.0,0.0,0.0,317,否,否,否,否,否,否,7.398,24.035,58.2,-12.488,25.2,115.5,7.2,60.6,0.7,0.7,0.7,0.7,7.2,60.3,0.7,0.7,0.7,0.7,139.66,1360.20,14.29,14.02,1532.07,1532.07,0.32,139.37,139.29,0.38,232.42,0,0,0.0,0.0,0,0.000,
17.9.2026,22:55:58.837,5996,33516,15.1,5694,10489,35.1,0.0,23329,0,0.781,0.865,0.765,0.747,0.747,0.706,0.693,1525.0,2500.0,1200.0,1200.0,1200.0,100.0,1300.0,196.4,602.3,644.1,232.2,67.6,21.2,0.3,2.8,0.3,196.4,14.5,42.6,44.6,19.3,5.3,2.4,0.7,0.2,0.7,44.6,14.5,100.0,8.1,24.7,26.6,9.5,2.8,0.8,0.0,0.1,0.0,8.1,15.2,25.0,12.0,12.0,12.0,13.0,40,40,40,41,40,60,60,60,59,60,41,41,否,否,否,否,否,否,否,否,否,否,否,否,否,否,否,否,否,否,41,40,41,0.250,2.643,0.480,0.000,9.254,1.222,0.283,0.475,35.0,30.0,64.0,64.0,0,0.6,0.3,0.0,0.0,0.0,14.3,42.9,44.7,19.3,5.5,1.8,0.0,0.2,0.0,71.5,12.8,75.5,98.0,99.7,1066.7,10.67,15,15,15,35,74,374,1,2,是,否,否,否,否,否,否,否,否,否,是,否,否,否,否,否,否,否,否,否,否,否,否,否,否,否,否,否,否,否,否,否,否,否,否,否,否,40.0,38,38,46,97.0,100.0,否,否,24292,21074,0.0,0.2,0.2,0.000,0.229,5163,1720,41,0.000,100.0,1066.0,0.0,0.0,0.0,0.0,0.0,0.0,0.0,317,否,否,否,否,否,否,7.313,24.028,58.2,-12.191,25.2,118.2,7.2,60.6,0.7,0.7,0.7,0.7,7.2,60.3,0.7,0.7,0.7,0.7,139.66,1360.20,14.29,14.02,1532.07,1532.07,0.32,139.37,139.29,0.38,232.42,0,0,0.0,0.0,0,0.000,
17.9.2026,22:56:0.837,5998,33514,15.1,5690,10492,35.1,0.0,23329,0,0.782,0.815,0.762,0.752,0.797,0.718,0.693,1525.0,1700.0,1200.0,1200.0,2000.0,100.0,1500.0,185.3,449.0,532.9,407.5,64.7,25.4,0.3,2.1,0.3,185.3,13.7,32.2,38.6,33.6,5.0,0.3,0.0,0.0,0.0,38.6,13.7,100.0,7.6,18.3,22.0,16.8,2.7,1.0,0.0,0.1,0.0,7.6,15.2,17.0,12.0,12.0,20.0,15.0,39,39,40,39,39,61,61,60,61,61,41,40,否,否,否,否,否,否,否,否,否,否,否,否,否,否,否,否,否,否,43,43,42,0.250,4.648,0.928,0.001,13.220,1.301,0.413,1.917,35.0,30.0,64.0,64.0,0,0.4,0.3,0.0,0.0,0.0,14.3,33.1,39.2,34.1,5.2,2.2,0.0,0.2,0.0,71.9,29.2,60.9,97.6,99.8,1066.7,10.67,15,15,15,35,74,374,1,2,是,否,否,否,否,否,否,否,否,否,是,否,否,否,否,否,否,否,否,否,否,否,否,否,否,否,否,否,否,否,否,否,否,否,否,否,否,39.0,38,38,44,97.0,100.0,否,否,24292,21074,0.0,0.6,0.6,0.000,0.069,5163,1720,42,0.001,100.0,1066.0,0.0,0.0,0.0,0.0,0.0,0.0,0.0,317,否,否,否,否,否,否,7.400,24.020,58.1,-12.513,25.2,115.2,7.2,60.6,0.7,0.7,0.7,0.7,7.2,60.3,0.7,0.7,0.7,0.7,139.66,1360.20,14.29,14.02,1532.07,1532.07,0.32,139.37,139.29,0.38,232.42,0,0,0.0,0.0,0,0.000,
17.9.2026,22:56:2.852,6015,33497,15.2,5709,10473,35.2,0.0,23329,0,0.911,1.045,1.075,0.775,0.747,0.686,0.693,2675.0,3799.9,3799.9,1900.0,1200.0,100.0,1000.0,355.0,511.4,574.5,751.5,720.5,140.9,104.0,34.1,3.3,355.0,28.0,37.9,44.0,59.8,57.4,11.9,9.0,3.2,0.7,59.8,28.0,100.0,14.5,20.7,23.7,31.0,29.8,5.6,4.1,1.4,0.1,14.5,26.8,38.0,38.0,19.0,12.0,10.0,42,40,43,44,40,58,60,57,56,60,43,44,否,否,否,否,否,否,否,否,否,否,否,否,否,否,否,否,否,否,41,41,41,0.250,3.525,0.701,0.000,10.917,1.259,0.358,1.080,35.0,30.0,64.0,64.0,0,0.2,0.2,0.0,0.0,0.0,28.1,39.4,44.8,60.7,57.8,11.2,8.4,2.7,0.2,58.7,35.5,18.8,83.5,97.0,1600.0,16.00,22,22,22,52,74,560,1,2,是,否,否,否,否,否,否,否,否,否,是,否,否,否,否,否,否,否,否,否,否,否,否,否,否,否,否,否,否,否,否,否,否,否,否,否,否,40.0,38,38,45,97.0,100.0,否,否,24292,21074,0.0,0.7,0.7,0.000,0.251,5163,1720,41,0.000,100.0,1066.0,0.0,0.0,0.0,0.0,0.0,0.0,0.0,317,否,否,否,否,否,否,7.329,24.020,58.1,-12.320,25.2,117.0,7.2,60.6,0.7,0.7,0.7,0.7,7.2,60.3,0.7,0.7,0.7,0.7,139.66,1360.20,14.29,14.02,1532.07,1532.07,0.32,139.37,139.29,0.38,232.42,0,0,0.0,0.0,0,0.000,
17.9.2026,22:56:4.871,6008,33504,15.2,5703,10480,35.2,0.0,23329,0,0.797,0.885,0.762,0.792,0.747,0.686,0.693,1750.0,2600.0,1200.0,2000.0,1200.0,100.0,1000.0,246.1,487.4,494.6,532.6,265.7,89.3,82.8,12.2,4.3,246.1,18.9,36.0,37.8,43.2,20.5,6.6,5.4,1.7,0.0,43.2,18.9,100.0,10.1,19.8,20.3,22.1,11.1,3.5,3.6,0.5,0.2,10.1,17.5,26.0,12.0,20.0,12.0,10.0,40,38,41,41,38,60,62,59,59,62,41,41,否,否,否,否,否,否,否,否,否,否,否,否,否,否,否,否,否,否,41,41,41,0.250,4.849,1.410,0.001,13.309,1.336,0.529,1.573,35.0,30.0,64.0,64.0,0,0.4,0.4,0.0,0.0,0.0,19.3,37.0,38.3,43.5,21.0,7.0,6.6,1.0,0.3,65.2,30.4,42.9,88.8,98.8,1066.7,10.67,15,15,15,35,74,374,1,2,是,否,否,否,否,否,否,否,否,否,是,否,否,否,否,否,否,否,否,否,否,否,否,否,否,否,否,否,否,否,否,否,否,否,否,否,否,40.0,38,38,47,97.0,100.0,否,否,24292,21074,0.0,1.8,1.8,0.000,0.222,5163,1721,41,0.001,100.0,1599.0,0.0,0.0,0.0,0.0,0.0,0.0,0.0,317,否,否,否,否,否,否,7.319,24.020,58.1,-12.508,25.2,115.2,7.2,60.6,0.7,0.7,0.7,0.7,7.2,60.3,0.7,0.7,0.7,0.7,139.66,1360.20,14.29,14.02,1532.07,1532.07,0.32,139.37,139.29,0.38,232.42,0,0,0.0,0.0,0,0.000,
17.9.2026,22:56:6.882,6013,33498,15.2,5712,10470,35.2,0.0,23329,0,0.761,0.790,0.760,0.747,0.747,0.686,0.691,1200.0,1200.0,1200.0,1200.0,1200.0,100.0,1000.0,185.0,411.5,446.6,548.0,47.8,19.7,0.5,4.0,1.7,185.0,14.3,29.1,31.9,45.5,4.0,1.7,0.9,0.0,1.1,45.5,14.3,100.0,7.6,16.7,18.4,22.7,2.0,0.8,0.0,0.2,0.1,7.6,12.0,12.0,12.0,12.0,12.0,10.0,41,42,40,41,40,59,58,60,59,60,42,42,否,否,否,否,否,否,否,否,否,否,否,否,否,否,否,否,否,否,42,40,42,0.250,4.457,1.046,0.000,12.570,1.324,0.507,1.567,35.0,30.0,64.0,64.0,0,0.3,0.3,0.0,0.0,0.0,14.2,29.8,32.3,45.7,4.0,1.6,0.0,0.3,0.1,72.7,42.3,50.7,98.2,99.5,1066.7,10.67,15,15,15,35,74,374,1,2,是,否,否,否,否,否,否,否,否,否,是,否,否,否,否,否,否,否,否,否,否,否,否,否,否,否,否,否,否,否,否,否,否,否,否,否,否,40.0,38,38,44,97.0,100.0,否,否,24292,21074,0.0,0.1,0.1,0.000,0.088,5163,1721,41,0.000,100.0,1066.0,0.0,0.0,0.0,0.0,0.0,0.0,0.0,317,否,否,否,否,否,否,7.402,24.013,58.1,-12.502,25.2,115.2,7.2,60.6,0.7,0.7,0.7,0.7,7.2,60.3,0.7,0.7,0.7,0.7,139.66,1360.20,14.29,14.02,1532.07,1532.07,0.32,139.37,139.29,0.38,232.42,0,0,0.0,0.0,0,0.000,
17.9.2026,22:56:8.881,6009,33503,15.2,5705,10478,35.2,0.0,23329,0,0.767,0.792,0.762,0.767,0.747,0.686,0.691,1275.0,1200.0,1200.0,1500.0,1200.0,100.0,600.0,194.3,551.1,614.6,326.8,45.1,15.3,0.2,1.1,0.2,194.3,13.8,37.7,42.7,26.3,3.0,0.6,0.0,0.0,0.0,42.7,13.8,100.0,8.0,22.5,25.4,13.4,1.8,0.6,0.0,0.0,0.0,8.0,12.8,12.0,12.0,15.0,12.0,6.0,39,38,40,40,38,61,62,60,60,62,42,40,否,否,否,否,否,否,否,否,否,否,否,否,否,否,否,否,否,否,41,41,41,0.250,3.346,0.664,0.000,10.403,1.256,0.361,0.941,35.0,30.0,64.0,64.0,0,0.7,0.6,0.0,0.0,0.0,14.2,38.5,43.1,27.2,3.7,1.3,0.0,0.1,0.0,71.5,18.5,69.2,98.5,99.9,1066.7,10.67,15,15,15,35,74,374,1,2,是,否,否,否,否,否,否,否,否,否,是,否,否,否,否,否,否,否,否,否,否,否,否,否,否,否,否,否,否,否,否,否,否,否,否,否,否,40.0,38,38,47,97.0,100.0,否,否,24292,21074,0.0,0.7,0.7,0.000,0.223,5163,1721,41,0.000,100.0,1066.0,0.0,0.0,0.0,0.0,0.0,0.0,0.0,317,否,否,否,否,否,否,7.317,24.005,58.1,-12.395,25.2,116.2,7.2,60.6,0.7,0.7,0.7,0.7,7.2,60.3,0.7,0.7,0.7,0.7,139.66,1360.20,14.29,14.02,1532.07,1532.07,0.32,139.37,139.29,0.38,232.42,0,0,0.0,0.0,0,0.000,
17.9.2026,22:56:10.879,6010,33501,15.2,5710,10472,35.2,0.0,23329,0,0.768,0.810,0.762,0.752,0.747,0.706,0.691,1275.0,1500.0,1200.0,1200.0,1200.0,100.0,1300.0,186.9,475.4,528.1,403.9,54.3,31.0,0.4,2.2,0.2,186.9,16.8,34.4,36.6,33.7,5.0,3.1,0.0,22.0,0.0,36.6,16.8,100.0,7.7,19.3,21.8,16.7,2.2,1.2,0.0,0.1,0.0,7.7,12.8,15.0,12.0,12.0,12.0,13.0,39,37,40,40,38,61,63,60,60,62,41,40,否,否,否,否,否,否,否,否,否,否,否,否,否,否,否,否,否,否,42,41,42,0.250,4.453,0.868,0.000,12.822,1.297,0.415,1.787,35.0,30.0,64.0,64.0,0,0.7,0.7,0.0,0.0,0.0,14.2,35.4,37.2,33.6,4.5,2.6,0.0,0.2,0.0,72.4,30.3,62.4,97.1,99.8,1066.7,10.67,15,15,15,35,74,374,1,2,是,否,否,否,否,否,否,否,否,否,是,否,否,否,否,否,否,否,否,否,否,否,否,否,否,否,否,否,否,否,否,否,否,否,否,否,否,40.0,38,38,46,97.0,100.0,否,否,24292,21074,0.0,1.7,1.7,0.000,0.355,5163,1722,41,0.000,100.0,1066.0,0.0,0.0,0.0,0.0,0.0,0.0,0.0,317,否,否,否,否,否,否,7.323,23.997,58.1,-12.530,25.2,114.9,7.2,60.6,0.7,0.7,0.7,0.7,7.2,60.3,0.7,0.7,0.7,0.7,139.66,1360.20,14.29,14.02,1532.07,1532.07,0.32,139.37,139.29,0.38,232.42,0,0,0.0,0.0,0,0.000,
17.9.2026,22:56:12.882,6014,33497,15.2,5711,10472,35.2,0.0,23329,0,0.766,0.792,0.762,0.762,0.747,0.706,0.691,1275.0,1200.0,1200.0,1500.0,1200.0,100.0,1300.0,187.8,547.9,572.3,319.0,39.7,13.7,1.9,7.5,0.2,187.8,13.9,39.2,41.1,26.2,3.1,0.8,0.0,1.2,0.0,41.1,13.9,100.0,7.7,22.5,23.6,13.1,1.6,0.5,0.1,0.3,0.0,7.7,12.8,12.0,12.0,15.0,12.0,13.0,39,37,40,41,39,61,63,60,59,61,42,41,否,否,否,否,否,否,否,否,否,否,否,否,否,否,否,否,否,否,42,41,42,0.250,4.178,0.757,0.000,12.346,1.284,0.409,1.642,35.0,30.0,64.0,64.0,0,0.5,0.4,0.0,0.0,0.0,14.2,40.0,41.7,26.8,3.3,1.0,0.1,0.6,0.0,71.2,17.1,69.6,98.8,99.3,1066.7,10.67,15,15,15,35,74,374,1,2,是,否,否,否,否,否,否,否,否,否,是,否,否,否,否,否,否,否,否,否,否,否,否,否,否,否,否,否,否,否,否,否,否,否,否,否,否,40.0,38,38,47,97.0,100.0,否,否,24292,21074,0.0,0.8,0.8,0.000,0.204,5163,1722,41,0.000,100.0,1066.0,0.0,0.0,0.0,0.0,0.0,0.0,0.0,317,否,否,否,否,否,否,7.317,23.990,58.1,-12.432,25.2,115.8,7.2,60.6,0.7,0.7,0.7,0.7,7.2,60.3,0.7,0.7,0.7,0.7,139.66,1360.20,14.29,14.02,1532.07,1532.07,0.32,139.37,139.29,0.38,232.42,0,0,0.0,0.0,0,0.000,
17.9.2026,22:56:14.879,6014,33497,15.2,5716,10466,35.3,0.0,23329,0,0.762,0.792,0.760,0.750,0.747,0.686,0.693,1200.0,1200.0,1200.0,1200.0,1200.0,100.0,1000.0,194.0,574.2,583.1,340.1,37.5,8.4,6.5,1.9,0.2,194.0,13.6,39.5,39.1,27.7,2.0,0.0,0.4,0.0,0.0,39.5,13.6,100.0,8.0,23.5,24.0,14.0,1.5,0.3,0.3,0.1,0.0,8.0,12.0,12.0,12.0,12.0,12.0,10.0,40,39,41,41,39,60,61,59,59,61,42,41,否,否,否,否,否,否,否,否,否,否,否,否,否,否,否,否,否,否,42,42,40,0.250,4.182,0.787,0.000,12.292,1.284,0.393,1.615,35.0,30.0,64.0,64.0,0,0.7,0.6,0.0,0.0,0.0,14.1,40.4,39.6,28.2,3.0,0.7,0.5,0.2,0.0,71.6,19.8,68.4,98.6,99.8,1066.7,10.67,15,15,15,35,74,374,1,2,是,否,否,否,否,否,否,否,否,否,是,否,否,否,否,否,否,否,否,否,否,否,否,否,否,否,否,否,否,否,否,否,否,否,否,否,否,40.0,38,38,50,97.0,100.0,否,否,24292,21074,0.0,0.5,0.5,0.000,0.169,5163,1723,42,0.000,100.0,1066.0,0.0,0.0,0.0,0.0,0.0,0.0,0.0,317,否,否,否,否,否,否,7.316,23.982,58.1,-12.547,25.2,114.7,7.2,60.6,0.7,0.7,0.7,0.7,7.2,60.3,0.7,0.7,0.7,0.7,139.66,1360.20,14.29,14.02,1532.07,1532.07,0.32,139.37,139.29,0.38,232.42,0,0,0.0,0.0,0,0.000,
17.9.2026,22:56:16.886,6009,33503,15.2,5710,10472,35.2,0.0,23329,0,0.772,0.815,0.760,0.752,0.760,0.718,0.693,1375.0,1700.0,1200.0,1200.0,1400.0,100.0,1500.0,182.7,329.1,381.8,608.3,127.6,9.9,0.8,3.7,0.5,182.7,14.3,23.8,28.6,50.1,10.6,0.0,0.5,0.0,0.5,50.1,14.3,100.0,7.5,13.2,15.7,25.2,5.3,0.4,0.0,0.1,0.0,7.5,13.8,17.0,12.0,12.0,14.0,15.0,40,38,40,40,40,60,62,60,60,60,41,40,否,否,否,否,否,否,否,否,否,否,否,否,否,否,否,否,否,否,42,40,42,2.500,4.311,0.862,0.001,12.823,1.291,0.402,1.660,35.0,30.0,64.0,64.0,0,0.6,0.6,0.0,0.0,0.0,14.4,24.5,28.7,50.4,10.4,0.8,0.1,0.3,0.0,72.1,50.9,39.1,98.9,99.6,1066.7,10.67,15,15,15,35,74,374,1,2,是,否,否,否,否,否,否,否,否,否,是,否,否,否,否,否,否,否,否,否,否,否,否,否,否,否,否,否,否,否,否,否,否,否,否,否,否,40.0,38,38,46,97.0,100.0,否,否,24292,21074,0.0,1.0,1.0,0.000,0.106,5163,1723,42,0.001,100.0,1066.0,0.0,0.0,0.0,0.0,0.0,0.0,0.0,317,否,否,否,否,否,否,7.327,23.974,58.0,-12.566,25.2,114.5,7.2,60.6,0.7,0.7,0.7,0.7,7.2,60.3,0.7,0.7,0.7,0.7,139.66,1360.20,14.29,14.02,1532.07,1532.07,0.32,139.37,139.29,0.38,232.42,0,0,0.0,0.0,0,0.000,
17.9.2026,22:56:18.907,6013,33499,15.2,5711,10471,35.2,0.0,23329,0,0.763,0.792,0.762,0.752,0.745,0.686,0.693,1200.0,1200.0,1200.0,1200.0,1200.0,100.0,600.0,188.9,457.2,556.0,387.2,61.2,37.9,7.1,4.7,0.2,188.9,14.4,32.2,40.8,31.1,5.3,4.3,1.1,0.0,0.6,40.8,14.4,100.0,7.7,18.6,22.9,16.0,2.5,1.5,0.3,0.2,0.0,7.7,12.0,12.0,12.0,12.0,12.0,6.0,40,38,40,41,40,60,62,60,59,60,42,41,否,否,否,否,否,否,否,否,否,否,否,否,否,否,否,否,否,否,42,42,41,2.000,3.379,0.560,0.001,11.026,1.253,0.345,1.085,35.0,30.0,64.0,64.0,0,0.6,0.5,0.0,0.0,0.0,14.4,33.3,41.4,31.7,4.8,3.1,0.6,0.4,0.0,71.2,27.0,62.0,96.3,99.6,1066.7,10.67,15,15,15,35,74,374,1,2,是,否,否,否,否,否,否,否,否,否,是,否,否,否,否,否,否,否,否,否,否,否,否,否,否,否,否,否,否,否,否,否,否,否,否,否,否,40.0,39,39,49,97.0,100.0,否,否,24292,21074,0.0,0.9,0.9,0.000,0.220,5163,1723,41,0.001,100.0,1066.0,0.0,0.0,0.0,0.0,0.0,0.0,0.0,317,否,否,否,否,否,否,7.372,23.967,58.0,-12.591,25.2,114.2,7.2,60.6,0.7,0.7,0.7,0.7,7.2,60.3,0.7,0.7,0.7,0.7,139.66,1360.20,14.29,14.02,1532.07,1532.07,0.32,139.37,139.29,0.38,232.42,0,0,0.0,0.0,0,0.000,
17.9.2026,22:56:20.910,6010,33502,15.2,5706,10476,35.2,0.0,23329,0,0.763,0.795,0.760,0.750,0.747,0.686,0.691,1200.0,1200.0,1200.0,1200.0,1200.0,100.0,1000.0,188.3,507.1,565.1,348.2,71.6,5.0,0.8,8.6,0.2,188.3,17.2,37.0,39.0,28.7,5.1,3.5,0.0,24.4,0.0,39.0,17.2,100.0,7.7,20.7,23.3,14.4,3.0,0.2,0.0,0.3,0.0,7.7,12.0,12.0,12.0,12.0,12.0,10.0,39,37,41,40,39,61,63,59,60,61,42,41,否,否,否,否,否,否,否,否,否,否,否,否,否,否,否,否,否,否,42,40,42,0.250,4.005,0.699,0.000,12.353,1.284,0.398,1.527,35.0,30.0,64.0,64.0,0,0.6,0.5,0.0,0.0,0.0,14.2,37.7,39.4,29.0,5.8,0.4,0.1,0.7,0.0,72.6,26.5,65.3,99.4,99.2,1066.7,10.67,15,15,15,35,74,374,1,2,是,否,否,否,否,否,否,否,否,否,是,否,否,否,否,否,否,否,否,否,否,否,否,否,否,否,否,否,否,否,否,否,否,否,否,否,否,38.0,39,39,48,97.0,100.0,否,否,24292,21074,0.0,0.6,0.6,0.000,0.155,5163,1724,41,0.000,100.0,1066.0,0.0,0.0,0.0,0.0,0.0,0.0,0.0,317,否,否,否,否,否,否,7.316,23.959,58.0,-12.540,25.2,114.6,7.2,60.6,0.7,0.7,0.7,0.7,7.2,60.3,0.7,0.7,0.7,0.7,139.66,1360.20,14.29,14.02,1532.07,1532.07,0.32,139.37,139.29,0.38,232.42,0,0,0.0,0.0,0,0.000,
17.9.2026,22:56:22.911,6012,33500,15.2,5706,10477,35.2,0.0,23329,0,0.776,0.795,0.760,0.785,0.762,0.706,0.733,1450.0,1200.0,1200.0,1900.0,1500.0,100.0,1300.0,191.6,508.1,608.6,371.5,23.0,13.3,6.0,2.2,0.2,191.6,14.2,35.0,43.6,30.7,3.2,1.0,0.4,0.1,0.0,43.6,14.2,100.0,7.9,20.7,25.1,15.4,0.9,0.5,0.2,0.1,0.0,7.9,14.5,12.0,12.0,19.0,15.0,13.0,40,38,41,42,39,60,62,59,58,61,42,42,否,否,否,否,否,否,否,否,否,否,否,否,否,否,否,否,否,否,42,41,42,0.250,4.212,0.787,0.000,12.373,1.283,0.396,1.648,35.0,30.0,64.0,64.0,0,0.6,0.3,0.0,0.0,0.0,14.4,35.9,44.2,31.1,1.9,1.1,0.5,0.2,0.0,71.3,20.6,66.6,98.3,99.8,1066.7,10.67,15,15,15,35,74,374,1,2,是,否,否,否,否,否,否,否,否,否,是,否,否,否,否,否,否,否,否,否,否,否,否,否,否,否,否,否,否,否,否,否,否,否,否,否,否,40.0,39,39,47,97.0,100.0,否,否,24292,21074,0.0,0.7,0.7,0.000,0.216,5163,1724,42,0.000,100.0,1066.0,0.0,0.0,0.0,0.0,0.0,0.0,0.0,317,否,否,否,否,否,否,7.327,23.951,58.0,-12.610,25.2,114.0,7.2,60.6,0.7,0.7,0.7,0.7,7.2,60.3,0.7,0.7,0.7,0.7,139.66,1360.20,14.29,14.02,1532.07,1532.07,0.32,139.37,139.29,0.38,232.42,0,0,0.0,0.0,0,0.000,
17.9.2026,22:56:24.907,6018,33494,15.2,5709,10473,35.2,0.0,23329,0,0.784,0.840,0.760,0.787,0.747,0.748,0.693,1625.0,2100.0,1200.0,2000.0,1200.0,100.0,1900.0,190.3,419.0,469.7,520.0,83.6,28.8,0.3,1.1,0.2,190.3,14.4,31.2,33.2,42.9,5.2,2.3,0.0,0.1,0.0,42.9,14.4,100.0,7.8,17.0,19.4,21.5,3.4,1.2,0.0,0.0,0.0,7.8,16.2,21.0,12.0,20.0,12.0,19.0,40,38,41,42,40,60,62,59,58,60,42,42,否,否,否,否,否,否,否,否,否,否,否,否,否,否,否,否,否,否,41,41,41,0.250,3.973,0.758,0.000,11.863,1.279,0.391,1.444,35.0,30.0,64.0,64.0,0,0.3,0.3,0.0,0.0,0.0,14.8,32.0,33.6,43.3,6.8,2.4,0.0,0.1,0.0,71.5,37.4,51.4,97.4,99.8,1066.7,10.67,15,15,15,35,74,374,1,2,是,否,否,否,否,否,否,否,否,否,是,否,否,否,否,否,否,否,否,否,否,否,否,否,否,否,否,否,否,否,否,否,否,否,否,否,否,41.0,39,39,45,97.0,100.0,否,否,24292,21074,0.0,0.6,0.6,0.000,0.121,5163,1724,42,0.000,100.0,1066.0,0.0,0.0,0.0,0.0,0.0,0.0,0.0,317,否,否,否,否,否,否,7.393,23.951,58.0,-12.531,25.2,114.7,7.2,60.6,0.7,0.7,0.7,0.7,7.2,60.3,0.7,0.7,0.7,0.7,139.66,1360.20,14.29,14.02,1532.07,1532.07,0.32,139.37,139.29,0.38,232.42,0,0,0.0,0.0,0,0.000,
17.9.2026,22:56:26.909,6015,33496,15.2,5706,10476,35.2,0.0,23329,0,0.762,0.790,0.762,0.747,0.747,0.843,0.733,1200.0,1200.0,1200.0,1200.0,1200.0,100.0,2900.0,198.0,616.8,738.0,172.1,38.3,16.8,0.7,1.4,0.2,198.0,13.8,41.2,51.1,13.8,3.5,1.1,0.0,0.0,0.0,51.1,13.8,100.0,8.1,25.3,30.5,7.0,1.6,0.7,0.0,0.0,0.0,8.1,12.0,12.0,12.0,12.0,12.0,29.0,41,42,40,41,40,59,58,60,59,60,42,42,否,否,否,否,否,否,否,否,否,否,否,否,否,否,否,否,否,否,42,42,42,0.250,3.642,0.681,0.000,11.130,1.277,0.401,1.190,35.0,30.0,64.0,64.0,0,0.5,0.2,0.0,0.0,0.0,14.1,42.0,51.8,14.4,3.1,1.4,0.0,0.1,0.0,72.1,8.3,81.7,98.4,99.8,1066.7,10.67,15,15,15,35,74,374,1,2,是,否,否,否,否,否,否,否,否,否,是,否,否,否,否,否,否,否,否,否,否,否,否,否,否,否,否,否,否,否,否,否,否,否,否,否,否,40.0,39,39,50,97.0,100.0,否,否,24292,21074,0.0,0.3,0.3,0.000,0.281,5163,1725,42,0.000,100.0,1066.0,0.0,0.0,0.0,0.0,0.0,0.0,0.0,317,否,否,否,否,否,否,7.308,23.944,58.0,-12.431,25.2,115.6,7.2,60.6,0.7,0.7,0.7,0.7,7.2,60.3,0.7,0.7,0.7,0.7,139.66,1360.20,14.29,14.02,1532.07,1532.07,0.32,139.37,139.29,0.38,232.42,0,0,0.0,0.0,0,0.000,
17.9.2026,22:56:28.910,6012,33500,15.2,5709,10474,35.2,0.0,23329,0,0.762,0.792,0.760,0.752,0.745,0.701,0.693,1200.0,1200.0,1200.0,1200.0,1200.0,100.0,1200.0,190.1,519.3,589.6,311.2,22.8,66.8,10.2,0.5,0.2,190.1,14.1,35.2,42.0,25.4,1.6,5.3,1.4,1.4,0.6,42.0,14.1,100.0,7.8,21.2,24.3,12.8,0.9,2.7,0.4,0.0,0.0,7.8,12.0,12.0,12.0,12.0,12.0,12.0,40,37,41,41,39,60,63,59,59,61,42,41,否,否,否,否,否,否,否,否,否,否,否,否,否,否,否,否,否,否,42,42,42,1.750,4.777,1.010,0.000,13.392,1.304,0.422,1.961,35.0,30.0,64.0,64.0,0,0.7,0.8,0.0,0.0,0.0,14.2,36.2,42.6,26.1,1.9,5.6,0.9,0.1,0.0,71.3,20.3,71.7,93.4,99.9,1066.7,10.67,15,15,15,35,74,374,1,2,是,否,否,否,否,否,否,否,否,否,是,否,否,否,否,否,否,否,否,否,否,否,否,否,否,否,否,否,否,否,否,否,否,否,否,否,否,40.0,39,39,50,97.0,100.0,否,否,24292,21074,0.0,1.2,1.2,0.000,0.184,5163,1725,42,0.000,100.0,1066.0,0.0,0.0,0.0,0.0,0.0,0.0,0.0,317,否,否,否,否,否,否,7.314,23.936,57.9,-12.639,25.2,113.6,7.2,60.6,0.7,0.7,0.7,0.7,7.2,60.3,0.7,0.7,0.7,0.7,139.66,1360.20,14.29,14.02,1532.07,1532.07,0.32,139.37,139.29,0.38,232.42,0,0,0.0,0.0,0,0.000,
17.9.2026,22:56:30.914,6018,33494,15.2,5711,10471,35.2,0.0,23329,0,0.801,0.925,0.762,0.747,0.767,0.836,0.693,1750.0,3000.0,1200.0,1200.0,1600.0,100.0,2800.0,181.5,408.0,441.4,518.1,27.9,34.4,0.3,21.7,0.2,181.5,14.2,30.6,33.2,42.4,2.1,3.2,0.0,2.4,0.0,42.4,14.2,100.0,7.5,16.6,18.1,21.5,1.1,1.4,0.0,0.9,0.0,7.5,17.5,30.0,12.0,12.0,16.0,28.0,40,38,41,41,39,60,62,59,59,61,41,41,否,否,否,否,否,否,否,否,否,否,否,否,否,否,否,否,否,否,43,43,41,0.250,4.471,0.843,0.001,12.957,1.289,0.420,1.841,35.0,30.0,64.0,64.0,0,0.6,0.6,0.0,0.0,0.0,14.2,31.0,33.3,42.3,2.3,2.8,0.0,1.8,0.0,71.7,36.9,54.9,97.0,98.1,1066.7,10.67,15,15,15,35,74,374,1,2,是,否,否,否,否,否,否,否,否,否,是,否,否,否,否,否,否,否,否,否,否,否,否,否,否,否,否,否,否,否,否,否,否,否,否,否,否,40.0,39,39,47,97.0,100.0,否,否,24292,21074,0.0,1.0,1.0,0.000,0.090,5163,1725,41,0.001,100.0,1066.0,0.0,0.0,0.0,0.0,0.0,0.0,0.0,317,否,否,否,否,否,否,7.318,23.928,57.9,-12.748,25.2,112.6,7.2,60.6,0.7,0.7,0.7,0.7,7.2,60.3,0.7,0.7,0.7,0.7,139.66,1360.20,14.29,14.02,1532.07,1532.07,0.32,139.37,139.29,0.38,232.42,0,0,0.0,0.0,0,0.000,
17.9.2026,22:56:32.917,6018,33494,15.2,5710,10472,35.2,0.0,23329,0,0.762,0.792,0.760,0.750,0.745,0.701,0.693,1200.0,1200.0,1200.0,1200.0,1200.0,100.0,1200.0,196.3,567.7,652.8,278.0,55.2,5.8,1.3,9.5,0.2,196.3,13.9,38.9,44.9,22.2,5.5,0.0,0.0,0.0,0.0,44.9,13.9,100.0,8.1,23.2,27.0,11.4,2.2,0.2,0.1,0.4,0.0,8.1,12.0,12.0,12.0,12.0,12.0,12.0,40,37,41,42,39,60,63,59,58,61,42,42,否,否,否,否,否,否,否,否,否,否,否,否,否,否,否,否,否,否,42,41,42,1.000,3.249,0.625,0.001,10.407,1.248,0.345,0.895,35.0,30.0,64.0,64.0,0,0.5,0.3,0.0,0.0,0.0,14.3,39.9,45.6,23.0,4.6,0.4,0.1,0.6,0.0,71.2,13.6,72.3,99.3,99.4,1066.7,10.67,15,15,15,35,74,374,1,2,是,否,否,否,否,否,否,否,否,否,是,否,否,否,否,否,否,否,否,否,否,否,否,否,否,否,否,否,否,否,否,否,否,否,否,否,否,40.0,39,39,50,97.0,100.0,否,否,24292,21074,0.0,0.3,0.3,0.000,0.260,5163,1726,42,0.001,100.0,1066.0,0.0,0.0,0.0,0.0,0.0,0.0,0.0,317,否,否,否,否,否,否,7.307,23.921,57.9,-12.495,25.2,114.9,7.2,60.6,0.7,0.7,0.7,0.7,7.2,60.3,0.7,0.7,0.7,0.7,139.66,1360.20,14.29,14.02,1532.07,1532.07,0.32,139.37,139.29,0.38,232.42,0,0,0.0,0.0,0,0.000,
17.9.2026,22:56:34.939,6021,33491,15.2,5717,10466,35.3,0.0,23329,0,0.763,0.795,0.760,0.752,0.745,0.686,0.691,1200.0,1200.0,1200.0,1200.0,1200.0,100.0,1000.0,187.8,446.8,470.7,447.9,121.6,10.4,1.3,2.0,1.8,187.8,14.2,32.3,33.7,35.9,9.8,0.6,0.7,0.0,0.7,35.9,14.2,100.0,7.7,18.1,19.3,18.5,5.0,0.4,0.0,0.1,0.1,7.7,12.0,12.0,12.0,12.0,12.0,10.0,40,37,43,42,40,60,63,57,58,60,43,43,否,否,否,否,否,否,否,否,否,否,否,否,否,否,否,否,否,否,42,42,42,0.250,4.701,0.940,0.000,13.324,1.307,0.428,1.951,35.0,30.0,64.0,64.0,0,0.7,0.6,0.0,0.0,0.0,14.5,33.5,34.4,36.5,10.1,0.9,0.1,0.2,0.1,72.8,38.1,54.5,98.9,99.7,1066.7,10.67,15,15,15,35,74,374,1,2,是,否,否,否,否,否,否,否,否,否,是,否,否,否,否,否,否,否,否,否,否,否,否,否,否,否,否,否,否,否,否,否,否,否,否,否,否,40.0,39,39,49,97.0,100.0,否,否,24292,21074,0.0,1.1,1.1,0.000,0.141,5163,1726,42,0.000,100.0,1066.0,0.0,0.0,0.0,0.0,0.0,0.0,0.0,317,否,否,否,否,否,否,7.317,23.921,57.9,-12.680,25.2,113.2,7.2,60.6,0.7,0.7,0.7,0.7,7.2,60.3,0.7,0.7,0.7,0.7,139.66,1360.20,14.29,14.02,1532.07,1532.07,0.32,139.37,139.29,0.38,232.42,0,0,0.0,0.0,0,0.000,
17.9.2026,22:56:36.946,6022,33490,15.2,5719,10463,35.3,0.0,23329,0,0.766,0.807,0.760,0.750,0.745,0.706,0.693,1275.0,1500.0,1200.0,1200.0,1200.0,100.0,1300.0,180.1,308.4,327.3,711.3,72.6,13.4,3.0,4.2,0.6,180.1,14.3,23.9,25.4,58.5,5.6,0.0,0.0,0.9,0.0,58.5,14.3,100.0,7.4,12.4,13.4,29.6,3.0,0.5,0.1,0.2,0.0,7.4,12.8,15.0,12.0,12.0,12.0,13.0,40,38,40,41,40,60,62,60,59,60,42,41,否,否,否,否,否,否,否,否,否,否,否,否,否,否,否,否,否,否,41,41,41,0.250,4.200,0.654,0.000,12.521,1.294,0.430,1.752,35.0,30.0,64.0,64.0,0,0.3,0.4,0.0,0.0,0.0,14.5,24.4,25.5,58.6,5.9,1.1,0.3,0.3,0.1,72.4,55.7,35.7,98.5,99.6,1066.7,10.67,15,15,15,35,74,374,1,2,否,否,否,否,否,否,否,否,否,否,否,否,否,否,否,否,否,否,否,否,否,否,否,否,否,否,否,否,否,否,否,否,否,否,否,否,否,40.0,39,39,46,97.0,100.0,否,否,24292,21074,0.0,2.0,2.0,0.000,0.055,5163,1726,41,0.000,100.0,1066.0,0.0,0.0,0.0,0.0,0.0,0.0,0.0,317,否,否,否,否,否,否,7.391,23.913,57.9,-12.853,25.2,111.6,7.2,60.6,0.7,0.7,0.7,0.7,7.2,60.3,0.7,0.7,0.7,0.7,139.66,1360.20,14.29,14.02,1532.07,1532.07,0.32,139.37,139.29,0.38,232.42,0,0,0.0,0.0,0,0.000,
17.9.2026,22:56:38.951,6017,33494,15.2,5718,10464,35.3,0.0,23329,0,0.767,0.802,0.760,0.750,0.757,0.686,0.691,1300.0,1400.0,1200.0,1200.0,1400.0,100.0,1000.0,187.9,527.0,500.2,366.3,57.3,44.1,0.2,7.9,0.2,187.9,13.9,38.4,35.6,29.7,5.2,1.1,0.6,0.0,0.6,38.4,13.9,100.0,7.7,21.4,20.5,15.1,2.3,1.8,0.0,0.3,0.0,7.7,13.0,14.0,12.0,12.0,14.0,10.0,40,38,41,41,39,60,62,59,59,61,42,41,否,否,否,否,否,否,否,否,否,否,否,否,否,否,否,否,否,否,41,41,41,0.250,3.200,0.522,0.000,10.434,1.251,0.347,0.948,35.0,30.0,64.0,64.0,0,1.0,1.0,0.0,0.0,0.0,14.4,39.5,36.3,30.3,4.8,3.7,0.0,0.7,0.0,72.2,28.7,64.7,96.1,99.3,1066.7,10.67,15,15,15,35,74,374,1,2,是,否,否,否,否,否,否,否,否,否,是,否,否,否,否,否,否,否,否,否,否,否,否,否,否,否,否,否,否,否,否,否,否,否,否,否,否,40.0,39,39,49,97.0,100.0,否,否,24292,21074,0.0,2.1,2.1,0.000,0.189,5163,1727,42,0.000,100.0,1066.0,0.0,0.0,0.0,0.0,0.0,0.0,0.0,317,否,否,否,否,否,否,7.372,23.906,57.9,-12.591,25.2,113.9,7.2,60.6,0.7,0.7,0.7,0.7,7.2,60.3,0.7,0.7,0.7,0.7,139.66,1360.20,14.29,14.02,1532.07,1532.07,0.32,139.37,139.29,0.38,232.42,0,0,0.0,0.0,0,0.000,
17.9.2026,22:56:40.959,6024,33488,15.2,5723,10459,35.3,0.0,23329,0,0.766,0.790,0.762,0.747,0.765,0.686,0.733,1275.0,1200.0,1200.0,1200.0,1500.0,100.0,600.0,185.3,397.0,473.8,508.4,41.9,48.3,0.3,12.8,0.3,185.3,15.7,28.4,33.3,41.5,1.3,7.0,0.0,14.1,0.0,41.5,15.7,100.0,7.6,16.1,19.5,21.1,1.7,2.0,0.0,0.5,0.0,7.6,12.8,12.0,12.0,12.0,15.0,6.0,41,42,40,42,39,59,58,60,58,61,42,42,否,否,否,否,否,否,否,否,否,否,否,否,否,否,否,否,否,否,41,40,41,0.250,4.099,0.730,0.001,12.171,1.297,0.448,1.569,35.0,30.0,64.0,64.0,0,0.3,0.3,0.0,0.0,0.0,14.2,29.5,34.0,42.1,3.3,3.8,0.0,1.1,0.0,72.7,41.1,55.1,95.9,98.9,1066.7,10.67,15,15,15,35,74,374,1,2,是,否,否,否,否,否,否,否,否,否,是,否,否,否,否,否,否,否,否,否,否,否,否,否,否,否,否,否,否,否,否,否,否,否,否,否,否,42.0,39,39,47,97.0,100.0,否,否,24292,21074,0.0,0.6,0.6,0.000,0.093,5163,1727,42,0.001,100.0,1066.0,0.0,0.0,0.0,0.0,0.0,0.0,0.0,317,否,否,否,否,否,否,7.396,23.898,57.9,-12.640,25.2,113.4,7.2,60.6,0.7,0.7,0.7,0.7,7.2,60.3,0.7,0.7,0.7,0.7,139.66,1360.20,14.29,14.02,1532.07,1532.07,0.32,139.37,139.29,0.38,232.42,0,0,0.0,0.0,0,0.000,
17.9.2026,22:56:42.964,6025,33487,15.2,5721,10461,35.3,0.0,23329,0,0.801,0.792,0.762,0.747,0.902,0.686,0.691,1625.0,1200.0,1200.0,1200.0,2900.0,100.0,1000.0,186.0,438.3,439.2,524.9,71.4,11.6,0.6,1.2,0.5,186.0,14.1,30.5,31.5,43.3,5.7,0.0,0.7,0.0,0.7,43.3,14.1,100.0,7.6,17.8,18.1,21.7,2.9,0.4,0.0,0.0,0.0,7.6,16.2,12.0,12.0,12.0,29.0,10.0,41,42,40,42,39,59,58,60,58,61,42,42,否,否,否,否,否,否,否,否,否,否,否,否,否,否,否,否,否,否,42,41,42,0.250,3.591,0.698,0.000,10.967,1.256,0.363,1.150,35.0,30.0,64.0,64.0,0,0.5,0.4,0.0,0.0,0.0,14.3,31.4,32.0,43.7,5.9,0.9,0.0,0.1,0.0,71.7,37.7,50.3,98.9,99.8,1066.7,10.67,15,15,15,35,74,374,1,2,是,否,否,否,否,否,否,否,否,否,是,否,否,否,否,否,否,否,否,否,否,否,否,否,否,否,否,否,否,否,否,否,否,否,否,否,否,41.0,39,39,45,97.0,100.0,否,否,24292,21074,0.0,0.7,0.7,0.000,0.196,5163,1727,42,0.000,100.0,1066.0,0.0,0.0,0.0,0.0,0.0,0.0,0.0,317,否,否,否,否,否,否,7.361,23.890,57.8,-12.470,25.2,114.9,7.2,60.6,0.7,0.7,0.7,0.7,7.2,60.3,0.7,0.7,0.7,0.7,139.66,1360.20,14.29,14.02,1532.07,1532.07,0.32,139.37,139.29,0.38,232.42,0,0,0.0,0.0,0,0.000,
17.9.2026,22:56:44.975,6019,33492,15.2,5714,10469,35.3,0.0,23329,0,0.762,0.792,0.760,0.752,0.745,0.713,0.691,1200.0,1200.0,1200.0,1200.0,1200.0,100.0,1400.0,193.9,581.2,635.4,254.8,54.2,9.6,0.6,13.5,1.7,193.9,16.2,40.1,44.0,21.1,4.6,1.8,0.4,17.4,0.5,44.0,16.2,100.0,8.0,23.8,26.3,10.4,2.2,0.4,0.0,0.6,0.1,8.0,12.0,12.0,12.0,12.0,12.0,14.0,40,37,41,40,40,60,63,59,60,60,42,41,否,否,否,否,否,否,否,否,否,否,否,否,否,否,否,否,否,否,43,43,42,0.250,3.592,0.706,0.000,11.072,1.268,0.366,1.131,35.0,30.0,64.0,64.0,0,0.6,0.5,0.0,0.0,0.0,14.1,40.6,44.3,21.3,4.4,0.8,0.0,1.1,0.1,70.9,12.0,73.7,99.1,98.8,1066.7,10.67,15,15,15,35,74,374,1,2,是,否,否,否,否,否,否,否,否,否,是,否,否,否,否,否,否,否,否,否,否,否,否,否,否,否,否,否,否,否,否,否,否,否,否,否,否,40.0,39,39,49,97.0,100.0,否,否,24292,21074,0.0,0.7,0.7,0.000,0.171,5163,1727,41,0.000,100.0,1066.0,0.0,0.0,0.0,0.0,0.0,0.0,0.0,317,否,否,否,否,否,否,7.377,23.883,57.8,-12.393,25.2,115.6,7.2,60.6,0.7,0.7,0.7,0.7,7.2,60.3,0.7,0.7,0.7,0.7,139.66,1360.20,14.29,14.02,1532.07,1532.07,0.32,139.37,139.29,0.38,232.42,0,0,0.0,0.0,0,0.000,
17.9.2026,22:56:46.981,6018,33493,15.2,5735,10447,35.4,0.0,23329,0,0.774,0.792,0.762,0.752,0.790,0.713,0.693,1400.0,1200.0,1200.0,1200.0,2000.0,100.0,1400.0,181.8,410.2,519.5,463.9,48.8,8.6,1.2,1.5,0.5,181.8,14.1,30.6,38.3,38.0,5.3,0.4,0.0,0.0,0.0,38.3,14.1,100.0,7.5,16.7,21.4,19.2,2.0,0.3,0.0,0.1,0.0,7.5,14.0,12.0,12.0,12.0,20.0,14.0,40,39,40,41,40,60,61,60,59,60,43,41,否,否,否,否,否,否,否,否,否,否,否,否,否,否,否,否,否,否,42,41,42,0.250,4.383,0.923,0.001,12.573,1.291,0.406,1.671,35.0,30.0,64.0,64.0,0,0.5,0.4,0.0,0.0,0.0,14.2,31.6,38.9,38.5,4.1,0.7,0.1,0.1,0.0,71.9,31.3,57.2,99.0,99.8,1066.7,10.67,15,15,15,35,74,374,1,2,否,否,否,否,否,否,否,否,否,否,否,否,否,否,否,否,否,否,否,否,否,否,否,否,否,否,否,否,否,否,否,否,否,否,否,否,否,40.0,39,39,46,97.0,100.0,否,否,24292,21074,0.0,1.1,1.1,0.000,0.069,5163,1728,41,0.001,100.0,1066.0,0.0,0.0,0.0,0.0,0.0,0.0,0.0,317,否,否,否,否,否,否,7.334,23.883,57.8,-12.387,25.2,115.7,7.2,60.6,0.7,0.7,0.7,0.7,7.2,60.3,0.7,0.7,0.7,0.7,139.66,1360.20,14.29,14.02,1532.07,1532.07,0.32,139.37,139.29,0.38,232.42,0,0,0.0,0.0,0,0.000,
17.9.2026,22:56:48.973,6025,33487,15.2,5716,10466,35.3,0.0,23329,0,0.762,0.790,0.760,0.750,0.747,0.706,0.691,1200.0,1200.0,1200.0,1200.0,1200.0,100.0,1300.0,185.1,503.8,544.1,400.7,27.1,3.4,0.2,1.7,0.2,185.1,13.9,36.7,40.1,32.8,0.9,0.0,0.0,0.4,0.0,40.1,13.9,100.0,7.6,20.6,22.5,16.6,1.1,0.1,0.0,0.1,0.0,7.6,12.0,12.0,12.0,12.0,12.0,13.0,40,40,40,41,39,60,60,60,59,61,42,41,否,否,否,否,否,否,否,否,否,否,否,否,否,否,否,否,否,否,42,42,41,0.250,3.515,0.602,0.001,10.971,1.267,0.369,1.160,35.0,30.0,64.0,64.0,0,0.6,0.6,0.0,0.0,0.0,14.3,37.4,40.4,33.6,2.3,0.3,0.0,0.1,0.0,72.4,26.0,64.2,99.5,99.8,1600.0,16.00,22,22,22,52,74,560,1,2,是,否,否,否,否,否,否,否,否,否,是,否,否,否,否,否,否,否,否,否,否,否,否,否,否,否,否,否,否,否,否,否,否,否,否,否,否,41.0,39,39,45,97.0,100.0,否,否,24292,21074,0.0,1.1,1.1,0.000,0.151,5163,1728,42,0.001,100.0,1066.0,0.0,0.0,0.0,0.0,0.0,0.0,0.0,317,否,否,否,否,否,否,7.378,23.875,57.8,-12.299,25.2,116.5,7.2,60.6,0.7,0.7,0.7,0.7,7.2,60.3,0.7,0.7,0.7,0.7,139.66,1360.20,14.29,14.02,1532.07,1532.07,0.32,139.37,139.29,0.38,232.42,0,0,0.0,0.0,0,0.000,
17.9.2026,22:56:50.975,6021,33491,15.2,5712,10471,35.2,0.0,23329,0,0.846,1.127,0.762,0.747,0.747,0.966,0.693,1950.0,4199.9,1200.0,1200.0,1200.0,100.0,3599.9,184.0,611.1,506.6,309.1,17.5,17.6,0.2,9.6,0.2,184.0,13.8,43.6,34.8,26.1,2.1,2.1,0.7,0.0,0.7,43.6,13.8,100.0,7.6,25.0,20.8,12.8,0.7,0.7,0.0,0.4,0.0,7.6,19.5,42.0,12.0,12.0,12.0,36.0,41,42,40,42,39,59,58,60,58,61,42,42,否,否,否,否,否,否,否,否,否,否,否,否,否,否,否,否,否,否,42,42,41,0.250,3.639,0.665,0.002,11.206,1.258,0.369,1.230,35.0,30.0,64.0,64.0,0,0.5,0.5,0.0,0.0,0.0,13.7,44.5,35.4,25.9,1.5,1.5,0.0,0.8,0.0,73.1,22.9,72.0,98.4,99.1,1066.7,10.67,15,15,15,35,74,374,1,2,是,否,否,否,否,否,否,否,否,否,是,否,否,否,否,否,否,否,否,否,否,否,否,否,否,否,否,否,否,否,否,否,否,否,否,否,否,40.0,39,39,47,97.0,100.0,否,否,24292,21074,2.7,1.2,3.9,18.466,0.533,5199,1729,41,0.002,100.0,1599.0,0.0,0.0,0.0,0.0,0.0,0.0,0.0,317,否,否,否,否,否,否,7.398,23.875,57.8,-12.236,25.2,117.1,7.2,60.6,0.7,0.7,0.7,0.7,7.2,60.3,0.7,0.7,0.7,0.7,139.66,1360.20,14.29,14.02,1532.07,1532.07,0.32,139.37,139.29,0.38,232.42,0,0,0.0,0.0,0,0.000,
17.9.2026,22:56:52.979,6032,33479,15.2,5730,10453,35.4,0.0,23329,0,0.834,0.920,0.762,0.750,0.905,0.686,0.693,2100.0,3100.0,1200.0,1200.0,2900.0,100.0,1000.0,191.3,809.2,496.5,138.5,27.5,23.2,30.9,4.0,0.2,191.3,13.1,56.3,30.7,10.8,1.2,0.0,1.6,3.9,0.0,56.3,13.1,100.0,7.8,32.9,20.1,5.6,1.1,0.9,1.3,0.2,0.0,7.8,21.0,31.0,12.0,12.0,29.0,10.0,41,40,41,42,40,59,60,59,58,60,42,42,否,否,否,否,否,否,否,否,否,否,否,否,否,否,否,否,否,否,43,43,42,0.250,3.868,0.747,0.001,11.549,1.266,0.375,1.367,35.0,30.0,64.0,64.0,0,1.4,0.8,0.0,0.0,0.0,13.5,57.7,31.7,11.3,2.2,1.8,2.5,0.3,0.0,72.1,6.6,86.5,95.7,99.6,1066.7,10.67,15,15,15,35,74,374,1,2,是,否,否,否,否,否,否,否,否,否,是,否,否,否,否,否,否,否,否,否,否,否,否,否,否,否,否,否,否,否,否,否,否,否,否,否,否,41.0,39,39,50,97.0,100.0,否,否,24292,21074,5.3,1.3,6.6,36.153,2.229,5267,1733,42,0.001,100.0,1066.0,0.0,0.0,0.0,0.0,0.0,0.0,0.0,317,否,否,否,否,否,否,7.303,23.867,57.8,-12.189,25.2,117.5,7.2,60.6,0.7,0.7,0.7,0.7,7.2,60.3,0.7,0.7,0.7,0.7,139.66,1360.20,14.29,14.02,1532.07,1532.07,0.32,139.37,139.29,0.38,232.42,0,0,0.0,0.0,0,0.000,
17.9.2026,22:56:54.999,6031,33480,15.2,5730,10452,35.4,0.0,23329,0,0.762,0.792,0.760,0.750,0.747,0.686,0.691,1200.0,1200.0,1200.0,1200.0,1200.0,100.0,1000.0,221.4,686.6,572.8,355.3,139.0,14.7,0.2,2.1,0.2,221.4,16.6,48.9,39.2,28.9,11.4,3.7,0.4,0.0,0.0,48.9,16.6,100.0,9.0,27.8,23.4,14.3,5.6,0.6,0.0,0.1,0.0,9.0,12.0,12.0,12.0,12.0,12.0,10.0,40,40,40,42,40,60,60,60,58,60,42,42,否,否,否,否,否,否,否,否,否,否,否,否,否,否,否,否,否,否,42,42,42,0.250,4.740,0.982,0.004,13.253,1.307,0.409,1.945,35.0,30.0,64.0,64.0,0,1.7,1.1,0.0,0.0,0.0,16.5,50.1,39.7,29.6,11.4,1.2,0.0,0.1,0.0,70.1,16.9,64.9,98.6,99.8,1066.7,10.67,15,15,15,35,74,374,1,2,是,否,否,否,否,否,否,否,否,否,是,否,否,否,否,否,否,否,否,否,否,否,否,否,否,否,否,否,否,否,否,否,否,否,否,否,否,42.0,39,39,51,97.0,100.0,否,否,24292,21074,8.8,1.5,10.2,50.718,3.922,5365,1741,42,0.004,100.0,1066.0,0.0,0.0,0.0,0.0,0.0,0.0,0.0,317,否,否,否,否,否,否,7.319,23.860,57.8,-12.428,25.2,115.2,7.2,60.6,0.7,0.7,0.7,0.7,7.2,60.3,0.7,0.7,0.7,0.7,139.66,1360.20,14.29,14.02,1532.07,1532.07,0.32,139.37,139.29,0.38,232.42,0,0,0.0,0.0,0,0.000,
17.9.2026,22:56:57.006,6034,33477,15.2,5732,10450,35.4,0.0,23329,0,0.771,0.815,0.760,0.762,0.747,0.946,0.731,1375.0,1600.0,1200.0,1500.0,1200.0,100.0,3499.9,185.8,735.1,519.5,153.9,61.2,14.8,0.6,0.8,0.2,185.8,13.0,51.1,31.3,11.9,5.9,2.1,0.3,1.1,0.3,51.1,13.0,100.0,7.5,29.9,21.0,6.2,2.5,0.6,0.0,0.0,0.0,7.5,13.8,16.0,12.0,15.0,12.0,35.0,41,38,41,44,40,59,62,59,56,60,43,44,否,否,否,否,否,否,否,否,否,否,否,否,否,否,否,否,否,否,43,43,42,0.250,4.706,0.952,0.003,13.254,1.303,0.406,1.952,35.0,30.0,64.0,64.0,0,1.0,0.6,0.0,0.0,0.0,13.0,52.7,32.7,12.8,5.0,1.1,0.0,0.1,0.0,72.6,9.3,82.2,98.8,99.9,1066.7,10.67,15,15,15,35,74,374,1,2,是,否,否,否,否,否,否,否,否,否,是,否,否,否,否,否,否,否,否,否,否,否,否,否,否,否,否,否,否,否,否,否,否,否,否,否,否,42.0,39,39,51,97.0,100.0,否,否,24292,21074,2.5,1.6,4.0,21.111,2.672,5406,1746,42,0.003,100.0,1066.0,0.0,0.0,0.0,0.0,0.0,0.0,0.0,317,否,否,否,否,否,否,7.316,23.852,57.7,-12.584,25.2,113.7,7.2,60.6,0.7,0.7,0.7,0.7,7.2,60.3,0.7,0.7,0.7,0.7,139.66,1360.20,14.29,14.02,1532.07,1532.07,0.32,139.37,139.29,0.38,232.42,0,0,0.0,0.0,0,0.000,
17.9.2026,22:56:59.005,6038,33474,15.2,5740,10443,35.4,0.0,23329,0,0.786,0.882,0.765,0.747,0.747,0.796,0.693,1550.0,2600.0,1200.0,1200.0,1200.0,100.0,2400.0,180.6,755.5,566.6,104.2,11.8,3.4,0.2,3.0,0.2,180.6,13.0,55.2,40.3,8.8,0.0,0.0,0.0,0.0,0.0,55.2,13.0,100.0,7.3,30.2,23.2,4.3,0.5,0.1,0.0,0.1,0.0,7.3,15.5,26.0,12.0,12.0,12.0,24.0,40,40,41,42,39,60,60,59,58,61,42,42,否,否,否,否,否,否,否,否,否,否,否,否,否,否,否,否,否,否,43,43,42,0.250,4.733,0.998,0.001,13.252,1.316,0.418,1.915,35.0,30.0,64.0,64.0,0,0.2,0.1,0.0,0.0,0.0,13.6,57.8,41.1,8.5,1.0,0.3,0.0,0.3,0.0,73.9,6.0,90.1,99.6,99.7,1066.7,10.67,15,15,15,35,74,374,1,2,是,否,否,否,否,否,否,否,否,否,是,否,否,否,否,否,否,否,否,否,否,否,否,否,否,否,否,否,否,否,否,否,否,否,否,否,否,42.0,39,39,49,97.0,100.0,否,否,24292,21074,11.6,1.2,12.8,3.081,0.533,5411,1747,42,0.001,100.0,1066.0,0.0,0.0,0.0,0.0,0.0,0.0,0.0,317,否,否,否,否,否,否,7.372,23.844,57.7,-12.835,25.2,111.5,7.2,60.6,0.7,0.7,0.7,0.7,7.2,60.3,0.7,0.7,0.7,0.7,139.66,1360.20,14.29,14.02,1532.07,1532.07,0.32,139.37,139.29,0.38,232.42,0,0,0.0,0.0,0,0.000,
17.9.2026,22:57:0.995,6044,33467,15.2,5755,10427,35.5,0.0,23329,0,0.811,0.820,0.762,0.757,0.902,0.718,0.691,1800.0,1700.0,1200.0,1400.0,2900.0,100.0,1500.0,188.7,639.5,620.3,179.0,64.7,4.3,0.2,1.6,0.2,188.7,14.1,47.1,44.8,13.4,4.8,1.6,0.0,1.4,0.0,47.1,14.1,100.0,7.7,26.2,25.3,7.2,2.6,0.2,0.0,0.1,0.0,7.7,18.0,17.0,12.0,14.0,29.0,15.0,40,39,41,42,40,60,61,59,58,60,43,42,否,否,否,否,否,否,否,否,否,否,否,否,否,否,否,否,否,否,42,42,43,0.250,3.867,0.757,0.000,12.211,1.260,0.321,1.369,35.0,30.0,64.0,64.0,0,0.3,0.1,0.0,0.0,0.0,14.1,47.6,45.4,14.3,5.2,0.4,0.0,0.1,0.0,70.5,1.3,81.5,99.4,99.8,1066.7,10.67,15,15,15,35,74,374,1,2,是,否,否,否,否,否,否,否,否,否,是,否,否,否,否,否,否,否,否,否,否,否,否,否,否,否,否,否,否,否,否,否,否,否,否,否,否,41.0,39,39,49,97.0,100.0,否,否,24292,21074,1.7,2.8,4.5,0.749,3.776,5413,1754,43,0.000,100.0,1066.0,0.0,0.0,0.0,0.0,0.0,0.0,0.0,317,否,否,否,否,否,否,7.285,23.829,57.7,-12.676,25.2,112.8,7.2,60.6,0.7,0.7,0.7,0.7,7.2,60.3,0.7,0.7,0.7,0.7,139.66,1360.20,14.29,14.02,1532.07,1532.07,0.32,139.37,139.29,0.38,232.42,0,0,0.0,0.0,0,0.000,
17.9.2026,22:57:3.010,6045,33466,15.3,5755,10427,35.5,0.0,23329,0,0.764,0.792,0.762,0.752,0.747,0.686,0.733,1200.0,1200.0,1200.0,1200.0,1200.0,100.0,1000.0,182.9,488.0,527.5,298.6,132.0,15.0,0.5,0.9,0.4,182.9,13.4,34.9,37.6,23.7,10.3,0.0,0.3,0.0,0.3,37.6,13.4,100.0,7.4,19.6,21.5,12.2,5.4,0.6,0.0,0.0,0.0,7.4,12.0,12.0,12.0,12.0,12.0,10.0,40,37,40,42,39,60,63,60,58,61,42,42,否,否,否,否,否,否,否,否,否,否,否,否,否,否,否,否,否,否,42,42,42,0.250,4.111,0.873,0.000,12.067,1.278,0.385,1.469,35.0,30.0,64.0,64.0,0,0.9,1.6,0.0,0.0,0.0,14.1,36.6,38.9,24.7,10.9,1.2,0.0,0.1,0.0,72.0,24.2,65.4,98.6,99.8,1066.7,10.67,15,15,15,35,74,374,1,2,是,否,否,否,否,否,否,否,否,否,是,否,否,否,否,否,否,否,否,否,否,否,否,否,否,否,否,否,否,否,否,否,否,否,否,否,否,42.0,39,39,48,97.0,100.0,否,否,24292,21074,5.6,3.1,8.7,0.855,2.205,5415,1758,42,0.000,100.0,1066.0,0.0,0.0,0.0,0.0,0.0,0.0,0.0,317,否,否,否,否,否,否,7.387,23.829,57.7,-12.765,25.2,112.0,7.2,60.6,0.7,0.7,0.7,0.7,7.2,60.3,0.7,0.7,0.7,0.7,139.66,1360.20,14.29,14.02,1532.07,1532.07,0.32,139.37,139.29,0.38,232.42,0,0,0.0,0.0,0,0.000,
17.9.2026,22:57:5.021,6038,33474,15.2,5746,10437,35.5,0.0,23329,0,0.929,0.902,1.165,0.902,0.745,0.946,0.691,2800.0,2900.0,4199.9,2900.0,1200.0,100.0,3499.9,179.7,688.6,553.7,104.0,81.2,8.8,0.2,0.8,0.2,179.7,13.2,49.0,38.0,8.5,8.4,1.3,0.0,0.0,0.0,49.0,13.2,100.0,7.2,27.7,22.3,4.1,3.2,0.3,0.0,0.0,0.0,7.2,28.0,29.0,42.0,29.0,12.0,35.0,40,37,44,41,40,60,63,56,59,60,43,44,否,否,否,否,否,否,否,否,否,否,否,否,否,否,否,否,否,否,42,42,42,8.500,4.051,0.777,0.000,12.004,1.290,0.385,1.491,35.0,30.0,64.0,64.0,0,2.0,2.9,0.0,0.0,0.0,13.2,50.6,38.9,8.4,6.7,0.7,0.0,0.1,0.0,74.1,12.1,85.3,99.2,99.9,1066.7,10.67,15,15,15,35,74,374,1,2,是,否,否,否,否,否,否,否,否,否,是,否,否,否,否,否,否,否,否,否,否,否,否,否,否,否,否,否,否,否,否,否,否,否,否,否,否,41.0,39,39,51,97.0,100.0,否,否,24292,21074,4.4,2.9,7.2,0.645,4.100,5416,1766,43,0.000,100.0,1066.0,0.0,0.0,0.0,0.0,0.0,0.0,0.0,317,否,否,否,否,否,否,7.294,23.814,57.6,-12.728,25.2,112.2,7.2,60.6,0.7,0.7,0.7,0.7,7.2,60.3,0.7,0.7,0.7,0.7,139.66,1360.20,14.29,14.02,1532.07,1532.07,0.32,139.37,139.29,0.38,232.42,0,0,0.0,0.0,0,0.000,
17.9.2026,22:57:7.029,6042,33469,15.2,5747,10436,35.5,0.0,23329,0,0.766,0.807,0.762,0.747,0.747,0.706,0.693,1275.0,1500.0,1200.0,1200.0,1200.0,100.0,1300.0,200.3,741.4,575.7,209.5,62.9,10.0,0.3,2.2,0.3,200.3,13.2,49.5,36.5,15.2,3.9,0.0,0.0,0.2,0.0,49.5,13.2,100.0,8.1,30.1,23.4,8.5,2.6,0.4,0.0,0.1,0.0,8.1,12.8,15.0,12.0,12.0,12.0,13.0,40,38,41,42,39,60,62,59,58,61,42,42,否,否,否,否,否,否,否,否,否,否,否,否,否,否,否,否,否,否,42,42,42,0.250,4.602,0.867,0.002,13.095,1.312,0.438,1.921,35.0,30.0,64.0,64.0,0,1.5,1.6,0.0,0.0,0.0,13.9,51.2,38.1,16.4,4.8,0.8,0.0,0.2,0.0,72.7,12.1,79.7,99.0,99.8,1066.7,10.67,15,15,15,35,74,374,1,2,是,否,否,否,否,否,否,否,否,否,是,否,否,否,否,否,否,否,否,否,否,否,否,否,否,否,否,否,否,否,否,否,否,否,否,否,否,41.0,39,39,51,97.0,100.0,否,否,24292,21074,9.2,1.3,10.5,33.777,2.108,5480,1770,42,0.002,100.0,1066.0,0.0,0.0,0.0,0.0,0.0,0.0,0.0,317,否,否,否,否,否,否,7.310,23.814,57.6,-12.888,25.2,110.8,7.2,60.6,0.7,0.7,0.7,0.7,7.2,60.3,0.7,0.7,0.7,0.7,139.66,1360.20,14.29,14.02,1532.07,1532.07,0.32,139.37,139.29,0.38,232.42,0,0,0.0,0.0,0,0.000,
17.9.2026,22:57:9.032,6042,33469,15.2,5755,10427,35.5,0.0,23329,0,0.806,1.005,0.762,0.707,0.747,0.928,0.733,1600.0,3599.9,1200.0,400.0,1200.0,100.0,3399.9,173.6,701.8,506.2,121.1,56.6,2.3,0.3,0.4,0.3,173.6,12.0,49.2,33.7,9.8,3.5,0.0,0.0,0.0,0.0,49.2,12.0,100.0,6.9,27.7,20.3,4.7,2.2,0.1,0.0,0.0,0.0,6.9,16.0,36.0,12.0,4.0,12.0,34.0,40,39,40,42,40,60,61,60,58,60,43,42,否,否,否,否,否,否,否,否,否,否,否,否,否,否,否,否,否,否,42,42,42,0.250,4.772,1.044,0.004,13.207,1.312,0.413,1.910,35.0,30.0,64.0,64.0,0,2.0,2.2,0.0,0.0,0.0,12.6,51.6,34.6,9.9,4.6,0.2,0.0,0.0,0.0,73.4,8.4,85.6,99.7,99.9,1066.7,10.67,15,15,15,35,74,374,1,2,是,否,否,否,否,否,否,否,否,否,是,否,否,否,否,否,否,否,否,否,否,否,否,否,否,否,否,否,否,否,否,否,否,否,否,否,否,42.0,39,39,51,97.0,100.0,否,否,24292,21074,19.3,6.3,25.6,6.904,5.515,5493,1781,42,0.004,100.0,1066.0,0.0,0.0,0.0,0.0,0.0,0.0,0.0,317,否,否,否,否,否,否,7.316,23.814,57.6,-13.001,25.2,109.9,7.2,60.6,0.7,0.7,0.7,0.7,7.2,60.3,0.7,0.7,0.7,0.7,139.66,1360.20,14.29,14.02,1532.07,1532.07,0.32,139.37,139.29,0.38,232.42,0,0,0.0,0.0,0,0.000,
17.9.2026,22:57:11.038,6055,33457,15.3,5769,10414,35.6,0.0,23329,0,0.765,0.792,0.762,0.757,0.747,0.686,0.691,1250.0,1200.0,1200.0,1400.0,1200.0,100.0,1000.0,187.7,758.2,562.8,144.2,27.1,2.9,4.9,1.3,0.2,187.7,14.1,54.2,38.0,11.4,3.4,5.9,0.2,0.0,0.0,54.2,14.1,100.0,7.7,31.0,23.1,5.9,1.1,0.1,0.2,0.0,0.0,7.7,12.5,12.0,12.0,14.0,12.0,10.0,40,38,41,42,41,60,62,59,58,59,43,42,否,否,否,否,否,否,否,否,否,否,否,否,否,否,否,否,否,否,43,42,43,0.250,4.617,0.864,0.003,13.047,1.307,0.398,1.947,35.0,30.0,64.0,64.0,0,1.5,1.3,0.0,0.0,0.0,13.6,55.3,38.9,11.9,2.2,0.2,0.4,0.1,0.0,73.5,9.2,85.7,99.3,99.8,1600.0,16.00,22,22,22,52,74,560,1,2,是,否,否,否,否,否,否,否,否,否,是,否,否,否,否,否,否,否,否,否,否,否,否,否,否,否,否,否,否,否,否,否,否,否,否,否,否,41.0,39,39,51,97.0,100.0,否,否,24292,21074,0.2,1.6,1.7,0.031,2.015,5493,1785,42,0.003,100.0,1066.0,0.0,0.0,0.0,0.0,0.0,0.0,0.0,317,否,否,否,否,否,否,7.340,23.806,57.6,-13.058,25.2,109.4,7.2,60.6,0.7,0.7,0.7,0.7,7.2,60.3,0.7,0.7,0.7,0.7,139.66,1360.20,14.29,14.02,1532.07,1532.07,0.32,139.37,139.29,0.38,232.42,0,0,0.0,0.0,0,0.000,
17.9.2026,22:57:13.049,6055,33457,15.3,5770,10413,35.6,0.0,23329,0,0.914,1.085,0.922,0.747,0.902,0.963,0.691,2750.0,3999.9,2900.0,1200.0,2900.0,100.0,3599.9,190.6,557.0,587.7,284.8,78.0,5.7,0.5,10.5,0.3,190.6,13.0,35.1,39.7,21.6,5.0,0.0,0.4,2.0,0.4,39.7,13.0,100.0,7.7,22.3,24.0,11.5,3.2,0.2,0.0,0.4,0.0,7.7,27.5,40.0,29.0,12.0,29.0,36.0,41,42,40,43,40,59,58,60,57,60,43,43,否,否,否,否,否,否,否,否,否,否,否,否,否,否,否,否,否,否,43,43,43,0.250,4.189,0.906,0.001,12.726,1.290,0.405,1.495,35.0,30.0,64.0,64.0,0,3.0,2.6,0.0,0.0,0.0,13.5,36.7,40.8,22.7,6.2,0.5,0.0,0.9,0.0,73.6,25.3,70.8,99.3,99.1,1066.7,10.67,15,15,15,35,74,374,1,2,是,否,否,否,否,否,否,否,否,否,是,否,否,否,否,否,否,否,否,否,否,否,否,否,否,否,否,否,否,否,否,否,否,否,否,否,否,42.0,39,39,52,97.0,100.0,否,否,24292,21074,0.0,1.1,1.1,0.000,1.537,5493,1787,43,0.001,100.0,1599.0,0.0,0.0,0.0,0.0,0.0,0.0,0.0,317,否,否,否,否,否,否,7.303,23.799,57.6,-13.094,25.2,109.0,7.2,60.6,0.7,0.7,0.7,0.7,7.2,60.3,0.7,0.7,0.7,0.7,139.66,1360.20,14.29,14.02,1532.07,1532.07,0.32,139.37,139.29,0.38,232.42,0,0,0.0,0.0,0,0.000,
17.9.2026,22:57:15.062,6054,33458,15.3,5770,10412,35.6,0.0,23329,0,0.763,0.792,0.762,0.750,0.747,0.706,0.693,1200.0,1200.0,1200.0,1200.0,1200.0,100.0,1300.0,187.5,605.9,594.1,232.3,58.7,5.3,1.4,1.6,0.7,187.5,13.0,39.0,41.0,18.6,4.7,0.4,0.0,0.0,0.0,41.0,13.0,100.0,7.6,24.4,24.3,9.4,2.4,0.2,0.0,0.0,0.0,7.6,12.0,12.0,12.0,12.0,12.0,13.0,40,38,41,42,41,60,62,59,58,59,42,42,否,否,否,否,否,否,否,否,否,否,否,否,否,否,否,否,否,否,43,43,43,0.250,4.760,0.970,0.003,13.303,1.329,0.445,1.950,35.0,30.0,64.0,64.0,0,3.6,4.5,0.0,0.0,0.0,13.2,40.2,41.7,19.1,4.2,0.5,0.1,0.1,0.0,74.2,21.5,76.4,99.3,99.8,1066.7,10.67,15,15,15,35,74,374,1,2,是,否,否,否,否,否,否,否,否,否,是,否,否,否,否,否,否,否,否,否,否,否,否,否,否,否,否,否,否,否,否,否,否,否,否,否,否,42.0,40,40,52,97.0,100.0,否,否,24292,21074,0.0,3.4,3.4,0.000,1.413,5493,1790,42,0.003,100.0,1066.0,0.0,0.0,0.0,0.0,0.0,0.0,0.0,317,否,否,否,否,否,否,7.295,23.791,57.6,-13.182,25.2,108.3,7.2,60.6,0.7,0.7,0.7,0.7,7.2,60.3,0.7,0.7,0.7,0.7,139.66,1360.20,14.29,14.02,1532.07,1532.07,0.32,139.37,139.29,0.38,232.42,0,0,0.0,0.0,0,0.000,
17.9.2026,22:57:17.071,6049,33463,15.3,5767,10415,35.6,0.0,23329,0,0.828,1.045,0.775,0.747,0.745,0.963,0.733,1900.0,3799.9,1400.0,1200.0,1200.0,100.0,3599.9,190.0,565.3,574.8,288.0,84.5,5.9,0.2,1.1,0.2,190.0,13.2,35.6,38.4,23.9,5.8,0.9,0.0,1.3,0.0,38.4,13.2,100.0,7.7,22.6,23.4,11.8,3.5,0.2,0.0,0.0,0.0,7.7,19.0,38.0,14.0,12.0,12.0,36.0,41,43,39,42,39,59,57,61,58,61,43,43,否,否,否,否,否,否,否,否,否,否,否,否,否,否,否,否,否,否,43,42,43,0.250,4.727,0.953,0.003,13.236,1.317,0.431,1.954,35.0,30.0,64.0,64.0,0,3.4,3.2,0.0,0.0,0.0,13.4,36.9,39.0,24.0,7.0,0.5,0.0,0.1,0.0,74.0,27.5,69.2,99.3,99.9,1066.7,10.67,15,15,15,35,74,374,1,2,是,否,否,否,否,否,否,否,否,否,是,否,否,否,否,否,否,否,否,否,否,否,否,否,否,否,否,否,否,否,否,否,否,否,否,否,否,42.0,40,40,52,97.0,100.0,否,否,24292,21074,0.0,1.1,1.1,0.000,1.328,5493,1793,43,0.003,100.0,1066.0,0.0,0.0,0.0,0.0,0.0,0.0,0.0,317,否,否,否,否,否,否,7.312,23.783,57.6,-13.286,25.2,107.4,7.2,60.6,0.7,0.7,0.7,0.7,7.2,60.3,0.7,0.7,0.7,0.7,139.66,1360.20,14.29,14.02,1532.07,1532.07,0.32,139.37,139.29,0.38,232.42,0,0,0.0,0.0,0,0.000,
17.9.2026,22:57:19.067,6049,33463,15.3,5773,10409,35.6,0.0,23329,0,0.845,1.127,0.762,0.745,0.745,0.946,0.733,1950.0,4199.9,1200.0,1200.0,1200.0,100.0,3499.9,186.2,645.7,557.5,241.9,30.8,11.9,0.2,1.6,0.1,186.2,12.7,42.1,36.9,19.2,2.3,0.7,0.0,0.0,0.0,42.1,12.7,100.0,7.5,26.0,22.7,9.8,1.2,0.4,0.0,0.1,0.0,7.5,19.5,42.0,12.0,12.0,12.0,35.0,42,44,40,44,40,58,56,60,56,60,44,44,否,否,否,否,否,否,否,否,否,否,否,否,否,否,否,否,否,否,43,42,43,0.250,4.711,0.928,0.010,13.233,1.320,0.428,1.949,35.0,30.0,64.0,64.0,0,3.1,4.2,0.0,0.0,0.0,13.1,43.3,37.7,19.8,2.6,0.9,0.0,0.1,0.0,74.1,20.3,77.2,98.9,99.8,1600.0,16.00,22,22,22,52,74,560,1,2,是,否,否,否,否,否,否,否,否,否,是,否,否,否,否,否,否,否,否,否,否,否,否,否,否,否,否,否,否,否,否,否,否,否,否,否,否,41.0,40,40,53,97.0,100.0,否,否,24292,21074,0.0,3.8,3.8,0.000,1.323,5493,1795,42,0.010,100.0,1066.0,0.0,0.0,0.0,0.0,0.0,0.0,0.0,317,否,否,否,否,否,否,7.308,23.776,57.6,-13.337,25.2,107.0,7.2,60.6,0.7,0.7,0.7,0.7,7.2,60.3,0.7,0.7,0.7,0.7,139.66,1360.20,14.29,14.02,1532.07,1532.07,0.32,139.37,139.29,0.38,232.42,0,0,0.0,0.0,0,0.000,
17.9.2026,22:57:21.059,6052,33459,15.3,5779,10404,35.7,0.0,23329,0,0.839,0.790,0.922,0.900,0.745,0.946,0.733,2050.0,1200.0,2900.0,2900.0,1200.0,100.0,3499.9,191.2,546.7,653.4,255.4,32.3,26.5,1.0,13.7,0.2,191.2,15.9,36.4,45.0,20.9,3.7,1.8,1.3,16.9,1.2,45.0,15.9,100.0,7.8,22.3,27.0,10.5,1.3,1.1,0.0,0.6,0.0,7.8,20.5,12.0,29.0,29.0,12.0,35.0,42,43,40,43,42,58,57,60,57,58,43,43,否,否,否,否,否,否,否,否,否,否,否,否,否,否,否,否,否,否,43,43,42,0.250,4.773,0.986,0.007,13.254,1.324,0.430,1.952,35.0,30.0,64.0,64.0,0,1.5,1.3,0.0,0.0,0.0,13.8,37.6,45.7,21.4,2.6,2.1,0.0,1.0,0.0,71.5,14.1,75.3,97.7,98.9,1066.7,10.67,15,15,15,35,74,374,1,2,是,否,否,否,否,否,否,否,否,否,是,否,否,否,否,否,否,否,否,否,否,否,否,否,否,否,否,否,否,否,否,否,否,否,否,否,否,41.0,40,40,53,97.0,100.0,否,否,24292,21074,0.0,0.6,0.6,0.000,0.595,5493,1796,42,0.007,100.0,1599.0,0.0,0.0,0.0,0.0,0.0,0.0,0.0,317,否,否,否,否,否,否,7.292,23.760,57.5,-13.374,25.2,106.6,7.2,60.6,0.7,0.7,0.7,0.7,7.2,60.3,0.7,0.7,0.7,0.7,139.66,1360.20,14.29,14.02,1532.07,1532.07,0.32,139.37,139.29,0.38,232.42,0,0,0.0,0.0,0,0.000,
17.9.2026,22:57:23.062,6053,33459,15.3,5777,10405,35.7,0.0,23329,0,0.878,0.790,0.922,0.897,0.902,0.683,0.691,2475.0,1200.0,2900.0,2900.0,2900.0,100.0,1000.0,201.3,645.9,716.7,190.7,50.6,4.3,0.8,1.6,0.2,201.3,13.7,43.4,48.8,15.1,2.3,0.1,0.0,0.0,0.0,48.8,13.7,100.0,8.3,26.5,29.6,7.7,2.1,0.2,0.0,0.1,0.0,8.3,24.8,12.0,29.0,29.0,29.0,10.0,41,42,41,42,40,59,58,59,58,60,42,42,否,否,否,否,否,否,否,否,否,否,否,否,否,否,否,否,否,否,44,44,43,0.250,4.705,0.940,0.001,13.325,1.312,0.415,1.952,35.0,30.0,64.0,64.0,0,0.3,0.1,0.0,0.0,0.0,14.3,44.3,49.3,15.9,4.1,0.3,0.0,0.1,0.0,70.6,3.2,79.8,99.5,99.9,1066.7,10.67,15,15,15,35,74,374,1,2,是,否,否,否,否,否,否,否,否,否,是,否,否,否,否,否,否,否,否,否,否,否,否,否,否,否,否,否,否,否,否,否,否,否,否,否,否,42.0,40,40,53,97.0,100.0,否,否,24292,21074,0.0,0.2,0.2,0.000,0.230,5493,1797,42,0.001,100.0,1066.0,0.0,0.0,0.0,0.0,0.0,0.0,0.0,317,否,否,否,否,否,否,7.292,23.753,57.5,-13.410,25.2,106.3,7.2,60.6,0.7,0.7,0.7,0.7,7.2,60.3,0.7,0.7,0.7,0.7,139.66,1360.20,14.29,14.02,1532.07,1532.07,0.32,139.37,139.29,0.38,232.42,0,0,0.0,0.0,0,0.000,
17.9.2026,22:57:25.073,6058,33454,15.3,5779,10403,35.7,0.0,23329,0,0.802,0.790,0.882,0.790,0.745,0.711,0.693,1750.0,1200.0,2600.0,2000.0,1200.0,100.0,1400.0,207.0,580.8,711.7,261.7,21.1,30.9,10.2,25.1,14.4,207.0,15.6,40.2,48.0,21.8,3.6,3.0,2.1,3.3,2.4,48.0,15.6,100.0,8.5,23.7,29.4,10.7,0.8,1.2,0.4,1.0,0.6,8.5,17.5,12.0,26.0,20.0,12.0,14.0,41,39,43,42,40,59,61,57,58,60,43,43,否,否,否,否,否,否,否,否,否,否,否,否,否,否,否,否,否,否,44,43,44,0.250,4.840,1.072,0.000,13.477,1.315,0.414,1.950,35.0,30.0,64.0,64.0,0,0.6,0.3,0.0,0.0,0.0,14.7,40.6,48.2,21.7,1.5,2.4,0.7,1.9,1.0,71.0,13.1,76.3,97.0,97.7,1066.7,10.67,15,15,15,35,74,374,1,2,是,否,否,否,否,否,否,否,否,否,是,否,否,否,否,否,否,否,否,否,否,否,否,否,否,否,否,否,否,否,否,否,否,否,否,否,否,41.0,40,40,53,97.0,100.0,否,否,24292,21074,0.0,0.2,0.2,0.000,0.266,5493,1797,42,0.000,100.0,1066.0,0.0,0.0,0.0,0.0,0.0,0.0,0.0,317,否,否,否,否,否,否,7.307,23.745,57.5,-13.525,25.2,105.3,7.2,60.6,0.7,0.7,0.7,0.7,7.2,60.3,0.7,0.7,0.7,0.7,139.66,1360.20,14.29,14.02,1532.07,1532.07,0.32,139.37,139.29,0.38,232.42,0,0,0.0,0.0,0,0.000,
17.9.2026,22:57:27.077,6052,33459,15.3,5783,10400,35.7,0.0,23329,0,0.878,0.787,0.922,0.900,0.902,0.946,0.691,2475.0,1200.0,2900.0,2900.0,2900.0,100.0,3499.9,197.8,569.8,639.1,251.6,65.5,23.4,18.1,11.7,3.1,197.8,13.6,39.6,44.2,19.6,4.0,1.1,0.2,0.4,0.0,44.2,13.6,100.0,8.1,23.4,26.4,10.2,2.7,0.9,0.7,0.4,0.1,8.1,24.8,12.0,29.0,29.0,29.0,35.0,41,43,40,42,39,59,57,60,58,61,43,43,否,否,否,否,否,否,否,否,否,否,否,否,否,否,否,否,否,否,44,44,43,0.250,4.794,1.036,0.001,13.432,1.307,0.412,1.951,35.0,30.0,64.0,64.0,0,0.5,0.3,0.0,0.0,0.0,14.5,40.7,45.0,20.5,5.3,1.8,1.5,1.0,0.2,71.3,16.4,74.2,96.3,98.4,1066.7,10.67,15,15,15,35,74,374,1,2,是,否,否,否,否,否,否,否,否,否,是,否,否,否,否,否,否,否,否,否,否,否,否,否,否,否,否,否,否,否,否,否,否,否,否,否,否,41.0,40,40,53,97.0,100.0,否,否,24292,21074,0.0,0.3,0.3,0.000,0.199,5493,1798,41,0.001,100.0,1066.0,0.0,0.0,0.0,0.0,0.0,0.0,0.0,317,否,否,否,否,否,否,7.306,23.745,57.5,-13.582,25.2,104.9,7.2,60.6,0.7,0.7,0.7,0.7,7.2,60.3,0.7,0.7,0.7,0.7,139.66,1360.20,14.29,14.02,1532.07,1532.07,0.32,139.37,139.29,0.38,232.42,0,0,0.0,0.0,0,0.000,
17.9.2026,22:57:29.088,6049,33462,15.3,5777,10406,35.6,0.0,23329,0,0.766,0.812,0.760,0.747,0.745,0.703,0.733,1300.0,1600.0,1200.0,1200.0,1200.0,100.0,1300.0,194.2,579.5,640.8,234.1,71.2,24.1,0.2,3.4,0.2,194.2,14.0,40.4,45.3,19.4,5.0,1.5,0.0,0.0,0.0,45.3,14.0,100.0,8.0,23.7,26.5,9.6,2.9,1.0,0.0,0.1,0.0,8.0,13.0,16.0,12.0,12.0,12.0,13.0,41,40,42,42,40,59,60,58,58,60,43,42,否,否,否,否,否,否,否,否,否,否,否,否,否,否,否,否,否,否,44,44,42,0.250,4.678,0.927,0.000,13.295,1.302,0.404,1.952,35.0,30.0,64.0,64.0,0,0.7,0.5,0.0,0.0,0.0,14.2,41.1,45.6,19.5,4.8,2.0,0.0,0.3,0.0,71.3,12.6,75.0,97.8,99.7,1066.7,10.67,15,15,15,35,74,374,1,2,是,否,否,否,否,否,否,否,否,否,是,否,否,否,否,否,否,否,否,否,否,否,否,否,否,否,否,否,否,否,否,否,否,否,否,否,否,41.0,40,40,54,97.0,100.0,否,否,24292,21074,0.0,0.3,0.3,0.000,0.305,5493,1798,42,0.000,100.0,1066.0,0.0,0.0,0.0,0.0,0.0,0.0,0.0,317,否,否,否,否,否,否,7.301,23.737,57.5,-13.594,25.2,104.8,7.2,60.6,0.7,0.7,0.7,0.7,7.2,60.3,0.7,0.7,0.7,0.7,139.66,1360.20,14.29,14.02,1532.07,1532.07,0.32,139.37,139.29,0.38,232.42,0,0,0.0,0.0,0,0.000,
17.9.2026,22:57:31.095,6054,33457,15.3,5780,10402,35.7,0.0,23329,0,0.841,0.790,0.922,0.747,0.902,0.703,0.691,2050.0,1200.0,2900.0,1200.0,2900.0,100.0,1300.0,195.0,625.7,678.2,200.8,36.1,16.9,0.5,1.6,0.3,195.0,14.4,42.7,47.8,16.3,2.2,2.1,0.1,3.9,0.1,47.8,14.4,100.0,8.0,25.7,28.0,8.2,1.5,0.7,0.0,0.0,0.0,8.0,20.5,12.0,29.0,12.0,29.0,13.0,41,41,41,42,40,59,59,59,58,60,43,42,否,否,否,否,否,否,否,否,否,否,否,否,否,否,否,否,否,否,46,46,43,0.250,4.675,0.933,0.000,13.284,1.319,0.418,1.929,35.0,30.0,64.0,64.0,0,0.3,0.1,0.0,0.0,0.0,14.1,43.2,48.2,16.7,2.9,1.4,0.0,0.1,0.0,70.5,4.1,79.6,98.4,99.8,1066.7,10.67,15,15,15,35,74,374,1,2,是,否,否,否,否,否,否,否,否,否,是,否,否,否,否,否,否,否,否,否,否,否,否,否,否,否,否,否,否,否,否,否,否,否,否,否,否,41.0,40,40,54,97.0,100.0,否,否,24292,21074,0.0,0.3,0.3,0.000,0.235,5493,1799,43,0.000,100.0,1066.0,0.0,0.0,0.0,0.0,0.0,0.0,0.0,317,否,否,否,否,否,否,7.302,23.730,57.4,-13.647,25.2,104.3,7.2,60.6,0.7,0.7,0.7,0.7,7.2,60.3,0.7,0.7,0.7,0.7,139.66,1360.20,14.29,14.02,1532.07,1532.07,0.32,139.37,139.29,0.38,232.42,0,0,0.0,0.0,0,0.000,
17.9.2026,22:57:33.106,6055,33457,15.3,5778,10405,35.7,0.0,23329,0,0.802,0.787,0.780,0.897,0.745,0.963,0.691,1700.0,1200.0,1500.0,2900.0,1200.0,100.0,3599.9,200.4,638.2,723.0,169.1,60.8,6.2,2.6,2.4,1.0,200.4,13.7,43.0,48.3,13.1,5.0,0.0,0.2,0.0,0.1,48.3,13.7,100.0,8.2,26.2,29.9,6.8,2.5,0.2,0.1,0.1,0.0,8.2,17.0,12.0,15.0,29.0,12.0,36.0,42,43,41,43,40,58,57,59,57,60,43,43,否,否,否,否,否,否,否,否,否,否,否,否,否,否,否,否,否,否,47,47,42,0.250,4.702,0.941,0.000,13.328,1.308,0.403,1.946,35.0,30.0,64.0,64.0,0,0.3,0.2,0.0,0.0,0.0,14.2,44.1,49.2,14.2,5.0,0.5,0.2,0.2,0.1,70.8,4.2,80.1,99.2,99.7,1066.7,10.67,15,15,15,35,74,374,1,2,是,否,否,否,否,否,否,否,否,否,是,否,否,否,否,否,否,否,否,否,否,否,否,否,否,否,否,否,否,否,否,否,否,否,否,否,否,41.0,40,40,54,97.0,100.0,否,否,24292,21074,0.0,0.2,0.2,0.000,0.247,5493,1799,43,0.000,100.0,1066.0,0.0,0.0,0.0,0.0,0.0,0.0,0.0,317,否,否,否,否,否,否,7.295,23.722,57.4,-13.664,25.2,104.2,7.2,60.6,0.7,0.7,0.7,0.7,7.2,60.3,0.7,0.7,0.7,0.7,139.66,1360.20,14.29,14.02,1532.07,1532.07,0.32,139.37,139.29,0.38,232.42,0,0,0.0,0.0,0,0.000,
17.9.2026,22:57:35.119,6055,33456,15.3,5776,10407,35.6,0.0,23329,0,0.760,0.790,0.760,0.745,0.745,0.683,0.691,1200.0,1200.0,1200.0,1200.0,1200.0,100.0,1000.0,198.9,626.6,597.1,248.8,102.2,15.0,0.2,1.0,0.2,198.9,14.6,42.1,40.9,20.0,8.4,0.0,0.1,5.3,0.1,42.1,14.6,100.0,8.2,25.7,24.6,10.2,4.2,0.6,0.0,0.1,0.0,8.2,12.0,12.0,12.0,12.0,12.0,10.0,41,42,40,43,39,59,58,60,57,61,43,43,否,否,否,否,否,否,否,否,否,否,否,否,否,否,否,否,否,否,52,52,42,0.250,4.802,1.040,0.000,13.427,1.311,0.407,1.952,35.0,30.0,64.0,64.0,0,0.8,0.4,0.0,0.0,0.0,14.3,42.9,41.5,20.5,8.5,1.1,0.0,0.1,0.0,71.5,16.8,70.8,98.6,99.8,1066.7,10.67,15,15,15,35,74,374,1,2,是,否,否,否,否,否,否,否,否,否,是,否,否,否,否,否,否,否,否,否,否,否,否,否,否,否,否,否,否,否,否,否,否,否,否,否,否,41.0,40,40,54,97.0,100.0,否,否,24292,21074,0.0,0.6,0.6,0.000,0.847,5493,1801,43,0.000,100.0,1066.0,0.0,0.0,0.0,0.0,0.0,0.0,0.0,317,否,否,否,否,否,否,7.290,23.715,57.4,-13.698,25.2,103.9,7.2,60.6,0.7,0.7,0.7,0.7,7.2,60.3,0.7,0.7,0.7,0.7,139.66,1360.20,14.29,14.02,1532.07,1532.07,0.32,139.37,139.29,0.38,232.42,0,0,0.0,0.0,0,0.000,
17.9.2026,22:57:37.122,6055,33456,15.3,5775,10408,35.6,0.0,23329,0,0.760,0.790,0.760,0.745,0.745,0.683,0.691,1200.0,1200.0,1200.0,1200.0,1200.0,100.0,1000.0,201.0,642.6,753.3,164.1,18.4,26.5,1.1,1.5,0.7,201.0,14.3,43.3,51.3,13.8,2.7,3.4,0.0,0.0,0.0,51.3,14.3,100.0,8.3,26.4,31.2,6.7,0.7,1.1,0.0,0.1,0.0,8.3,12.0,12.0,12.0,12.0,12.0,10.0,41,40,41,43,39,59,60,59,57,61,43,43,否,否,否,否,否,否,否,否,否,否,否,否,否,否,否,否,否,否,60,60,42,9.250,4.701,0.946,0.000,13.308,1.308,0.405,1.950,35.0,30.0,64.0,64.0,0,0.4,0.2,0.0,0.0,0.0,14.1,43.6,51.4,13.7,1.4,2.1,0.1,0.1,0.1,71.4,4.0,83.9,97.7,99.8,1600.0,16.00,22,22,22,52,74,560,1,2,是,否,否,否,否,否,否,否,否,否,是,否,否,否,否,否,否,否,否,否,否,否,否,否,否,否,否,否,否,否,否,否,否,否,否,否,否,41.0,40,40,54,97.0,100.0,否,否,24292,21074,0.0,0.3,0.3,0.000,0.324,5493,1801,44,0.000,100.0,1066.0,0.0,0.0,0.0,0.0,0.0,0.0,0.0,317,否,否,否,否,否,否,7.299,23.707,57.4,-13.744,25.2,103.5,7.2,60.6,0.7,0.7,0.7,0.7,7.2,60.3,0.7,0.7,0.7,0.7,139.66,1360.20,14.29,14.02,1532.07,1532.07,0.32,139.37,139.29,0.38,232.42,0,0,0.0,0.0,0,0.000,
17.9.2026,22:57:39.134,6050,33461,15.3,5776,10407,35.6,0.0,23329,0,0.783,0.805,0.762,0.757,0.807,0.703,0.691,1600.0,1500.0,1200.0,1500.0,2200.0,100.0,1300.0,197.7,608.9,672.0,241.2,48.9,8.0,0.7,1.3,0.5,197.7,14.0,41.7,47.0,19.2,2.1,2.4,0.0,0.0,0.0,47.0,14.0,100.0,8.1,25.0,27.7,9.8,2.0,0.2,0.0,0.0,0.0,8.1,16.0,15.0,12.0,15.0,22.0,13.0,42,42,41,43,41,58,58,59,57,59,43,43,否,否,否,否,否,否,否,否,否,否,否,否,否,否,否,否,否,否,61,61,42,1.500,4.850,1.093,0.001,13.476,1.306,0.406,1.952,35.0,30.0,64.0,64.0,0,0.5,0.2,0.0,0.0,0.0,14.4,42.8,47.8,20.1,4.0,0.6,0.0,0.1,0.0,70.7,7.4,76.3,99.2,99.8,1066.7,10.67,15,15,15,35,74,374,1,2,是,否,否,否,否,否,否,否,否,否,是,否,否,否,否,否,否,否,否,否,否,否,否,否,否,否,否,否,否,否,否,否,否,否,否,否,否,41.0,40,40,54,97.0,100.0,否,否,24292,21074,0.0,0.3,0.3,0.000,0.221,5493,1802,43,0.001,100.0,1599.0,0.0,0.0,0.0,0.0,0.0,0.0,0.0,317,否,否,否,否,否,否,7.288,23.699,57.4,-13.745,25.2,103.5,7.2,60.6,0.7,0.7,0.7,0.7,7.2,60.3,0.7,0.7,0.7,0.7,139.66,1360.20,14.29,14.02,1532.07,1532.07,0.32,139.37,139.29,0.38,232.42,0,0,0.0,0.0,0,0.000,
17.9.2026,22:57:41.133,6056,33456,15.3,5783,10399,35.7,0.0,23329,0,0.807,0.812,0.922,0.747,0.745,0.711,0.691,1725.0,1600.0,2900.0,1200.0,1200.0,100.0,1400.0,192.2,529.7,624.4,228.9,125.7,25.5,0.9,1.8,0.7,192.2,14.0,37.1,44.9,18.2,10.2,1.9,0.0,0.0,0.0,44.9,14.0,100.0,7.9,21.7,25.8,9.3,5.2,1.1,0.0,0.0,0.0,7.9,17.2,16.0,29.0,12.0,12.0,14.0,42,40,42,43,41,58,60,58,57,59,43,43,否,否,否,否,否,否,否,否,否,否,否,否,否,否,否,否,否,否,44,44,42,2.250,4.686,0.931,0.000,13.318,1.306,0.406,1.951,35.0,30.0,64.0,64.0,0,0.6,0.3,0.0,0.0,0.0,14.2,37.8,45.4,18.6,9.6,1.8,0.0,0.1,0.1,70.8,13.3,71.9,98.0,99.8,1066.7,10.67,15,15,15,35,74,374,1,2,是,否,否,否,否,否,否,否,否,否,是,否,否,否,否,否,否,否,否,否,否,否,否,否,否,否,否,否,否,否,否,否,否,否,否,否,否,41.0,40,40,54,97.0,100.0,否,否,24292,21074,0.0,0.2,0.2,0.000,0.249,5493,1802,43,0.000,100.0,1066.0,0.0,0.0,0.0,0.0,0.0,0.0,0.0,317,否,否,否,否,否,否,7.301,23.692,57.4,-13.762,25.2,103.3,7.2,60.6,0.7,0.7,0.7,0.7,7.2,60.3,0.7,0.7,0.7,0.7,139.66,1360.20,14.29,14.02,1532.07,1532.07,0.32,139.37,139.29,0.38,232.42,0,0,0.0,0.0,0,0.000,
17.9.2026,22:57:43.127,6056,33456,15.3,5783,10399,35.7,0.0,23329,0,0.777,0.812,0.780,0.757,0.757,0.711,0.691,1475.0,1600.0,1500.0,1400.0,1400.0,100.0,1400.0,196.0,585.6,737.8,176.0,57.1,9.3,0.4,0.9,0.9,196.0,14.6,39.7,52.3,14.1,3.7,0.0,0.2,6.1,0.3,52.3,14.6,100.0,8.0,24.0,30.5,7.1,2.3,0.3,0.0,0.0,0.1,8.1,14.8,16.0,15.0,14.0,14.0,14.0,41,39,41,43,41,59,61,59,57,59,43,43,否,否,否,否,否,否,否,否,否,否,否,否,否,否,否,否,否,否,61,61,43,2.000,4.648,0.894,0.000,13.259,1.304,0.404,1.952,35.0,30.0,64.0,64.0,0,0.3,0.2,0.0,0.0,0.0,14.1,40.3,52.7,14.5,4.5,0.8,0.0,0.1,0.1,71.7,7.3,80.7,99.0,99.8,1066.7,10.67,15,15,15,35,74,374,1,2,是,否,否,否,否,否,否,否,否,否,是,否,否,否,否,否,否,否,否,否,否,否,否,否,否,否,否,否,否,否,否,否,否,否,否,否,否,41.0,40,40,54,97.0,100.0,否,否,24292,21074,0.0,0.2,0.2,0.000,0.195,5493,1803,43,0.000,100.0,1066.0,0.0,0.0,0.0,0.0,0.0,0.0,0.0,317,否,否,否,否,否,否,7.296,23.684,57.3,-13.775,25.2,103.2,7.2,60.6,0.7,0.7,0.7,0.7,7.2,60.3,0.7,0.7,0.7,0.7,139.66,1360.20,14.29,14.02,1532.07,1532.07,0.32,139.37,139.29,0.38,232.42,0,0,0.0,0.0,0,0.000,
17.9.2026,22:57:45.139,6055,33457,15.3,5780,10403,35.7,0.0,23329,0,0.762,0.792,0.760,0.747,0.747,0.683,0.691,1200.0,1200.0,1200.0,1200.0,1200.0,100.0,1000.0,195.4,561.0,639.8,265.1,80.6,9.9,0.3,6.5,0.2,195.4,14.5,38.1,44.9,21.0,7.3,3.3,1.1,0.1,0.4,44.9,14.5,100.0,8.0,23.0,26.4,10.8,3.2,0.4,0.0,0.3,0.0,8.0,12.0,12.0,12.0,12.0,12.0,10.0,41,39,41,42,41,59,61,59,58,59,43,42,否,否,否,否,否,否,否,否,否,否,否,否,否,否,否,否,否,否,47,47,43,1.000,4.752,1.006,0.000,13.386,1.299,0.399,1.951,35.0,30.0,64.0,64.0,0,0.6,1.0,0.0,0.0,0.0,14.3,39.2,45.7,22.0,6.5,0.8,0.0,0.5,0.0,70.4,11.2,72.1,99.0,99.4,1066.7,10.67,15,15,15,35,74,374,1,2,是,否,否,否,否,否,否,否,否,否,是,否,否,否,否,否,否,否,否,否,否,否,否,否,否,否,否,否,否,否,否,否,否,否,否,否,否,43.0,40,40,55,97.0,100.0,否,否,24292,21074,0.0,2.2,2.2,0.000,0.353,5493,1803,43,0.000,100.0,1066.0,0.0,0.0,0.0,0.0,0.0,0.0,0.0,317,否,否,否,否,否,否,7.305,23.676,57.3,-13.799,25.2,102.9,7.2,60.6,0.7,0.7,0.7,0.7,7.2,60.3,0.7,0.7,0.7,0.7,139.66,1360.20,14.29,14.02,1532.07,1532.07,0.32,139.37,139.29,0.38,232.42,0,0,0.0,0.0,0,0.000,
17.9.2026,22:57:47.138,6053,33458,15.3,5775,10407,35.6,0.0,23329,0,0.769,0.790,0.760,0.760,0.765,0.686,0.691,1350.0,1200.0,1200.0,1500.0,1500.0,100.0,1000.0,197.9,614.6,677.4,230.5,47.9,5.7,0.3,7.1,0.2,197.9,13.9,41.9,46.1,19.0,3.4,0.0,0.0,0.1,0.4,46.1,13.9,100.0,8.1,25.2,28.0,9.4,2.0,0.2,0.0,0.3,0.0,8.1,13.5,12.0,12.0,15.0,15.0,10.0,41,42,40,44,39,59,58,60,56,61,44,44,否,否,否,否,否,否,否,否,否,否,否,否,否,否,否,否,否,否,59,59,42,8.750,4.610,0.930,0.001,13.211,1.304,0.410,1.877,35.0,30.0,64.0,64.0,0,0.4,0.2,0.0,0.0,0.0,14.1,42.4,46.4,19.2,3.9,0.5,0.0,0.5,0.0,71.7,11.4,76.8,99.3,99.5,1066.7,10.67,15,15,15,35,74,374,1,2,是,否,否,否,否,否,否,否,否,否,是,否,否,否,否,否,否,否,否,否,否,否,否,否,否,否,否,否,否,否,否,否,否,否,否,否,否,42.0,40,40,54,97.0,100.0,否,否,24292,21074,0.0,0.2,0.2,0.000,0.329,5493,1804,43,0.001,100.0,1066.0,0.0,0.0,0.0,0.0,0.0,0.0,0.0,317,否,否,否,否,否,否,7.295,23.676,57.3,-13.758,25.2,103.2,7.2,60.6,0.7,0.7,0.7,0.7,7.2,60.3,0.7,0.7,0.7,0.7,139.66,1360.20,14.29,14.02,1532.07,1532.07,0.32,139.37,139.29,0.38,232.42,0,0,0.0,0.0,0,0.000,
17.9.2026,22:57:49.154,6050,33462,15.3,5769,10413,35.6,0.0,23329,0,0.856,1.022,0.757,0.742,0.902,0.683,0.733,2275.0,3799.9,1200.0,1200.0,2900.0,100.0,1000.0,206.4,651.7,674.2,221.3,84.1,17.6,0.6,1.3,0.2,206.4,14.2,42.8,45.9,17.2,6.7,1.0,0.0,0.0,0.0,45.9,14.2,100.0,8.5,26.7,27.8,9.0,3.4,0.7,0.0,0.0,0.0,8.5,22.8,38.0,12.0,12.0,29.0,10.0,43,43,43,44,41,57,57,57,56,59,45,44,否,否,否,否,否,否,否,否,否,否,否,否,否,否,否,否,否,否,54,54,42,0.250,4.770,1.003,0.000,13.391,1.313,0.411,1.953,35.0,30.0,64.0,64.0,0,0.5,0.3,0.0,0.0,0.0,14.6,43.7,46.6,18.0,6.5,1.4,0.0,0.1,0.0,71.0,9.9,75.8,98.3,99.9,1066.7,10.67,15,15,15,35,74,374,1,2,是,否,否,否,否,否,否,否,否,否,是,否,否,否,否,否,否,否,否,否,否,否,否,否,否,否,否,否,否,否,否,否,否,否,否,否,否,41.0,41,41,55,97.0,100.0,否,否,24292,21074,0.0,1.6,1.6,0.000,1.342,5493,1807,42,0.000,100.0,1066.0,0.0,0.0,0.0,0.0,0.0,0.0,0.0,317,否,否,否,否,否,否,7.306,23.669,57.3,-13.816,25.2,102.8,7.2,60.6,0.7,0.7,0.7,0.7,7.2,60.3,0.7,0.7,0.7,0.7,139.66,1360.20,14.29,14.02,1532.07,1532.07,0.32,139.37,139.29,0.38,232.42,0,0,0.0,0.0,0,0.000,
17.9.2026,22:57:51.159,6053,33459,15.3,5776,10407,35.6,0.0,23329,0,0.764,0.790,0.760,0.745,0.760,0.686,0.691,1250.0,1200.0,1200.0,1200.0,1400.0,100.0,1000.0,196.8,531.0,706.0,254.8,60.1,9.1,11.8,1.2,0.2,196.8,14.1,35.8,48.4,21.0,5.1,1.0,1.3,0.4,0.0,48.4,14.1,100.0,8.1,21.7,29.2,10.4,2.4,0.4,0.5,0.0,0.0,8.1,12.5,12.0,12.0,12.0,14.0,10.0,42,43,42,42,40,58,57,58,58,60,43,43,否,否,否,否,否,否,否,否,否,否,否,否,否,否,否,否,否,否,60,60,43,8.000,4.833,1.061,0.000,13.462,1.320,0.415,1.951,35.0,30.0,64.0,64.0,0,0.5,0.3,0.0,0.0,0.0,14.1,36.4,48.7,21.2,4.9,0.8,1.0,0.1,0.0,71.2,12.9,73.9,98.1,99.8,1066.7,10.67,15,15,15,35,74,374,1,2,是,否,否,否,否,否,否,否,否,否,是,否,否,否,否,否,否,否,否,否,否,否,否,否,否,否,否,否,否,否,否,否,否,否,否,否,否,42.0,41,41,55,97.0,100.0,否,否,24292,21074,0.0,0.2,0.2,0.000,0.275,5493,1807,43,0.000,100.0,1066.0,0.0,0.0,0.0,0.0,0.0,0.0,0.0,317,否,否,否,否,否,否,7.299,23.661,57.3,-13.824,25.2,102.7,7.2,60.6,0.7,0.7,0.7,0.7,7.2,60.3,0.7,0.7,0.7,0.7,139.66,1360.20,14.29,14.02,1532.07,1532.07,0.32,139.37,139.29,0.38,232.42,0,0,0.0,0.0,0,0.000,
17.9.2026,22:57:53.167,6053,33458,15.3,5783,10400,35.7,0.0,23329,0,0.760,0.787,0.760,0.747,0.745,0.683,0.691,1200.0,1200.0,1200.0,1200.0,1200.0,100.0,1000.0,220.9,582.3,601.9,346.9,212.0,18.9,0.3,5.1,0.2,220.9,16.0,40.3,40.2,27.9,16.3,2.0,0.0,0.3,0.7,40.3,16.0,100.0,9.1,23.8,24.8,14.3,8.8,0.7,0.0,0.2,0.0,9.1,12.0,12.0,12.0,12.0,12.0,10.0,42,40,43,43,41,58,60,57,57,59,44,43,否,否,否,否,否,否,否,否,否,否,否,否,否,否,否,否,否,否,53,53,43,2.500,4.742,0.982,0.001,13.363,1.310,0.402,1.950,35.0,30.0,64.0,64.0,0,0.6,0.5,0.0,0.0,0.0,16.1,41.2,40.9,28.4,16.5,1.4,0.0,0.4,0.0,69.0,16.7,61.5,98.3,99.5,1066.7,10.67,15,15,15,35,74,374,1,2,是,否,否,否,否,否,否,否,否,否,是,否,否,否,否,否,否,否,否,否,否,否,否,否,否,否,否,否,否,否,否,否,否,否,否,否,否,41.0,41,41,55,97.0,100.0,否,否,24292,21074,0.0,0.5,0.5,0.000,0.350,5493,1808,43,0.001,100.0,1066.0,0.0,0.0,0.0,0.0,0.0,0.0,0.0,317,否,否,否,否,否,否,7.300,23.653,57.3,-13.841,25.2,102.5,7.2,60.6,0.7,0.7,0.7,0.7,7.2,60.3,0.7,0.7,0.7,0.7,139.66,1360.20,14.29,14.02,1532.07,1532.07,0.32,139.37,139.29,0.38,232.42,0,0,0.0,0.0,0,0.000,
17.9.2026,22:57:55.184,6047,33464,15.3,5773,10410,35.6,0.0,23329,0,0.922,1.127,0.760,0.897,0.902,0.963,0.731,2800.0,4199.9,1200.0,2900.0,2900.0,100.0,3599.9,196.0,598.8,691.2,216.2,51.6,8.4,0.2,1.1,0.2,196.0,13.9,40.0,49.2,17.3,4.0,0.4,0.6,0.0,0.0,49.2,13.9,100.0,8.1,24.6,28.6,8.8,2.1,0.3,0.0,0.0,0.0,8.1,28.0,42.0,12.0,29.0,29.0,36.0,42,44,41,43,40,58,56,59,57,60,44,44,否,否,否,否,否,否,否,否,否,否,否,否,否,否,否,否,否,否,44,42,44,3.000,4.755,1.044,0.000,13.411,1.320,0.427,1.888,35.0,30.0,64.0,64.0,0,0.5,0.3,0.0,0.0,0.0,14.2,40.8,49.8,17.8,4.2,0.7,0.0,0.1,0.0,71.1,7.2,78.0,99.1,99.9,1066.7,10.67,15,15,15,35,74,374,1,2,是,否,否,否,否,否,否,否,否,否,是,否,否,否,否,否,否,否,否,否,否,否,否,否,否,否,否,否,否,否,否,否,否,否,否,否,否,43.0,41,41,55,97.0,100.0,否,否,24292,21074,0.0,0.3,0.3,0.000,0.271,5493,1808,43,0.000,100.0,1066.0,0.0,0.0,0.0,0.0,0.0,0.0,0.0,317,否,否,否,否,否,否,7.302,23.646,57.2,-13.859,25.2,102.4,7.2,60.6,0.7,0.7,0.7,0.7,7.2,60.3,0.7,0.7,0.7,0.7,139.66,1360.20,14.29,14.02,1532.07,1532.07,0.32,139.37,139.29,0.38,232.42,0,0,0.0,0.0,0,0.000,
17.9.2026,22:57:57.192,6053,33459,15.3,5777,10405,35.6,0.0,23329,0,0.833,1.045,0.780,0.745,0.762,0.946,0.691,2000.0,3799.9,1500.0,1200.0,1500.0,100.0,3499.9,196.2,650.3,679.3,206.5,27.4,3.8,1.1,1.1,0.1,196.2,14.1,44.9,46.4,17.2,2.6,0.7,0.0,0.0,1.2,46.4,14.1,100.0,8.1,26.8,28.1,8.5,1.1,0.1,0.0,0.0,0.0,8.1,20.0,38.0,15.0,12.0,15.0,35.0,42,43,41,43,39,58,57,59,57,61,44,43,否,否,否,否,否,否,否,否,否,否,否,否,否,否,否,否,否,否,44,44,43,8.750,4.708,0.945,0.000,13.323,1.312,0.408,1.951,35.0,30.0,64.0,64.0,0,0.5,0.3,0.0,0.0,0.0,14.0,45.3,46.7,17.3,2.2,0.3,0.1,0.1,0.0,71.8,7.4,80.6,99.5,99.9,1600.0,16.00,22,22,22,52,74,560,1,2,是,否,否,否,否,否,否,否,否,否,是,否,否,否,否,否,否,否,否,否,否,否,否,否,否,否,否,否,否,否,否,否,否,否,否,否,否,41.0,41,41,55,97.0,100.0,否,否,24292,21074,0.0,0.2,0.2,0.000,0.202,5493,1809,43,0.000,100.0,1066.0,0.0,0.0,0.0,0.0,0.0,0.0,0.0,317,否,否,否,否,否,否,7.297,23.638,57.2,-13.850,25.2,102.4,7.2,60.6,0.7,0.7,0.7,0.7,7.2,60.3,0.7,0.7,0.7,0.7,139.66,1360.20,14.29,14.02,1532.07,1532.07,0.32,139.37,139.29,0.38,232.42,0,0,0.0,0.0,0,0.000,
17.9.2026,22:57:59.193,6053,33459,15.3,5775,10407,35.6,0.0,23329,0,0.760,0.790,0.760,0.747,0.742,0.703,0.691,1200.0,1200.0,1200.0,1200.0,1200.0,100.0,1300.0,195.8,578.2,656.1,229.1,55.8,13.8,0.8,31.6,0.5,195.8,13.8,40.2,44.6,18.1,4.0,0.0,0.0,3.6,0.0,44.6,13.8,100.0,8.1,23.8,27.1,9.4,2.3,0.5,0.0,1.3,0.0,8.1,12.0,12.0,12.0,12.0,12.0,13.0,42,40,41,43,42,58,60,59,57,58,43,43,否,否,否,否,否,否,否,否,否,否,否,否,否,否,否,否,否,否,44,43,44,7.750,4.754,0.994,0.000,13.378,1.311,0.400,1.952,35.0,30.0,64.0,64.0,0,0.2,0.1,0.0,0.0,0.0,14.2,41.1,45.3,18.9,4.6,1.2,0.1,2.6,0.0,69.5,5.6,76.6,98.6,97.4,1066.7,10.67,15,15,15,35,74,374,1,2,是,否,否,否,否,否,否,否,否,否,是,否,否,否,否,否,否,否,否,否,否,否,否,否,否,否,否,否,否,否,否,否,否,否,否,否,否,41.0,41,41,55,97.0,100.0,否,否,24292,21074,0.0,0.2,0.2,0.000,0.225,5493,1809,43,0.000,100.0,1599.0,0.0,0.0,0.0,0.0,0.0,0.0,0.0,317,否,否,否,否,否,否,7.298,23.631,57.2,-13.859,25.2,102.3,7.2,60.6,0.7,0.7,0.7,0.7,7.2,60.3,0.7,0.7,0.7,0.7,139.66,1360.20,14.29,14.02,1532.07,1532.07,0.32,139.37,139.29,0.38,232.42,0,0,0.0,0.0,0,0.000,
17.9.2026,22:58:1.200,6052,33460,15.3,5775,10407,35.6,0.0,23329,0,0.761,0.787,0.760,0.752,0.745,0.696,0.733,1225.0,1200.0,1200.0,1300.0,1200.0,100.0,1200.0,201.1,678.7,729.4,165.0,21.7,6.5,6.2,0.9,0.3,201.1,14.8,45.8,50.6,13.5,2.0,2.3,2.3,0.4,1.8,50.6,14.8,100.0,8.3,27.9,30.2,6.7,0.9,0.2,0.3,0.0,0.0,8.3,12.2,12.0,12.0,13.0,12.0,12.0,42,41,43,44,41,58,59,57,56,59,44,44,否,否,否,否,否,否,否,否,否,否,否,否,否,否,否,否,否,否,44,43,44,7.500,4.705,0.950,0.000,13.333,1.308,0.406,1.949,35.0,30.0,64.0,64.0,0,0.3,0.1,0.0,0.0,0.0,14.2,46.2,50.9,13.7,1.8,0.5,0.5,0.1,0.0,71.6,3.9,84.0,98.8,99.9,1066.7,10.67,15,15,15,35,74,374,1,2,是,否,否,否,否,否,否,否,否,否,是,否,否,否,否,否,否,否,否,否,否,否,否,否,否,否,否,否,否,否,否,否,否,否,否,否,否,41.0,41,41,55,97.0,100.0,否,否,24292,21074,0.0,0.4,0.4,0.000,0.368,5493,1810,43,0.000,100.0,1066.0,0.0,0.0,0.0,0.0,0.0,0.0,0.0,317,否,否,否,否,否,否,7.291,23.623,57.2,-13.860,25.2,102.2,7.2,60.6,0.7,0.7,0.7,0.7,7.2,60.3,0.7,0.7,0.7,0.7,139.66,1360.20,14.29,14.02,1532.07,1532.07,0.32,139.37,139.29,0.38,232.42,0,0,0.0,0.0,0,0.000,
17.9.2026,22:58:3.213,6050,33461,15.3,5775,10408,35.6,0.0,23329,0,0.764,0.807,0.760,0.745,0.745,0.703,0.691,1275.0,1500.0,1200.0,1200.0,1200.0,100.0,1300.0,199.9,679.8,720.1,137.5,38.6,15.6,6.1,1.7,0.2,199.9,13.8,47.7,49.2,10.6,3.0,0.2,0.0,0.0,0.0,49.2,13.8,100.0,8.2,28.0,29.8,5.5,1.6,0.6,0.2,0.1,0.0,8.2,12.8,15.0,12.0,12.0,12.0,13.0,41,38,43,43,40,59,62,57,57,60,44,43,否,否,否,否,否,否,否,否,否,否,否,否,否,否,否,否,否,否,43,43,43,6.500,4.844,1.070,0.000,13.470,1.321,0.417,1.949,35.0,30.0,64.0,64.0,0,0.2,0.1,0.0,0.0,0.0,14.3,48.4,49.7,11.2,3.2,1.2,0.4,0.1,0.0,71.6,3.3,84.9,98.2,99.8,1066.7,10.67,15,15,15,35,74,374,1,2,是,否,否,否,否,否,否,否,否,否,是,否,否,否,否,否,否,否,否,否,否,否,否,否,否,否,否,否,否,否,否,否,否,否,否,否,否,41.0,41,41,55,97.0,100.0,否,否,24292,21074,0.0,0.2,0.2,0.000,0.215,5493,1810,43,0.000,100.0,1066.0,0.0,0.0,0.0,0.0,0.0,0.0,0.0,317,否,否,否,否,否,否,7.294,23.615,57.2,-13.895,25.2,102.0,7.2,60.6,0.7,0.7,0.7,0.7,7.2,60.3,0.7,0.7,0.7,0.7,139.66,1360.20,14.29,14.02,1532.07,1532.07,0.32,139.37,139.29,0.38,232.42,0,0,0.0,0.0,0,0.000,
17.9.2026,22:58:5.211,6052,33459,15.3,5780,10403,35.7,0.0,23329,0,0.773,0.802,0.780,0.745,0.765,0.703,0.691,1425.0,1500.0,1500.0,1200.0,1500.0,100.0,1300.0,195.5,585.6,640.9,240.2,85.0,10.9,0.4,1.2,0.2,195.5,14.0,40.2,44.2,19.3,6.7,1.4,0.0,0.0,0.0,44.2,14.0,100.0,8.0,24.0,26.4,9.8,3.5,0.4,0.0,0.0,0.0,8.0,14.2,15.0,15.0,12.0,15.0,13.0,42,42,42,44,40,58,58,58,56,60,44,44,否,否,否,否,否,否,否,否,否,否,否,否,否,否,否,否,否,否,43,42,43,6.500,4.844,1.070,0.000,13.470,1.321,0.417,1.949,35.0,30.0,64.0,64.0,0,0.5,0.4,0.0,0.0,0.0,14.2,41.1,44.9,20.0,7.0,0.9,0.0,0.1,0.0,70.7,11.0,73.2,98.9,99.9,1066.7,10.67,15,15,15,35,74,374,1,2,是,否,否,否,否,否,否,否,否,否,是,否,否,否,否,否,否,否,否,否,否,否,否,否,否,否,否,否,否,否,否,否,否,否,否,否,否,41.0,41,41,55,97.0,100.0,否,否,24292,21074,0.0,0.2,0.2,0.000,0.264,5493,1811,43,0.000,100.0,1066.0,0.0,0.0,0.0,0.0,0.0,0.0,0.0,317,否,否,否,否,否,否,7.295,23.608,57.1,-13.890,25.2,102.0,7.2,60.6,0.7,0.7,0.7,0.7,7.2,60.3,0.7,0.7,0.7,0.7,139.66,1360.20,14.29,14.02,1532.07,1532.07,0.32,139.37,139.29,0.38,232.42,0,0,0.0,0.0,0,0.000,
17.9.2026,22:58:7.232,6050,33462,15.3,5777,10405,35.7,0.0,23329,0,0.761,0.790,0.760,0.745,0.747,0.683,0.691,1200.0,1200.0,1200.0,1200.0,1200.0,100.0,1000.0,193.2,561.6,739.4,211.7,26.9,3.6,0.5,1.5,0.3,193.2,13.9,38.7,51.6,17.1,2.0,0.2,0.0,1.5,0.0,51.6,13.9,100.0,7.9,23.0,30.6,8.7,1.1,0.1,0.0,0.1,0.0,7.9,12.0,12.0,12.0,12.0,12.0,10.0,42,40,41,44,41,58,60,59,56,59,43,44,否,否,否,否,否,否,否,否,否,否,否,否,否,否,否,否,否,否,45,45,42,0.250,4.733,0.971,0.000,13.351,1.312,0.401,1.952,35.0,30.0,64.0,64.0,0,0.4,0.2,0.0,0.0,0.0,14.0,39.4,52.1,17.6,2.2,0.3,0.0,0.1,0.0,71.8,8.4,79.5,99.5,99.9,1066.7,10.67,15,15,15,35,74,374,1,2,是,否,否,否,否,否,否,否,否,否,是,否,否,否,否,否,否,否,否,否,否,否,否,否,否,否,否,否,否,否,否,否,否,否,否,否,否,41.0,41,41,55,97.0,100.0,否,否,24292,21074,0.0,0.2,0.2,0.000,0.226,5493,1811,43,0.000,100.0,1066.0,0.0,0.0,0.0,0.0,0.0,0.0,0.0,317,否,否,否,否,否,否,7.295,23.608,57.1,-13.890,25.2,102.0,7.2,60.6,0.7,0.7,0.7,0.7,7.2,60.3,0.7,0.7,0.7,0.7,139.66,1360.20,14.29,14.02,1532.07,1532.07,0.32,139.37,139.29,0.38,232.42,0,0,0.0,0.0,0,0.000,
17.9.2026,22:58:9.237,6054,33458,15.3,5778,10405,35.7,0.0,23329,0,0.800,0.790,0.760,0.747,0.902,0.683,0.691,1625.0,1200.0,1200.0,1200.0,2900.0,100.0,1000.0,220.9,517.8,663.8,351.5,213.9,18.9,0.3,1.1,0.2,220.9,16.7,36.0,49.0,28.7,17.5,1.8,0.4,0.0,0.4,49.0,16.7,100.0,9.1,21.1,27.4,14.4,8.8,0.8,0.0,0.0,0.0,9.1,16.2,12.0,12.0,12.0,29.0,10.0,42,43,41,41,41,58,57,59,59,59,44,43,否,否,否,否,否,否,否,否,否,否,否,否,否,否,否,否,否,否,43,43,43,0.250,4.752,0.972,0.001,13.439,1.324,0.432,1.950,35.0,30.0,64.0,64.0,0,0.5,0.3,0.0,0.0,0.0,16.8,36.8,49.3,29.0,17.3,1.6,0.0,0.1,0.0,67.4,11.0,60.8,98.2,99.8,1066.7,10.67,15,15,15,35,74,374,1,2,是,否,否,否,否,否,否,否,否,否,是,否,否,否,否,否,否,否,否,否,否,否,否,否,否,否,否,否,否,否,否,否,否,否,否,否,否,42.0,41,41,55,97.0,100.0,否,否,24292,21074,0.0,0.3,0.3,0.000,0.360,5493,1812,43,0.000,100.0,1066.0,0.0,0.0,0.0,0.0,0.0,0.0,0.0,317,否,否,否,否,否,否,7.298,23.600,57.1,-13.888,25.2,102.0,7.2,60.6,0.7,0.7,0.7,0.7,7.2,60.3,0.7,0.7,0.7,0.7,139.66,1360.20,14.29,14.02,1532.07,1532.07,0.32,139.37,139.29,0.38,232.42,0,0,0.0,0.0,0,0.000,
17.9.2026,22:58:11.234,6051,33461,15.3,5774,10408,35.6,0.0,23329,0,0.799,0.787,0.760,0.745,0.902,0.686,0.691,1625.0,1200.0,1200.0,1200.0,2900.0,100.0,600.0,196.0,570.2,691.3,219.2,73.5,10.7,1.8,0.7,0.2,196.0,13.7,38.8,47.9,17.2,5.3,0.2,0.4,0.0,0.0,47.9,13.7,100.0,8.1,23.4,28.6,8.9,3.0,0.4,0.1,0.0,0.0,8.1,16.2,12.0,12.0,12.0,29.0,6.0,42,43,41,43,40,58,57,59,57,60,44,43,否,否,否,否,否,否,否,否,否,否,否,否,否,否,否,否,否,否,43,43,43,0.250,4.752,0.972,0.001,13.439,1.324,0.432,1.950,35.0,30.0,64.0,64.0,0,0.5,0.3,0.0,0.0,0.0,14.2,39.8,48.5,18.1,5.9,0.7,0.1,0.1,0.0,70.6,8.1,75.6,99.0,99.9,1066.7,10.67,15,15,15,35,74,374,1,2,是,否,否,否,否,否,否,否,否,否,是,否,否,否,否,否,否,否,否,否,否,否,否,否,否,否,否,否,否,否,否,否,否,否,否,否,否,41.0,41,41,55,97.0,100.0,否,否,24292,21074,0.0,0.5,0.5,0.000,0.803,5493,1813,44,0.001,100.0,1066.0,0.0,0.0,0.0,0.0,0.0,0.0,0.0,317,否,否,否,否,否,否,7.300,23.592,57.1,-13.907,25.2,101.8,7.2,60.6,0.7,0.7,0.7,0.7,7.2,60.3,0.7,0.7,0.7,0.7,139.66,1360.20,14.29,14.02,1532.07,1532.07,0.32,139.37,139.29,0.38,232.42,0,0,0.0,0.0,0,0.000,
17.9.2026,22:58:13.244,6052,33460,15.3,5772,10411,35.6,0.0,23329,0,0.812,0.807,0.780,0.825,0.835,0.703,0.691,1950.0,1500.0,1500.0,2400.0,2400.0,100.0,1300.0,192.0,528.3,670.2,300.9,28.5,6.8,0.2,0.6,0.2,192.0,15.9,35.9,47.4,25.1,2.6,1.0,0.5,0.0,15.0,47.4,15.9,100.0,7.9,21.6,27.7,12.4,1.1,0.3,0.0,0.0,0.0,7.9,19.5,15.0,15.0,24.0,24.0,13.0,41,42,41,43,39,59,58,59,57,61,43,43,否,否,否,否,否,否,否,否,否,否,否,否,否,否,否,否,否,否,43,43,43,8.250,4.732,0.964,0.001,13.345,1.316,0.405,1.952,35.0,30.0,64.0,64.0,0,0.5,0.4,0.0,0.0,0.0,14.0,36.4,47.6,25.1,2.3,0.5,0.0,0.1,0.0,71.1,13.0,72.4,99.3,99.9,1066.7,10.67,15,15,15,35,74,374,1,2,是,否,否,否,否,否,否,否,否,否,是,否,否,否,否,否,否,否,否,否,否,否,否,否,否,否,否,否,否,否,否,否,否,否,否,否,否,42.0,41,41,56,97.0,100.0,否,否,24292,21074,0.0,0.2,0.2,0.000,0.222,5493,1814,43,0.001,100.0,1066.0,0.0,0.0,0.0,0.0,0.0,0.0,0.0,317,否,否,否,否,否,否,7.302,23.585,57.1,-13.903,25.2,101.8,7.2,60.6,0.7,0.7,0.7,0.7,7.2,60.3,0.7,0.7,0.7,0.7,139.66,1360.20,14.29,14.02,1532.07,1532.07,0.32,139.37,139.29,0.38,232.42,0,0,0.0,0.0,0,0.000,
17.9.2026,22:58:15.247,6046,33466,15.3,5766,10416,35.6,0.0,23329,0,0.767,0.810,0.760,0.757,0.742,0.711,0.691,1375.0,1600.0,1200.0,1500.0,1200.0,100.0,1400.0,200.6,668.0,712.6,152.1,51.4,7.3,12.8,0.6,0.2,200.6,13.7,45.7,46.7,11.9,3.7,0.0,1.4,0.4,0.0,46.7,13.7,100.0,8.3,27.6,29.5,6.1,2.1,0.3,0.5,0.0,0.0,8.3,13.8,16.0,12.0,15.0,12.0,14.0,42,42,41,44,41,58,58,59,56,59,44,44,否,否,否,否,否,否,否,否,否,否,否,否,否,否,否,否,否,否,44,44,44,7.500,4.666,0.909,0.000,13.278,1.308,0.401,1.951,35.0,30.0,64.0,64.0,0,0.2,0.1,0.0,0.0,0.0,14.1,46.5,47.4,12.8,4.2,0.6,1.1,0.1,0.0,71.0,3.4,82.7,98.2,99.9,1066.7,10.67,15,15,15,35,74,374,1,2,是,否,否,否,否,否,否,否,否,否,是,否,否,否,否,否,否,否,否,否,否,否,否,否,否,否,否,否,否,否,否,否,否,否,否,否,否,42.0,41,41,56,97.0,100.0,否,否,24292,21074,0.0,0.3,0.3,0.000,0.240,5493,1814,43,0.000,100.0,1066.0,0.0,0.0,0.0,0.0,0.0,0.0,0.0,317,否,否,否,否,否,否,7.294,23.577,57.1,-13.895,25.2,101.8,7.2,60.6,0.7,0.7,0.7,0.7,7.2,60.3,0.7,0.7,0.7,0.7,139.66,1360.20,14.29,14.02,1532.07,1532.07,0.32,139.37,139.29,0.38,232.42,0,0,0.0,0.0,0,0.000,
17.9.2026,22:58:17.264,6050,33462,15.3,5774,10408,35.6,0.0,23329,0,0.766,0.800,0.760,0.747,0.755,0.696,0.691,1300.0,1400.0,1200.0,1200.0,1400.0,100.0,1200.0,196.9,622.2,735.5,158.2,47.5,9.1,0.8,1.7,0.2,196.9,14.1,42.9,50.2,13.5,4.4,1.3,0.0,0.0,0.6,50.2,14.1,100.0,8.1,25.6,30.4,6.4,1.9,0.4,0.0,0.1,0.0,8.1,13.0,14.0,12.0,12.0,14.0,12.0,42,39,43,43,42,58,61,57,57,58,44,43,否,否,否,否,否,否,否,否,否,否,否,否,否,否,否,否,否,否,43,43,43,0.250,4.793,1.056,0.000,13.415,1.316,0.408,1.920,35.0,30.0,64.0,64.0,0,0.4,0.2,0.0,0.0,0.0,14.0,43.2,50.4,13.3,3.9,0.8,0.1,0.1,0.0,71.4,4.8,82.0,99.0,99.8,1066.7,10.67,15,15,15,35,74,374,1,2,是,否,否,否,否,否,否,否,否,否,是,否,否,否,否,否,否,否,否,否,否,否,否,否,否,否,否,否,否,否,否,否,否,否,否,否,否,43.0,41,41,56,97.0,100.0,否,否,24292,21074,0.0,0.3,0.3,0.000,0.285,5493,1815,43,0.000,100.0,1066.0,0.0,0.0,0.0,0.0,0.0,0.0,0.0,317,否,否,否,否,否,否,7.297,23.562,57.0,-13.915,25.2,101.6,7.2,60.6,0.7,0.7,0.7,0.7,7.2,60.3,0.7,0.7,0.7,0.7,139.66,1360.20,14.29,14.02,1532.07,1532.07,0.32,139.37,139.29,0.38,232.42,0,0,0.0,0.0,0,0.000,
17.9.2026,22:58:19.269,6046,33466,15.3,5772,10410,35.6,0.0,23329,0,0.805,0.965,0.760,0.747,0.747,0.908,0.691,1775.0,3499.9,1200.0,1200.0,1200.0,100.0,3299.9,199.1,593.5,738.5,208.2,38.9,4.2,0.9,2.1,6.7,199.1,14.1,40.6,51.3,16.0,2.7,1.5,0.0,0.0,1.0,51.3,14.1,100.0,8.2,24.4,30.6,8.5,1.6,0.1,0.0,0.1,0.3,8.2,17.8,35.0,12.0,12.0,12.0,33.0,42,42,42,43,41,58,58,58,57,59,43,43,否,否,否,否,否,否,否,否,否,否,否,否,否,否,否,否,否,否,44,43,44,0.250,4.821,1.049,0.000,13.442,1.320,0.415,1.950,35.0,30.0,64.0,64.0,0,0.4,0.2,0.0,0.0,0.0,14.3,41.4,51.9,16.7,3.1,0.3,0.1,0.1,0.5,71.6,7.2,80.3,99.4,99.4,1066.7,10.67,15,15,15,35,74,374,1,2,是,否,否,否,否,否,否,否,否,否,是,否,否,否,否,否,否,否,否,否,否,否,否,否,否,否,否,否,否,否,否,否,否,否,否,否,否,42.0,41,41,56,97.0,100.0,否,否,24292,21074,0.0,0.2,0.2,0.000,0.222,5493,1815,43,0.000,100.0,1066.0,0.0,0.0,0.0,0.0,0.0,0.0,0.0,317,否,否,否,否,否,否,7.292,23.554,57.0,-13.913,25.2,101.6,7.2,60.6,0.7,0.7,0.7,0.7,7.2,60.3,0.7,0.7,0.7,0.7,139.66,1360.20,14.29,14.02,1532.07,1532.07,0.32,139.37,139.29,0.38,232.42,0,0,0.0,0.0,0,0.000,
17.9.2026,22:58:21.268,6049,33462,15.3,5775,10407,35.6,0.0,23329,0,0.761,0.790,0.760,0.747,0.745,0.683,0.691,1200.0,1200.0,1200.0,1200.0,1200.0,100.0,1000.0,198.3,575.5,750.6,176.4,43.5,31.9,7.7,0.4,0.3,198.3,13.8,38.2,52.2,14.0,3.0,2.3,1.0,0.0,0.0,52.2,13.8,100.0,8.2,23.6,31.1,7.2,1.8,1.3,0.3,0.0,0.0,8.2,12.0,12.0,12.0,12.0,12.0,10.0,42,42,43,43,39,58,58,57,57,61,43,43,否,否,否,否,否,否,否,否,否,否,否,否,否,否,否,否,否,否,43,43,43,0.250,4.821,1.049,0.000,13.442,1.320,0.415,1.950,35.0,30.0,64.0,64.0,0,0.3,0.2,0.0,0.0,0.0,14.2,39.0,52.8,14.7,3.5,2.6,0.6,0.0,0.0,71.9,9.1,81.9,96.6,99.9,1066.7,10.67,15,15,15,35,74,374,1,2,是,否,否,否,否,否,否,否,否,否,是,否,否,否,否,否,否,否,否,否,否,否,否,否,否,否,否,否,否,否,否,否,否,否,否,否,否,42.0,41,41,56,97.0,100.0,否,否,24292,21074,0.0,0.2,0.2,0.000,0.241,5493,1816,43,0.000,100.0,1066.0,0.0,0.0,0.0,0.0,0.0,0.0,0.0,317,否,否,否,否,否,否,7.293,23.546,57.0,-13.915,25.2,101.5,7.2,60.6,0.7,0.7,0.7,0.7,7.2,60.3,0.7,0.7,0.7,0.7,139.66,1360.20,14.29,14.02,1532.07,1532.07,0.32,139.37,139.29,0.38,232.42,0,0,0.0,0.0,0,0.000,
17.9.2026,22:58:23.262,6049,33463,15.3,5774,10408,35.6,0.0,23329,0,0.801,0.952,0.760,0.745,0.745,0.683,0.691,1725.0,3299.9,1200.0,1200.0,1200.0,100.0,1000.0,200.0,651.8,786.3,133.8,11.3,12.4,0.5,2.5,1.6,200.0,14.2,44.3,53.4,11.4,0.0,1.4,0.0,2.2,0.6,53.4,14.2,100.0,8.2,26.9,32.6,5.4,0.4,0.5,0.0,0.1,0.1,8.2,17.2,33.0,12.0,12.0,12.0,10.0,42,44,41,44,41,58,56,59,56,59,44,44,否,否,否,否,否,否,否,否,否,否,否,否,否,否,否,否,否,否,43,43,43,7.750,4.790,1.015,0.000,13.414,1.322,0.413,1.951,35.0,30.0,64.0,64.0,0,0.3,0.1,0.0,0.0,0.0,13.9,44.6,53.6,11.3,0.8,1.0,0.0,0.2,0.1,72.0,2.5,86.7,98.8,99.7,1066.7,10.67,15,15,15,35,74,374,1,2,是,否,否,否,否,否,否,否,否,否,是,否,否,否,否,否,否,否,否,否,否,否,否,否,否,否,否,否,否,否,否,否,否,否,否,否,否,42.0,41,41,56,97.0,100.0,否,否,24292,21074,0.0,0.2,0.2,0.000,0.253,5493,1816,44,0.000,100.0,1066.0,0.0,0.0,0.0,0.0,0.0,0.0,0.0,317,否,否,否,否,否,否,7.300,23.539,57.0,-13.936,25.2,101.3,7.2,60.6,0.7,0.7,0.7,0.7,7.2,60.3,0.7,0.7,0.7,0.7,139.66,1360.20,14.29,14.02,1532.07,1532.07,0.32,139.37,139.29,0.38,232.42,0,0,0.0,0.0,0,0.000,
17.9.2026,22:58:25.279,6043,33469,15.2,5767,10415,35.6,0.0,23329,0,0.896,1.025,0.760,0.897,0.902,0.963,0.693,2700.0,3799.9,1200.0,2900.0,2900.0,100.0,3599.9,191.5,572.1,627.0,235.9,83.3,12.5,0.6,0.5,0.5,191.5,13.9,39.0,44.7,19.0,8.0,0.6,0.0,0.0,0.0,44.7,13.9,100.0,7.9,23.4,25.9,9.6,3.4,0.5,0.0,0.0,0.0,7.9,27.0,38.0,12.0,29.0,29.0,36.0,41,40,43,42,40,59,60,57,58,60,44,43,否,否,否,否,否,否,否,否,否,否,否,否,否,否,否,否,否,否,44,43,44,2.750,4.899,1.117,0.000,13.522,1.328,0.414,1.951,35.0,30.0,64.0,64.0,0,0.6,0.4,0.0,0.0,0.0,14.2,40.0,45.4,19.8,7.0,1.0,0.0,0.0,0.0,71.5,14.3,72.9,98.9,99.9,1066.7,10.67,15,15,15,35,74,374,1,2,是,否,否,否,否,否,否,否,否,否,是,否,否,否,否,否,否,否,否,否,否,否,否,否,否,否,否,否,否,否,否,否,否,否,否,否,否,42.0,41,41,56,97.0,100.0,否,否,24292,21074,0.0,0.2,0.2,0.000,0.224,5493,1817,42,0.000,100.0,1066.0,0.0,0.0,0.0,0.0,0.0,0.0,0.0,317,否,否,否,否,否,否,7.302,23.539,57.0,-13.940,25.2,101.3,7.2,60.6,0.7,0.7,0.7,0.7,7.2,60.3,0.7,0.7,0.7,0.7,139.66,1360.20,14.29,14.02,1532.07,1532.07,0.32,139.37,139.29,0.38,232.42,0,0,0.0,0.0,0,0.000,
17.9.2026,22:58:27.282,6046,33466,15.3,5775,10408,35.6,0.0,23329,0,0.764,0.790,0.757,0.745,0.762,0.683,0.691,1275.0,1200.0,1200.0,1200.0,1500.0,100.0,1000.0,192.1,681.5,457.0,250.9,127.7,6.8,1.9,10.7,0.3,192.1,13.5,47.1,29.6,19.2,10.0,0.2,0.7,0.7,0.6,47.1,13.5,100.0,7.7,27.3,18.3,10.1,5.2,0.3,0.1,0.4,0.0,7.7,12.8,12.0,12.0,12.0,15.0,10.0,42,39,44,43,41,58,61,56,57,59,44,44,否,否,否,否,否,否,否,否,否,否,否,否,否,否,否,否,否,否,43,43,43,2.500,4.623,0.857,0.000,13.227,1.318,0.402,1.950,35.0,30.0,64.0,64.0,0,1.2,0.7,0.0,0.0,0.0,14.0,49.1,31.0,20.1,10.4,0.5,0.1,0.9,0.0,69.8,9.9,71.0,99.2,99.1,1600.0,16.00,22,22,22,52,74,560,1,2,是,否,否,否,否,否,否,否,否,否,是,否,否,否,否,否,否,否,否,否,否,否,否,否,否,否,否,否,否,否,否,否,否,否,否,否,否,43.0,41,41,56,97.0,100.0,否,否,24292,21074,2.9,2.9,5.7,40.463,3.416,5570,1823,43,0.000,100.0,1066.0,0.0,0.0,0.0,0.0,0.0,0.0,0.0,317,否,否,否,否,否,否,7.299,23.531,57.0,-13.883,25.2,101.7,7.2,60.6,0.7,0.7,0.7,0.7,7.2,60.3,0.7,0.7,0.7,0.7,139.66,1360.20,14.29,14.02,1532.07,1532.07,0.32,139.37,139.29,0.38,232.42,0,0,0.0,0.0,0,0.000,
17.9.2026,22:58:29.285,6042,33470,15.2,5770,10412,35.6,0.0,23329,0,0.799,0.787,0.760,0.745,0.902,0.823,0.691,1625.0,1200.0,1200.0,1200.0,2900.0,100.0,2700.0,190.4,695.9,488.4,262.0,62.4,7.9,3.5,2.8,0.3,190.4,13.5,49.8,32.4,21.4,3.7,0.0,0.0,0.6,0.4,49.8,13.5,100.0,7.8,28.3,19.9,10.8,2.5,0.3,0.1,0.1,0.0,7.8,16.2,12.0,12.0,12.0,29.0,27.0,42,42,42,43,40,58,58,58,57,60,44,43,否,否,否,否,否,否,否,否,否,否,否,否,否,否,否,否,否,否,43,43,43,5.000,4.488,0.924,0.000,13.017,1.317,0.423,1.746,35.0,30.0,64.0,64.0,0,1.2,0.7,0.0,0.0,0.0,13.9,50.8,32.9,21.5,5.0,0.6,0.3,0.2,0.0,71.4,14.2,72.4,99.0,99.7,1066.7,10.67,15,15,15,35,74,374,1,2,是,否,否,否,否,否,否,否,否,否,是,否,否,否,否,否,否,否,否,否,否,否,否,否,否,否,否,否,否,否,否,否,否,否,否,否,否,42.0,41,41,56,97.0,100.0,否,否,24292,21074,0.2,2.1,2.3,1.541,2.476,5573,1828,44,0.000,100.0,1599.0,0.0,0.0,0.0,0.0,0.0,0.0,0.0,317,否,否,否,否,否,否,7.299,23.524,56.9,-13.875,25.2,101.7,7.2,60.6,0.7,0.7,0.7,0.7,7.2,60.3,0.7,0.7,0.7,0.7,139.66,1360.20,14.29,14.02,1532.07,1532.07,0.32,139.37,139.29,0.38,232.42,0,0,0.0,0.0,0,0.000,
17.9.2026,22:58:31.294,5996,33516,15.1,5732,10450,35.4,0.0,23329,0,0.764,0.797,0.767,0.747,0.745,0.691,0.691,1250.0,1300.0,1300.0,1200.0,1200.0,100.0,1100.0,184.1,840.8,450.0,121.6,49.7,8.7,0.6,0.9,0.3,184.1,11.4,52.5,23.7,9.2,5.1,0.6,0.0,0.0,0.0,52.5,11.4,100.0,7.3,33.5,17.7,4.8,1.9,0.3,0.0,0.0,0.0,7.3,12.5,13.0,13.0,12.0,12.0,11.0,41,39,41,43,41,59,61,59,57,59,44,43,否,否,否,否,否,否,否,否,否,否,否,否,否,否,否,否,否,否,43,43,43,4.000,4.590,0.828,0.002,13.093,1.314,0.404,1.949,35.0,30.0,64.0,64.0,0,2.9,7.1,0.0,0.0,0.0,11.9,55.2,25.6,9.9,4.0,0.7,0.1,0.1,0.0,74.7,12.9,87.0,99.2,99.9,1066.7,10.67,15,15,15,35,74,374,1,2,是,否,否,否,否,否,否,否,否,否,是,否,否,否,否,否,否,否,否,否,否,否,否,否,否,否,否,否,否,否,否,否,否,否,否,否,否,41.0,41,41,56,97.0,100.0,否,否,24292,21074,3.4,17.7,21.2,8.409,7.577,5589,1842,44,0.002,100.0,1066.0,0.0,0.0,0.0,0.0,0.0,0.0,0.0,317,否,否,否,否,否,否,7.303,23.516,56.9,-13.898,25.2,101.5,7.2,60.6,0.7,0.7,0.7,0.7,7.2,60.3,0.7,0.7,0.7,0.7,139.66,1360.20,14.29,14.02,1532.07,1532.07,0.32,139.37,139.29,0.38,232.42,0,0,0.0,0.0,0,0.000,
17.9.2026,22:58:33.305,6014,33498,15.2,5738,10444,35.4,0.0,23329,0,0.798,0.790,0.760,0.897,0.745,0.696,0.691,1625.0,1200.0,1200.0,2900.0,1200.0,100.0,1200.0,191.0,713.2,599.8,119.3,89.9,3.5,0.4,2.1,0.2,191.0,13.9,52.3,41.9,9.2,6.9,0.7,0.0,0.0,0.5,52.3,13.9,100.0,7.9,29.4,24.7,4.9,3.7,0.1,0.0,0.1,0.0,7.9,16.2,12.0,12.0,29.0,12.0,12.0,41,39,43,42,41,59,61,57,58,59,43,43,否,否,否,否,否,否,否,否,否,否,否,否,否,否,否,否,否,否,44,43,44,0.250,3.739,0.853,0.000,12.203,1.305,0.465,1.072,35.0,30.0,64.0,64.0,0,0.3,0.4,0.0,0.1,0.5,14.2,53.1,42.6,9.7,7.3,0.3,0.0,0.2,0.0,72.8,8.4,83.4,99.5,99.7,1066.7,10.67,15,15,15,35,74,374,1,2,是,否,否,否,否,否,否,否,否,否,是,否,否,否,否,否,否,否,否,否,否,否,否,否,否,否,否,否,否,否,否,否,否,否,否,否,否,42.0,41,41,55,97.0,100.0,否,否,24292,21074,0.0,1.2,1.2,0.000,0.161,5589,1843,42,0.003,100.0,1066.0,0.0,0.0,0.0,0.0,0.0,0.0,0.0,317,否,否,否,否,否,否,7.315,23.508,56.9,-13.781,25.2,102.3,7.2,60.6,0.7,0.7,0.7,0.7,7.2,60.3,0.7,0.7,0.7,0.7,139.66,1360.20,14.29,14.02,1532.07,1532.07,0.32,139.37,139.29,0.38,232.42,0,0,0.0,0.0,0,0.000,
17.9.2026,22:58:35.322,6015,33497,15.2,5748,10434,35.5,0.0,23329,0,0.776,0.800,0.760,0.747,0.795,0.683,0.691,1450.0,1400.0,1200.0,1200.0,2000.0,100.0,1000.0,191.3,633.4,586.9,185.3,100.7,22.2,0.3,1.1,0.2,191.3,14.9,47.8,43.5,14.7,8.5,3.0,0.5,0.6,0.5,47.8,14.9,100.0,7.9,26.1,24.2,7.6,4.2,0.9,0.0,0.0,0.0,7.9,14.5,14.0,12.0,12.0,20.0,10.0,42,41,41,44,41,58,59,59,56,59,43,44,否,否,否,否,否,否,否,否,否,否,否,否,否,否,否,否,否,否,44,43,44,0.250,4.185,0.804,0.000,12.739,1.321,0.480,1.548,35.0,30.0,64.0,64.0,0,0.1,0.1,0.0,0.0,0.0,14.5,48.1,43.7,14.5,8.1,1.8,0.0,0.1,0.0,70.9,7.6,78.2,98.0,99.8,1066.7,10.67,15,15,15,35,74,374,1,2,是,否,否,否,否,否,否,否,否,否,是,否,否,否,否,否,否,否,否,否,否,否,否,否,否,否,否,否,否,否,否,否,否,否,否,否,否,42.0,41,41,55,97.0,100.0,否,否,24292,21074,0.0,1.0,1.0,0.000,0.116,5589,1843,43,0.000,100.0,1066.0,0.0,0.0,0.0,0.0,0.0,0.0,0.0,317,否,否,否,否,否,否,7.294,23.501,56.9,-13.669,25.2,103.2,7.2,60.6,0.7,0.7,0.7,0.7,7.2,60.3,0.7,0.7,0.7,0.7,139.66,1360.20,14.29,14.02,1532.07,1532.07,0.32,139.37,139.29,0.38,232.42,0,0,0.0,0.0,0,0.000,
17.9.2026,22:58:37.331,6019,33493,15.2,5748,10434,35.5,0.0,23329,0,0.760,0.790,0.760,0.745,0.745,0.696,0.691,1200.0,1200.0,1200.0,1200.0,1200.0,100.0,1200.0,196.4,711.4,638.9,200.7,17.5,1.8,0.2,0.8,0.2,196.4,14.2,52.2,43.1,16.4,1.2,0.0,0.7,0.0,0.0,52.2,14.2,100.0,8.1,29.5,26.4,8.3,0.7,0.1,0.0,0.0,0.0,8.1,12.0,12.0,12.0,12.0,12.0,12.0,41,40,41,43,40,59,60,59,57,60,43,43,否,否,否,否,否,否,否,否,否,否,否,否,否,否,否,否,否,否,43,42,43,0.250,4.013,0.921,0.000,12.498,1.323,0.494,1.253,35.0,30.0,64.0,64.0,0,0.1,0.1,0.0,0.0,0.0,14.3,52.7,43.7,16.6,1.3,0.2,0.0,0.1,0.0,71.0,1.9,82.5,99.7,99.9,1066.7,10.67,15,15,15,35,74,374,1,2,是,否,否,否,否,否,否,否,否,否,是,否,否,否,否,否,否,否,否,否,否,否,否,否,否,否,否,否,否,否,否,否,否,否,否,否,否,41.0,42,42,55,97.0,100.0,否,否,24292,21074,0.0,2.2,2.2,0.000,0.196,5589,1843,43,0.000,100.0,1066.0,0.0,0.0,0.0,0.0,0.0,0.0,0.0,317,否,否,否,否,否,否,7.302,23.493,56.9,-13.596,25.2,103.7,7.2,60.6,0.7,0.7,0.7,0.7,7.2,60.3,0.7,0.7,0.7,0.7,139.66,1360.20,14.29,14.02,1532.07,1532.07,0.32,139.37,139.29,0.38,232.42,0,0,0.0,0.0,0,0.000,
17.9.2026,22:58:39.335,6020,33491,15.2,5754,10429,35.5,0.0,23329,0,0.803,0.790,0.772,0.747,0.902,0.703,0.691,1675.0,1200.0,1400.0,1200.0,2900.0,100.0,1300.0,193.0,592.9,543.9,227.1,165.8,4.6,0.9,8.5,0.4,193.0,14.3,42.8,39.6,18.0,13.2,0.7,0.0,0.3,0.0,42.8,14.3,100.0,7.9,24.4,22.4,9.3,6.9,0.2,0.0,0.3,0.0,7.9,16.8,12.0,14.0,12.0,29.0,13.0,42,42,42,42,42,58,58,58,58,58,43,42,否,否,否,否,否,否,否,否,否,否,否,否,否,否,否,否,否,否,43,42,43,0.250,4.162,0.766,0.000,12.692,1.311,0.443,1.580,35.0,30.0,64.0,64.0,0,0.4,0.3,0.0,0.0,0.0,14.7,43.7,40.3,18.7,13.6,0.4,0.1,0.7,0.0,71.2,16.4,69.8,99.5,99.2,1066.7,10.67,15,15,15,35,74,374,1,2,是,否,否,否,否,否,否,否,否,否,是,否,否,否,否,否,否,否,否,否,否,否,否,否,否,否,否,否,否,否,否,否,否,否,否,否,否,42.0,42,42,55,97.0,100.0,否,否,24292,21074,0.0,0.7,0.7,0.000,0.161,5589,1844,44,0.000,100.0,1066.0,0.0,0.0,0.0,0.0,0.0,0.0,0.0,317,否,否,否,否,否,否,7.326,23.485,56.9,-13.619,25.2,103.5,7.2,60.6,0.7,0.7,0.7,0.7,7.2,60.3,0.7,0.7,0.7,0.7,139.66,1360.20,14.29,14.02,1532.07,1532.07,0.32,139.37,139.29,0.38,232.42,0,0,0.0,0.0,0,0.000,
17.9.2026,22:58:41.330,6016,33496,15.2,5764,10418,35.6,0.0,23329,0,0.765,0.790,0.760,0.767,0.742,0.711,0.691,1300.0,1200.0,1200.0,1600.0,1200.0,100.0,1400.0,190.1,653.5,652.7,191.7,15.0,4.8,0.4,1.9,0.5,190.1,14.2,48.4,46.8,15.5,1.3,1.2,0.1,0.2,0.1,48.4,14.2,100.0,7.8,27.0,27.0,7.9,0.6,0.2,0.0,0.1,0.0,7.8,13.0,12.0,12.0,16.0,12.0,14.0,42,42,41,43,41,58,58,59,57,59,43,43,否,否,否,否,否,否,否,否,否,否,否,否,否,否,否,否,否,否,44,42,44,0.250,4.011,0.831,0.000,12.317,1.304,0.439,1.372,35.0,30.0,64.0,64.0,0,0.3,0.3,0.0,0.0,0.0,14.2,48.8,47.3,15.8,1.3,0.4,0.0,0.1,0.0,72.2,6.6,82.8,99.5,99.8,1066.7,10.67,15,15,15,35,74,374,1,2,是,否,否,否,否,否,否,否,否,否,是,否,否,否,否,否,否,否,否,否,否,否,否,否,否,否,否,否,否,否,否,否,否,否,否,否,否,41.0,42,42,52,97.0,100.0,否,否,24292,21074,0.0,1.8,1.8,0.000,0.157,5589,1844,43,0.000,100.0,1066.0,0.0,0.0,0.0,0.0,0.0,0.0,0.0,317,否,否,否,否,否,否,7.332,23.478,56.8,-13.586,25.2,103.7,7.2,60.6,0.7,0.7,0.7,0.7,7.2,60.3,0.7,0.7,0.7,0.7,139.66,1360.20,14.29,14.02,1532.07,1532.07,0.32,139.37,139.29,0.38,232.42,0,0,0.0,0.0,0,0.000,
17.9.2026,22:58:43.332,6018,33493,15.2,5751,10432,35.5,0.0,23329,0,0.774,0.790,0.760,0.747,0.800,0.736,0.691,1425.0,1200.0,1200.0,1200.0,2100.0,100.0,1800.0,181.9,683.7,585.6,119.1,54.3,11.1,0.5,0.4,0.3,181.9,14.2,52.6,41.9,10.0,4.7,0.5,1.2,1.2,1.2,52.6,14.2,100.0,7.5,28.4,24.2,4.9,2.2,0.4,0.0,0.0,0.0,7.5,14.2,12.0,12.0,12.0,21.0,18.0,42,42,43,42,41,58,58,57,58,59,44,43,否,否,否,否,否,否,否,否,否,否,否,否,否,否,否,否,否,否,43,43,43,0.250,3.868,0.782,0.000,11.687,1.293,0.414,1.294,35.0,30.0,64.0,64.0,0,0.0,0.0,0.0,0.0,0.0,13.8,52.8,42.1,9.8,4.3,0.9,0.0,0.0,0.0,72.0,2.4,86.5,99.0,99.9,1066.7,10.67,15,15,15,35,74,374,1,2,是,否,否,否,否,否,否,否,否,否,是,否,否,否,否,否,否,否,否,否,否,否,否,否,否,否,否,否,否,否,否,否,否,否,否,否,否,42.0,42,42,51,97.0,100.0,否,否,24292,21074,0.0,2.0,2.0,0.000,0.059,5589,1844,43,0.000,100.0,1066.0,0.0,0.0,0.0,0.0,0.0,0.0,0.0,317,否,否,否,否,否,否,7.359,23.470,56.8,-13.438,25.2,104.8,7.2,60.6,0.7,0.7,0.7,0.7,7.2,60.3,0.7,0.7,0.7,0.7,139.66,1360.20,14.29,14.02,1532.07,1532.07,0.32,139.37,139.29,0.38,232.42,0,0,0.0,0.0,0,0.000,
17.9.2026,22:58:45.330,6014,33498,15.2,5741,10442,35.4,0.0,23329,0,0.839,0.797,0.760,0.897,0.902,0.698,0.691,2100.0,1400.0,1200.0,2900.0,2900.0,100.0,1200.0,192.5,680.4,678.8,117.9,53.0,3.4,0.4,5.9,0.1,192.5,13.6,49.0,47.0,9.1,3.9,0.0,0.0,0.0,0.0,49.0,13.6,100.0,8.0,28.1,28.1,4.8,2.2,0.1,0.0,0.2,0.0,8.0,21.0,14.0,12.0,29.0,29.0,12.0,42,43,41,43,41,58,57,59,57,59,44,43,否,否,否,否,否,否,否,否,否,否,否,否,否,否,否,否,否,否,43,43,43,0.250,3.868,0.782,0.000,11.687,1.293,0.414,1.294,35.0,30.0,64.0,64.0,0,0.3,0.2,0.0,0.0,0.0,14.0,49.6,47.6,9.7,4.3,0.3,0.0,0.5,0.0,71.6,0.9,86.3,99.6,99.5,1600.0,16.00,22,22,22,52,74,560,1,2,是,否,否,否,否,否,否,否,否,否,是,否,否,否,否,否,否,否,否,否,否,否,否,否,否,否,否,否,否,否,否,否,否,否,否,否,否,42.0,42,42,52,97.0,100.0,否,否,24292,21074,0.0,1.5,1.5,0.000,0.130,5589,1844,44,0.000,100.0,1066.0,0.0,0.0,0.0,0.0,0.0,0.0,0.0,317,否,否,否,否,否,否,7.317,23.470,56.8,-13.295,25.2,105.9,7.2,60.6,0.7,0.7,0.7,0.7,7.2,60.3,0.7,0.7,0.7,0.7,139.66,1360.20,14.29,14.02,1532.07,1532.07,0.32,139.37,139.29,0.38,232.42,0,0,0.0,0.0,0,0.000,
17.9.2026,22:58:47.328,6016,33496,15.2,5746,10436,35.5,0.0,23329,0,0.769,0.787,0.760,0.780,0.747,0.776,0.691,1400.0,1200.0,1200.0,2000.0,1200.0,100.0,2200.0,191.4,727.8,578.7,145.9,63.3,4.9,6.5,1.9,2.4,191.4,14.4,53.8,41.8,11.5,5.0,1.1,1.3,0.1,1.0,53.8,14.4,100.0,7.9,30.2,23.9,5.9,2.6,0.2,0.3,0.1,0.1,7.9,14.0,12.0,12.0,20.0,12.0,22.0,42,42,42,43,41,58,58,58,57,59,44,43,否,否,否,否,否,否,否,否,否,否,否,否,否,否,否,否,否,否,50,50,44,7.500,4.492,0.937,0.001,12.835,1.318,0.454,1.726,35.0,30.0,64.0,64.0,0,0.1,0.0,0.0,0.0,0.0,14.3,54.2,42.2,11.8,5.1,0.4,0.5,0.2,0.2,71.7,4.2,84.0,99.1,99.6,1066.7,10.67,15,15,15,35,74,374,1,2,是,否,否,否,否,否,否,否,否,否,是,否,否,否,否,否,否,否,否,否,否,否,否,否,否,否,否,否,否,否,否,否,否,否,否,否,否,42.0,42,42,52,97.0,100.0,否,否,24292,21074,0.0,1.4,1.4,0.000,0.149,5589,1845,44,0.001,100.0,1599.0,0.0,0.0,0.0,0.0,0.0,0.0,0.0,317,否,否,否,否,否,否,7.319,23.462,56.8,-13.160,25.2,107.0,7.2,60.6,0.7,0.7,0.7,0.7,7.2,60.3,0.7,0.7,0.7,0.7,139.66,1360.20,14.29,14.02,1532.07,1532.07,0.32,139.37,139.29,0.38,232.42,0,0,0.0,0.0,0,0.000,
17.9.2026,22:58:49.323,6015,33496,15.2,5742,10441,35.4,0.0,23329,0,0.794,0.790,0.812,0.782,0.792,0.746,0.691,1825.0,1200.0,2100.0,2000.0,2000.0,100.0,1900.0,186.2,584.8,493.2,282.1,114.3,14.5,0.2,0.6,0.2,186.2,13.9,43.4,34.9,22.8,9.0,0.9,0.0,0.0,0.0,43.4,13.9,100.0,7.7,24.1,20.3,11.6,4.7,0.6,0.0,0.0,0.0,7.7,18.2,12.0,21.0,20.0,20.0,19.0,42,39,43,43,42,58,61,57,57,58,43,43,否,否,否,否,否,否,否,否,否,否,否,否,否,否,否,否,否,否,55,55,43,7.750,3.736,0.834,0.000,11.536,1.299,0.438,1.097,35.0,30.0,64.0,64.0,0,0.6,0.7,0.0,0.0,0.0,14.2,44.1,35.5,23.3,9.3,1.1,0.0,0.1,0.0,71.2,17.8,68.5,98.7,99.9,1066.7,10.67,15,15,15,35,74,374,1,2,是,否,否,否,否,否,否,否,否,否,是,否,否,否,否,否,否,否,否,否,否,否,否,否,否,否,否,否,否,否,否,否,否,否,否,否,否,41.0,42,42,51,97.0,100.0,否,否,24292,21074,0.0,2.1,2.1,0.000,0.118,5589,1845,44,0.000,100.0,1066.0,0.0,0.0,0.0,0.0,0.0,0.0,0.0,317,否,否,否,否,否,否,7.350,23.455,56.8,-13.186,25.2,106.7,7.2,60.6,0.7,0.7,0.7,0.7,7.2,60.3,0.7,0.7,0.7,0.7,139.66,1360.20,14.29,14.02,1532.07,1532.07,0.32,139.37,139.29,0.38,232.42,0,0,0.0,0.0,0,0.000,
17.9.2026,22:58:51.333,6016,33496,15.2,5739,10443,35.4,0.0,23329,0,0.789,0.855,0.760,0.745,0.797,0.686,0.691,1675.0,2300.0,1200.0,1200.0,2000.0,100.0,1000.0,182.6,384.5,451.3,557.3,46.2,17.5,1.3,2.2,0.3,182.6,14.6,28.4,34.3,46.0,3.7,2.1,0.0,2.4,0.0,46.0,14.6,100.0,7.5,15.6,18.6,23.1,1.9,0.7,0.0,0.1,0.0,7.5,16.8,23.0,12.0,12.0,20.0,10.0,41,38,41,43,41,59,62,59,57,59,43,43,否,否,否,否,否,否,否,否,否,否,否,否,否,否,否,否,否,否,44,43,44,0.250,3.900,0.727,0.001,11.734,1.286,0.396,1.395,35.0,30.0,64.0,64.0,0,0.2,0.2,0.0,0.0,0.0,14.5,29.3,34.8,46.3,3.8,1.5,0.1,0.2,0.0,72.3,40.9,50.3,98.2,99.8,1066.7,10.67,15,15,15,35,74,374,1,2,是,否,否,否,否,否,否,否,否,否,是,否,否,否,否,否,否,否,否,否,否,否,否,否,否,否,否,否,否,否,否,否,否,否,否,否,否,41.0,42,42,49,97.0,100.0,否,否,24292,21074,0.0,1.5,1.5,0.000,0.139,5589,1845,42,0.001,100.0,1066.0,0.0,0.0,0.0,0.0,0.0,0.0,0.0,317,否,否,否,否,否,否,7.356,23.455,56.8,-13.005,25.2,108.2,7.2,60.6,0.7,0.7,0.7,0.7,7.2,60.3,0.7,0.7,0.7,0.7,139.66,1360.20,14.29,14.02,1532.07,1532.07,0.32,139.37,139.29,0.38,232.42,0,0,0.0,0.0,0,0.000,
17.9.2026,22:58:53.331,6020,33492,15.2,5744,10438,35.4,0.0,23329,0,0.786,0.787,0.707,0.745,0.902,0.833,0.691,1425.0,1200.0,400.0,1200.0,2900.0,100.0,2800.0,190.0,464.8,495.1,483.4,60.4,14.0,0.3,1.6,0.2,190.0,14.7,33.0,35.6,39.1,4.8,1.0,1.5,1.6,0.8,39.1,14.7,100.0,7.8,18.9,20.4,20.0,2.5,0.5,0.0,0.1,0.0,7.8,14.2,12.0,4.0,12.0,29.0,28.0,42,44,41,43,41,58,56,59,57,59,44,44,否,否,否,否,否,否,否,否,否,否,否,否,否,否,否,否,否,否,43,44,43,2.500,3.251,0.562,0.000,10.394,1.259,0.348,0.950,35.0,30.0,64.0,64.0,0,0.6,0.4,0.0,0.0,0.0,14.5,33.9,36.2,39.5,4.9,1.1,0.0,0.1,0.0,72.1,33.9,56.2,98.6,99.8,1066.7,10.67,15,15,15,35,74,374,1,2,是,否,否,否,否,否,否,否,否,否,是,否,否,否,否,否,否,否,否,否,否,否,否,否,否,否,否,否,否,否,否,否,否,否,否,否,否,42.0,41,41,50,97.0,100.0,否,否,24292,21074,0.0,0.6,0.6,0.000,0.114,5589,1845,43,0.000,100.0,1066.0,0.0,0.0,0.0,0.0,0.0,0.0,0.0,317,否,否,否,否,否,否,7.303,23.447,56.8,-12.547,25.2,112.1,7.2,60.6,0.7,0.7,0.7,0.7,7.2,60.3,0.7,0.7,0.7,0.7,139.66,1360.20,14.29,14.02,1532.07,1532.07,0.32,139.37,139.29,0.38,232.42,0,0,0.0,0.0,0,0.000,
17.9.2026,22:58:55.329,6020,33491,15.2,5746,10436,35.5,0.0,23329,0,0.869,0.917,0.760,0.897,0.902,0.843,0.691,2525.0,3100.0,1200.0,2900.0,2900.0,100.0,2900.0,199.4,594.1,772.9,142.8,74.7,4.8,2.5,2.8,0.2,199.4,13.8,40.9,52.4,11.1,5.7,0.0,0.0,0.0,0.0,52.4,13.8,100.0,8.2,24.4,32.0,5.8,3.1,0.2,0.1,0.1,0.0,8.2,25.2,31.0,12.0,29.0,29.0,29.0,42,43,41,43,41,58,57,59,57,59,45,43,否,否,否,否,否,否,否,否,否,否,否,否,否,否,否,否,否,否,44,44,44,0.250,3.746,0.710,0.000,11.359,1.287,0.387,1.259,35.0,30.0,64.0,64.0,0,0.2,0.1,0.0,0.0,0.0,14.1,41.6,52.9,11.7,5.9,0.4,0.2,0.2,0.0,71.7,5.7,82.1,99.2,99.8,1066.7,10.67,15,15,15,35,74,374,1,2,是,否,否,否,否,否,否,否,否,否,是,否,否,否,否,否,否,否,否,否,否,否,否,否,否,否,否,否,否,否,否,否,否,否,否,否,否,42.0,41,41,53,97.0,100.0,否,否,24292,21074,0.0,0.4,0.4,0.000,0.384,5589,1846,44,0.000,100.0,1066.0,0.0,0.0,0.0,0.0,0.0,0.0,0.0,317,否,否,否,否,否,否,7.292,23.440,56.7,-12.717,25.2,110.6,7.2,60.6,0.7,0.7,0.7,0.7,7.2,60.3,0.7,0.7,0.7,0.7,139.66,1360.20,14.29,14.02,1532.07,1532.07,0.32,139.37,139.29,0.38,232.42,0,0,0.0,0.0,0,0.000,
17.9.2026,22:58:57.329,6021,33491,15.2,5749,10433,35.5,0.0,23329,0,0.835,0.932,0.760,0.745,0.902,0.843,0.691,2100.0,3100.0,1200.0,1200.0,2900.0,100.0,2900.0,198.2,655.4,704.5,182.1,38.1,3.4,0.8,1.0,0.3,198.2,14.4,45.4,47.8,15.3,3.6,2.3,0.0,0.7,0.0,47.8,14.4,100.0,8.2,27.0,29.1,7.4,1.5,0.1,0.0,0.0,0.0,8.2,21.0,31.0,12.0,12.0,29.0,29.0,42,43,41,44,40,58,57,59,56,60,44,44,否,否,否,否,否,否,否,否,否,否,否,否,否,否,否,否,否,否,44,44,43,0.250,4.897,1.112,0.000,13.607,1.327,0.429,1.951,35.0,30.0,64.0,64.0,0,0.2,0.1,0.0,0.0,0.0,14.1,45.6,48.0,15.3,3.2,0.3,0.0,0.1,0.0,71.0,3.0,81.5,99.5,99.9,1066.7,10.67,15,15,15,35,74,374,1,2,是,否,否,否,否,否,否,否,否,否,是,否,否,否,否,否,否,否,否,否,否,否,否,否,否,否,否,否,否,否,否,否,否,否,否,否,否,42.0,41,41,53,97.0,100.0,否,否,24292,21074,0.0,0.3,0.3,0.000,0.286,5589,1847,44,0.000,100.0,1066.0,0.0,0.0,0.0,0.0,0.0,0.0,0.0,317,否,否,否,否,否,否,7.296,23.432,56.7,-12.921,25.2,108.8,7.2,60.6,0.7,0.7,0.7,0.7,7.2,60.3,0.7,0.7,0.7,0.7,139.66,1360.20,14.29,14.02,1532.07,1532.07,0.32,139.37,139.29,0.38,232.42,0,0,0.0,0.0,0,0.000,
17.9.2026,22:58:59.345,6014,33497,15.2,5744,10438,35.4,0.0,23329,0,0.761,0.790,0.760,0.747,0.745,0.683,0.691,1200.0,1200.0,1200.0,1200.0,1200.0,100.0,1000.0,194.3,545.5,655.1,220.2,123.8,4.6,0.5,4.6,0.3,194.3,14.0,37.2,46.6,17.1,9.8,0.1,0.6,0.1,0.6,46.6,14.0,100.0,8.0,22.3,27.1,8.9,5.1,0.2,0.0,0.2,0.0,8.0,12.0,12.0,12.0,12.0,12.0,10.0,42,42,43,42,41,58,58,57,58,59,43,43,否,否,否,否,否,否,否,否,否,否,否,否,否,否,否,否,否,否,44,44,43,0.250,4.846,1.070,0.000,13.607,1.321,0.421,1.952,35.0,30.0,64.0,64.0,0,0.4,0.3,0.0,0.0,0.0,14.3,38.1,47.2,17.9,10.1,0.4,0.0,0.4,0.0,71.0,12.0,73.0,99.4,99.6,1066.7,10.67,15,15,15,35,74,374,1,2,是,否,否,否,否,否,否,否,否,否,是,否,否,否,否,否,否,否,否,否,否,否,否,否,否,否,否,否,否,否,否,否,否,否,否,否,否,42.0,41,41,54,97.0,100.0,否,否,24292,21074,0.0,0.3,0.3,0.000,0.210,5589,1847,43,0.000,100.0,1066.0,0.0,0.0,0.0,0.0,0.0,0.0,0.0,317,否,否,否,否,否,否,7.295,23.424,56.7,-13.073,25.2,107.5,7.2,60.6,0.7,0.7,0.7,0.7,7.2,60.3,0.7,0.7,0.7,0.7,139.66,1360.20,14.29,14.02,1532.07,1532.07,0.32,139.37,139.29,0.38,232.42,0,0,0.0,0.0,0,0.000,
17.9.2026,22:59:1.343,6023,33489,15.2,5748,10434,35.5,0.0,23329,0,0.764,0.807,0.760,0.745,0.745,0.686,0.691,1275.0,1500.0,1200.0,1200.0,1200.0,100.0,1000.0,199.9,626.9,662.6,242.9,30.4,24.8,5.8,4.0,1.5,199.9,14.0,44.9,43.4,19.1,1.9,1.6,0.8,0.0,0.0,44.9,14.0,100.0,8.2,25.8,27.3,10.0,1.2,1.0,0.2,0.2,0.1,8.2,12.8,15.0,12.0,12.0,12.0,10.0,42,39,42,45,41,58,61,58,55,59,45,45,否,否,否,否,否,否,否,否,否,否,否,否,否,否,否,否,否,否,44,44,43,0.250,4.713,0.943,0.000,13.447,1.316,0.421,1.951,35.0,30.0,64.0,64.0,0,0.4,0.2,0.0,0.0,0.0,14.4,45.7,44.1,19.7,2.4,2.1,0.5,0.3,0.1,70.4,6.0,78.4,97.5,99.5,1066.7,10.67,15,15,15,35,74,374,1,2,是,否,否,否,否,否,否,否,否,否,是,否,否,否,否,否,否,否,否,否,否,否,否,否,否,否,否,否,否,否,否,否,否,否,否,否,否,42.0,41,41,54,97.0,100.0,否,否,24292,21074,0.0,0.3,0.3,0.000,0.285,5589,1847,43,0.000,100.0,1066.0,0.0,0.0,0.0,0.0,0.0,0.0,0.0,317,否,否,否,否,否,否,7.299,23.417,56.7,-13.197,25.2,106.5,7.2,60.6,0.7,0.7,0.7,0.7,7.2,60.3,0.7,0.7,0.7,0.7,139.66,1360.20,14.29,14.02,1532.07,1532.07,0.32,139.37,139.29,0.38,232.42,0,0,0.0,0.0,0,0.000,
17.9.2026,22:59:3.349,6018,33493,15.2,5752,10431,35.5,0.0,23329,0,0.780,0.827,0.757,0.747,0.787,0.728,0.691,1550.0,1900.0,1200.0,1200.0,1900.0,100.0,1700.0,200.7,621.4,645.7,239.7,70.1,17.4,9.2,1.8,0.2,200.7,14.3,43.1,42.8,19.8,5.9,1.7,0.0,0.6,0.5,43.1,14.3,100.0,8.2,25.5,26.6,9.8,2.9,0.7,0.4,0.1,0.0,8.2,15.5,19.0,12.0,12.0,19.0,17.0,42,40,42,43,41,58,60,58,57,59,44,43,否,否,否,否,否,否,否,否,否,否,否,否,否,否,否,否,否,否,45,45,44,2.750,4.811,1.036,0.000,13.438,1.321,0.426,1.950,35.0,30.0,64.0,64.0,0,0.7,0.5,0.0,0.0,0.0,14.3,43.6,43.1,19.9,5.6,1.3,0.8,0.1,0.0,71.6,13.4,75.2,97.8,99.8,1066.7,10.67,15,15,15,35,74,374,1,2,是,否,否,否,否,否,否,否,否,否,是,否,否,否,否,否,否,否,否,否,否,否,否,否,否,否,否,否,否,否,否,否,否,否,否,否,否,42.0,41,41,54,97.0,100.0,否,否,24292,21074,0.0,0.2,0.2,0.000,0.214,5589,1848,43,0.000,100.0,1066.0,0.0,0.0,0.0,0.0,0.0,0.0,0.0,317,否,否,否,否,否,否,7.295,23.409,56.7,-13.233,25.2,106.1,7.2,60.6,0.7,0.7,0.7,0.7,7.2,60.3,0.7,0.7,0.7,0.7,139.66,1360.20,14.29,14.02,1532.07,1532.07,0.32,139.37,139.29,0.38,232.42,0,0,0.0,0.0,0,0.000,
17.9.2026,22:59:5.355,6018,33494,15.2,5746,10436,35.5,0.0,23329,0,0.761,0.792,0.760,0.747,0.742,0.703,0.691,1200.0,1200.0,1200.0,1200.0,1200.0,100.0,1300.0,190.1,514.1,617.6,314.5,53.3,11.6,0.5,8.7,0.2,190.1,14.1,37.6,43.5,25.4,3.4,0.8,0.7,1.4,0.0,43.5,14.1,100.0,7.8,21.1,25.5,13.0,2.2,0.4,0.0,0.4,0.0,7.8,12.0,12.0,12.0,12.0,12.0,13.0,42,40,43,42,41,58,60,57,58,59,43,43,否,否,否,否,否,否,否,否,否,否,否,否,否,否,否,否,否,否,44,42,44,0.250,4.806,1.024,0.001,13.444,1.324,0.432,1.952,35.0,30.0,64.0,64.0,0,0.3,0.2,0.0,0.0,0.0,14.3,38.2,44.0,25.9,4.3,1.0,0.0,0.7,0.0,70.1,12.1,70.0,98.8,99.3,1066.7,10.67,15,15,15,35,74,374,1,2,是,否,否,否,否,否,否,否,否,否,是,否,否,否,否,否,否,否,否,否,否,否,否,否,否,否,否,否,否,否,否,否,否,否,否,否,否,41.0,41,41,52,97.0,100.0,否,否,24292,21074,0.0,0.6,0.6,0.000,0.147,5589,1848,44,0.001,100.0,1066.0,0.0,0.0,0.0,0.0,0.0,0.0,0.0,317,否,否,否,否,否,否,7.300,23.401,56.6,-13.344,25.2,105.2,7.2,60.6,0.7,0.7,0.7,0.7,7.2,60.3,0.7,0.7,0.7,0.7,139.66,1360.20,14.29,14.02,1532.07,1532.07,0.32,139.37,139.29,0.38,232.42,0,0,0.0,0.0,0,0.000,
17.9.2026,22:59:7.369,6016,33496,15.2,5741,10442,35.4,0.0,23329,0,0.852,1.022,0.760,0.885,0.742,0.946,0.691,2275.0,3799.9,1200.0,2900.0,1200.0,100.0,3499.9,189.8,530.5,598.0,303.7,29.7,46.4,2.2,8.1,0.2,189.8,13.6,37.2,41.4,24.7,1.9,3.3,0.0,0.2,0.4,41.4,13.6,100.0,7.8,21.7,24.7,12.5,1.2,1.9,0.1,0.3,0.0,7.8,22.8,38.0,12.0,29.0,12.0,35.0,42,44,41,43,40,58,56,59,57,60,44,44,否,否,否,否,否,否,否,否,否,否,否,否,否,否,否,否,否,否,47,47,43,0.250,4.152,0.834,0.000,12.197,1.296,0.393,1.528,35.0,30.0,64.0,64.0,0,0.5,0.5,0.0,0.0,0.0,14.1,38.3,42.1,25.5,2.4,3.8,0.2,0.7,0.0,72.9,24.7,71.6,95.8,99.3,1066.7,10.67,15,15,15,35,74,374,1,2,是,否,否,否,否,否,否,否,否,否,是,否,否,否,否,否,否,否,否,否,否,否,否,否,否,否,否,否,否,否,否,否,否,否,否,否,否,42.0,41,41,52,97.0,100.0,否,否,24292,21074,0.0,1.1,1.1,0.000,0.201,5589,1849,43,0.000,100.0,1066.0,0.0,0.0,0.0,0.0,0.0,0.0,0.0,317,否,否,否,否,否,否,7.380,23.401,56.6,-13.350,25.2,105.2,7.2,60.6,0.7,0.7,0.7,0.7,7.2,60.3,0.7,0.7,0.7,0.7,139.66,1360.20,14.29,14.02,1532.07,1532.07,0.32,139.37,139.29,0.38,232.42,0,0,0.0,0.0,0,0.000,
17.9.2026,22:59:9.367,6018,33493,15.2,5738,10444,35.4,0.0,23329,0,0.761,0.790,0.760,0.745,0.747,0.703,0.691,1200.0,1200.0,1200.0,1200.0,1200.0,100.0,1300.0,186.7,530.8,536.4,341.0,52.0,20.4,0.6,12.5,0.2,186.7,14.3,38.4,38.6,28.5,4.6,2.0,0.4,1.4,0.4,38.6,14.3,100.0,7.7,21.8,22.1,14.1,2.1,0.8,0.0,0.5,0.0,7.7,12.0,12.0,12.0,12.0,12.0,13.0,41,40,41,43,39,59,60,59,57,61,44,43,否,否,否,否,否,否,否,否,否,否,否,否,否,否,否,否,否,否,43,43,43,0.250,4.065,0.807,0.000,12.040,1.291,0.377,1.478,35.0,30.0,64.0,64.0,0,0.4,0.4,0.0,0.0,0.0,14.2,38.8,38.8,28.6,4.3,1.7,0.0,1.0,0.0,70.6,18.6,66.6,98.1,98.9,1066.7,10.67,15,15,15,35,74,374,1,2,是,否,否,否,否,否,否,否,否,否,是,否,否,否,否,否,否,否,否,否,否,否,否,否,否,否,否,否,否,否,否,否,否,否,否,否,否,42.0,41,41,51,97.0,100.0,否,否,24292,21074,0.0,2.0,2.0,0.000,0.154,5589,1849,43,0.000,100.0,1066.0,0.0,0.0,0.0,0.0,0.0,0.0,0.0,317,否,否,否,否,否,否,7.292,23.394,56.6,-13.162,25.2,106.6,7.2,60.6,0.7,0.7,0.7,0.7,7.2,60.3,0.7,0.7,0.7,0.7,139.66,1360.20,14.29,14.02,1532.07,1532.07,0.32,139.37,139.29,0.38,232.42,0,0,0.0,0.0,0,0.000,
17.9.2026,22:59:11.371,6023,33489,15.2,5755,10428,35.5,0.0,23329,0,0.765,0.790,0.760,0.747,0.762,0.683,0.688,1275.0,1200.0,1200.0,1200.0,1500.0,100.0,1000.0,183.1,440.0,471.3,456.9,68.2,24.9,0.9,1.9,0.9,183.1,13.9,31.9,34.3,37.5,5.7,1.5,0.0,0.0,0.0,37.5,13.9,100.0,7.5,18.0,19.4,18.9,2.8,1.0,0.0,0.1,0.0,7.5,12.8,12.0,12.0,12.0,15.0,10.0,41,39,43,42,41,59,61,57,58,59,43,43,否,否,否,否,否,否,否,否,否,否,否,否,否,否,否,否,否,否,45,45,45,0.250,4.093,0.786,0.000,12.136,1.298,0.376,1.519,35.0,30.0,64.0,64.0,0,0.5,0.5,0.0,0.0,0.0,14.2,33.0,35.1,38.1,5.5,2.1,0.1,0.2,0.1,69.9,25.5,56.5,97.7,99.8,1066.7,10.67,15,15,15,35,74,374,1,2,是,否,否,否,否,否,否,否,否,否,是,否,否,否,否,否,否,否,否,否,否,否,否,否,否,否,否,否,否,否,否,否,否,否,否,否,否,43.0,41,41,50,97.0,100.0,否,否,24292,21074,0.0,2.1,2.1,0.000,0.574,5589,1850,43,0.000,100.0,1066.0,0.0,0.0,0.0,0.0,0.0,0.0,0.0,317,否,否,否,否,否,否,7.309,23.386,56.6,-13.083,25.2,107.2,7.2,60.6,0.7,0.7,0.7,0.7,7.2,60.3,0.7,0.7,0.7,0.7,139.66,1360.20,14.29,14.02,1532.07,1532.07,0.32,139.37,139.29,0.38,232.42,0,0,0.0,0.0,0,0.000,
17.9.2026,22:59:13.368,6024,33488,15.2,5758,10425,35.5,0.0,23329,0,0.762,0.790,0.760,0.755,0.745,0.703,0.691,1250.0,1200.0,1200.0,1400.0,1200.0,100.0,1300.0,177.0,330.7,329.0,679.0,45.6,28.7,1.8,1.2,0.2,177.0,14.5,26.4,26.4,56.3,4.1,3.0,0.0,0.0,0.0,56.3,14.5,100.0,7.3,13.4,13.5,28.2,1.8,1.2,0.1,0.0,0.0,7.3,12.5,12.0,12.0,14.0,12.0,13.0,41,42,41,42,40,59,58,59,58,60,43,42,否,否,否,否,否,否,否,否,否,否,否,否,否,否,否,否,否,否,44,42,44,0.250,3.728,0.648,0.000,11.495,1.289,0.355,1.307,35.0,30.0,64.0,64.0,0,0.1,0.1,0.0,0.0,0.0,14.5,26.8,26.4,56.3,3.6,2.4,0.1,0.1,0.0,72.5,51.3,41.8,97.3,99.8,1066.7,10.67,15,15,15,35,74,374,1,2,是,否,否,否,否,否,否,否,否,否,是,否,否,否,否,否,否,否,否,否,否,否,否,否,否,否,否,否,否,否,否,否,否,否,否,否,否,41.0,41,41,48,97.0,100.0,否,否,24292,21074,0.0,0.5,0.5,0.000,0.014,5589,1850,43,0.000,100.0,1066.0,0.0,0.0,0.0,0.0,0.0,0.0,0.0,317,否,否,否,否,否,否,7.390,23.378,56.6,-13.036,25.2,107.6,7.2,60.6,0.7,0.7,0.7,0.7,7.2,60.3,0.7,0.7,0.7,0.7,139.66,1360.20,14.29,14.02,1532.07,1532.07,0.32,139.37,139.29,0.38,232.42,0,0,0.0,0.0,0,0.000,
17.9.2026,22:59:15.385,6019,33493,15.2,5753,10429,35.5,0.0,23329,0,0.772,0.790,0.790,0.765,0.742,0.843,0.691,1400.0,1200.0,1600.0,1600.0,1200.0,100.0,2900.0,192.8,503.8,681.3,282.0,55.2,16.5,1.7,1.3,0.3,192.8,13.7,34.6,47.3,22.4,3.9,0.8,0.3,0.3,0.2,47.3,13.7,100.0,7.9,20.6,28.2,11.6,2.2,0.7,0.1,0.0,0.0,7.9,14.0,12.0,16.0,16.0,12.0,29.0,41,40,41,43,40,59,60,59,57,60,44,43,否,否,否,否,否,否,否,否,否,否,否,否,否,否,否,否,否,否,43,43,43,0.250,2.626,0.436,0.000,9.197,1.252,0.292,0.468,35.0,30.0,64.0,64.0,0,0.5,0.3,0.0,0.0,0.0,14.2,35.8,48.1,23.2,4.5,1.4,0.1,0.1,0.0,70.7,12.3,72.5,98.3,99.8,1066.7,10.67,15,15,15,35,74,374,1,2,是,否,否,否,否,否,否,否,否,否,是,否,否,否,否,否,否,否,否,否,否,否,否,否,否,否,否,否,否,否,否,否,否,否,否,否,否,42.0,41,41,52,97.0,100.0,否,否,24292,21074,0.0,0.2,0.2,0.000,0.206,5589,1850,43,0.000,100.0,1066.0,0.0,0.0,0.0,0.0,0.0,0.0,0.0,317,否,否,否,否,否,否,7.308,23.378,56.6,-12.555,25.2,111.7,7.2,60.6,0.7,0.7,0.7,0.7,7.2,60.3,0.7,0.7,0.7,0.7,139.66,1360.20,14.29,14.02,1532.07,1532.07,0.32,139.37,139.29,0.38,232.42,0,0,0.0,0.0,0,0.000,
17.9.2026,22:59:17.399,6022,33489,15.2,5748,10434,35.5,0.0,23329,0,0.837,0.790,0.760,0.897,0.902,0.711,0.691,2050.0,1200.0,1200.0,2900.0,2900.0,100.0,1400.0,184.9,388.9,473.9,451.7,112.3,48.8,1.2,1.9,0.7,184.9,14.5,29.4,35.1,37.4,9.5,4.4,0.0,0.0,0.0,37.4,14.5,100.0,7.6,15.8,19.5,18.7,4.6,2.0,0.0,0.1,0.0,7.6,20.5,12.0,12.0,29.0,29.0,14.0,41,42,41,42,40,59,58,59,58,60,42,42,否,否,否,否,否,否,否,否,否,否,否,否,否,否,否,否,否,否,43,43,43,0.250,4.686,0.894,0.000,13.286,1.335,0.423,1.952,35.0,30.0,64.0,64.0,0,0.3,0.3,0.0,0.0,0.0,14.5,29.7,35.2,37.4,9.1,4.0,0.1,0.1,0.0,70.6,32.3,54.6,95.8,99.8,1066.7,10.67,15,15,15,35,74,374,1,2,是,否,否,否,否,否,否,否,否,否,是,否,否,否,否,否,否,否,否,否,否,否,否,否,否,否,否,否,否,否,否,否,否,否,否,否,否,41.0,41,41,51,97.0,100.0,否,否,24292,21074,0.0,0.7,0.7,0.000,0.098,5589,1851,44,0.000,100.0,1066.0,0.0,0.0,0.0,0.0,0.0,0.0,0.0,317,否,否,否,否,否,否,7.356,23.371,56.6,-12.807,25.2,109.5,7.2,60.6,0.7,0.7,0.7,0.7,7.2,60.3,0.7,0.7,0.7,0.7,139.66,1360.20,14.29,14.02,1532.07,1532.07,0.32,139.37,139.29,0.38,232.42,0,0,0.0,0.0,0,0.000,
17.9.2026,22:59:19.385,6027,33485,15.2,5750,10432,35.5,0.0,23329,0,0.772,0.787,0.760,0.747,0.792,0.703,0.688,1400.0,1200.0,1200.0,1200.0,2000.0,100.0,1300.0,190.6,499.1,571.6,408.3,30.7,12.6,0.5,1.7,0.2,190.6,16.9,35.8,39.8,33.6,2.3,0.9,22.4,0.1,0.0,39.8,16.9,100.0,7.8,20.4,23.5,16.8,1.2,0.5,0.0,0.1,0.0,7.8,14.0,12.0,12.0,12.0,20.0,13.0,42,42,43,43,41,58,58,57,57,59,44,43,否,否,否,否,否,否,否,否,否,否,否,否,否,否,否,否,否,否,50,50,43,0.250,3.445,0.613,0.000,11.518,1.279,0.343,1.070,35.0,30.0,64.0,64.0,0,0.8,0.7,0.0,0.0,0.0,14.4,36.7,40.4,34.2,2.5,1.0,0.0,0.1,0.0,71.6,24.9,63.0,98.7,99.8,1066.7,10.67,15,15,15,35,74,374,1,2,是,否,否,否,否,否,否,否,否,否,是,否,否,否,否,否,否,否,否,否,否,否,否,否,否,否,否,否,否,否,否,否,否,否,否,否,否,41.0,41,41,50,97.0,100.0,否,否,24292,21074,0.0,1.2,1.2,0.000,0.158,5589,1851,43,0.000,100.0,1066.0,0.0,0.0,0.0,0.0,0.0,0.0,0.0,317,否,否,否,否,否,否,7.354,23.363,56.6,-12.700,25.2,110.4,7.2,60.6,0.7,0.7,0.7,0.7,7.2,60.3,0.7,0.7,0.7,0.7,139.66,1360.20,14.29,14.02,1532.07,1532.07,0.32,139.37,139.29,0.38,232.42,0,0,0.0,0.0,0,0.000,
17.9.2026,22:59:21.390,6024,33488,15.2,5755,10428,35.5,0.0,23329,0,0.777,0.810,0.782,0.747,0.770,0.723,0.691,1500.0,1600.0,1600.0,1200.0,1600.0,100.0,1600.0,185.8,476.3,432.4,450.7,77.5,48.6,0.2,0.8,0.2,185.8,13.9,34.9,31.2,36.5,5.1,2.9,0.0,0.5,0.0,36.5,13.9,100.0,7.6,19.3,17.7,18.6,3.2,2.0,0.0,0.0,0.0,7.6,15.0,16.0,16.0,12.0,16.0,16.0,40,39,42,42,39,60,61,58,58,61,44,42,否,否,否,否,否,否,否,否,否,否,否,否,否,否,否,否,否,否,44,43,44,0.250,4.259,0.773,0.000,12.517,1.312,0.421,1.673,35.0,30.0,64.0,64.0,0,0.5,0.6,0.0,0.0,0.0,14.5,36.1,32.0,37.6,6.2,4.1,0.0,0.1,0.0,72.5,37.9,56.5,95.7,99.9,1066.7,10.67,15,15,15,35,74,374,1,2,是,否,否,否,否,否,否,否,否,否,是,否,否,否,否,否,否,否,否,否,否,否,否,否,否,否,否,否,否,否,否,否,否,否,否,否,否,41.0,41,41,49,97.0,100.0,否,否,24292,21074,0.0,2.5,2.5,0.000,0.125,5589,1851,43,0.000,100.0,1066.0,0.0,0.0,0.0,0.0,0.0,0.0,0.0,317,否,否,否,否,否,否,7.322,23.355,56.5,-12.674,25.2,110.5,7.2,60.6,0.7,0.7,0.7,0.7,7.2,60.3,0.7,0.7,0.7,0.7,139.66,1360.20,14.29,14.02,1532.07,1532.07,0.32,139.37,139.29,0.38,232.42,0,0,0.0,0.0,0,0.000,
17.9.2026,22:59:23.394,6029,33483,15.2,5758,10424,35.5,0.0,23329,0,0.766,0.790,0.782,0.747,0.745,0.686,0.691,1300.0,1200.0,1600.0,1200.0,1200.0,100.0,1000.0,189.8,500.0,556.9,360.5,87.1,11.6,0.4,1.2,0.8,189.8,14.5,35.2,39.7,30.2,8.1,1.9,0.3,0.0,0.3,39.7,14.5,100.0,7.8,20.4,23.0,14.8,3.6,0.4,0.0,0.0,0.0,7.8,13.0,12.0,16.0,12.0,12.0,10.0,41,39,43,42,41,59,61,57,58,59,43,43,否,否,否,否,否,否,否,否,否,否,否,否,否,否,否,否,否,否,44,44,43,0.250,3.585,0.591,0.000,11.149,1.288,0.406,1.213,35.0,30.0,64.0,64.0,0,0.7,0.5,0.0,0.0,0.0,14.3,35.9,40.0,30.0,7.2,1.0,0.0,0.1,0.1,72.2,27.7,62.4,98.8,99.8,1066.7,10.67,15,15,15,35,74,374,1,2,是,否,否,否,否,否,否,否,否,否,是,否,否,否,否,否,否,否,否,否,否,否,否,否,否,否,否,否,否,否,否,否,否,否,否,否,否,41.0,41,41,49,97.0,100.0,否,否,24292,21074,0.0,0.6,0.6,0.000,0.161,5589,1851,43,0.000,100.0,1066.0,0.0,0.0,0.0,0.0,0.0,0.0,0.0,317,否,否,否,否,否,否,7.329,23.348,56.5,-12.481,25.2,112.2,7.2,60.6,0.7,0.7,0.7,0.7,7.2,60.3,0.7,0.7,0.7,0.7,139.66,1360.20,14.29,14.02,1532.07,1532.07,0.32,139.37,139.29,0.38,232.42,0,0,0.0,0.0,0,0.000,
17.9.2026,22:59:25.398,6025,33486,15.2,5752,10431,35.5,0.0,23329,0,0.891,1.002,0.760,0.897,0.902,0.926,0.691,2650.0,3599.9,1200.0,2900.0,2900.0,100.0,3399.9,193.4,564.6,684.9,236.3,51.0,8.0,1.2,0.9,0.7,193.4,13.6,39.1,47.4,18.8,2.8,0.0,0.3,0.3,0.3,47.4,13.6,100.0,7.9,23.1,28.3,9.7,2.1,0.3,0.0,0.0,0.0,7.9,26.5,36.0,12.0,29.0,29.0,34.0,42,44,41,43,40,58,56,59,57,60,44,44,否,否,否,否,否,否,否,否,否,否,否,否,否,否,否,否,否,否,43,43,43,0.250,3.865,0.717,0.001,11.587,1.298,0.389,1.356,35.0,30.0,64.0,64.0,0,0.6,0.5,0.0,0.0,0.0,14.1,40.2,48.2,19.6,4.1,0.7,0.1,0.1,0.1,73.2,17.5,76.2,99.1,99.9,1066.7,10.67,15,15,15,35,74,374,1,2,是,否,否,否,否,否,否,否,否,否,是,否,否,否,否,否,否,否,否,否,否,否,否,否,否,否,否,否,否,否,否,否,否,否,否,否,否,42.0,41,41,51,97.0,100.0,否,否,24292,21074,0.0,0.2,0.2,0.000,0.171,5589,1852,44,0.001,100.0,1066.0,0.0,0.0,0.0,0.0,0.0,0.0,0.0,317,否,否,否,否,否,否,7.315,23.340,56.5,-12.516,25.2,111.9,7.2,60.6,0.7,0.7,0.7,0.7,7.2,60.3,0.7,0.7,0.7,0.7,139.66,1360.20,14.29,14.02,1532.07,1532.07,0.32,139.37,139.29,0.38,232.42,0,0,0.0,0.0,0,0.000,
17.9.2026,22:59:27.421,6029,33483,15.2,5757,10425,35.5,0.0,23329,0,0.766,0.800,0.760,0.747,0.757,0.683,0.691,1300.0,1400.0,1200.0,1200.0,1400.0,100.0,1000.0,196.2,472.5,473.3,464.7,79.4,37.9,22.2,15.0,4.9,196.2,14.6,33.7,33.5,38.2,6.9,1.9,1.5,0.9,0.2,38.2,14.6,100.0,8.0,19.2,19.5,19.2,3.2,1.5,0.9,0.6,0.2,8.0,13.0,14.0,12.0,12.0,14.0,10.0,42,39,43,43,41,58,61,57,57,59,43,43,否,否,否,否,否,否,否,否,否,否,否,否,否,否,否,否,否,否,43,43,43,0.250,4.561,0.916,0.000,13.013,1.319,0.418,1.826,35.0,30.0,64.0,64.0,0,0.7,0.7,0.0,0.0,0.0,14.9,34.6,34.1,38.7,6.4,2.8,1.6,1.0,0.3,70.8,33.0,54.7,96.9,98.7,1066.7,10.67,15,15,15,35,74,374,1,2,是,否,否,否,否,否,否,否,否,否,是,否,否,否,否,否,否,否,否,否,否,否,否,否,否,否,否,否,否,否,否,否,否,否,否,否,否,41.0,41,41,49,97.0,100.0,否,否,24292,21074,0.0,2.5,2.5,0.000,0.273,5589,1852,43,0.000,100.0,1066.0,0.0,0.0,0.0,0.0,0.0,0.0,0.0,317,否,否,否,否,否,否,7.334,23.333,56.5,-12.695,25.2,110.3,7.2,60.6,0.7,0.7,0.7,0.7,7.2,60.3,0.7,0.7,0.7,0.7,139.66,1360.20,14.29,14.02,1532.07,1532.07,0.32,139.37,139.29,0.38,232.42,0,0,0.0,0.0,0,0.000,
17.9.2026,22:59:29.435,6024,33488,15.2,5750,10433,35.5,0.0,23329,0,0.761,0.790,0.760,0.747,0.745,0.703,0.691,1200.0,1200.0,1200.0,1200.0,1200.0,100.0,1300.0,194.4,635.6,635.7,213.1,63.7,4.1,0.4,2.4,0.2,194.4,14.4,44.8,44.8,17.6,5.3,2.4,0.0,0.0,0.0,44.8,14.4,100.0,8.0,26.2,26.3,8.7,2.6,0.1,0.0,0.1,0.0,8.0,12.0,12.0,12.0,12.0,12.0,13.0,40,40,41,42,39,60,60,59,58,61,44,42,否,否,否,否,否,否,否,否,否,否,否,否,否,否,否,否,否,否,57,57,43,0.250,3.887,0.733,0.001,11.659,1.308,0.406,1.349,35.0,30.0,64.0,64.0,0,0.3,0.1,0.0,0.0,0.0,14.1,45.1,44.9,17.6,4.9,0.4,0.0,0.2,0.0,70.9,6.5,77.8,99.4,99.7,1066.7,10.67,15,15,15,35,74,374,1,2,否,否,否,否,否,否,否,否,否,否,否,否,否,否,否,否,否,否,否,否,否,否,否,否,否,否,否,否,否,否,否,否,否,否,否,否,否,42.0,41,41,51,97.0,100.0,否,否,24292,21074,0.0,0.7,0.7,0.000,0.179,5589,1853,44,0.001,100.0,1066.0,0.0,0.0,0.0,0.0,0.0,0.0,0.0,317,否,否,否,否,否,否,7.307,23.333,56.5,-12.597,25.2,111.1,7.2,60.6,0.7,0.7,0.7,0.7,7.2,60.3,0.7,0.7,0.7,0.7,139.66,1360.20,14.29,14.02,1532.07,1532.07,0.32,139.37,139.29,0.38,232.42,0,0,0.0,0.0,0,0.000,
17.9.2026,22:59:31.444,6025,33487,15.2,5751,10431,35.5,0.0,23329,0,0.761,0.790,0.760,0.747,0.747,0.683,0.691,1200.0,1200.0,1200.0,1200.0,1200.0,100.0,1000.0,191.1,547.4,537.7,348.3,62.1,17.9,5.8,9.1,0.2,191.1,14.0,38.7,37.9,28.4,4.8,1.2,0.3,0.5,0.0,38.7,14.0,100.0,7.9,22.5,22.2,14.4,2.5,0.7,0.2,0.4,0.0,7.9,12.0,12.0,12.0,12.0,12.0,10.0,42,42,43,43,39,58,58,57,57,61,43,43,否,否,否,否,否,否,否,否,否,否,否,否,否,否,否,否,否,否,43,42,43,8.250,4.658,0.940,0.000,13.170,1.327,0.410,1.890,35.0,30.0,64.0,64.0,0,0.2,0.2,0.0,0.0,0.0,14.3,39.5,38.5,29.0,5.1,1.5,0.5,0.7,0.0,70.0,17.1,66.0,97.9,99.2,1066.7,10.67,15,15,15,35,74,374,1,2,是,否,否,否,否,否,否,否,否,否,是,否,否,否,否,否,否,否,否,否,否,否,否,否,否,否,否,否,否,否,否,否,否,否,否,否,否,42.0,41,41,51,97.0,100.0,否,否,24292,21074,0.0,1.1,1.1,0.000,0.155,5589,1853,43,0.000,100.0,1066.0,0.0,0.0,0.0,0.0,0.0,0.0,0.0,317,否,否,否,否,否,否,7.300,23.325,56.5,-12.644,25.2,110.7,7.2,60.6,0.7,0.7,0.7,0.7,7.2,60.3,0.7,0.7,0.7,0.7,139.66,1360.20,14.29,14.02,1532.07,1532.07,0.32,139.37,139.29,0.38,232.42,0,0,0.0,0.0,0,0.000,
17.9.2026,22:59:33.437,6023,33489,15.2,5756,10427,35.5,0.0,23329,0,0.784,0.792,0.760,0.750,0.835,0.703,0.691,1500.0,1200.0,1200.0,1200.0,2400.0,100.0,1300.0,186.0,449.2,444.5,503.1,60.4,28.2,0.5,1.6,0.2,186.0,13.9,32.1,31.2,41.4,4.6,0.4,0.5,0.6,0.5,41.4,13.9,100.0,7.6,18.3,18.3,20.8,2.5,1.1,0.0,0.1,0.0,7.6,15.0,12.0,12.0,12.0,24.0,13.0,41,39,43,41,40,59,61,57,59,60,44,43,否,否,否,否,否,否,否,否,否,否,否,否,否,否,否,否,否,否,43,42,43,7.750,4.127,0.822,0.001,12.110,1.310,0.390,1.500,35.0,30.0,64.0,64.0,0,0.7,0.6,0.0,0.0,0.0,14.3,33.2,31.9,41.9,5.0,2.4,0.0,0.1,0.0,72.1,37.3,53.9,97.4,99.8,1066.7,10.67,15,15,15,35,74,374,1,2,是,否,否,否,否,否,否,否,否,否,是,否,否,否,否,否,否,否,否,否,否,否,否,否,否,否,否,否,否,否,否,否,否,否,否,否,否,42.0,41,41,50,97.0,100.0,否,否,24292,21074,0.0,2.0,2.0,0.000,0.155,5589,1853,43,0.001,100.0,1066.0,0.0,0.0,0.0,0.0,0.0,0.0,0.0,317,否,否,否,否,否,否,7.333,23.317,56.4,-12.701,25.2,110.2,7.2,60.6,0.7,0.7,0.7,0.7,7.2,60.3,0.7,0.7,0.7,0.7,139.66,1360.20,14.29,14.02,1532.07,1532.07,0.32,139.37,139.29,0.38,232.42,0,0,0.0,0.0,0,0.000,
17.9.2026,22:59:35.452,6025,33487,15.2,5755,10427,35.5,0.0,23329,0,0.764,0.790,0.757,0.762,0.747,0.686,0.691,1275.0,1200.0,1200.0,1500.0,1200.0,100.0,1000.0,192.9,513.4,552.8,378.9,73.6,23.1,0.2,0.9,0.2,192.9,14.2,35.1,38.1,31.0,5.9,3.3,0.0,0.0,0.0,38.1,14.2,100.0,7.9,20.9,22.7,15.6,3.0,0.9,0.0,0.0,0.0,7.9,12.8,12.0,12.0,15.0,12.0,10.0,42,40,42,43,41,58,60,58,57,59,44,43,否,否,否,否,否,否,否,否,否,否,否,否,否,否,否,否,否,否,60,60,44,8.750,3.864,0.699,0.000,11.693,1.292,0.362,1.386,35.0,30.0,64.0,64.0,0,0.7,0.5,0.0,0.0,0.0,14.3,36.0,38.7,31.6,6.0,1.9,0.0,0.1,0.0,72.4,29.2,62.8,97.9,99.9,1066.7,10.67,15,15,15,35,74,374,1,2,是,否,否,否,否,否,否,否,否,否,是,否,否,否,否,否,否,否,否,否,否,否,否,否,否,否,否,否,否,否,否,否,否,否,否,否,否,42.0,41,41,50,97.0,100.0,否,否,24292,21074,0.0,1.1,1.1,0.000,0.160,5589,1853,44,0.000,100.0,1066.0,0.0,0.0,0.0,0.0,0.0,0.0,0.0,317,否,否,否,否,否,否,7.325,23.310,56.4,-12.658,25.2,110.5,7.2,60.6,0.7,0.7,0.7,0.7,7.2,60.3,0.7,0.7,0.7,0.7,139.66,1360.20,14.29,14.02,1532.07,1532.07,0.32,139.37,139.29,0.38,232.42,0,0,0.0,0.0,0,0.000,
17.9.2026,22:59:37.472,6029,33483,15.2,5757,10425,35.5,0.0,23329,0,0.779,0.805,0.770,0.747,0.795,0.703,0.691,1450.0,1200.0,1400.0,1200.0,2000.0,100.0,1300.0,190.0,552.3,577.0,296.9,70.9,19.4,0.3,1.3,2.0,190.0,13.8,39.5,39.8,24.7,6.0,0.0,0.0,0.0,0.0,39.8,13.8,100.0,7.8,22.6,23.8,12.2,2.9,0.8,0.0,0.0,0.1,7.8,14.5,12.0,14.0,12.0,20.0,13.0,42,40,43,43,41,58,60,57,57,59,44,43,否,否,否,否,否,否,否,否,否,否,否,否,否,否,否,否,否,否,44,44,44,0.250,4.360,0.880,0.000,12.598,1.304,0.397,1.679,35.0,30.0,64.0,64.0,0,0.5,0.5,0.0,0.0,0.0,14.0,39.9,40.0,24.8,5.7,1.6,0.0,0.1,0.2,71.7,19.0,70.1,98.1,99.7,1066.7,10.67,15,15,15,35,74,374,1,2,是,否,否,否,否,否,否,否,否,否,是,否,否,否,否,否,否,否,否,否,否,否,否,否,否,否,否,否,否,否,否,否,否,否,否,否,否,43.0,41,41,50,97.0,100.0,否,否,24292,21074,0.0,1.1,1.1,0.000,0.232,5589,1854,44,0.002,100.0,1066.0,0.0,0.0,0.0,0.0,0.0,0.0,0.0,317,否,否,否,否,否,否,7.297,23.302,56.4,-12.602,25.2,110.9,7.2,60.6,0.7,0.7,0.7,0.7,7.2,60.3,0.7,0.7,0.7,0.7,139.66,1360.20,14.29,14.02,1532.07,1532.07,0.32,139.37,139.29,0.38,232.42,0,0,0.0,0.0,0,0.000,
17.9.2026,22:59:39.462,6024,33487,15.2,5750,10432,35.5,0.0,23329,0,0.774,0.792,0.760,0.747,0.795,0.703,0.691,1400.0,1200.0,1200.0,1200.0,2000.0,100.0,1300.0,185.3,387.9,455.3,526.5,88.7,22.5,0.5,0.8,0.4,185.3,14.6,28.7,34.5,42.6,6.8,3.9,0.0,0.0,0.0,42.6,14.6,100.0,7.6,15.7,18.7,21.8,3.6,0.9,0.0,0.0,0.0,7.6,14.0,12.0,12.0,12.0,20.0,13.0,41,39,41,42,41,59,61,59,58,59,45,42,否,否,否,否,否,否,否,否,否,否,否,否,否,否,否,否,否,否,44,44,44,0.250,4.360,0.880,0.000,12.598,1.304,0.397,1.679,35.0,30.0,64.0,64.0,0,0.6,0.5,0.0,0.0,0.0,14.6,29.8,35.0,43.1,7.1,1.9,0.0,0.1,0.0,72.2,39.8,51.1,97.9,99.9,1066.7,10.67,15,15,15,35,74,374,1,2,是,否,否,否,否,否,否,否,否,否,是,否,否,否,否,否,否,否,否,否,否,否,否,否,否,否,否,否,否,否,否,否,否,否,否,否,否,42.0,41,41,50,97.0,100.0,否,否,24292,21074,0.0,2.0,2.0,0.000,0.180,5589,1854,43,0.000,100.0,1066.0,0.0,0.0,0.0,0.0,0.0,0.0,0.0,317,否,否,否,否,否,否,7.309,23.294,56.4,-12.681,25.2,110.2,7.2,60.6,0.7,0.7,0.7,0.7,7.2,60.3,0.7,0.7,0.7,0.7,139.66,1360.20,14.29,14.02,1532.07,1532.07,0.32,139.37,139.29,0.38,232.42,0,0,0.0,0.0,0,0.000,
17.9.2026,22:59:41.473,6032,33480,15.2,5756,10427,35.5,0.0,23329,0,0.765,0.790,0.775,0.747,0.747,0.683,0.691,1275.0,1200.0,1500.0,1200.0,1200.0,100.0,1000.0,190.0,491.1,567.3,411.9,36.3,12.2,0.2,0.9,0.2,190.0,13.8,33.7,39.1,33.2,2.4,0.5,0.3,1.1,0.3,39.1,13.8,100.0,7.8,20.0,23.4,17.0,1.5,0.5,0.0,0.0,0.0,7.8,12.8,12.0,15.0,12.0,12.0,10.0,42,40,43,42,41,58,60,57,58,59,44,43,否,否,否,否,否,否,否,否,否,否,否,否,否,否,否,否,否,否,44,43,44,0.250,4.143,0.851,0.000,12.066,1.302,0.396,1.495,35.0,30.0,64.0,64.0,0,0.5,0.5,0.0,0.0,0.0,14.1,34.9,39.8,34.0,3.0,1.1,0.0,0.1,0.0,72.5,28.2,63.2,98.7,99.9,1066.7,10.67,15,15,15,35,74,374,1,2,是,否,否,否,否,否,否,否,否,否,是,否,否,否,否,否,否,否,否,否,否,否,否,否,否,否,否,否,否,否,否,否,否,否,否,否,否,42.0,41,41,50,97.0,100.0,否,否,24292,21074,0.0,0.7,0.7,0.000,0.156,5589,1855,44,0.001,100.0,1066.0,0.0,0.0,0.0,0.0,0.0,0.0,0.0,317,否,否,否,否,否,否,7.296,23.287,56.4,-12.469,25.2,112.0,7.2,60.6,0.7,0.7,0.7,0.7,7.2,60.3,0.7,0.7,0.7,0.7,139.66,1360.20,14.29,14.02,1532.07,1532.07,0.32,139.37,139.29,0.38,232.42,0,0,0.0,0.0,0,0.000,
17.9.2026,22:59:43.469,6031,33481,15.2,5756,10426,35.5,0.0,23329,0,0.759,0.787,0.760,0.745,0.745,0.703,0.691,1200.0,1200.0,1200.0,1200.0,1200.0,100.0,1300.0,194.7,549.8,634.4,255.2,90.7,25.3,0.8,1.5,0.2,194.7,13.8,37.6,44.2,21.3,7.7,0.0,0.0,0.0,0.0,44.2,13.8,100.0,8.0,22.5,26.1,10.5,3.7,1.0,0.0,0.1,0.0,8.0,12.0,12.0,12.0,12.0,12.0,13.0,42,42,42,43,39,58,58,58,57,61,44,43,否,否,否,否,否,否,否,否,否,否,否,否,否,否,否,否,否,否,44,43,44,0.250,4.143,0.851,0.000,12.066,1.302,0.396,1.495,35.0,30.0,64.0,64.0,0,0.7,0.5,0.0,0.0,0.0,14.1,38.0,44.4,21.2,7.1,2.1,0.0,0.1,0.0,71.6,16.9,71.8,97.7,99.9,1066.7,10.67,15,15,15,35,74,374,1,2,是,否,否,否,否,否,否,否,否,否,是,否,否,否,否,否,否,否,否,否,否,否,否,否,否,否,否,否,否,否,否,否,否,否,否,否,否,42.0,41,41,52,97.0,100.0,否,否,24292,21074,0.0,0.3,0.3,0.000,0.349,5589,1855,44,0.000,100.0,1066.0,0.0,0.0,0.0,0.0,0.0,0.0,0.0,317,否,否,否,否,否,否,7.300,23.279,56.4,-12.651,25.2,110.4,7.2,60.6,0.7,0.7,0.7,0.7,7.2,60.3,0.7,0.7,0.7,0.7,139.66,1360.20,14.29,14.02,1532.07,1532.07,0.32,139.37,139.29,0.38,232.42,0,0,0.0,0.0,0,0.000,
17.9.2026,22:59:45.484,6030,33481,15.2,5763,10419,35.6,0.0,23329,0,0.761,0.792,0.760,0.747,0.742,0.703,0.691,1200.0,1200.0,1200.0,1200.0,1200.0,100.0,1300.0,188.4,453.8,502.9,420.1,98.3,29.4,1.3,1.1,0.2,188.4,14.2,31.3,35.4,34.0,7.3,4.9,0.4,0.0,0.0,35.4,14.2,100.0,7.7,18.4,20.7,17.3,4.0,1.2,0.0,0.0,0.0,7.7,12.0,12.0,12.0,12.0,12.0,13.0,42,39,42,43,42,58,61,58,57,58,45,43,否,否,否,否,否,否,否,否,否,否,否,否,否,否,否,否,否,否,44,43,44,5.500,4.704,0.935,0.000,13.325,1.317,0.413,1.952,35.0,30.0,64.0,64.0,0,1.0,1.0,0.0,0.0,0.0,14.3,32.7,36.2,34.8,7.9,2.5,0.1,0.1,0.0,71.9,32.4,58.3,97.2,99.9,1066.7,10.67,15,15,15,35,74,374,1,2,是,否,否,否,否,否,否,否,否,否,是,否,否,否,否,否,否,否,否,否,否,否,否,否,否,否,否,否,否,否,否,否,否,否,否,否,否,41.0,41,41,51,97.0,100.0,否,否,24292,21074,0.0,1.6,1.6,0.000,0.152,5589,1856,43,0.000,100.0,1066.0,0.0,0.0,0.0,0.0,0.0,0.0,0.0,317,否,否,否,否,否,否,7.308,23.271,56.3,-12.796,25.2,109.1,7.2,60.6,0.7,0.7,0.7,0.7,7.2,60.3,0.7,0.7,0.7,0.7,139.66,1360.20,14.29,14.02,1532.07,1532.07,0.32,139.37,139.29,0.38,232.42,0,0,0.0,0.0,0,0.000,
17.9.2026,22:59:47.490,6031,33480,15.2,5762,10420,35.6,0.0,23329,0,0.767,0.790,0.760,0.747,0.772,0.703,0.691,1300.0,1200.0,1200.0,1200.0,1600.0,100.0,1300.0,187.4,468.8,551.5,366.4,75.1,35.5,0.2,1.8,0.2,187.4,15.3,33.9,39.0,30.2,6.0,2.8,0.0,1.6,9.2,39.0,15.3,100.0,7.7,19.1,22.8,15.1,3.1,1.4,0.0,0.1,0.0,7.7,13.0,12.0,12.0,12.0,16.0,13.0,41,40,41,43,40,59,60,59,57,60,44,43,否,否,否,否,否,否,否,否,否,否,否,否,否,否,否,否,否,否,43,43,43,0.250,3.607,0.754,0.000,11.044,1.275,0.358,1.093,35.0,30.0,64.0,64.0,0,0.3,0.2,0.0,0.0,0.0,14.2,34.6,39.5,30.6,6.1,2.9,0.0,0.2,0.0,72.7,30.6,63.5,96.8,99.8,1066.7,10.67,15,15,15,35,74,374,1,2,是,否,否,否,否,否,否,否,否,否,是,否,否,否,否,否,否,否,否,否,否,否,否,否,否,否,否,否,否,否,否,否,否,否,否,否,否,42.0,41,41,49,97.0,100.0,否,否,24292,21074,0.0,1.2,1.2,0.000,0.145,5589,1856,44,0.002,100.0,1066.0,0.0,0.0,0.0,0.0,0.0,0.0,0.0,317,否,否,否,否,否,否,7.367,23.264,56.3,-12.811,25.2,109.0,7.2,60.6,0.7,0.7,0.7,0.7,7.2,60.3,0.7,0.7,0.7,0.7,139.66,1360.20,14.29,14.02,1532.07,1532.07,0.32,139.37,139.29,0.38,232.42,0,0,0.0,0.0,0,0.000,
17.9.2026,22:59:49.499,6031,33481,15.2,5758,10424,35.5,0.0,23329,0,0.772,0.792,0.760,0.747,0.787,0.683,0.691,1400.0,1200.0,1200.0,1200.0,2000.0,100.0,1000.0,192.5,515.7,557.4,359.8,76.6,16.8,11.9,0.9,1.3,192.5,14.0,36.2,38.9,29.0,6.0,0.6,1.0,0.0,0.1,38.9,14.0,100.0,7.9,21.1,22.9,14.8,3.1,0.7,0.5,0.0,0.0,7.9,14.0,12.0,12.0,12.0,20.0,10.0,41,38,43,43,40,59,62,57,57,60,45,43,否,否,否,否,否,否,否,否,否,否,否,否,否,否,否,否,否,否,43,42,43,0.250,4.591,0.844,0.000,13.215,1.317,0.427,1.929,35.0,30.0,64.0,64.0,0,0.5,0.3,0.0,0.0,0.0,14.3,37.0,39.4,29.5,6.1,1.4,1.0,0.1,0.1,70.4,19.4,64.9,97.4,99.8,1600.0,16.00,22,22,22,52,74,560,1,2,是,否,否,否,否,否,否,否,否,否,是,否,否,否,否,否,否,否,否,否,否,否,否,否,否,否,否,否,否,否,否,否,否,否,否,否,否,43.0,41,41,52,97.0,100.0,否,否,24292,21074,0.0,0.2,0.2,0.000,0.184,5589,1856,45,0.000,100.0,1066.0,0.0,0.0,0.0,0.0,0.0,0.0,0.0,317,否,否,否,否,否,否,7.296,23.264,56.3,-12.688,25.2,110.0,7.2,60.6,0.7,0.7,0.7,0.7,7.2,60.3,0.7,0.7,0.7,0.7,139.66,1360.20,14.29,14.02,1532.07,1532.07,0.32,139.37,139.29,0.38,232.42,0,0,0.0,0.0,0,0.000,
17.9.2026,22:59:51.517,6027,33485,15.2,5756,10427,35.5,0.0,23329,0,0.814,0.812,0.782,0.827,0.835,0.711,0.691,2000.0,1600.0,1600.0,2400.0,2400.0,100.0,1400.0,187.3,456.1,454.2,480.5,63.7,40.6,0.8,2.0,0.2,187.3,14.0,32.7,32.2,39.5,4.9,2.4,0.0,0.8,0.0,39.5,14.0,100.0,7.7,18.5,18.7,19.9,2.6,1.6,0.0,0.1,0.0,7.7,20.0,16.0,16.0,24.0,24.0,14.0,41,38,44,42,40,59,62,56,58,60,44,44,否,否,否,否,否,否,否,否,否,否,否,否,否,否,否,否,否,否,43,42,43,0.250,3.971,0.687,0.000,12.361,1.293,0.407,1.497,35.0,30.0,64.0,64.0,0,0.5,0.4,0.0,0.0,0.0,14.4,33.8,32.8,39.9,5.1,3.4,0.1,0.2,0.0,72.4,38.0,55.4,96.4,99.8,1066.7,10.67,15,15,15,35,74,374,1,2,是,否,否,否,否,否,否,否,否,否,是,否,否,否,否,否,否,否,否,否,否,否,否,否,否,否,否,否,否,否,否,否,否,否,否,否,否,42.0,41,41,52,97.0,100.0,否,否,24292,21074,0.0,0.5,0.5,0.000,0.118,5589,1856,44,0.000,100.0,1599.0,0.0,0.0,0.0,0.0,0.0,0.0,0.0,317,否,否,否,否,否,否,7.314,23.256,56.3,-12.829,25.2,108.8,7.2,60.6,0.7,0.7,0.7,0.7,7.2,60.3,0.7,0.7,0.7,0.7,139.66,1360.20,14.29,14.02,1532.07,1532.07,0.32,139.37,139.29,0.38,232.42,0,0,0.0,0.0,0,0.000,
17.9.2026,22:59:53.525,6029,33482,15.2,5766,10417,35.6,0.0,23329,0,0.797,0.827,0.867,0.747,0.745,0.683,0.688,1725.0,2000.0,2500.0,1200.0,1200.0,100.0,1000.0,192.6,484.7,571.1,409.9,43.8,17.0,1.2,12.6,0.2,192.6,14.5,34.6,40.9,33.3,3.0,2.7,0.0,1.6,0.0,40.9,14.5,100.0,7.9,19.8,23.6,16.9,1.8,0.7,0.0,0.5,0.0,7.9,17.2,20.0,25.0,12.0,12.0,10.0,41,39,43,43,40,59,61,57,57,60,44,43,否,否,否,否,否,否,否,否,否,否,否,否,否,否,否,否,否,否,44,43,44,0.250,3.868,0.784,0.000,11.596,1.282,0.371,1.315,35.0,30.0,64.0,64.0,0,0.5,0.4,0.0,0.0,0.0,14.5,34.9,41.0,33.8,3.4,1.5,0.1,1.0,0.0,72.3,28.5,63.5,98.3,98.9,1066.7,10.67,15,15,15,35,74,374,1,2,是,否,否,否,否,否,否,否,否,否,是,否,否,否,否,否,否,否,否,否,否,否,否,否,否,否,否,否,否,否,否,否,否,否,否,否,否,43.0,41,41,50,97.0,100.0,否,否,24292,21074,0.0,1.5,1.5,0.000,0.165,5589,1857,43,0.000,100.0,1066.0,0.0,0.0,0.0,0.0,0.0,0.0,0.0,317,否,否,否,否,否,否,7.314,23.249,56.3,-12.770,25.2,109.2,7.2,60.6,0.7,0.7,0.7,0.7,7.2,60.3,0.7,0.7,0.7,0.7,139.66,1360.20,14.29,14.02,1532.07,1532.07,0.32,139.37,139.29,0.38,232.42,0,0,0.0,0.0,0,0.000,
17.9.2026,22:59:55.529,6030,33481,15.2,5765,10417,35.6,0.0,23329,0,0.761,0.790,0.760,0.747,0.745,0.683,0.691,1200.0,1200.0,1200.0,1200.0,1200.0,100.0,1000.0,181.8,338.5,410.8,548.0,110.3,42.9,1.9,1.4,0.5,181.8,14.2,25.2,31.0,45.3,8.5,3.9,0.0,0.0,0.0,45.3,14.2,100.0,7.4,13.6,16.9,22.7,4.6,1.7,0.1,0.1,0.0,7.4,12.0,12.0,12.0,12.0,12.0,10.0,41,40,41,43,41,59,60,59,57,59,44,43,否,否,否,否,否,否,否,否,否,否,否,否,否,否,否,否,否,否,43,43,43,0.250,3.541,0.529,0.001,11.500,1.281,0.418,1.238,35.0,30.0,64.0,64.0,0,0.6,1.1,0.0,0.0,0.0,14.6,26.5,31.8,45.4,8.9,3.6,0.2,0.1,0.0,72.2,45.3,47.7,96.0,99.8,1066.7,10.67,15,15,15,35,74,374,1,2,是,否,否,否,否,否,否,否,否,否,是,否,否,否,否,否,否,否,否,否,否,否,否,否,否,否,否,否,否,否,否,否,否,否,否,否,否,42.0,41,41,51,97.0,100.0,否,否,24292,21074,0.0,1.4,1.4,0.000,0.049,5589,1857,43,0.000,100.0,1066.0,0.0,0.0,0.0,0.0,0.0,0.0,0.0,317,否,否,否,否,否,否,7.326,23.249,56.3,-12.711,25.2,109.7,7.2,60.6,0.7,0.7,0.7,0.7,7.2,60.3,0.7,0.7,0.7,0.7,139.66,1360.20,14.29,14.02,1532.07,1532.07,0.32,139.37,139.29,0.38,232.42,0,0,0.0,0.0,0,0.000,
17.9.2026,22:59:57.536,6031,33481,15.2,5763,10419,35.6,0.0,23329,0,0.764,0.787,0.780,0.745,0.745,0.683,0.688,1275.0,1200.0,1500.0,1200.0,1200.0,100.0,1000.0,198.9,556.7,630.1,337.4,50.2,8.2,3.9,3.1,1.3,198.9,14.6,38.7,43.0,27.5,4.4,0.3,1.5,0.7,0.6,43.0,14.6,100.0,8.2,22.9,26.0,13.9,2.1,0.3,0.1,0.1,0.0,8.2,12.8,12.0,15.0,12.0,12.0,10.0,42,43,43,43,41,58,57,57,57,59,44,43,否,否,否,否,否,否,否,否,否,否,否,否,否,否,否,否,否,否,44,42,44,0.250,4.224,0.917,0.000,12.197,1.299,0.400,1.512,35.0,30.0,64.0,64.0,0,0.2,0.3,0.0,0.0,0.0,14.6,39.5,43.6,28.1,4.0,0.7,0.3,0.2,0.1,71.7,19.6,68.6,99.0,99.7,1066.7,10.67,15,15,15,35,74,374,1,2,是,否,否,否,否,否,否,否,否,否,是,否,否,否,否,否,否,否,否,否,否,否,否,否,否,否,否,否,否,否,否,否,否,否,否,否,否,42.0,41,41,50,97.0,100.0,否,否,24292,21074,0.0,1.1,1.1,0.000,0.216,5589,1857,44,0.001,100.0,1066.0,0.0,0.0,0.0,0.0,0.0,0.0,0.0,317,否,否,否,否,否,否,7.290,23.241,56.3,-12.575,25.2,110.9,7.2,60.6,0.7,0.7,0.7,0.7,7.2,60.3,0.7,0.7,0.7,0.7,139.66,1360.20,14.29,14.02,1532.07,1532.07,0.32,139.37,139.29,0.38,232.42,0,0,0.0,0.0,0,0.000,
17.9.2026,22:59:59.537,6030,33481,15.2,5758,10424,35.5,0.0,23329,0,0.761,0.792,0.760,0.745,0.745,0.686,0.691,1200.0,1200.0,1200.0,1200.0,1200.0,100.0,1000.0,205.9,455.1,553.3,442.6,128.2,38.7,18.2,10.4,1.0,205.9,15.6,33.7,41.6,36.1,10.3,1.4,0.5,0.7,0.0,41.6,15.6,100.0,8.5,18.6,22.9,18.3,5.2,1.5,0.7,0.4,0.0,8.5,12.0,12.0,12.0,12.0,12.0,10.0,42,38,43,44,41,58,62,57,56,59,44,44,否,否,否,否,否,否,否,否,否,否,否,否,否,否,否,否,否,否,44,43,44,0.250,3.590,0.750,0.000,11.022,1.277,0.377,1.072,35.0,30.0,64.0,64.0,0,0.3,0.2,0.0,0.0,0.0,16.1,34.5,42.1,36.7,10.5,3.1,1.4,0.8,0.1,69.2,25.2,56.5,96.1,99.0,1066.7,10.67,15,15,15,35,74,374,1,2,是,否,否,否,否,否,否,否,否,否,是,否,否,否,否,否,否,否,否,否,否,否,否,否,否,否,否,否,否,否,否,否,否,否,否,否,否,42.0,41,41,50,97.0,100.0,否,否,24292,21074,0.0,0.6,0.6,0.000,0.079,5589,1857,42,0.000,100.0,1066.0,0.0,0.0,0.0,0.0,0.0,0.0,0.0,317,否,否,否,否,否,否,7.308,23.233,56.2,-12.467,25.2,111.8,7.2,60.6,0.7,0.7,0.7,0.7,7.2,60.3,0.7,0.7,0.7,0.7,139.66,1360.20,14.29,14.02,1532.07,1532.07,0.32,139.37,139.29,0.38,232.42,0,0,0.0,0.0,0,0.000,
17.9.2026,23:0:1.535,6033,33478,15.2,5770,10412,35.6,0.0,23329,0,0.775,0.790,0.780,0.787,0.742,0.711,0.691,1475.0,1200.0,1500.0,2000.0,1200.0,100.0,1400.0,194.9,494.6,524.1,366.4,113.2,26.1,23.7,9.4,1.9,194.9,14.8,34.5,36.8,30.3,9.4,3.1,2.9,1.1,0.0,36.8,14.8,100.0,8.0,20.2,21.6,15.1,4.7,1.0,1.0,0.4,0.1,8.0,14.8,12.0,15.0,20.0,12.0,14.0,41,40,41,43,40,59,60,59,57,60,43,43,否,否,否,否,否,否,否,否,否,否,否,否,否,否,否,否,否,否,43,43,43,0.250,3.890,0.814,0.001,11.561,1.288,0.391,1.293,35.0,30.0,64.0,64.0,0,0.4,0.5,0.0,0.0,0.0,14.6,35.1,37.1,30.4,9.2,2.2,1.9,0.8,0.2,71.3,28.3,61.5,96.0,99.1,1066.7,10.67,15,15,15,35,74,374,1,2,是,否,否,否,否,否,否,否,否,否,是,否,否,否,否,否,否,否,否,否,否,否,否,否,否,否,否,否,否,否,否,否,否,否,否,否,否,42.0,41,41,50,97.0,100.0,否,否,24292,21074,0.0,0.6,0.6,0.000,0.128,5589,1858,43,0.000,100.0,1066.0,0.0,0.0,0.0,0.0,0.0,0.0,0.0,317,否,否,否,否,否,否,7.277,23.226,56.2,-12.407,25.2,112.3,7.2,60.6,0.7,0.7,0.7,0.7,7.2,60.3,0.7,0.7,0.7,0.7,139.66,1360.20,14.29,14.02,1532.07,1532.07,0.32,139.37,139.29,0.38,232.42,0,0,0.0,0.0,0,0.000,
17.9.2026,23:0:3.543,6032,33479,15.2,5763,10419,35.6,0.0,23329,0,0.774,0.807,0.800,0.747,0.742,0.723,0.688,1450.0,1600.0,1800.0,1200.0,1200.0,100.0,1600.0,184.2,453.4,464.4,393.2,72.9,34.9,21.3,26.7,6.3,184.2,13.7,32.9,33.3,32.1,5.7,1.8,0.7,1.9,1.0,33.3,13.7,100.0,7.5,18.4,19.1,16.2,3.0,1.4,0.9,1.1,0.3,7.5,14.5,16.0,18.0,12.0,12.0,16.0,42,40,43,43,41,58,60,57,57,59,43,43,否,否,否,否,否,否,否,否,否,否,否,否,否,否,否,否,否,否,45,45,44,0.250,3.985,0.652,0.002,12.012,1.286,0.377,1.555,35.0,30.0,64.0,64.0,0,0.8,0.8,0.0,0.0,0.0,14.3,34.0,34.0,32.8,6.1,2.9,1.7,2.2,0.5,72.4,35.6,61.4,95.5,97.2,1066.7,10.67,15,15,15,35,74,374,1,2,是,否,否,否,否,否,否,否,否,否,是,否,否,否,否,否,否,否,否,否,否,否,否,否,否,否,否,否,否,否,否,否,否,否,否,否,否,41.0,41,41,49,97.0,100.0,否,否,24292,21074,0.0,2.0,2.0,0.000,0.187,5589,1858,44,0.001,100.0,1066.0,0.0,0.0,0.0,0.0,0.0,0.0,0.0,317,否,否,否,否,否,否,7.333,23.218,56.2,-12.488,25.2,111.5,7.2,60.6,0.7,0.7,0.7,0.7,7.2,60.3,0.7,0.7,0.7,0.7,139.66,1360.20,14.29,14.02,1532.07,1532.07,0.32,139.37,139.29,0.38,232.42,0,0,0.0,0.0,0,0.000,
17.9.2026,23:0:5.557,6032,33480,15.2,5763,10419,35.6,0.0,23329,0,0.780,0.790,0.760,0.747,0.822,0.683,0.691,1475.0,1200.0,1200.0,1200.0,2300.0,100.0,1000.0,188.4,449.9,440.4,562.1,29.6,16.8,0.4,7.3,0.5,188.4,14.2,31.3,30.4,46.5,2.2,2.7,0.0,0.5,0.0,46.5,14.2,100.0,7.7,18.4,18.1,23.3,1.2,0.7,0.0,0.3,0.0,7.7,14.8,12.0,12.0,12.0,23.0,10.0,41,40,41,42,41,59,60,59,58,59,44,42,否,否,否,否,否,否,否,否,否,否,否,否,否,否,否,否,否,否,43,42,43,1.250,3.574,0.734,0.000,10.888,1.274,0.368,1.081,35.0,30.0,64.0,64.0,0,0.3,0.4,0.0,0.0,0.0,14.3,32.2,31.0,46.9,2.4,1.4,0.0,0.6,0.0,72.0,39.3,51.0,98.3,99.3,1066.7,10.67,15,15,15,35,74,374,1,2,是,否,否,否,否,否,否,否,否,否,是,否,否,否,否,否,否,否,否,否,否,否,否,否,否,否,否,否,否,否,否,否,否,否,否,否,否,42.0,41,41,49,97.0,100.0,否,否,24292,21074,0.0,1.0,1.0,0.000,0.069,5589,1858,43,0.002,100.0,1066.0,0.0,0.0,0.0,0.0,0.0,0.0,0.0,317,否,否,否,否,否,否,7.303,23.210,56.2,-12.342,25.2,112.8,7.2,60.6,0.7,0.7,0.7,0.7,7.2,60.3,0.7,0.7,0.7,0.7,139.66,1360.20,14.29,14.02,1532.07,1532.07,0.32,139.37,139.29,0.38,232.42,0,0,0.0,0.0,0,0.000,
17.9.2026,23:0:7.559,6037,33474,15.2,5763,10419,35.6,0.0,23329,0,0.776,0.805,0.760,0.750,0.787,0.703,0.693,1450.0,1500.0,1200.0,1200.0,1900.0,100.0,1300.0,188.3,547.5,563.4,322.5,31.1,23.9,0.1,17.5,0.1,188.3,14.0,38.3,39.9,26.9,3.0,1.0,0.6,1.3,0.6,39.9,14.0,100.0,7.7,22.4,23.2,13.3,1.3,1.0,0.0,0.7,0.0,7.7,14.5,15.0,12.0,12.0,19.0,13.0,42,40,43,42,41,58,60,57,58,59,44,43,否,否,否,否,否,否,否,否,否,否,否,否,否,否,否,否,否,否,43,43,43,0.250,4.154,0.834,0.000,12.149,1.294,0.386,1.532,35.0,30.0,64.0,64.0,0,0.4,0.3,0.0,0.0,0.0,13.9,38.7,40.0,26.8,2.5,2.0,0.0,1.5,0.0,72.4,22.4,70.9,97.8,98.5,1066.7,10.67,15,15,15,35,74,374,1,2,是,否,否,否,否,否,否,否,否,否,是,否,否,否,否,否,否,否,否,否,否,否,否,否,否,否,否,否,否,否,否,否,否,否,否,否,否,43.0,41,41,50,97.0,100.0,否,否,24292,21074,0.0,1.1,1.1,0.000,0.263,5589,1859,43,0.000,100.0,1066.0,0.0,0.0,0.0,0.0,0.0,0.0,0.0,317,否,否,否,否,否,否,7.331,23.203,56.2,-12.316,25.2,113.0,7.2,60.6,0.7,0.7,0.7,0.7,7.2,60.3,0.7,0.7,0.7,0.7,139.66,1360.20,14.29,14.02,1532.07,1532.07,0.32,139.37,139.29,0.38,232.42,0,0,0.0,0.0,0,0.000,
17.9.2026,23:0:9.570,6033,33479,15.2,5759,10423,35.5,0.0,23329,0,0.767,0.812,0.760,0.750,0.745,0.683,0.691,1300.0,1600.0,1200.0,1200.0,1200.0,100.0,1000.0,185.1,423.9,434.5,497.4,91.2,30.5,1.6,1.7,0.2,185.1,14.1,30.5,31.6,40.8,7.0,2.8,0.0,0.0,0.0,40.8,14.1,100.0,7.6,17.2,17.9,20.6,3.8,1.2,0.1,0.1,0.0,7.6,13.0,16.0,12.0,12.0,12.0,10.0,41,38,43,42,40,59,62,57,58,60,43,43,否,否,否,否,否,否,否,否,否,否,否,否,否,否,否,否,否,否,43,42,43,0.250,3.275,0.627,0.000,10.348,1.263,0.343,0.905,35.0,30.0,64.0,64.0,0,0.2,0.4,0.0,0.0,0.0,14.4,31.6,32.3,41.3,7.5,2.5,0.1,0.1,0.0,72.3,40.1,52.0,97.3,99.8,1066.7,10.67,15,15,15,35,74,374,1,2,是,否,否,否,否,否,否,否,否,否,是,否,否,否,否,否,否,否,否,否,否,否,否,否,否,否,否,否,否,否,否,否,否,否,否,否,否,41.0,41,41,48,97.0,100.0,否,否,24292,21074,0.0,1.5,1.5,0.000,0.186,5589,1859,45,0.000,100.0,1066.0,0.0,0.0,0.0,0.0,0.0,0.0,0.0,317,否,否,否,否,否,否,7.309,23.195,56.1,-12.235,25.2,113.7,7.2,60.6,0.7,0.7,0.7,0.7,7.2,60.3,0.7,0.7,0.7,0.7,139.66,1360.20,14.29,14.02,1532.07,1532.07,0.32,139.37,139.29,0.38,232.42,0,0,0.0,0.0,0,0.000,
17.9.2026,23:0:11.596,6034,33478,15.2,5761,10421,35.6,0.0,23329,0,0.761,0.787,0.760,0.747,0.747,0.686,0.733,1200.0,1200.0,1200.0,1200.0,1200.0,100.0,1000.0,185.4,443.6,475.6,453.5,88.3,20.7,0.2,1.2,0.2,185.4,13.8,31.9,34.0,36.3,5.4,2.2,0.6,0.0,0.0,36.3,13.8,100.0,7.6,18.0,19.5,18.8,3.7,0.8,0.0,0.0,0.0,7.6,12.0,12.0,12.0,12.0,12.0,10.0,42,44,42,42,40,58,56,58,58,60,44,44,否,否,否,否,否,否,否,否,否,否,否,否,否,否,否,否,否,否,44,43,44,2.250,3.935,0.691,0.000,11.870,1.289,0.377,1.466,35.0,30.0,64.0,64.0,0,0.8,0.8,0.0,0.0,0.0,14.2,33.0,34.7,36.8,7.1,1.7,0.0,0.1,0.0,72.1,33.0,57.2,98.1,99.9,1600.0,16.00,22,22,22,52,74,560,1,2,是,否,否,否,否,否,否,否,否,否,是,否,否,否,否,否,否,否,否,否,否,否,否,否,否,否,否,否,否,否,否,否,否,否,否,否,否,42.0,41,41,48,97.0,100.0,否,否,24292,21074,0.0,1.6,1.6,0.000,0.234,5589,1859,44,0.000,100.0,1066.0,0.0,0.0,0.0,0.0,0.0,0.0,0.0,317,否,否,否,否,否,否,7.311,23.195,56.1,-12.166,25.2,114.4,7.2,60.6,0.7,0.7,0.7,0.7,7.2,60.3,0.7,0.7,0.7,0.7,139.66,1360.20,14.29,14.02,1532.07,1532.07,0.32,139.37,139.29,0.38,232.42,0,0,0.0,0.0,0,0.000,
17.9.2026,23:0:13.599,6034,33477,15.2,5766,10417,35.6,0.0,23329,0,0.775,0.807,0.780,0.750,0.762,0.703,0.691,1425.0,1500.0,1500.0,1200.0,1500.0,100.0,1300.0,181.6,323.8,495.2,509.5,101.2,7.1,0.8,14.1,0.8,181.6,14.6,24.1,38.8,41.6,8.9,1.0,0.0,2.4,0.0,41.6,14.6,100.0,7.4,13.1,20.5,21.1,4.1,0.2,0.0,0.6,0.0,7.4,14.2,15.0,15.0,12.0,15.0,13.0,41,40,41,43,41,59,60,59,57,59,43,43,否,否,否,否,否,否,否,否,否,否,否,否,否,否,否,否,否,否,43,43,43,0.250,3.176,0.568,0.001,10.368,1.261,0.334,0.867,35.0,30.0,64.0,64.0,0,0.3,0.3,0.0,0.0,0.0,14.5,25.1,39.2,42.1,7.8,0.6,0.1,1.1,0.1,71.8,38.6,50.9,99.1,98.8,1066.7,10.67,15,15,15,35,74,374,1,2,是,否,否,否,否,否,否,否,否,否,是,否,否,否,否,否,否,否,否,否,否,否,否,否,否,否,否,否,否,否,否,否,否,否,否,否,否,41.0,41,41,46,97.0,100.0,否,否,24292,21074,0.0,1.0,1.0,0.000,0.122,5589,1860,43,0.000,100.0,1599.0,0.0,0.0,0.0,0.0,0.0,0.0,0.0,317,否,否,否,否,否,否,7.384,23.187,56.1,-12.169,25.2,114.3,7.2,60.6,0.7,0.7,0.7,0.7,7.2,60.3,0.7,0.7,0.7,0.7,139.66,1360.20,14.29,14.02,1532.07,1532.07,0.32,139.37,139.29,0.38,232.42,0,0,0.0,0.0,0,0.000,
17.9.2026,23:0:15.596,6038,33474,15.2,5765,10417,35.6,0.0,23329,0,0.834,0.787,0.760,0.897,0.890,0.686,0.691,2050.0,1200.0,1200.0,2900.0,2900.0,100.0,1000.0,180.2,611.6,542.1,227.4,54.1,3.4,1.1,1.4,0.8,180.2,13.4,45.1,39.2,18.2,3.7,0.0,0.2,0.2,0.2,45.1,13.4,100.0,7.4,25.0,22.1,9.4,2.2,0.1,0.0,0.0,0.0,7.4,20.5,12.0,12.0,29.0,29.0,10.0,41,42,41,42,40,59,58,59,58,60,43,42,否,否,否,否,否,否,否,否,否,否,否,否,否,否,否,否,否,否,43,42,42,0.250,4.099,0.784,0.001,12.105,1.303,0.410,1.510,35.0,30.0,64.0,64.0,0,1.1,0.8,0.0,0.0,0.0,13.7,46.0,40.0,18.3,4.4,0.2,0.1,0.1,0.1,72.7,13.6,78.2,99.5,99.7,1066.7,10.67,15,15,15,35,74,374,1,2,是,否,否,否,否,否,否,否,否,否,是,否,否,否,否,否,否,否,否,否,否,否,否,否,否,否,否,否,否,否,否,否,否,否,否,否,否,42.0,41,41,50,97.0,100.0,否,否,24292,21074,0.0,2.4,2.4,0.000,2.100,5589,1864,43,0.001,100.0,1066.0,0.0,0.0,0.0,0.0,0.0,0.0,0.0,317,否,否,否,否,否,否,7.308,23.180,56.1,-12.080,25.2,115.1,7.2,60.6,0.7,0.7,0.7,0.7,7.2,60.3,0.7,0.7,0.7,0.7,139.66,1360.20,14.29,14.02,1532.07,1532.07,0.32,139.37,139.29,0.38,232.42,0,0,0.0,0.0,0,0.000,
17.9.2026,23:0:17.598,6038,33474,15.2,5764,10418,35.6,0.0,23329,0,0.759,0.787,0.757,0.747,0.742,0.696,0.693,1200.0,1200.0,1200.0,1200.0,1200.0,100.0,1200.0,172.6,600.4,511.5,156.6,84.0,18.4,0.2,9.6,0.2,172.6,12.8,43.8,35.7,12.7,7.6,2.2,0.0,0.7,0.0,43.8,12.8,100.0,7.0,24.4,20.8,6.4,3.5,0.7,0.0,0.4,0.0,7.0,12.0,12.0,12.0,12.0,12.0,12.0,42,42,42,42,41,58,58,58,58,59,43,42,否,否,否,否,否,否,否,否,否,否,否,否,否,否,否,否,否,否,44,43,44,0.250,3.987,0.761,0.000,11.848,1.287,0.385,1.450,35.0,30.0,64.0,64.0,0,2.0,2.4,0.0,0.0,0.0,13.0,45.0,36.6,13.1,7.0,1.5,0.0,0.8,0.0,73.8,17.8,79.7,98.4,99.1,1066.7,10.67,15,15,15,35,74,374,1,2,是,否,否,否,否,否,否,否,否,否,是,否,否,否,否,否,否,否,否,否,否,否,否,否,否,否,否,否,否,否,否,否,否,否,否,否,否,42.0,41,41,49,97.0,100.0,否,否,24292,21074,0.0,9.9,9.9,0.000,2.473,5589,1868,43,0.001,100.0,1066.0,0.0,0.0,0.0,0.0,0.0,0.0,0.0,317,否,否,否,否,否,否,7.326,23.180,56.1,-12.147,25.2,114.5,7.2,60.6,0.7,0.7,0.7,0.7,7.2,60.3,0.7,0.7,0.7,0.7,139.66,1360.20,14.29,14.02,1532.07,1532.07,0.32,139.37,139.29,0.38,232.42,0,0,0.0,0.0,0,0.000,
17.9.2026,23:0:19.594,6041,33471,15.2,5766,10416,35.6,0.0,23329,0,0.848,1.127,0.760,0.747,0.757,0.686,0.691,2000.0,4199.9,1200.0,1200.0,1400.0,100.0,1000.0,183.0,706.2,549.8,118.0,79.5,6.6,1.1,2.2,0.9,183.0,13.6,51.3,38.9,10.0,7.0,0.0,0.7,0.0,0.7,51.3,13.6,100.0,7.4,28.8,22.2,4.7,3.2,0.2,0.0,0.1,0.0,7.4,20.0,42.0,12.0,12.0,14.0,10.0,42,43,41,42,40,58,57,59,58,60,44,43,否,否,否,否,否,否,否,否,否,否,否,否,否,否,否,否,否,否,43,43,43,0.250,4.484,0.889,0.000,12.984,1.314,0.425,1.776,35.0,30.0,64.0,64.0,0,1.0,0.7,0.0,0.0,0.0,13.7,52.2,39.8,9.8,6.6,0.5,0.1,0.2,0.1,71.9,4.6,84.1,99.3,99.8,1066.7,10.67,15,15,15,35,74,374,1,2,是,否,否,否,否,否,否,否,否,否,是,否,否,否,否,否,否,否,否,否,否,否,否,否,否,否,否,否,否,否,否,否,否,否,否,否,否,41.0,41,41,51,97.0,100.0,否,否,24292,21074,0.0,2.8,2.8,0.000,3.541,5589,1875,44,0.000,100.0,1066.0,0.0,0.0,0.0,0.0,0.0,0.0,0.0,317,否,否,否,否,否,否,7.315,23.172,56.1,-12.311,25.2,112.9,7.2,60.6,0.7,0.7,0.7,0.7,7.2,60.3,0.7,0.7,0.7,0.7,139.66,1360.20,14.29,14.02,1532.07,1532.07,0.32,139.37,139.29,0.38,232.42,0,0,0.0,0.0,0,0.000,
17.9.2026,23:0:21.603,6044,33468,15.2,5778,10404,35.7,0.0,23329,0,0.761,0.790,0.760,0.747,0.747,0.683,0.691,1200.0,1200.0,1200.0,1200.0,1200.0,100.0,1000.0,195.9,693.5,640.0,167.2,55.1,3.8,0.2,6.8,0.2,195.9,14.6,51.3,46.0,13.2,4.0,1.4,0.4,0.0,0.4,51.3,14.6,100.0,8.0,28.3,26.2,6.8,2.2,0.1,0.0,0.3,0.0,8.0,12.0,12.0,12.0,12.0,12.0,10.0,42,40,43,44,41,58,60,57,56,59,44,44,否,否,否,否,否,否,否,否,否,否,否,否,否,否,否,否,否,否,43,41,42,0.250,4.071,0.836,0.001,12.601,1.298,0.410,1.439,35.0,30.0,64.0,64.0,0,2.0,1.3,0.0,0.0,0.0,14.9,52.6,47.1,14.0,4.5,0.3,0.0,0.6,0.0,72.4,8.5,82.1,99.6,99.4,1066.7,10.67,15,15,15,35,74,374,1,2,是,否,否,否,否,否,否,否,否,否,是,否,否,否,否,否,否,否,否,否,否,否,否,否,否,否,否,否,否,否,否,否,否,否,否,否,否,42.0,41,41,51,97.0,100.0,否,否,24292,21074,0.0,1.8,1.8,0.000,2.138,5589,1879,44,0.000,100.0,1066.0,0.0,0.0,0.0,0.0,0.0,0.0,0.0,317,否,否,否,否,否,否,7.326,23.164,56.1,-12.440,25.2,111.7,7.2,60.6,0.7,0.7,0.7,0.7,7.2,60.3,0.7,0.7,0.7,0.7,139.66,1360.20,14.29,14.02,1532.07,1532.07,0.32,139.37,139.29,0.38,232.42,0,0,0.0,0.0,0,0.000,
17.9.2026,23:0:23.588,6001,33511,15.1,5730,10453,35.4,0.0,23329,0,0.762,0.792,0.760,0.750,0.745,0.686,0.691,1200.0,1200.0,1200.0,1200.0,1200.0,100.0,1000.0,125.5,423.7,338.6,150.0,76.8,9.5,1.0,2.7,1.7,125.5,9.2,31.1,23.4,11.1,5.6,0.7,0.1,1.7,0.1,31.1,9.2,100.0,5.0,16.7,13.5,5.8,3.0,0.4,0.0,0.1,0.1,5.0,12.0,12.0,12.0,12.0,12.0,10.0,40,38,41,41,39,60,62,59,59,61,42,41,否,否,否,否,否,否,否,否,否,否,否,否,否,否,否,否,否,否,43,42,43,1.750,3.184,0.621,0.005,9.652,1.102,0.357,1.041,35.0,30.0,64.0,64.0,0,8.2,9.2,0.4,3.2,13.9,9.6,33.0,24.7,12.0,6.0,0.8,0.1,0.2,0.1,80.5,40.0,83.4,99.0,99.7,1066.7,10.67,15,15,15,35,74,374,1,2,是,否,否,否,否,否,否,否,否,否,是,否,否,否,否,否,否,否,否,否,否,否,否,否,否,否,否,否,否,否,否,否,否,否,否,否,否,42.0,41,41,51,97.0,100.0,否,否,24292,21074,0.9,5.8,6.6,1.752,0.511,5593,1880,43,0.001,100.0,1066.0,0.0,0.0,0.0,0.0,0.0,0.0,0.0,317,否,否,否,否,否,否,7.315,23.157,56.1,-12.421,25.2,111.8,7.2,60.6,0.7,0.7,0.7,0.7,7.2,60.3,0.7,0.7,0.7,0.7,139.66,1360.20,14.29,14.02,1532.07,1532.07,0.32,139.37,139.29,0.38,232.42,0,0,0.0,0.0,0,0.000,
17.9.2026,23:0:25.603,6002,33510,15.1,5736,10446,35.4,0.0,23329,0,0.822,0.922,0.820,0.745,0.800,0.833,0.691,2100.0,3000.0,2100.0,1200.0,2100.0,100.0,2800.0,182.0,721.4,485.1,172.3,52.2,23.9,0.4,0.7,0.2,182.0,10.8,43.5,26.2,13.6,3.3,0.2,0.0,0.0,0.0,43.5,10.8,100.0,7.1,28.3,18.9,6.9,2.1,1.0,0.0,0.0,0.0,7.1,21.0,30.0,21.0,12.0,21.0,28.0,42,42,41,44,40,58,58,59,56,60,44,44,否,否,否,否,否,否,否,否,否,否,否,否,否,否,否,否,否,否,42,41,42,0.250,4.920,1.261,0.003,13.202,1.300,0.420,1.862,35.0,30.0,64.0,64.0,0,5.1,6.5,0.1,0.1,1.9,11.8,46.5,28.3,14.3,4.2,1.1,0.0,0.1,0.0,75.9,22.6,82.4,98.8,99.9,1066.7,10.67,15,15,15,35,74,374,1,2,是,否,否,否,否,否,否,否,否,否,是,否,否,否,否,否,否,否,否,否,否,否,否,否,否,否,否,否,否,否,否,否,否,否,否,否,否,42.0,41,41,52,97.0,100.0,否,否,24292,21074,0.1,5.8,6.0,0.176,7.988,5593,1895,43,0.005,100.0,1066.0,0.0,0.0,0.0,0.0,0.0,0.0,0.0,317,否,否,否,否,否,否,7.302,23.142,56.0,-12.384,25.2,112.1,7.2,60.6,0.7,0.7,0.7,0.7,7.2,60.3,0.7,0.7,0.7,0.7,139.66,1360.20,14.29,14.02,1532.07,1532.07,0.32,139.37,139.29,0.38,232.42,0,0,0.0,0.0,0,0.000,
17.9.2026,23:0:27.618,6002,33509,15.1,5739,10443,35.4,0.0,23329,0,0.763,0.795,0.760,0.750,0.747,0.686,0.691,1200.0,1200.0,1200.0,1200.0,1200.0,100.0,1000.0,72.0,314.1,177.9,59.6,13.3,9.5,0.3,0.7,0.3,72.0,5.0,22.5,12.1,4.1,1.7,0.0,0.0,0.0,0.0,22.5,5.0,100.0,2.7,11.9,6.8,2.3,0.5,0.4,0.0,0.0,0.0,2.7,12.0,12.0,12.0,12.0,12.0,10.0,40,38,41,42,39,60,62,59,58,61,43,42,否,否,否,否,否,否,否,否,否,否,否,否,否,否,否,否,否,否,44,43,44,0.250,2.769,0.424,0.007,7.492,0.934,0.299,1.059,35.0,30.0,64.0,64.0,0,14.4,13.0,0.7,1.4,31.1,5.6,24.9,13.2,4.5,1.1,0.8,0.0,0.1,0.0,89.0,62.6,94.3,99.1,99.9,1066.7,10.67,15,15,15,35,74,374,1,2,是,否,否,否,否,否,否,否,否,否,是,否,否,否,否,否,否,否,否,否,否,否,否,否,否,否,否,否,否,否,否,否,否,否,否,否,否,42.0,41,41,49,97.0,100.0,否,否,24292,21074,0.0,3.6,3.6,0.004,3.235,5593,1902,44,0.003,100.0,1066.0,0.0,0.0,0.0,0.0,0.0,0.0,0.0,317,否,否,否,否,否,否,7.387,23.134,56.0,-12.565,25.2,110.5,7.2,60.6,0.7,0.7,0.7,0.7,7.2,60.3,0.7,0.7,0.7,0.7,139.66,1360.20,14.29,14.02,1532.07,1532.07,0.32,139.37,139.29,0.38,232.42,0,0,0.0,0.0,0,0.000,
17.9.2026,23:0:29.628,6005,33507,15.1,5747,10435,35.5,0.0,23329,0,0.922,1.127,0.760,0.897,0.902,0.963,0.691,2800.0,4199.9,1200.0,2900.0,2900.0,100.0,3599.9,113.4,515.4,275.7,77.3,34.1,2.3,1.1,0.9,0.5,113.4,8.1,36.6,16.8,5.9,1.7,1.5,0.7,0.7,0.7,36.6,8.1,100.0,4.4,20.3,10.5,3.0,1.4,0.1,0.0,0.0,0.0,4.4,28.0,42.0,12.0,29.0,29.0,36.0,41,42,41,42,39,59,58,59,58,61,43,42,否,否,否,否,否,否,否,否,否,否,否,否,否,否,否,否,否,否,44,42,44,0.250,3.854,0.650,0.002,10.839,1.147,0.345,1.637,35.0,30.0,64.0,64.0,0,7.8,14.3,0.3,0.3,11.3,8.4,39.1,18.6,6.5,2.7,0.2,0.1,0.1,0.1,82.1,37.5,91.4,99.7,99.8,1066.7,10.67,15,15,15,35,74,374,1,2,是,否,否,否,否,否,否,否,否,否,是,否,否,否,否,否,否,否,否,否,否,否,否,否,否,否,否,否,否,否,否,否,否,否,否,否,否,41.0,41,41,51,97.0,100.0,否,否,24292,21074,1.7,6.3,7.9,1.186,6.148,5595,1913,43,0.007,100.0,1066.0,0.0,0.0,0.0,0.0,0.0,0.0,0.0,317,否,否,否,否,否,否,7.383,23.134,56.0,-12.211,25.2,113.7,7.2,60.6,0.7,0.7,0.7,0.7,7.2,60.3,0.7,0.7,0.7,0.7,139.66,1360.20,14.29,14.02,1532.07,1532.07,0.32,139.37,139.29,0.38,232.42,0,0,0.0,0.0,0,0.000,
17.9.2026,23:0:31.641,6006,33506,15.2,5745,10437,35.5,0.0,23329,0,0.850,1.127,0.760,0.755,0.757,0.963,0.691,2050.0,4199.9,1200.0,1400.0,1400.0,100.0,3599.9,157.4,757.7,366.7,91.4,40.5,1.9,0.4,0.6,0.5,157.4,10.5,52.3,21.5,7.3,2.8,0.0,0.0,0.0,0.0,52.3,10.5,100.0,6.2,30.2,14.1,3.6,1.6,0.1,0.0,0.0,0.0,6.2,20.5,42.0,12.0,14.0,14.0,36.0,42,42,42,43,40,58,58,58,57,60,43,43,否,否,否,否,否,否,否,否,否,否,否,否,否,否,否,否,否,否,43,41,43,0.250,4.657,0.879,0.003,13.033,1.320,0.433,1.950,35.0,30.0,64.0,64.0,0,2.9,2.5,0.0,0.0,0.0,11.2,54.7,23.3,7.5,3.4,0.2,0.0,0.1,0.0,74.1,7.1,89.7,99.7,99.9,1066.7,10.67,15,15,15,35,74,374,1,2,是,否,否,否,否,否,否,否,否,否,是,否,否,否,否,否,否,否,否,否,否,否,否,否,否,否,否,否,否,否,否,否,否,否,否,否,否,42.0,41,41,52,97.0,100.0,否,否,24292,21074,0.2,8.3,8.5,0.296,12.490,5596,1937,44,0.002,100.0,1066.0,0.0,0.0,0.0,0.0,0.0,0.0,0.0,317,否,否,否,否,否,否,7.308,23.126,56.0,-12.285,25.2,112.9,7.2,60.6,0.7,0.7,0.7,0.7,7.2,60.3,0.7,0.7,0.7,0.7,139.66,1360.20,14.29,14.02,1532.07,1532.07,0.32,139.37,139.29,0.38,232.42,0,0,0.0,0.0,0,0.000,
17.9.2026,23:0:33.656,5996,33516,15.1,5734,10448,35.4,0.0,23329,0,0.759,0.795,0.755,0.745,0.742,0.686,0.691,1125.0,1200.0,1100.0,1100.0,1100.0,100.0,1000.0,103.1,430.3,277.6,75.7,29.9,7.4,2.1,1.9,0.2,103.1,7.6,30.7,18.5,5.6,3.5,0.4,0.7,0.7,0.5,30.7,7.6,100.0,4.1,17.0,11.0,3.0,1.2,0.3,0.1,0.1,0.0,4.1,11.2,12.0,11.0,11.0,11.0,10.0,40,37,41,41,39,60,63,59,59,61,43,41,否,否,否,否,否,否,否,否,否,否,否,否,否,否,否,否,否,否,43,41,42,0.250,3.574,0.593,0.006,10.444,1.127,0.319,1.450,35.0,30.0,64.0,64.0,0,9.3,21.3,0.6,2.1,8.4,7.8,32.9,19.8,6.1,2.4,0.7,0.2,0.2,0.0,84.1,45.7,91.7,99.1,99.8,1066.7,10.67,15,15,15,35,74,374,1,2,是,否,否,否,否,否,否,否,否,否,是,否,否,否,否,否,否,否,否,否,否,否,否,否,否,否,否,否,否,否,否,否,否,否,否,否,否,41.0,41,41,53,97.0,100.0,否,否,24292,21074,0.8,24.4,25.2,0.581,3.185,5597,1943,44,0.003,100.0,1066.0,0.0,0.0,0.0,0.0,0.0,0.0,0.0,317,否,否,否,否,否,否,7.337,23.126,56.0,-12.451,25.2,111.4,7.2,60.6,0.7,0.7,0.7,0.7,7.2,60.3,0.7,0.7,0.7,0.7,139.66,1360.20,14.29,14.02,1532.07,1532.07,0.32,139.37,139.29,0.38,232.42,0,0,0.0,0.0,0,0.000,
17.9.2026,23:0:35.667,5998,33514,15.1,5733,10449,35.4,0.0,23329,0,0.760,0.792,0.755,0.747,0.745,0.686,0.691,1125.0,1200.0,1100.0,1100.0,1100.0,100.0,1000.0,31.0,120.1,81.4,35.8,7.0,2.3,0.2,0.6,0.2,31.0,2.5,9.6,6.5,2.5,0.2,1.4,0.0,0.0,0.0,9.6,2.5,100.0,1.1,4.2,3.1,1.5,0.3,0.1,0.0,0.0,0.0,1.1,11.2,12.0,11.0,11.0,11.0,10.0,40,37,41,41,40,60,63,59,59,60,42,41,否,否,否,否,否,否,否,否,否,否,否,否,否,否,否,否,否,否,43,42,43,0.250,1.616,0.159,0.008,4.654,0.701,0.229,0.476,35.0,30.0,64.0,64.0,0,17.7,7.9,1.7,2.0,50.1,2.9,11.8,7.5,2.9,0.6,0.2,0.0,0.1,0.0,94.9,83.6,96.5,99.7,99.9,1066.7,10.67,15,15,15,35,74,374,1,2,否,否,否,否,否,否,否,否,否,否,否,否,否,否,否,否,否,否,否,否,否,否,否,否,否,否,否,否,否,否,否,否,否,否,否,否,否,41.0,41,41,52,97.0,100.0,否,否,24292,21074,0.0,0.7,0.7,0.000,0.093,5597,1944,44,0.006,100.0,1066.0,0.0,0.0,0.0,0.0,0.0,0.0,0.0,317,否,否,否,否,否,否,7.396,23.119,56.0,-12.226,25.2,113.5,7.2,60.6,0.7,0.7,0.7,0.7,7.2,60.3,0.7,0.7,0.7,0.7,139.66,1360.20,14.29,14.02,1532.07,1532.07,0.32,139.37,139.29,0.38,232.42,0,0,0.0,0.0,0,0.000,
17.9.2026,23:0:37.685,5997,33515,15.1,5742,10440,35.4,0.0,23329,0,0.758,0.790,0.752,0.747,0.742,0.681,0.691,1100.0,1100.0,1100.0,1100.0,1100.0,100.0,900.0,36.9,144.0,94.3,44.0,8.2,3.2,0.3,0.7,0.3,36.9,3.2,12.0,7.5,3.8,1.3,1.0,0.0,0.0,0.0,12.0,3.2,100.0,1.4,5.2,3.6,1.8,0.3,0.1,0.0,0.0,0.0,1.4,11.0,11.0,11.0,11.0,11.0,9.0,40,38,41,41,39,60,62,59,59,61,42,41,否,否,否,否,否,否,否,否,否,否,否,否,否,否,否,否,否,否,43,41,43,0.250,1.972,0.246,0.008,5.134,0.776,0.253,0.657,35.0,30.0,64.0,64.0,0,17.3,13.8,1.9,2.0,43.8,3.2,13.3,7.6,3.3,0.7,0.3,0.0,0.1,0.0,94.5,82.5,96.1,99.6,99.9,1066.7,10.67,15,15,15,35,74,374,1,2,否,否,否,否,否,否,否,否,否,否,否,否,否,否,否,否,否,否,否,否,否,否,否,否,否,否,否,否,否,否,否,否,否,否,否,否,否,41.0,41,41,50,97.0,100.0,否,否,24292,21074,0.0,2.8,2.8,0.000,0.196,5597,1944,42,0.008,100.0,1066.0,0.0,0.0,0.0,0.0,0.0,0.0,0.0,317,否,否,否,否,否,否,7.398,23.119,56.0,-11.852,25.2,117.0,7.2,60.6,0.7,0.7,0.7,0.7,7.2,60.3,0.7,0.7,0.7,0.7,139.66,1360.20,14.29,14.02,1532.07,1532.07,0.32,139.37,139.29,0.38,232.42,0,0,0.0,0.0,0,0.000,
17.9.2026,23:0:39.689,5997,33515,15.1,5741,10442,35.4,0.0,23329,0,0.764,0.795,0.762,0.752,0.747,0.686,0.733,1200.0,1200.0,1200.0,1200.0,1200.0,100.0,1000.0,30.7,125.1,87.8,29.2,2.4,0.3,0.2,0.2,0.2,30.7,2.8,10.4,7.2,2.3,0.1,0.0,0.7,0.7,0.7,10.4,2.8,100.0,1.1,4.4,3.3,1.2,0.1,0.0,0.0,0.0,0.0,1.1,12.0,12.0,12.0,12.0,12.0,10.0,39,37,40,41,39,61,63,60,59,61,42,41,否,否,否,否,否,否,否,否,否,否,否,否,否,否,否,否,否,否,43,40,42,0.250,1.826,0.175,0.008,4.926,0.721,0.207,0.654,35.0,30.0,64.0,64.0,0,17.7,14.6,1.4,1.9,43.8,2.9,12.5,8.1,2.4,0.2,0.0,0.0,0.0,0.0,95.1,82.9,97.4,99.9,99.9,1066.7,10.67,15,15,15,35,74,374,1,2,否,否,否,否,否,否,否,否,否,否,否,否,否,否,否,否,否,否,否,否,否,否,否,否,否,否,否,否,否,否,否,否,否,否,否,否,否,41.0,41,41,49,97.0,100.0,否,否,24292,21074,0.0,4.0,4.0,0.000,0.198,5597,1944,42,0.008,100.0,1066.0,0.0,0.0,0.0,0.0,0.0,0.0,0.0,317,否,否,否,否,否,否,7.390,23.111,55.9,-11.403,25.2,121.6,7.2,60.6,0.7,0.7,0.7,0.7,7.2,60.3,0.7,0.7,0.7,0.7,139.66,1360.20,14.29,14.02,1532.07,1532.07,0.32,139.37,139.29,0.38,232.42,0,0,0.0,0.0,0,0.000,
17.9.2026,23:0:41.698,5996,33515,15.1,5739,10443,35.4,0.0,23329,0,0.764,0.795,0.760,0.752,0.747,0.686,0.691,1200.0,1200.0,1200.0,1200.0,1200.0,100.0,1000.0,28.8,121.5,84.0,20.6,2.3,1.1,0.2,0.2,0.2,28.8,2.2,9.8,6.7,1.4,0.0,0.0,0.0,0.0,0.0,9.8,2.2,100.0,1.0,4.2,3.2,0.8,0.1,0.0,0.0,0.0,0.0,1.0,12.0,12.0,12.0,12.0,12.0,10.0,39,37,40,41,38,61,63,60,59,62,42,41,否,否,否,否,否,否,否,否,否,否,否,否,否,否,否,否,否,否,42,41,42,0.250,1.849,0.178,0.007,4.561,0.751,0.232,0.638,35.0,30.0,64.0,64.0,0,18.0,13.0,2.2,2.1,45.0,2.7,11.9,7.6,1.7,0.2,0.1,0.0,0.0,0.0,95.2,83.0,98.1,99.9,99.9,1066.7,10.67,15,15,15,35,74,374,1,2,否,否,否,否,否,否,否,否,否,否,否,否,否,否,否,否,否,否,否,否,否,否,否,否,否,否,否,否,否,否,否,否,否,否,否,否,否,42.0,41,41,48,97.0,100.0,否,否,24292,21074,0.0,2.5,2.5,0.000,0.063,5597,1944,42,0.008,100.0,1066.0,0.0,0.0,0.0,0.0,0.0,0.0,0.0,317,否,否,否,否,否,否,7.439,23.103,55.9,-11.002,25.2,126.0,7.2,60.6,0.7,0.7,0.7,0.7,7.2,60.3,0.7,0.7,0.7,0.7,139.66,1360.20,14.29,14.02,1532.07,1532.07,0.32,139.37,139.29,0.38,232.42,0,0,0.0,0.0,0,0.000,
17.9.2026,23:0:43.701,5997,33515,15.1,5738,10444,35.4,0.0,23329,0,0.764,0.795,0.760,0.752,0.747,0.686,0.693,1200.0,1200.0,1200.0,1200.0,1200.0,100.0,1000.0,28.5,122.2,59.7,35.4,9.6,0.4,0.2,0.2,0.2,28.5,2.3,10.0,4.7,1.9,0.4,0.0,0.5,0.0,0.5,10.0,2.3,100.0,1.0,4.3,2.2,1.4,0.4,0.0,0.0,0.0,0.0,1.0,12.0,12.0,12.0,12.0,12.0,10.0,39,37,40,40,39,61,63,60,60,61,42,40,否,否,否,否,否,否,否,否,否,否,否,否,否,否,否,否,否,否,42,40,42,0.250,1.622,0.195,0.005,3.907,0.675,0.214,0.484,35.0,30.0,64.0,64.0,0,18.4,7.7,2.3,2.1,50.3,2.6,12.3,5.7,2.3,0.7,0.0,0.0,0.0,0.0,95.4,84.6,97.0,99.9,99.9,1066.7,10.67,15,15,15,35,74,374,1,2,否,否,否,否,否,否,否,否,否,否,否,否,否,否,否,否,否,否,否,否,否,否,否,否,否,否,否,否,否,否,否,否,否,否,否,否,否,41.0,41,41,46,97.0,100.0,否,否,24292,21074,0.0,1.5,1.5,0.000,0.034,5597,1945,42,0.007,100.0,1066.0,0.0,0.0,0.0,0.0,0.0,0.0,0.0,317,否,否,否,否,否,否,7.403,23.103,55.9,-10.520,25.2,131.8,7.2,60.6,0.7,0.7,0.7,0.7,7.2,60.3,0.7,0.7,0.7,0.7,139.66,1360.20,14.29,14.02,1532.07,1532.07,0.32,139.37,139.29,0.38,232.42,0,0,0.0,0.0,0,0.000,
17.9.2026,23:0:45.722,5996,33515,15.1,5736,10446,35.4,0.0,23329,0,0.760,0.792,0.755,0.747,0.745,0.681,0.693,1125.0,1200.0,1100.0,1100.0,1100.0,100.0,900.0,29.6,129.4,82.2,22.1,1.6,0.6,0.2,0.2,0.2,29.6,4.6,11.1,7.4,0.0,0.0,0.0,0.0,18.2,0.0,18.2,4.6,100.0,1.1,4.6,3.1,0.9,0.1,0.0,0.0,0.0,0.0,1.1,11.2,12.0,11.0,11.0,11.0,9.0,39,37,40,41,39,61,63,60,59,61,42,41,否,否,否,否,否,否,否,否,否,否,否,否,否,否,否,否,否,否,42,41,42,0.250,1.840,0.191,0.007,4.527,0.745,0.232,0.619,35.0,30.0,64.0,64.0,0,18.0,12.7,1.1,2.6,45.6,2.8,12.7,7.7,1.4,0.1,0.1,0.0,0.0,0.0,95.2,82.6,98.4,99.9,99.9,1066.7,10.67,15,15,15,35,74,374,1,2,否,否,否,否,否,否,否,否,否,否,否,否,否,否,否,否,否,否,否,否,否,否,否,否,否,否,否,否,否,否,否,否,否,否,否,否,否,40.0,41,41,46,97.0,100.0,否,否,24292,21074,0.0,2.0,2.0,0.000,0.048,5597,1945,42,0.005,100.0,1066.0,0.0,0.0,0.0,0.0,0.0,0.0,0.0,317,否,否,否,否,否,否,7.440,23.096,55.9,-10.193,25.2,135.9,7.2,60.6,0.7,0.7,0.7,0.7,7.2,60.3,0.7,0.7,0.7,0.7,139.66,1360.20,14.29,14.02,1532.07,1532.07,0.32,139.37,139.29,0.38,232.42,0,0,0.0,0.0,0,0.000,
17.9.2026,23:0:47.728,5997,33515,15.1,5735,10448,35.4,0.0,23329,0,0.760,0.795,0.755,0.745,0.745,0.688,0.693,1125.0,1200.0,1100.0,1100.0,1100.0,100.0,1000.0,28.7,127.1,75.6,25.0,0.2,1.2,0.2,0.2,0.2,28.7,3.1,10.3,6.1,6.6,0.0,1.5,0.0,0.0,0.0,10.3,3.1,100.0,1.0,4.5,2.8,1.0,0.0,0.0,0.0,0.0,0.0,1.0,11.2,12.0,11.0,11.0,11.0,10.0,39,37,40,41,38,61,63,60,59,62,42,41,否,否,否,否,否,否,否,否,否,否,否,否,否,否,否,否,否,否,42,41,42,0.250,1.570,0.170,0.006,3.700,0.696,0.234,0.437,35.0,30.0,64.0,64.0,0,18.5,6.1,1.7,2.6,51.7,2.7,12.4,7.0,1.7,0.0,0.1,0.0,0.0,0.0,95.4,83.5,98.2,99.8,99.9,1066.7,10.67,15,15,15,35,74,374,1,2,否,否,否,否,否,否,否,否,否,否,否,否,否,否,否,否,否,否,否,否,否,否,否,否,否,否,否,否,否,否,否,否,否,否,否,否,否,41.0,41,41,44,97.0,100.0,否,否,24292,21074,0.0,1.0,1.0,0.000,0.028,5597,1945,43,0.007,100.0,1066.0,0.0,0.0,0.0,0.0,0.0,0.0,0.0,317,否,否,否,否,否,否,7.441,23.096,55.9,-9.859,25.2,140.6,7.2,60.6,0.7,0.7,0.7,0.7,7.2,60.3,0.7,0.7,0.7,0.7,139.66,1360.20,14.29,14.02,1532.07,1532.07,0.32,139.37,139.29,0.38,232.42,0,0,0.0,0.0,0,0.000,
17.9.2026,23:0:49.730,5996,33515,15.1,5734,10449,35.4,0.0,23329,0,0.759,0.795,0.755,0.745,0.742,0.686,0.733,1125.0,1200.0,1100.0,1100.0,1100.0,100.0,1000.0,29.6,132.4,71.2,29.9,0.4,2.3,0.2,0.2,0.2,29.6,2.5,10.9,5.9,1.4,1.4,0.1,0.0,0.0,0.0,10.9,2.5,100.0,1.1,4.7,2.7,1.2,0.0,0.1,0.0,0.0,0.0,1.1,11.2,12.0,11.0,11.0,11.0,10.0,40,37,40,41,40,60,63,60,59,60,41,41,否,否,否,否,否,否,否,否,否,否,否,否,否,否,否,否,否,否,42,39,42,0.250,1.764,0.211,0.009,4.268,0.714,0.226,0.544,35.0,30.0,64.0,64.0,0,18.3,10.5,1.8,2.5,47.2,2.7,13.1,6.8,1.5,0.0,0.2,0.0,0.0,0.0,95.3,83.0,98.4,99.7,99.9,1066.7,10.67,15,15,15,35,74,374,1,2,否,否,否,否,否,否,否,否,否,否,否,否,否,否,否,否,否,否,否,否,否,否,否,否,否,否,否,否,否,否,否,否,否,否,否,否,否,41.0,41,41,43,97.0,100.0,否,否,24292,21074,0.0,2.0,2.0,0.000,0.073,5597,1945,42,0.006,100.0,1066.0,0.0,0.0,0.0,0.0,0.0,0.0,0.0,317,否,否,否,否,否,否,7.435,23.088,55.9,-9.547,25.2,145.1,7.2,60.6,0.7,0.7,0.7,0.7,7.2,60.3,0.7,0.7,0.7,0.7,139.66,1360.20,14.29,14.02,1532.07,1532.07,0.32,139.37,139.29,0.38,232.42,0,0,0.0,0.0,0,0.000,
17.9.2026,23:0:51.737,5996,33516,15.1,5732,10450,35.4,0.0,23329,0,0.760,0.795,0.757,0.745,0.742,0.688,0.693,1125.0,1200.0,1100.0,1100.0,1100.0,100.0,1000.0,28.3,119.8,65.1,32.8,5.9,0.6,0.8,0.7,0.2,28.3,2.4,10.3,5.8,2.2,0.0,0.0,0.4,0.3,0.3,10.3,2.4,100.0,1.0,4.2,2.4,1.3,0.2,0.0,0.0,0.0,0.0,1.0,11.2,12.0,11.0,11.0,11.0,10.0,39,37,40,41,39,61,63,60,59,61,42,41,否,否,否,否,否,否,否,否,否,否,否,否,否,否,否,否,否,否,42,40,42,0.250,1.629,0.192,0.007,3.765,0.702,0.238,0.455,35.0,30.0,64.0,64.0,0,18.7,6.5,1.8,2.7,51.4,2.6,12.0,6.2,2.0,0.5,0.1,0.1,0.1,0.0,95.4,84.4,97.5,99.8,99.9,1066.7,10.67,15,15,15,35,74,374,1,2,否,否,否,否,否,否,否,否,否,否,否,否,否,否,否,否,否,否,否,否,否,否,否,否,否,否,否,否,否,否,否,否,否,否,否,否,否,41.0,41,41,43,97.0,100.0,否,否,24292,21074,0.0,1.0,1.0,0.000,0.016,5597,1945,41,0.009,100.0,1066.0,0.0,0.0,0.0,0.0,0.0,0.0,0.0,317,否,否,否,否,否,否,7.446,23.088,55.9,-9.278,25.2,149.3,7.2,60.6,0.7,0.7,0.7,0.7,7.2,60.3,0.7,0.7,0.7,0.7,139.66,1360.20,14.29,14.02,1532.07,1532.07,0.32,139.37,139.29,0.38,232.42,0,0,0.0,0.0,0,0.000,
17.9.2026,23:0:53.734,5997,33514,15.1,5741,10442,35.4,0.0,23329,0,0.752,0.795,0.712,0.752,0.747,0.686,0.693,1000.0,1200.0,400.0,1200.0,1200.0,100.0,1000.0,33.9,145.7,90.9,22.8,7.8,1.9,0.2,1.5,0.2,33.9,2.5,10.9,6.3,1.2,1.4,0.2,0.0,0.2,0.0,10.9,2.5,100.0,1.3,5.3,3.5,0.9,0.3,0.1,0.0,0.1,0.0,1.3,10.0,12.0,4.0,12.0,12.0,10.0,39,36,42,40,39,61,64,58,60,61,42,42,否,否,否,否,否,否,否,否,否,否,否,否,否,否,否,否,否,否,41,40,41,0.250,1.674,0.193,0.008,4.022,0.715,0.242,0.479,35.0,30.0,64.0,64.0,0,18.2,7.4,1.2,2.7,49.8,3.0,13.5,7.7,2.0,0.6,0.2,0.0,0.1,0.0,94.8,81.9,97.6,99.8,99.8,1066.7,10.67,15,15,15,35,74,374,1,2,否,否,否,否,否,否,否,否,否,否,否,否,否,否,否,否,否,否,否,否,否,否,否,否,否,否,否,否,否,否,否,否,否,否,否,否,否,40.0,40,40,43,97.0,100.0,否,否,24292,21074,0.0,1.5,1.5,0.000,0.051,5597,1945,41,0.007,100.0,1066.0,0.0,0.0,0.0,0.0,0.0,0.0,0.0,317,否,否,否,否,否,否,7.438,23.080,55.9,-9.037,25.2,153.2,7.2,60.6,0.7,0.7,0.7,0.7,7.2,60.3,0.7,0.7,0.7,0.7,139.66,1360.20,14.29,14.02,1532.07,1532.07,0.32,139.37,139.29,0.38,232.42,0,0,0.0,0.0,0,0.000,
17.9.2026,23:0:55.745,5997,33515,15.1,5739,10443,35.4,0.0,23329,0,0.764,0.795,0.762,0.752,0.747,0.686,0.693,1200.0,1200.0,1200.0,1200.0,1200.0,100.0,1000.0,29.2,111.5,76.3,35.2,9.0,0.7,0.2,0.2,0.2,29.2,2.8,9.7,6.9,3.1,1.3,0.0,0.6,0.0,0.6,9.7,2.8,100.0,1.1,3.8,2.9,1.4,0.4,0.0,0.0,0.0,0.0,1.1,12.0,12.0,12.0,12.0,12.0,10.0,39,36,40,39,40,61,64,60,61,60,41,40,否,否,否,否,否,否,否,否,否,否,否,否,否,否,否,否,否,否,40,39,41,0.250,1.502,0.158,0.007,3.448,0.683,0.241,0.379,35.0,30.0,64.0,64.0,0,18.4,3.9,1.5,2.6,54.1,2.7,11.1,7.0,2.7,0.7,0.1,0.0,0.0,0.0,95.3,84.7,96.7,99.9,99.9,1066.7,10.67,15,15,15,35,74,374,1,2,否,否,否,否,否,否,否,否,否,否,否,否,否,否,否,否,否,否,否,否,否,否,否,否,否,否,否,否,否,否,否,否,否,否,否,否,否,40.0,40,40,41,97.0,100.0,否,否,24292,21074,0.0,0.5,0.5,0.000,0.040,5597,1945,42,0.008,100.0,1066.0,0.0,0.0,0.0,0.0,0.0,0.0,0.0,317,否,否,否,否,否,否,7.447,23.073,55.9,-8.840,25.2,156.6,7.2,60.6,0.7,0.7,0.7,0.7,7.2,60.3,0.7,0.7,0.7,0.7,139.66,1360.20,14.29,14.02,1532.07,1532.07,0.32,139.37,139.29,0.38,232.42,0,0,0.0,0.0,0,0.000,
17.9.2026,23:0:57.734,5996,33515,15.1,5738,10444,35.4,0.0,23329,0,0.761,0.792,0.757,0.747,0.745,0.681,0.691,1100.0,1100.0,1100.0,1100.0,1100.0,100.0,900.0,27.6,121.9,65.0,23.7,8.6,0.7,0.2,0.4,0.2,27.6,2.4,10.1,5.3,1.9,0.6,1.6,0.0,0.0,0.0,10.1,2.4,100.0,1.0,4.3,2.4,0.9,0.3,0.0,0.0,0.0,0.0,1.0,11.0,11.0,11.0,11.0,11.0,9.0,38,36,39,39,40,62,64,61,61,60,42,40,否,否,否,否,否,否,否,否,否,否,否,否,否,否,否,否,否,否,41,40,41,0.250,1.661,0.152,0.009,3.959,0.718,0.237,0.504,35.0,30.0,64.0,64.0,0,18.5,8.6,1.2,2.7,49.8,2.6,12.1,6.0,2.0,0.7,0.1,0.0,0.0,0.0,95.3,84.2,97.3,99.9,99.9,1066.7,10.67,15,15,15,35,74,374,1,2,否,否,否,否,否,否,否,否,否,否,否,否,否,否,否,否,否,否,否,否,否,否,否,否,否,否,否,否,否,否,否,否,否,否,否,否,否,40.0,40,40,42,97.0,100.0,否,否,24292,21074,0.0,1.4,1.4,0.000,0.020,5597,1945,42,0.007,100.0,1066.0,0.0,0.0,0.0,0.0,0.0,0.0,0.0,317,否,否,否,否,否,否,7.437,23.073,55.9,-8.627,25.2,160.5,7.2,60.6,0.7,0.7,0.7,0.7,7.2,60.3,0.7,0.7,0.7,0.7,139.66,1360.20,14.29,14.02,1532.07,1532.07,0.32,139.37,139.29,0.38,232.42,0,0,0.0,0.0,0,0.000,
17.9.2026,23:0:59.751,6004,33508,15.1,5750,10433,35.5,0.0,23329,0,0.802,0.792,0.762,0.762,0.890,0.706,0.693,1275.0,1200.0,1200.0,1500.0,1200.0,100.0,1300.0,90.0,299.0,262.1,94.5,41.0,9.6,0.4,8.4,5.1,90.0,6.8,21.6,18.8,7.3,3.0,0.4,0.4,1.8,0.8,21.6,6.8,100.0,3.6,11.8,10.6,3.8,1.7,0.4,0.0,0.3,0.2,3.6,12.8,12.0,12.0,15.0,12.0,13.0,40,39,40,42,39,60,61,60,58,61,42,42,否,否,否,否,否,否,否,否,否,否,否,否,否,否,否,否,否,否,42,41,42,0.250,2.317,0.454,0.004,6.263,0.902,0.311,0.606,35.0,30.0,64.0,64.0,0,11.9,4.9,0.9,1.5,33.8,7.1,23.5,19.9,7.9,3.4,0.8,0.0,0.7,0.4,86.6,59.1,89.3,99.1,98.9,1066.7,10.67,15,15,15,35,74,374,1,2,是,否,否,否,否,否,否,否,否,否,是,否,否,否,否,否,否,否,否,否,否,否,否,否,否,否,否,否,否,否,否,否,否,否,否,否,否,40.0,40,40,41,97.0,100.0,否,否,24292,21074,0.6,1.4,2.1,1.061,0.065,5599,1945,42,0.009,100.0,1066.0,0.0,0.0,0.0,0.0,0.0,0.0,0.0,317,否,否,否,否,否,否,7.447,23.065,55.8,-8.504,25.2,162.7,7.2,60.6,0.7,0.7,0.7,0.7,7.2,60.3,0.7,0.7,0.7,0.7,139.66,1360.20,14.29,14.02,1532.07,1532.07,0.32,139.37,139.29,0.38,232.42,0,0,0.0,0.0,0,0.000,
17.9.2026,23:1:1.769,6017,33494,15.2,5765,10418,35.6,0.0,23329,0,0.790,0.792,0.760,0.772,0.835,0.713,0.693,1600.0,1200.0,1200.0,1600.0,2400.0,100.0,1400.0,188.6,473.0,531.4,354.5,121.3,22.4,2.1,4.1,0.4,188.6,14.8,36.2,40.4,29.1,10.2,2.1,0.0,0.0,0.0,40.4,14.8,100.0,7.8,19.3,22.0,14.6,5.0,0.9,0.1,0.2,0.0,7.8,16.0,12.0,12.0,16.0,24.0,14.0,40,38,40,41,39,60,62,60,59,61,42,41,否,否,否,否,否,否,否,否,否,否,否,否,否,否,否,否,否,否,42,42,42,0.250,3.794,0.647,0.000,11.475,1.244,0.293,1.430,35.0,30.0,64.0,64.0,0,0.1,0.1,0.0,0.0,0.0,14.9,36.8,40.6,29.4,10.0,1.9,0.2,0.3,0.0,71.1,23.6,63.6,97.7,99.5,1600.0,16.00,22,22,22,52,74,560,1,2,是,否,否,否,否,否,否,否,否,否,是,否,否,否,否,否,否,否,否,否,否,否,否,否,否,否,否,否,否,否,否,否,否,否,否,否,否,40.0,40,40,43,97.0,100.0,否,否,24292,21074,1.7,3.2,4.9,0.349,1.238,5600,1948,42,0.004,100.0,1066.0,0.0,0.0,0.0,0.0,0.0,0.0,0.0,317,否,否,否,否,否,否,7.352,23.065,55.8,-8.727,25.2,158.6,7.2,60.6,0.7,0.7,0.7,0.7,7.2,60.3,0.7,0.7,0.7,0.7,139.66,1360.20,14.29,14.02,1532.07,1532.07,0.32,139.37,139.29,0.38,232.42,0,0,0.0,0.0,0,0.000,
17.9.2026,23:1:3.766,6017,33494,15.2,5762,10420,35.6,0.0,23329,0,0.769,0.817,0.762,0.750,0.747,0.711,0.693,1300.0,1600.0,1200.0,1200.0,1200.0,100.0,1400.0,177.7,477.1,400.1,509.1,14.2,17.9,0.8,1.4,1.0,177.7,13.9,37.2,30.4,41.8,0.8,1.0,0.0,0.0,0.0,41.8,13.9,100.0,7.3,19.5,16.5,21.0,0.6,0.7,0.0,0.0,0.0,7.3,13.0,16.0,12.0,12.0,12.0,14.0,40,37,41,42,39,60,63,59,58,61,42,42,否,否,否,否,否,否,否,否,否,否,否,否,否,否,否,否,否,否,42,41,41,0.250,4.152,0.489,0.000,12.349,1.250,0.235,1.951,35.0,30.0,64.0,64.0,0,0.0,0.0,0.0,0.0,0.0,14.3,38.2,30.9,42.4,1.1,1.5,0.0,0.1,0.1,72.2,34.5,56.2,98.3,99.8,1066.7,10.67,15,15,15,35,74,374,1,2,是,否,否,否,否,否,否,否,否,否,是,否,否,否,否,否,否,否,否,否,否,否,否,否,否,否,否,否,否,否,否,否,否,否,否,否,否,41.0,40,40,47,97.0,100.0,否,否,24292,21074,1.0,0.0,1.1,0.263,0.040,5600,1948,43,0.000,100.0,1599.0,0.0,0.0,0.0,0.0,0.0,0.0,0.0,317,否,否,否,否,否,否,7.329,23.058,55.8,-9.257,25.2,149.4,7.2,60.6,0.7,0.7,0.7,0.7,7.2,60.3,0.7,0.7,0.7,0.7,139.66,1360.20,14.29,14.02,1532.07,1532.07,0.32,139.37,139.29,0.38,232.42,0,0,0.0,0.0,0,0.000,
17.9.2026,23:1:5.762,6021,33491,15.2,5760,10422,35.5,0.0,23329,0,0.770,0.792,0.787,0.752,0.747,0.713,0.693,1300.0,1200.0,1600.0,1200.0,1200.0,100.0,1400.0,177.0,434.5,429.0,471.6,37.3,34.3,0.5,8.9,0.2,177.0,14.1,33.9,33.1,38.7,2.9,1.2,0.7,1.4,0.7,38.7,14.1,100.0,7.3,17.6,17.7,19.5,1.5,1.4,0.0,0.4,0.0,7.3,13.0,12.0,16.0,12.0,12.0,14.0,40,37,41,42,39,60,63,59,58,61,42,42,否,否,否,否,否,否,否,否,否,否,否,否,否,否,否,否,否,否,43,42,43,0.250,4.173,0.504,0.000,12.363,1.254,0.237,1.952,35.0,30.0,64.0,64.0,0,0.0,0.0,0.0,0.0,0.0,14.3,34.8,33.7,39.2,3.1,2.9,0.0,0.7,0.0,72.4,36.0,57.4,96.9,99.2,1066.7,10.67,15,15,15,35,74,374,1,2,是,否,否,否,否,否,否,否,否,否,是,否,否,否,否,否,否,否,否,否,否,否,否,否,否,否,否,否,否,否,否,否,否,否,否,否,否,41.0,40,40,49,97.0,100.0,否,否,24292,21074,0.8,0.0,0.8,0.263,0.008,5601,1948,42,0.000,100.0,1066.0,0.0,0.0,0.0,0.0,0.0,0.0,0.0,317,否,否,否,否,否,否,7.329,23.058,55.8,-9.733,25.2,142.1,7.2,60.6,0.7,0.7,0.7,0.7,7.2,60.3,0.7,0.7,0.7,0.7,139.66,1360.20,14.29,14.02,1532.07,1532.07,0.32,139.37,139.29,0.38,232.42,0,0,0.0,0.0,0,0.000,
17.9.2026,23:1:7.781,6023,33488,15.2,5759,10423,35.5,0.0,23329,0,0.769,0.792,0.787,0.752,0.745,0.711,0.693,1300.0,1200.0,1600.0,1200.0,1200.0,100.0,1400.0,178.4,455.5,418.7,474.3,45.5,31.4,0.2,1.2,0.2,178.4,14.3,35.1,31.5,39.3,3.9,4.3,0.0,0.0,0.0,39.3,14.3,100.0,7.3,18.6,17.3,19.6,1.9,1.3,0.0,0.0,0.0,7.3,13.0,12.0,16.0,12.0,12.0,14.0,40,38,41,41,39,60,62,59,59,61,41,41,否,否,否,否,否,否,否,否,否,否,否,否,否,否,否,否,否,否,42,41,42,0.250,3.918,0.541,0.000,11.772,1.243,0.235,1.672,35.0,30.0,64.0,64.0,0,0.1,0.2,0.0,0.0,0.0,14.2,35.8,31.7,39.5,3.6,2.6,0.0,0.1,0.0,72.6,36.7,56.9,97.2,99.9,1066.7,10.67,15,15,15,35,74,374,1,2,是,否,否,否,否,否,否,否,否,否,是,否,否,否,否,否,否,否,否,否,否,否,否,否,否,否,否,否,否,否,否,否,否,否,否,否,否,42.0,40,40,47,97.0,100.0,否,否,24292,21074,1.3,0.5,1.8,0.267,0.020,5601,1948,42,0.000,100.0,1066.0,0.0,0.0,0.0,0.0,0.0,0.0,0.0,317,否,否,否,否,否,否,7.328,23.050,55.8,-10.061,25.2,137.4,7.2,60.6,0.7,0.7,0.7,0.7,7.2,60.3,0.7,0.7,0.7,0.7,139.66,1360.20,14.29,14.02,1532.07,1532.07,0.32,139.37,139.29,0.38,232.42,0,0,0.0,0.0,0,0.000,
17.9.2026,23:1:9.789,6025,33486,15.2,5759,10423,35.5,0.0,23329,0,0.769,0.792,0.760,0.752,0.772,0.711,0.691,1300.0,1200.0,1200.0,1200.0,1600.0,100.0,1400.0,178.1,429.5,398.6,481.2,94.4,18.6,0.7,1.2,0.3,178.1,14.0,33.5,30.4,39.4,7.7,0.0,0.0,0.8,0.0,39.4,14.0,100.0,7.3,17.5,16.4,19.9,3.9,0.7,0.0,0.0,0.0,7.3,13.0,12.0,12.0,12.0,16.0,14.0,40,38,41,41,39,60,62,59,59,61,42,41,否,否,否,否,否,否,否,否,否,否,否,否,否,否,否,否,否,否,44,40,44,0.250,4.175,0.514,0.000,12.401,1.246,0.237,1.951,35.0,30.0,64.0,64.0,0,0.0,0.0,0.0,0.0,0.0,14.3,34.4,30.9,39.8,7.7,1.5,0.1,0.1,0.0,72.3,38.8,52.4,98.3,99.8,1066.7,10.67,15,15,15,35,74,374,1,2,是,否,否,否,否,否,否,否,否,否,是,否,否,否,否,否,否,否,否,否,否,否,否,否,否,否,否,否,否,否,否,否,否,否,否,否,否,41.0,40,40,50,97.0,100.0,否,否,24292,21074,0.9,0.1,1.1,0.262,0.034,5602,1948,42,0.000,100.0,1066.0,0.0,0.0,0.0,0.0,0.0,0.0,0.0,317,否,否,否,否,否,否,7.327,23.042,55.8,-10.434,25.2,132.5,7.2,60.6,0.7,0.7,0.7,0.7,7.2,60.3,0.7,0.7,0.7,0.7,139.66,1360.20,14.29,14.02,1532.07,1532.07,0.32,139.37,139.29,0.38,232.42,0,0,0.0,0.0,0,0.000,
17.9.2026,23:1:11.786,6027,33484,15.2,5767,10416,35.6,0.0,23329,0,0.768,0.795,0.780,0.750,0.747,0.711,0.691,1275.0,1200.0,1500.0,1200.0,1200.0,100.0,1400.0,176.9,380.3,416.7,534.1,46.9,14.8,4.9,17.3,0.5,176.9,14.5,29.5,31.9,44.2,3.7,3.4,0.3,2.1,0.8,44.2,14.5,100.0,7.3,15.4,17.1,22.1,1.9,0.6,0.2,0.7,0.0,7.3,12.8,12.0,15.0,12.0,12.0,14.0,40,37,41,41,39,60,63,59,59,61,42,41,否,否,否,否,否,否,否,否,否,否,否,否,否,否,否,否,否,否,42,42,42,0.250,4.058,0.487,0.000,12.179,1.245,0.236,1.864,35.0,30.0,64.0,64.0,0,0.0,0.0,0.0,0.0,0.0,14.3,30.5,32.4,44.7,3.8,1.2,0.4,1.4,0.0,72.4,40.9,52.1,98.2,98.5,1066.7,10.67,15,15,15,35,74,374,1,2,是,否,否,否,否,否,否,否,否,否,是,否,否,否,否,否,否,否,否,否,否,否,否,否,否,否,否,否,否,否,否,否,否,否,否,否,否,42.0,40,40,50,97.0,100.0,否,否,24292,21074,0.8,0.0,0.9,0.332,0.041,5602,1948,42,0.000,100.0,1066.0,0.0,0.0,0.0,0.0,0.0,0.0,0.0,317,否,否,否,否,否,否,7.325,23.035,55.8,-10.753,25.2,128.5,7.2,60.6,0.7,0.7,0.7,0.7,7.2,60.3,0.7,0.7,0.7,0.7,139.66,1360.20,14.29,14.02,1532.07,1532.07,0.32,139.37,139.29,0.38,232.42,0,0,0.0,0.0,0,0.000,
17.9.2026,23:1:13.779,6029,33482,15.2,5772,10411,35.6,0.0,23329,0,0.830,0.815,0.947,0.750,0.807,0.713,0.693,2025.0,1600.0,3100.0,1200.0,2200.0,100.0,1400.0,175.0,461.6,337.7,529.4,49.2,16.1,0.2,5.6,0.2,175.0,13.8,36.6,26.2,43.5,4.0,0.0,0.0,0.0,0.0,43.5,13.8,100.0,7.2,18.8,13.9,21.9,2.0,0.6,0.0,0.2,0.0,7.2,20.2,16.0,31.0,12.0,22.0,14.0,40,37,41,41,39,60,63,59,59,61,42,41,否,否,否,否,否,否,否,否,否,否,否,否,否,否,否,否,否,否,44,44,42,2.500,3.964,0.470,0.000,11.964,1.244,0.232,1.790,35.0,30.0,64.0,64.0,0,0.2,0.2,0.0,0.0,0.0,14.3,37.5,26.7,43.9,4.0,1.4,0.0,0.5,0.0,72.7,40.5,52.6,98.4,99.5,1066.7,10.67,15,15,15,35,74,374,1,2,否,否,否,否,否,否,否,否,否,否,否,否,否,否,否,否,否,否,否,否,否,否,否,否,否,否,否,否,否,否,否,否,否,否,否,否,否,41.0,40,40,49,97.0,100.0,否,否,24292,21074,1.4,0.0,1.4,0.230,0.044,5603,1948,42,0.000,100.0,1066.0,0.0,0.0,0.0,0.0,0.0,0.0,0.0,317,否,否,否,否,否,否,7.319,23.027,55.7,-10.957,25.2,126.1,7.2,60.6,0.7,0.7,0.7,0.7,7.2,60.3,0.7,0.7,0.7,0.7,139.66,1360.20,14.29,14.02,1532.07,1532.07,0.32,139.37,139.29,0.38,232.42,0,0,0.0,0.0,0,0.000,
17.9.2026,23:1:15.785,6070,33442,15.3,5805,10377,35.8,0.0,23329,0,0.849,0.802,1.097,0.752,0.745,0.926,0.691,1925.0,1400.0,3899.9,1200.0,1200.0,100.0,3399.9,305.4,559.3,525.0,647.6,400.0,144.0,114.0,36.0,17.0,305.4,23.5,41.8,38.9,50.6,30.2,13.2,9.5,2.7,1.3,50.6,23.5,100.0,12.5,22.9,21.5,26.7,16.5,5.8,4.7,1.4,0.7,12.5,19.2,14.0,39.0,12.0,12.0,34.0,41,38,44,41,41,59,62,56,59,59,43,44,否,否,否,否,否,否,否,否,否,否,否,否,否,否,否,否,否,否,43,42,42,5.500,5.109,1.557,0.000,13.195,1.332,0.455,1.704,35.0,30.0,64.0,64.0,0,0.0,0.0,0.0,0.0,0.0,23.6,42.7,39.6,51.2,30.5,11.5,9.0,2.8,1.4,59.5,21.9,35.1,84.8,96.4,1066.7,10.67,15,15,15,35,74,374,1,2,是,否,否,否,否,否,否,否,否,否,是,否,否,否,否,否,否,否,否,否,否,否,否,否,否,否,否,否,否,否,否,否,否,否,否,否,否,41.0,40,40,49,97.0,100.0,否,否,24292,21074,0.7,1.1,1.8,0.560,0.106,5604,1948,42,0.000,100.0,1066.0,0.0,0.0,0.0,0.0,0.0,0.0,0.0,317,否,否,否,否,否,否,7.259,23.019,55.7,-11.179,25.2,123.5,7.2,60.6,0.7,0.7,0.7,0.7,7.2,60.3,0.7,0.7,0.7,0.7,139.66,1360.20,14.29,14.02,1532.07,1532.07,0.32,139.37,139.29,0.38,232.42,0,0,0.0,0.0,0,0.000,
17.9.2026,23:1:17.780,6074,33437,15.3,5811,10371,35.9,0.0,23329,0,0.845,1.127,0.760,0.747,0.745,0.963,0.691,1950.0,4199.9,1200.0,1200.0,1200.0,100.0,3599.9,199.7,715.9,661.4,144.5,54.5,16.3,1.2,2.9,1.3,199.7,14.1,52.1,45.5,11.2,3.0,0.0,0.0,0.5,0.4,52.1,14.1,100.0,8.3,29.8,27.2,6.0,2.3,0.7,0.0,0.1,0.0,8.3,19.5,42.0,12.0,12.0,12.0,36.0,41,40,41,43,39,59,60,59,57,61,42,43,否,否,否,否,否,否,否,否,否,否,否,否,否,否,否,否,否,否,43,42,43,0.250,4.213,0.907,0.000,12.282,1.321,0.513,1.465,35.0,30.0,64.0,64.0,0,0.4,0.5,0.0,0.0,0.0,14.6,52.9,46.4,11.8,4.3,1.2,0.1,0.2,0.1,71.9,5.8,83.5,98.6,99.7,1600.0,16.00,22,22,22,52,74,560,1,2,是,否,否,否,否,否,否,否,否,否,是,否,否,否,否,否,否,否,否,否,否,否,否,否,否,否,否,否,否,否,否,否,否,否,否,否,否,41.0,40,40,49,97.0,100.0,否,否,24292,21074,0.0,2.2,2.2,0.000,0.113,5604,1948,43,0.000,100.0,1066.0,0.0,0.0,0.0,0.0,0.0,0.0,0.0,317,否,否,否,否,否,否,7.271,23.012,55.7,-11.415,25.2,121.0,7.2,60.6,0.7,0.7,0.7,0.7,7.2,60.3,0.7,0.7,0.7,0.7,139.66,1360.20,14.29,14.02,1532.07,1532.07,0.32,139.37,139.29,0.38,232.42,0,0,0.0,0.0,0,0.000,
17.9.2026,23:1:19.787,6073,33439,15.3,5808,10374,35.8,0.0,23329,0,0.848,1.127,0.760,0.747,0.757,0.686,0.733,2000.0,4199.9,1200.0,1200.0,1400.0,100.0,1000.0,194.8,718.6,746.0,57.7,22.9,7.4,0.2,5.3,0.2,194.8,14.3,52.4,52.9,4.3,2.7,0.8,0.2,0.6,0.2,52.9,14.3,100.0,8.0,29.6,31.0,2.3,0.9,0.3,0.0,0.2,0.0,8.0,20.0,42.0,12.0,12.0,14.0,10.0,41,42,41,42,39,59,58,59,58,61,42,42,否,否,否,否,否,否,否,否,否,否,否,否,否,否,否,否,否,否,43,42,42,0.250,4.161,0.961,0.000,12.054,1.313,0.480,1.371,35.0,30.0,64.0,64.0,0,0.0,0.0,0.0,0.0,0.0,14.1,52.7,53.0,4.4,1.9,0.6,0.0,0.4,0.0,73.1,0.0,93.4,99.3,99.5,1066.7,10.67,15,15,15,35,74,374,1,2,是,否,否,否,否,否,否,否,否,否,是,否,否,否,否,否,否,否,否,否,否,否,否,否,否,否,否,否,否,否,否,否,否,否,否,否,否,42.0,40,40,48,97.0,100.0,否,否,24292,21074,0.0,2.0,2.0,0.000,0.100,5604,1949,43,0.000,100.0,1599.0,0.0,0.0,0.0,0.0,0.0,0.0,0.0,317,否,否,否,否,否,否,7.359,23.004,55.7,-11.760,25.2,117.4,7.2,60.6,0.7,0.7,0.7,0.7,7.2,60.3,0.7,0.7,0.7,0.7,139.66,1360.20,14.29,14.02,1532.07,1532.07,0.32,139.37,139.29,0.38,232.42,0,0,0.0,0.0,0,0.000,
17.9.2026,23:1:21.778,6072,33439,15.3,5810,10373,35.9,0.0,23329,0,0.797,0.932,0.762,0.747,0.745,0.963,0.693,1675.0,3100.0,1200.0,1200.0,1200.0,100.0,3599.9,191.4,793.4,619.1,92.5,23.5,1.4,0.2,0.9,0.2,191.4,13.5,58.4,42.4,6.9,0.6,0.0,0.0,0.0,0.0,58.4,13.5,100.0,7.9,33.1,25.6,3.8,1.0,0.0,0.0,0.0,0.0,7.9,16.8,31.0,12.0,12.0,12.0,36.0,41,44,40,41,39,59,56,60,59,61,44,44,否,否,否,否,否,否,否,否,否,否,否,否,否,否,否,否,否,否,43,42,43,0.250,4.079,0.886,0.000,11.977,1.308,0.484,1.371,35.0,30.0,64.0,64.0,0,0.2,0.2,0.0,0.0,0.0,14.0,58.9,43.2,7.5,1.9,0.1,0.0,0.1,0.0,73.1,2.3,90.5,99.8,99.9,1066.7,10.67,15,15,15,35,74,374,1,2,是,否,否,否,否,否,否,否,否,否,是,否,否,否,否,否,否,否,否,否,否,否,否,否,否,否,否,否,否,否,否,否,否,否,否,否,否,41.0,40,40,48,97.0,100.0,否,否,24292,21074,0.0,2.0,2.0,0.000,0.083,5604,1949,43,0.000,100.0,1066.0,0.0,0.0,0.0,0.0,0.0,0.0,0.0,317,否,否,否,否,否,否,7.316,22.996,55.7,-11.735,25.2,117.6,7.2,60.6,0.7,0.7,0.7,0.7,7.2,60.3,0.7,0.7,0.7,0.7,139.66,1360.20,14.29,14.02,1532.07,1532.07,0.32,139.37,139.29,0.38,232.42,0,0,0.0,0.0,0,0.000,
17.9.2026,23:1:23.783,6073,33439,15.3,5808,10374,35.8,0.0,23329,0,0.943,0.805,1.165,0.900,0.902,0.698,0.691,2850.0,1400.0,4199.9,2900.0,2900.0,100.0,1200.0,187.0,716.4,582.0,139.5,40.7,15.3,0.2,1.5,0.2,187.0,14.1,53.3,41.0,11.6,4.3,1.6,0.4,0.5,0.4,53.3,14.1,100.0,7.7,29.5,24.0,5.7,1.6,0.6,0.0,0.1,0.0,7.7,28.5,14.0,42.0,29.0,29.0,12.0,41,38,43,42,40,59,62,57,58,60,43,43,否,否,否,否,否,否,否,否,否,否,否,否,否,否,否,否,否,否,43,41,43,1.750,4.163,0.838,0.000,12.239,1.298,0.432,1.524,35.0,30.0,64.0,64.0,0,0.2,0.3,0.0,0.0,0.0,13.9,53.5,41.3,11.6,3.3,1.2,0.0,0.1,0.0,72.2,5.4,84.8,98.6,99.8,1066.7,10.67,15,15,15,35,74,374,1,2,是,否,否,否,否,否,否,否,否,否,是,否,否,否,否,否,否,否,否,否,否,否,否,否,否,否,否,否,否,否,否,否,否,否,否,否,否,41.0,40,40,48,97.0,100.0,否,否,24292,21074,0.0,2.5,2.5,0.000,0.115,5604,1949,44,0.000,100.0,1066.0,0.0,0.0,0.0,0.0,0.0,0.0,0.0,317,否,否,否,否,否,否,7.315,22.989,55.7,-11.880,25.2,116.1,7.2,60.6,0.7,0.7,0.7,0.7,7.2,60.3,0.7,0.7,0.7,0.7,139.66,1360.20,14.29,14.02,1532.07,1532.07,0.32,139.37,139.29,0.38,232.42,0,0,0.0,0.0,0,0.000,
17.9.2026,23:1:25.789,6073,33438,15.3,5826,10356,36.0,0.0,23329,0,0.801,0.792,0.760,0.750,0.902,0.963,0.691,1625.0,1200.0,1200.0,1200.0,2900.0,100.0,3599.9,198.0,657.7,528.9,293.3,80.7,22.3,0.2,0.8,0.2,198.0,15.0,49.2,37.6,24.3,6.5,2.4,0.0,0.0,0.0,49.2,15.0,100.0,8.2,27.2,21.8,12.1,3.3,0.9,0.0,0.0,0.0,8.2,16.2,12.0,12.0,12.0,29.0,36.0,41,40,42,41,40,59,60,58,59,60,43,42,否,否,否,否,否,否,否,否,否,否,否,否,否,否,否,否,否,否,44,44,43,1.000,3.778,0.805,0.000,11.492,1.288,0.428,1.186,35.0,30.0,64.0,64.0,0,0.5,0.6,0.0,0.0,0.0,14.9,49.5,37.6,24.2,6.2,1.8,0.0,0.1,0.0,71.0,16.4,69.9,98.0,99.9,1066.7,10.67,15,15,15,35,74,374,1,2,是,否,否,否,否,否,否,否,否,否,是,否,否,否,否,否,否,否,否,否,否,否,否,否,否,否,否,否,否,否,否,否,否,否,否,否,否,41.0,40,40,47,97.0,100.0,否,否,24292,21074,0.0,1.6,1.6,0.000,0.112,5604,1949,43,0.000,100.0,1066.0,0.0,0.0,0.0,0.0,0.0,0.0,0.0,317,否,否,否,否,否,否,7.371,22.989,55.7,-12.044,25.2,114.5,7.2,60.6,0.7,0.7,0.7,0.7,7.2,60.3,0.7,0.7,0.7,0.7,139.66,1360.20,14.29,14.02,1532.07,1532.07,0.32,139.37,139.29,0.38,232.42,0,0,0.0,0.0,0,0.000,
17.9.2026,23:1:27.785,6074,33437,15.3,5816,10367,35.9,0.0,23329,0,0.761,0.790,0.760,0.747,0.745,0.698,0.691,1200.0,1200.0,1200.0,1200.0,1200.0,100.0,1200.0,187.8,680.6,567.7,167.2,51.0,34.0,0.4,1.1,0.7,187.8,14.0,50.7,41.9,12.2,3.4,3.5,0.0,0.1,0.1,50.7,14.0,100.0,7.7,28.1,23.4,6.9,2.1,1.4,0.0,0.0,0.0,7.7,12.0,12.0,12.0,12.0,12.0,12.0,41,39,41,44,40,59,61,59,56,60,44,44,否,否,否,否,否,否,否,否,否,否,否,否,否,否,否,否,否,否,43,43,42,0.250,4.118,0.812,0.001,12.284,1.297,0.430,1.508,35.0,30.0,64.0,64.0,0,0.6,0.6,0.0,0.0,0.0,14.3,51.6,42.3,13.1,4.1,2.9,0.0,0.1,0.1,71.5,5.5,83.7,97.0,99.9,1066.7,10.67,15,15,15,35,74,374,1,2,是,否,否,否,否,否,否,否,否,否,是,否,否,否,否,否,否,否,否,否,否,否,否,否,否,否,否,否,否,否,否,否,否,否,否,否,否,42.0,40,40,48,97.0,100.0,否,否,24292,21074,0.0,1.8,1.8,0.000,1.038,5604,1951,43,0.000,100.0,1066.0,0.0,0.0,0.0,0.0,0.0,0.0,0.0,317,否,否,否,否,否,否,7.309,22.981,55.6,-11.979,25.2,115.1,7.2,60.6,0.7,0.7,0.7,0.7,7.2,60.3,0.7,0.7,0.7,0.7,139.66,1360.20,14.29,14.02,1532.07,1532.07,0.32,139.37,139.29,0.38,232.42,0,0,0.0,0.0,0,0.000,
17.9.2026,23:1:29.794,6077,33435,15.3,5810,10372,35.9,0.0,23329,0,0.761,0.787,0.760,0.747,0.747,0.711,0.691,1200.0,1200.0,1200.0,1200.0,1200.0,100.0,1400.0,192.1,769.7,649.7,102.6,10.0,2.9,0.2,1.1,0.2,192.1,14.7,57.4,44.7,8.8,1.5,0.2,1.5,1.6,1.5,57.4,14.7,100.0,7.9,31.9,26.8,4.2,0.4,0.1,0.0,0.0,0.0,7.9,12.0,12.0,12.0,12.0,12.0,14.0,41,42,41,42,39,59,58,59,58,61,43,42,否,否,否,否,否,否,否,否,否,否,否,否,否,否,否,否,否,否,43,43,43,0.250,4.302,0.904,0.000,12.551,1.306,0.452,1.582,35.0,30.0,64.0,64.0,0,0.3,0.2,0.0,0.0,0.0,14.0,57.5,45.2,8.4,0.8,0.2,0.0,0.1,0.0,72.9,1.1,91.1,99.7,99.9,1066.7,10.67,15,15,15,35,74,374,1,2,是,否,否,否,否,否,否,否,否,否,是,否,否,否,否,否,否,否,否,否,否,否,否,否,否,否,否,否,否,否,否,否,否,否,否,否,否,41.0,40,40,49,97.0,100.0,否,否,24292,21074,0.0,1.1,1.1,0.000,0.132,5604,1951,43,0.001,100.0,1066.0,0.0,0.0,0.0,0.0,0.0,0.0,0.0,317,否,否,否,否,否,否,7.337,22.973,55.6,-12.223,25.2,112.8,7.2,60.6,0.7,0.7,0.7,0.7,7.2,60.3,0.7,0.7,0.7,0.7,139.66,1360.20,14.29,14.02,1532.07,1532.07,0.32,139.37,139.29,0.38,232.42,0,0,0.0,0.0,0,0.000,
17.9.2026,23:1:31.807,6074,33438,15.3,5809,10374,35.8,0.0,23329,0,0.795,0.910,0.777,0.747,0.745,0.833,0.691,1725.0,3000.0,1500.0,1200.0,1200.0,100.0,2800.0,187.8,628.2,604.5,251.4,6.4,9.6,0.1,1.9,0.1,187.8,13.8,46.0,43.6,20.3,0.3,0.0,0.0,0.0,0.0,46.0,13.8,100.0,7.8,26.0,25.0,10.4,0.2,0.4,0.0,0.1,0.0,7.8,17.2,30.0,15.0,12.0,12.0,28.0,41,39,41,43,40,59,61,59,57,60,42,43,否,否,否,否,否,否,否,否,否,否,否,否,否,否,否,否,否,否,43,43,42,0.750,3.921,0.830,0.000,11.690,1.290,0.433,1.299,35.0,30.0,64.0,64.0,0,0.1,0.1,0.0,0.0,0.0,14.1,46.6,44.2,20.5,0.5,0.8,0.0,0.2,0.0,71.7,9.2,78.9,99.1,99.8,1066.7,10.67,15,15,15,35,74,374,1,2,是,否,否,否,否,否,否,否,否,否,是,否,否,否,否,否,否,否,否,否,否,否,否,否,否,否,否,否,否,否,否,否,否,否,否,否,否,42.0,40,40,49,97.0,100.0,否,否,24292,21074,0.0,1.5,1.5,0.000,0.204,5604,1952,42,0.000,100.0,1066.0,0.0,0.0,0.0,0.0,0.0,0.0,0.0,317,否,否,否,否,否,否,7.335,22.966,55.6,-12.169,25.2,113.2,7.2,60.6,0.7,0.7,0.7,0.7,7.2,60.3,0.7,0.7,0.7,0.7,139.66,1360.20,14.29,14.02,1532.07,1532.07,0.32,139.37,139.29,0.38,232.42,0,0,0.0,0.0,0,0.000,
17.9.2026,23:1:33.827,6076,33436,15.3,5817,10365,35.9,0.0,23329,0,0.799,0.790,0.762,0.897,0.747,0.703,0.691,1625.0,1200.0,1200.0,2900.0,1200.0,100.0,1300.0,185.4,583.7,587.0,222.2,54.5,34.5,0.4,0.8,0.3,185.4,15.6,43.5,41.9,17.2,3.5,14.0,0.0,5.0,0.0,43.5,15.6,100.0,7.6,24.0,24.2,9.1,2.3,1.4,0.0,0.0,0.0,7.6,16.2,12.0,12.0,29.0,12.0,13.0,41,42,41,42,40,59,58,59,58,60,43,42,否,否,否,否,否,否,否,否,否,否,否,否,否,否,否,否,否,否,43,42,43,0.250,4.001,0.796,0.000,11.991,1.284,0.393,1.430,35.0,30.0,64.0,64.0,0,0.5,0.4,0.0,0.0,0.0,14.0,44.2,42.5,17.7,4.5,2.8,0.0,0.1,0.0,72.0,13.4,77.9,97.0,99.9,1066.7,10.67,15,15,15,35,74,374,1,2,是,否,否,否,否,否,否,否,否,否,是,否,否,否,否,否,否,否,否,否,否,否,否,否,否,否,否,否,否,否,否,否,否,否,否,否,否,41.0,40,40,48,97.0,100.0,否,否,24292,21074,0.0,1.7,1.7,0.000,0.092,5604,1952,44,0.000,100.0,1066.0,0.0,0.0,0.0,0.0,0.0,0.0,0.0,317,否,否,否,否,否,否,7.345,22.966,55.6,-12.259,25.2,112.4,7.2,60.6,0.7,0.7,0.7,0.7,7.2,60.3,0.7,0.7,0.7,0.7,139.66,1360.20,14.29,14.02,1532.07,1532.07,0.32,139.37,139.29,0.38,232.42,0,0,0.0,0.0,0,0.000,
17.9.2026,23:1:35.824,6072,33439,15.3,5812,10370,35.9,0.0,23329,0,0.806,0.807,0.920,0.747,0.747,0.843,0.691,1700.0,1500.0,2900.0,1200.0,1200.0,100.0,2900.0,181.7,338.2,405.3,634.6,34.9,26.5,0.6,13.4,0.2,181.7,14.4,25.2,30.6,52.5,3.3,1.8,0.0,0.8,0.5,52.5,14.4,100.0,7.5,13.7,16.7,26.3,1.4,1.0,0.0,0.5,0.0,7.5,17.0,15.0,29.0,12.0,12.0,29.0,41,40,41,42,40,59,60,59,58,60,44,42,否,否,否,否,否,否,否,否,否,否,否,否,否,否,否,否,否,否,43,43,43,0.250,2.829,0.505,0.000,9.474,1.238,0.341,0.609,35.0,30.0,64.0,64.0,0,0.1,0.4,0.0,0.0,0.0,14.6,26.2,31.2,53.0,2.9,2.2,0.0,1.1,0.0,71.6,45.7,44.5,97.5,98.8,1066.7,10.67,15,15,15,35,74,374,1,2,是,否,否,否,否,否,否,否,否,否,是,否,否,否,否,否,否,否,否,否,否,否,否,否,否,否,否,否,否,否,否,否,否,否,否,否,否,41.0,40,40,46,97.0,100.0,否,否,24292,21074,0.0,1.0,1.0,0.000,0.024,5604,1952,42,0.000,100.0,1066.0,0.0,0.0,0.0,0.0,0.0,0.0,0.0,317,否,否,否,否,否,否,7.389,22.958,55.6,-12.162,25.2,113.2,7.2,60.6,0.7,0.7,0.7,0.7,7.2,60.3,0.7,0.7,0.7,0.7,139.66,1360.20,14.29,14.02,1532.07,1532.07,0.32,139.37,139.29,0.38,232.42,0,0,0.0,0.0,0,0.000,
17.9.2026,23:1:37.828,6071,33441,15.3,5808,10374,35.8,0.0,23329,0,0.806,0.807,0.920,0.747,0.747,0.703,0.691,1700.0,1500.0,2900.0,1200.0,1200.0,100.0,1300.0,189.5,530.8,527.7,375.7,64.2,8.9,0.2,8.0,0.2,189.5,14.5,37.9,38.6,30.8,5.1,1.0,0.4,2.5,0.0,38.6,14.5,100.0,7.7,21.7,21.7,15.4,2.4,0.4,0.0,0.3,0.0,7.7,17.0,15.0,29.0,12.0,12.0,13.0,42,42,43,42,41,58,58,57,58,59,43,43,否,否,否,否,否,否,否,否,否,否,否,否,否,否,否,否,否,否,43,42,43,5.250,4.082,0.718,0.000,12.187,1.285,0.389,1.586,35.0,30.0,64.0,64.0,0,0.6,0.4,0.0,0.0,0.0,14.4,38.5,38.8,31.2,5.1,0.7,0.0,0.7,0.0,72.5,27.9,63.9,99.1,99.3,1066.7,10.67,15,15,15,35,74,374,1,2,否,否,否,否,否,否,否,否,否,否,否,否,否,否,否,否,否,否,否,否,否,否,否,否,否,否,否,否,否,否,否,否,否,否,否,否,否,41.0,40,40,48,97.0,100.0,否,否,24292,21074,0.0,1.1,1.1,0.000,0.211,5604,1952,44,0.000,100.0,1066.0,0.0,0.0,0.0,0.0,0.0,0.0,0.0,317,否,否,否,否,否,否,7.361,22.951,55.6,-12.057,25.2,114.2,7.2,60.6,0.7,0.7,0.7,0.7,7.2,60.3,0.7,0.7,0.7,0.7,139.66,1360.20,14.29,14.02,1532.07,1532.07,0.32,139.37,139.29,0.38,232.42,0,0,0.0,0.0,0,0.000,
17.9.2026,23:1:39.842,6076,33436,15.3,5812,10371,35.9,0.0,23329,0,0.759,0.787,0.760,0.745,0.745,0.871,0.691,1200.0,1200.0,1200.0,1200.0,1200.0,100.0,3100.0,196.7,637.6,710.6,179.0,29.4,15.2,0.5,0.9,0.2,196.7,13.7,44.2,48.6,14.3,1.3,0.8,0.0,0.0,0.4,48.6,13.7,100.0,8.1,26.3,29.4,7.4,1.4,0.6,0.0,0.0,0.0,8.1,12.0,12.0,12.0,12.0,12.0,31.0,42,42,41,43,40,58,58,59,57,60,43,43,否,否,否,否,否,否,否,否,否,否,否,否,否,否,否,否,否,否,42,42,42,0.750,4.738,0.985,0.000,13.371,1.304,0.410,1.950,35.0,30.0,64.0,64.0,0,0.3,0.1,0.0,0.0,0.0,14.1,45.1,49.3,15.0,2.3,1.2,0.0,0.1,0.0,71.2,3.6,82.7,98.5,99.9,1066.7,10.67,15,15,15,35,74,374,1,2,是,否,否,否,否,否,否,否,否,否,是,否,否,否,否,否,否,否,否,否,否,否,否,否,否,否,否,否,否,否,否,否,否,否,否,否,否,41.0,40,40,51,97.0,100.0,否,否,24292,21074,0.0,0.3,0.3,0.000,0.284,5604,1953,43,0.000,100.0,1066.0,0.0,0.0,0.0,0.0,0.0,0.0,0.0,317,否,否,否,否,否,否,7.301,22.943,55.5,-12.083,25.2,113.9,7.2,60.6,0.7,0.7,0.7,0.7,7.2,60.3,0.7,0.7,0.7,0.7,139.66,1360.20,14.29,14.02,1532.07,1532.07,0.32,139.37,139.29,0.38,232.42,0,0,0.0,0.0,0,0.000,
17.9.2026,23:1:41.852,6076,33436,15.3,5810,10372,35.9,0.0,23329,0,0.802,0.790,0.780,0.747,0.890,0.703,0.691,1700.0,1200.0,1500.0,1200.0,2900.0,100.0,1300.0,195.3,605.3,636.2,221.7,75.4,4.6,1.0,18.2,0.2,195.3,14.3,42.2,43.2,18.3,6.9,0.9,0.7,2.1,0.0,43.2,14.3,100.0,8.0,24.8,26.3,9.0,3.0,0.2,0.0,0.8,0.0,8.0,17.0,12.0,15.0,12.0,29.0,13.0,42,42,42,42,40,58,58,58,58,60,43,42,否,否,否,否,否,否,否,否,否,否,否,否,否,否,否,否,否,否,43,43,43,0.250,4.763,0.993,0.000,13.366,1.316,0.415,1.952,35.0,30.0,64.0,64.0,0,0.4,0.3,0.0,0.0,0.0,14.1,43.0,43.8,18.3,5.8,0.4,0.1,1.5,0.0,71.1,10.9,75.7,99.4,98.4,1066.7,10.67,15,15,15,35,74,374,1,2,是,否,否,否,否,否,否,否,否,否,是,否,否,否,否,否,否,否,否,否,否,否,否,否,否,否,否,否,否,否,否,否,否,否,否,否,否,41.0,40,40,51,97.0,100.0,否,否,24292,21074,0.0,0.2,0.2,0.000,0.233,5604,1953,42,0.000,100.0,1066.0,0.0,0.0,0.0,0.0,0.0,0.0,0.0,317,否,否,否,否,否,否,7.292,22.935,55.5,-12.309,25.2,111.8,7.2,60.6,0.7,0.7,0.7,0.7,7.2,60.3,0.7,0.7,0.7,0.7,139.66,1360.20,14.29,14.02,1532.07,1532.07,0.32,139.37,139.29,0.38,232.42,0,0,0.0,0.0,0,0.000,
17.9.2026,23:1:43.849,6076,33436,15.3,5812,10370,35.9,0.0,23329,0,0.759,0.787,0.760,0.745,0.745,0.683,0.691,1200.0,1200.0,1200.0,1200.0,1200.0,100.0,1000.0,197.3,608.9,735.5,150.2,71.2,10.4,0.3,1.5,0.2,197.3,13.8,41.7,51.9,11.5,3.8,0.2,0.0,1.1,0.0,51.9,13.8,100.0,8.1,25.1,30.5,6.1,3.0,0.4,0.0,0.0,0.0,8.1,12.0,12.0,12.0,12.0,12.0,10.0,42,42,41,43,41,58,58,59,57,59,43,43,否,否,否,否,否,否,否,否,否,否,否,否,否,否,否,否,否,否,43,43,43,0.250,4.778,1.018,0.000,13.395,1.310,0.408,1.951,35.0,30.0,64.0,64.0,0,0.2,0.1,0.0,0.0,0.0,14.2,42.1,52.1,12.4,5.8,0.8,0.0,0.1,0.0,71.0,3.4,81.7,98.9,99.8,1066.7,10.67,15,15,15,35,74,374,1,2,是,否,否,否,否,否,否,否,否,否,是,否,否,否,否,否,否,否,否,否,否,否,否,否,否,否,否,否,否,否,否,否,否,否,否,否,否,42.0,40,40,52,97.0,100.0,否,否,24293,21074,0.0,0.4,0.4,0.000,0.818,5604,1955,43,0.000,100.0,1066.0,0.0,0.0,0.0,0.0,0.0,0.0,0.0,317,否,否,否,否,否,否,7.300,22.928,55.5,-12.520,25.2,109.9,7.2,60.6,0.7,0.7,0.7,0.7,7.2,60.3,0.7,0.7,0.7,0.7,139.66,1360.20,14.29,14.02,1532.07,1532.07,0.32,139.37,139.29,0.38,232.42,0,0,0.0,0.0,0,0.000,
17.9.2026,23:1:45.841,6078,33433,15.3,5815,10368,35.9,0.0,23329,0,0.760,0.787,0.760,0.747,0.745,0.686,0.691,1200.0,1200.0,1200.0,1200.0,1200.0,100.0,1000.0,207.7,626.8,740.6,154.5,56.0,34.6,14.3,22.9,11.6,207.7,14.8,43.0,51.6,12.1,5.6,2.0,1.3,1.5,1.3,51.6,14.8,100.0,8.5,25.8,30.7,6.2,2.3,1.4,0.6,0.9,0.5,8.5,12.0,12.0,12.0,12.0,12.0,10.0,42,43,41,43,40,58,57,59,57,60,43,43,否,否,否,否,否,否,否,否,否,否,否,否,否,否,否,否,否,否,43,43,43,0.250,4.814,1.047,0.000,13.444,1.312,0.419,1.951,35.0,30.0,64.0,64.0,0,0.5,0.4,0.0,0.0,0.0,14.9,43.9,52.1,12.8,4.6,2.4,0.8,1.8,0.9,71.1,7.1,82.5,96.9,97.9,1066.7,10.67,15,15,15,35,74,374,1,2,是,否,否,否,否,否,否,否,否,否,是,否,否,否,否,否,否,否,否,否,否,否,否,否,否,否,否,否,否,否,否,否,否,否,否,否,否,41.0,40,40,52,97.0,100.0,否,否,24293,21074,0.0,0.2,0.2,0.000,0.231,5604,1955,42,0.000,100.0,1066.0,0.0,0.0,0.0,0.0,0.0,0.0,0.0,317,否,否,否,否,否,否,7.294,22.920,55.5,-12.684,25.2,108.4,7.2,60.6,0.7,0.7,0.7,0.7,7.2,60.3,0.7,0.7,0.7,0.7,139.66,1360.20,14.29,14.02,1532.07,1532.07,0.32,139.37,139.29,0.38,232.42,0,0,0.0,0.0,0,0.000,
17.9.2026,23:1:47.849,6077,33434,15.3,5821,10362,35.9,0.0,23329,0,0.761,0.790,0.760,0.747,0.745,0.683,0.691,1200.0,1200.0,1200.0,1200.0,1200.0,100.0,1000.0,198.8,637.8,727.8,149.7,47.6,24.9,0.6,0.9,1.0,198.8,14.3,44.7,50.0,12.5,4.2,2.3,0.4,0.0,0.0,50.0,14.3,100.0,8.2,26.3,30.1,6.0,2.0,1.0,0.0,0.0,0.0,8.2,12.0,12.0,12.0,12.0,12.0,10.0,41,40,41,42,41,59,60,59,58,59,43,42,否,否,否,否,否,否,否,否,否,否,否,否,否,否,否,否,否,否,43,43,43,0.250,4.798,1.025,0.000,13.438,1.318,0.420,1.951,35.0,30.0,64.0,64.0,0,0.2,0.1,0.0,0.0,0.0,14.3,45.0,50.3,12.6,3.9,2.0,0.1,0.1,0.1,71.4,5.0,83.0,97.8,99.8,1066.7,10.67,15,15,15,35,74,374,1,2,是,否,否,否,否,否,否,否,否,否,是,否,否,否,否,否,否,否,否,否,否,否,否,否,否,否,否,否,否,否,否,否,否,否,否,否,否,42.0,40,40,52,97.0,100.0,否,否,24293,21074,0.0,0.2,0.2,0.000,0.195,5604,1956,44,0.000,100.0,1066.0,0.0,0.0,0.0,0.0,0.0,0.0,0.0,317,否,否,否,否,否,否,7.292,22.920,55.5,-12.863,25.2,106.9,7.2,60.6,0.7,0.7,0.7,0.7,7.2,60.3,0.7,0.7,0.7,0.7,139.66,1360.20,14.29,14.02,1532.07,1532.07,0.32,139.37,139.29,0.38,232.42,0,0,0.0,0.0,0,0.000,
17.9.2026,23:1:49.849,6076,33435,15.3,5816,10366,35.9,0.0,23329,0,0.760,0.787,0.760,0.745,0.747,0.683,0.691,1200.0,1200.0,1200.0,1200.0,1200.0,100.0,1000.0,197.7,576.7,680.1,234.5,82.4,6.2,0.3,1.2,0.2,197.7,14.0,38.8,47.6,18.5,6.3,0.2,0.0,0.0,0.5,47.6,14.0,100.0,8.1,23.6,28.1,9.6,3.4,0.2,0.0,0.0,0.0,8.1,12.0,12.0,12.0,12.0,12.0,10.0,42,42,41,43,40,58,58,59,57,60,43,43,否,否,否,否,否,否,否,否,否,否,否,否,否,否,否,否,否,否,43,43,43,0.250,4.664,0.968,0.000,13.255,1.309,0.407,1.888,35.0,30.0,64.0,64.0,0,0.4,0.3,0.0,0.0,0.0,14.3,39.7,48.1,19.2,6.7,0.5,0.0,0.1,0.0,72.1,14.3,74.8,99.3,99.8,1066.7,10.67,15,15,15,35,74,374,1,2,是,否,否,否,否,否,否,否,否,否,是,否,否,否,否,否,否,否,否,否,否,否,否,否,否,否,否,否,否,否,否,否,否,否,否,否,否,43.0,40,40,53,97.0,100.0,否,否,24293,21074,0.0,0.4,0.4,0.000,0.251,5604,1956,42,0.000,100.0,1066.0,0.0,0.0,0.0,0.0,0.0,0.0,0.0,317,否,否,否,否,否,否,7.297,22.912,55.5,-13.011,25.2,105.7,7.2,60.6,0.7,0.7,0.7,0.7,7.2,60.3,0.7,0.7,0.7,0.7,139.66,1360.20,14.29,14.02,1532.07,1532.07,0.32,139.37,139.29,0.38,232.42,0,0,0.0,0.0,0,0.000,
17.9.2026,23:1:51.847,6078,33433,15.3,5814,10368,35.9,0.0,23329,0,0.762,0.790,0.760,0.755,0.745,0.703,0.691,1250.0,1200.0,1200.0,1400.0,1200.0,100.0,1300.0,183.3,416.8,410.0,538.9,65.1,32.9,0.6,1.5,0.2,183.3,14.3,30.7,29.8,44.6,5.7,3.1,0.0,0.5,0.0,44.6,14.3,100.0,7.5,17.0,16.9,22.3,2.7,1.3,0.0,0.1,0.0,7.5,12.5,12.0,12.0,14.0,12.0,13.0,42,43,41,43,40,58,57,59,57,60,43,43,否,否,否,否,否,否,否,否,否,否,否,否,否,否,否,否,否,否,44,44,44,0.250,3.337,0.641,0.000,10.811,1.260,0.351,0.954,35.0,30.0,64.0,64.0,0,0.4,0.4,0.0,0.0,0.0,14.3,31.2,30.0,44.8,5.4,2.8,0.0,0.1,0.0,71.9,40.9,49.8,96.9,99.8,1600.0,16.00,22,22,22,52,74,560,1,2,是,否,否,否,否,否,否,否,否,否,是,否,否,否,否,否,否,否,否,否,否,否,否,否,否,否,否,否,否,否,否,否,否,否,否,否,否,42.0,40,40,50,97.0,100.0,否,否,24293,21074,0.0,0.6,0.6,0.000,0.059,5604,1956,43,0.000,100.0,1066.0,0.0,0.0,0.0,0.0,0.0,0.0,0.0,317,否,否,否,否,否,否,7.383,22.905,55.4,-13.164,25.2,104.4,7.2,60.6,0.7,0.7,0.7,0.7,7.2,60.3,0.7,0.7,0.7,0.7,139.66,1360.20,14.29,14.02,1532.07,1532.07,0.32,139.37,139.29,0.38,232.42,0,0,0.0,0.0,0,0.000,
17.9.2026,23:1:53.851,6074,33438,15.3,5822,10360,35.9,0.0,23329,0,0.761,0.792,0.757,0.747,0.745,0.686,0.691,1200.0,1200.0,1200.0,1200.0,1200.0,100.0,1000.0,197.1,580.9,652.1,238.2,59.1,43.8,0.7,1.5,0.2,197.1,14.3,40.9,45.3,18.9,4.4,3.2,0.5,0.6,0.5,45.3,14.3,100.0,8.1,23.9,27.0,9.8,2.4,1.8,0.0,0.1,0.0,8.1,12.0,12.0,12.0,12.0,12.0,10.0,41,38,43,43,41,59,62,57,57,59,44,43,否,否,否,否,否,否,否,否,否,否,否,否,否,否,否,否,否,否,42,42,42,0.250,4.387,0.913,0.000,12.672,1.298,0.388,1.680,35.0,30.0,64.0,64.0,0,0.2,0.2,0.0,0.0,0.0,14.5,41.7,45.9,19.7,4.8,3.6,0.0,0.1,0.0,72.1,16.3,76.1,96.1,99.8,1066.7,10.67,15,15,15,35,74,374,1,2,是,否,否,否,否,否,否,否,否,否,是,否,否,否,否,否,否,否,否,否,否,否,否,否,否,否,否,否,否,否,否,否,否,否,否,否,否,41.0,40,40,51,97.0,100.0,否,否,24293,21074,0.0,1.6,1.6,0.000,0.226,5604,1957,43,0.000,100.0,1599.0,0.0,0.0,0.0,0.0,0.0,0.0,0.0,317,否,否,否,否,否,否,7.294,22.897,55.4,-12.888,25.2,106.6,7.2,60.6,0.7,0.7,0.7,0.7,7.2,60.3,0.7,0.7,0.7,0.7,139.66,1360.20,14.29,14.02,1532.07,1532.07,0.32,139.37,139.29,0.38,232.42,0,0,0.0,0.0,0,0.000,
17.9.2026,23:1:55.853,6074,33438,15.3,5806,10377,35.8,0.0,23329,0,0.839,1.100,0.760,0.747,0.747,0.946,0.733,1950.0,4199.9,1200.0,1200.0,1200.0,100.0,3499.9,189.2,557.9,535.8,323.3,65.0,27.3,0.4,3.4,0.2,189.2,14.0,40.7,37.1,26.7,5.7,1.9,0.0,0.0,0.0,40.7,14.0,100.0,7.8,22.8,22.1,13.3,2.7,1.1,0.0,0.1,0.0,7.8,19.5,42.0,12.0,12.0,12.0,35.0,42,43,42,42,41,58,57,58,58,59,43,43,否,否,否,否,否,否,否,否,否,否,否,否,否,否,否,否,否,否,44,42,44,0.250,4.071,0.779,0.000,12.078,1.287,0.374,1.516,35.0,30.0,64.0,64.0,0,0.8,0.8,0.0,0.0,0.0,14.2,41.2,37.3,26.8,5.3,2.3,0.0,0.3,0.0,72.0,23.3,67.5,97.5,99.7,1066.7,10.67,15,15,15,35,74,374,1,2,是,否,否,否,否,否,否,否,否,否,是,否,否,否,否,否,否,否,否,否,否,否,否,否,否,否,否,否,否,否,否,否,否,否,否,否,否,41.0,40,40,49,97.0,100.0,否,否,24293,21074,0.0,1.1,1.1,0.000,0.104,5604,1957,42,0.000,100.0,1066.0,0.0,0.0,0.0,0.0,0.0,0.0,0.0,317,否,否,否,否,否,否,7.359,22.889,55.4,-13.011,25.2,105.5,7.2,60.6,0.7,0.7,0.7,0.7,7.2,60.3,0.7,0.7,0.7,0.7,139.66,1360.20,14.29,14.02,1532.07,1532.07,0.32,139.37,139.29,0.38,232.42,0,0,0.0,0.0,0,0.000,
17.9.2026,23:1:57.854,6080,33432,15.3,5821,10361,35.9,0.0,23329,0,0.764,0.790,0.760,0.762,0.745,0.711,0.691,1275.0,1200.0,1200.0,1500.0,1200.0,100.0,1400.0,181.9,365.1,401.3,617.2,55.9,6.3,1.2,7.7,0.6,181.9,14.2,27.0,30.1,51.0,4.3,1.0,0.0,0.4,0.0,51.0,14.2,100.0,7.5,14.8,16.5,25.6,2.3,0.2,0.0,0.3,0.0,7.5,12.8,12.0,12.0,15.0,12.0,14.0,41,40,41,41,41,59,60,59,59,59,43,41,否,否,否,否,否,否,否,否,否,否,否,否,否,否,否,否,否,否,43,43,42,0.250,2.957,0.526,0.000,9.849,1.248,0.315,0.712,35.0,30.0,64.0,64.0,0,0.0,0.0,0.0,0.0,0.0,14.5,28.0,30.7,51.4,4.6,0.5,0.1,0.7,0.1,72.1,45.2,44.7,99.2,99.2,1066.7,10.67,15,15,15,35,74,374,1,2,是,否,否,否,否,否,否,否,否,否,是,否,否,否,否,否,否,否,否,否,否,否,否,否,否,否,否,否,否,否,否,否,否,否,否,否,否,41.0,40,40,47,97.0,100.0,否,否,24293,21074,0.0,1.4,1.4,0.000,0.085,5604,1957,43,0.000,100.0,1066.0,0.0,0.0,0.0,0.0,0.0,0.0,0.0,317,否,否,否,否,否,否,7.381,22.882,55.4,-12.946,25.2,106.0,7.2,60.6,0.7,0.7,0.7,0.7,7.2,60.3,0.7,0.7,0.7,0.7,139.66,1360.20,14.29,14.02,1532.07,1532.07,0.32,139.37,139.29,0.38,232.42,0,0,0.0,0.0,0,0.000,
17.9.2026,23:1:59.867,6077,33435,15.3,5818,10365,35.9,0.0,23329,0,0.800,0.790,0.760,0.747,0.902,0.686,0.691,1625.0,1200.0,1200.0,1200.0,2900.0,100.0,1000.0,186.2,474.5,509.5,438.3,53.4,13.1,0.2,0.7,0.2,186.2,13.7,34.0,35.5,35.9,3.1,0.5,0.3,0.0,0.3,35.9,13.7,100.0,7.6,19.4,21.0,18.1,2.2,0.5,0.0,0.0,0.0,7.6,16.2,12.0,12.0,12.0,29.0,10.0,41,42,41,42,39,59,58,59,58,61,44,42,否,否,否,否,否,否,否,否,否,否,否,否,否,否,否,否,否,否,43,43,43,0.250,4.023,0.751,0.000,12.075,1.284,0.354,1.500,35.0,30.0,64.0,64.0,0,0.5,0.4,0.0,0.0,0.0,14.2,35.1,36.3,36.6,4.4,1.1,0.0,0.0,0.0,71.4,28.6,58.6,98.5,99.9,1066.7,10.67,15,15,15,35,74,374,1,2,是,否,否,否,否,否,否,否,否,否,是,否,否,否,否,否,否,否,否,否,否,否,否,否,否,否,否,否,否,否,否,否,否,否,否,否,否,42.0,40,40,49,97.0,100.0,否,否,24293,21074,0.0,1.1,1.1,0.000,0.171,5604,1957,42,0.000,100.0,1066.0,0.0,0.0,0.0,0.0,0.0,0.0,0.0,317,否,否,否,否,否,否,7.325,22.882,55.4,-12.482,25.2,110.0,7.2,60.6,0.7,0.7,0.7,0.7,7.2,60.3,0.7,0.7,0.7,0.7,139.66,1360.20,14.29,14.02,1532.07,1532.07,0.32,139.37,139.29,0.38,232.42,0,0,0.0,0.0,0,0.000,
17.9.2026,23:2:1.873,6078,33433,15.3,5820,10362,35.9,0.0,23329,0,0.759,0.787,0.760,0.747,0.742,0.703,0.691,1200.0,1200.0,1200.0,1200.0,1200.0,100.0,1300.0,197.6,610.6,642.1,202.3,55.0,29.0,13.5,9.7,18.4,197.6,14.9,43.5,45.8,16.9,5.6,2.7,0.8,2.7,1.2,45.8,14.9,100.0,8.1,25.2,26.5,8.2,2.2,1.2,0.6,0.4,0.8,8.1,12.0,12.0,12.0,12.0,12.0,13.0,41,42,41,41,41,59,58,59,59,59,43,42,否,否,否,否,否,否,否,否,否,否,否,否,否,否,否,否,否,否,43,43,43,0.250,4.399,0.946,0.000,12.641,1.302,0.401,1.655,35.0,30.0,64.0,64.0,0,0.1,0.1,0.0,0.0,0.0,14.6,43.7,46.0,17.0,4.6,2.4,1.1,0.8,1.5,70.0,7.8,78.5,96.3,97.6,1066.7,10.67,15,15,15,35,74,374,1,2,是,否,否,否,否,否,否,否,否,否,是,否,否,否,否,否,否,否,否,否,否,否,否,否,否,否,否,否,否,否,否,否,否,否,否,否,否,41.0,40,40,49,97.0,100.0,否,否,24293,21074,0.0,0.6,0.6,0.000,0.120,5604,1958,43,0.000,100.0,1066.0,0.0,0.0,0.0,0.0,0.0,0.0,0.0,317,否,否,否,否,否,否,7.307,22.874,55.4,-12.605,25.2,108.9,7.2,60.6,0.7,0.7,0.7,0.7,7.2,60.3,0.7,0.7,0.7,0.7,139.66,1360.20,14.29,14.02,1532.07,1532.07,0.32,139.37,139.29,0.38,232.42,0,0,0.0,0.0,0,0.000,
17.9.2026,23:2:3.881,6081,33430,15.3,5818,10364,35.9,0.0,23329,0,0.800,0.790,0.760,0.747,0.902,0.686,0.688,1625.0,1200.0,1200.0,1200.0,2900.0,100.0,600.0,204.9,478.0,528.9,465.9,149.8,15.3,0.2,0.6,0.2,204.9,15.7,36.1,39.9,37.5,11.2,0.0,0.5,0.0,0.5,39.9,15.7,100.0,8.4,19.5,21.9,19.2,6.2,0.6,0.0,0.0,0.0,8.4,16.2,12.0,12.0,12.0,29.0,6.0,41,42,41,41,41,59,58,59,59,59,43,42,否,否,否,否,否,否,否,否,否,否,否,否,否,否,否,否,否,否,44,42,44,0.250,3.611,0.699,0.000,11.234,1.272,0.368,1.154,35.0,30.0,64.0,64.0,0,0.5,0.5,0.0,0.0,0.0,16.2,37.0,40.5,38.3,12.3,1.3,0.0,0.1,0.0,68.6,22.4,53.7,98.3,99.9,1066.7,10.67,15,15,15,35,74,374,1,2,是,否,否,否,否,否,否,否,否,否,是,否,否,否,否,否,否,否,否,否,否,否,否,否,否,否,否,否,否,否,否,否,否,否,否,否,否,41.0,40,40,48,97.0,100.0,否,否,24293,21074,0.0,2.6,2.6,0.000,0.159,5604,1958,43,0.000,100.0,1066.0,0.0,0.0,0.0,0.0,0.0,0.0,0.0,317,否,否,否,否,否,否,7.355,22.867,55.4,-12.643,25.2,108.5,7.2,60.6,0.7,0.7,0.7,0.7,7.2,60.3,0.7,0.7,0.7,0.7,139.66,1360.20,14.29,14.02,1532.07,1532.07,0.32,139.37,139.29,0.38,232.42,0,0,0.0,0.0,0,0.000,
17.9.2026,23:2:5.872,6079,33433,15.3,5824,10358,35.9,0.0,23329,0,0.800,0.790,0.760,0.747,0.902,0.703,0.691,1625.0,1200.0,1200.0,1200.0,2900.0,100.0,1300.0,191.8,571.0,606.9,281.6,51.4,17.6,2.6,3.2,0.2,191.8,14.8,41.0,43.1,23.0,5.0,5.9,0.3,0.3,0.0,43.1,14.8,100.0,7.9,23.4,25.0,11.5,2.1,0.7,0.1,0.1,0.0,7.9,16.2,12.0,12.0,12.0,29.0,13.0,41,42,41,42,40,59,58,59,58,60,44,42,否,否,否,否,否,否,否,否,否,否,否,否,否,否,否,否,否,否,44,42,44,0.250,4.379,0.840,0.000,12.735,1.311,0.436,1.726,35.0,30.0,64.0,64.0,0,0.7,0.6,0.0,0.0,0.0,14.4,41.7,43.6,23.4,4.3,1.5,0.2,0.2,0.0,71.2,15.2,71.8,98.2,99.7,1066.7,10.67,15,15,15,35,74,374,1,2,是,否,否,否,否,否,否,否,否,否,是,否,否,否,否,否,否,否,否,否,否,否,否,否,否,否,否,否,否,否,否,否,否,否,否,否,否,42.0,40,40,50,97.0,100.0,否,否,24293,21074,0.0,1.1,1.1,0.000,0.137,5604,1958,44,0.000,100.0,1066.0,0.0,0.0,0.0,0.0,0.0,0.0,0.0,317,否,否,否,否,否,否,7.307,22.859,55.3,-12.568,25.2,109.1,7.2,60.6,0.7,0.7,0.7,0.7,7.2,60.3,0.7,0.7,0.7,0.7,139.66,1360.20,14.29,14.02,1532.07,1532.07,0.32,139.37,139.29,0.38,232.42,0,0,0.0,0.0,0,0.000,
17.9.2026,23:2:7.879,6087,33424,15.4,5823,10360,35.9,0.0,23329,0,0.761,0.792,0.757,0.747,0.747,0.686,0.691,1200.0,1200.0,1200.0,1200.0,1200.0,100.0,1000.0,178.0,247.6,396.0,699.8,43.5,34.6,0.6,1.3,0.2,178.0,14.8,18.4,30.2,57.9,3.1,2.4,0.0,0.0,6.3,57.9,14.8,100.0,7.3,9.8,16.3,29.1,1.8,1.4,0.0,0.0,0.0,7.3,12.0,12.0,12.0,12.0,12.0,10.0,41,38,43,42,40,59,62,57,58,60,43,43,否,否,否,否,否,否,否,否,否,否,否,否,否,否,否,否,否,否,43,43,43,6.250,2.880,0.476,0.000,9.525,1.257,0.354,0.667,35.0,30.0,64.0,64.0,0,0.1,0.1,0.0,0.0,0.0,14.4,19.6,30.9,58.3,3.5,2.9,0.1,0.1,0.0,72.3,53.8,38.6,96.9,99.8,1066.7,10.67,15,15,15,35,74,374,1,2,否,否,否,否,否,否,否,否,否,否,否,否,否,否,否,否,否,否,否,否,否,否,否,否,否,否,否,否,否,否,否,否,否,否,否,否,否,42.0,40,40,48,97.0,100.0,否,否,24293,21074,0.0,0.9,0.9,0.000,0.057,5604,1958,43,0.000,100.0,1066.0,0.0,0.0,0.0,0.0,0.0,0.0,0.0,317,否,否,否,否,否,否,7.385,22.851,55.3,-12.687,25.2,108.1,7.2,60.6,0.7,0.7,0.7,0.7,7.2,60.3,0.7,0.7,0.7,0.7,139.66,1360.20,14.29,14.02,1532.07,1532.07,0.32,139.37,139.29,0.38,232.42,0,0,0.0,0.0,0,0.000,
17.9.2026,23:2:9.876,6085,33427,15.4,5819,10363,35.9,0.0,23329,0,0.761,0.790,0.760,0.747,0.745,0.706,0.691,1200.0,1200.0,1200.0,1200.0,1200.0,100.0,1300.0,196.9,620.2,699.6,156.9,58.1,38.1,0.3,2.2,0.2,196.9,14.1,43.3,48.6,12.7,4.8,2.5,0.3,0.0,0.3,48.6,14.1,100.0,8.1,25.5,28.9,6.4,2.4,1.6,0.0,0.1,0.0,8.1,12.0,12.0,12.0,12.0,12.0,13.0,41,40,43,42,40,59,60,57,58,60,43,43,否,否,否,否,否,否,否,否,否,否,否,否,否,否,否,否,否,否,43,43,42,0.250,4.840,1.070,0.000,13.444,1.316,0.414,1.952,35.0,30.0,64.0,64.0,0,0.3,0.2,0.0,0.0,0.0,14.1,43.8,48.9,12.8,4.6,2.2,0.0,0.2,0.0,71.6,7.0,82.1,97.6,99.8,1066.7,10.67,15,15,15,35,74,374,1,2,是,否,否,否,否,否,否,否,否,否,是,否,否,否,否,否,否,否,否,否,否,否,否,否,否,否,否,否,否,否,否,否,否,否,否,否,否,43.0,40,40,51,97.0,100.0,否,否,24293,21074,0.0,0.3,0.3,0.000,0.378,5604,1959,43,0.000,100.0,1066.0,0.0,0.0,0.0,0.0,0.0,0.0,0.0,317,否,否,否,否,否,否,7.294,22.851,55.3,-12.320,25.2,111.3,7.2,60.6,0.7,0.7,0.7,0.7,7.2,60.3,0.7,0.7,0.7,0.7,139.66,1360.20,14.29,14.02,1532.07,1532.07,0.32,139.37,139.29,0.38,232.42,0,0,0.0,0.0,0,0.000,
17.9.2026,23:2:11.875,6089,33423,15.4,5819,10363,35.9,0.0,23329,0,0.760,0.790,0.760,0.745,0.745,0.683,0.691,1200.0,1200.0,1200.0,1200.0,1200.0,100.0,600.0,189.8,565.0,595.5,316.2,33.3,5.6,1.3,1.0,0.7,189.8,13.8,40.1,42.4,25.9,1.3,0.5,0.0,0.2,0.0,42.4,13.8,100.0,7.8,23.1,24.6,13.0,1.3,0.2,0.0,0.0,0.0,7.8,12.0,12.0,12.0,12.0,12.0,6.0,42,43,41,42,40,58,57,59,58,60,44,43,否,否,否,否,否,否,否,否,否,否,否,否,否,否,否,否,否,否,43,42,43,0.250,4.330,0.780,0.000,12.662,1.305,0.408,1.746,35.0,30.0,64.0,64.0,0,0.6,0.5,0.0,0.0,0.0,14.2,40.9,42.8,26.3,2.8,0.4,0.1,0.1,0.0,71.8,17.8,70.3,99.3,99.9,1066.7,10.67,15,15,15,35,74,374,1,2,是,否,否,否,否,否,否,否,否,否,是,否,否,否,否,否,否,否,否,否,否,否,否,否,否,否,否,否,否,否,否,否,否,否,否,否,否,42.0,40,40,50,97.0,100.0,否,否,24293,21074,0.0,0.2,0.2,0.000,0.144,5604,1959,43,0.000,100.0,1066.0,0.0,0.0,0.0,0.0,0.0,0.0,0.0,317,否,否,否,否,否,否,7.309,22.844,55.3,-12.491,25.2,109.7,7.2,60.6,0.7,0.7,0.7,0.7,7.2,60.3,0.7,0.7,0.7,0.7,139.66,1360.20,14.29,14.02,1532.07,1532.07,0.32,139.37,139.29,0.38,232.42,0,0,0.0,0.0,0,0.000,
17.9.2026,23:2:13.885,6089,33423,15.4,5820,10362,35.9,0.0,23329,0,0.867,0.910,0.760,0.897,0.902,0.833,0.691,2500.0,3000.0,1200.0,2900.0,2900.0,100.0,2800.0,186.8,458.9,514.9,434.4,27.6,56.3,0.6,2.0,0.2,186.8,14.1,31.6,36.9,35.7,3.6,5.2,0.0,0.0,0.0,36.9,14.1,100.0,7.7,18.7,21.2,18.0,1.1,2.3,0.0,0.1,0.0,7.7,25.0,30.0,12.0,29.0,29.0,28.0,41,40,41,43,40,59,60,59,57,60,44,43,否,否,否,否,否,否,否,否,否,否,否,否,否,否,否,否,否,否,44,43,44,1.750,3.864,0.746,0.000,11.583,1.292,0.373,1.335,35.0,30.0,64.0,64.0,0,0.7,0.6,0.0,0.0,0.0,14.2,32.5,37.4,36.2,2.3,4.7,0.0,0.2,0.0,70.8,26.9,61.3,95.1,99.8,1066.7,10.67,15,15,15,35,74,374,1,2,是,否,否,否,否,否,否,否,否,否,是,否,否,否,否,否,否,否,否,否,否,否,否,否,否,否,否,否,否,否,否,否,否,否,否,否,否,42.0,40,40,48,97.0,100.0,否,否,24293,21074,0.0,1.1,1.1,0.000,0.167,5604,1960,43,0.000,100.0,1066.0,0.0,0.0,0.0,0.0,0.0,0.0,0.0,317,否,否,否,否,否,否,7.372,22.836,55.3,-12.650,25.2,108.3,7.2,60.6,0.7,0.7,0.7,0.7,7.2,60.3,0.7,0.7,0.7,0.7,139.66,1360.20,14.29,14.02,1532.07,1532.07,0.32,139.37,139.29,0.38,232.42,0,0,0.0,0.0,0,0.000,
17.9.2026,23:2:15.894,6084,33428,15.3,5826,10356,36.0,0.0,23329,0,0.852,1.025,0.780,0.855,0.747,0.946,0.691,2250.0,3699.9,1500.0,2600.0,1200.0,100.0,3499.9,190.0,518.8,531.2,346.8,116.4,4.9,0.8,1.2,0.2,190.0,14.1,37.1,37.8,27.3,9.2,0.0,0.6,0.6,0.6,37.8,14.1,100.0,7.8,21.2,21.9,14.3,4.8,0.2,0.0,0.0,0.0,7.8,22.5,37.0,15.0,26.0,12.0,35.0,42,42,43,42,39,58,58,57,58,61,43,43,否,否,否,否,否,否,否,否,否,否,否,否,否,否,否,否,否,否,44,43,44,1.750,4.272,0.809,0.000,12.424,1.305,0.401,1.660,35.0,30.0,64.0,64.0,0,0.6,0.6,0.0,0.0,0.0,14.3,38.0,38.5,27.9,9.6,0.4,0.0,0.1,0.0,72.3,26.6,63.6,99.3,99.9,1066.7,10.67,15,15,15,35,74,374,1,2,是,否,否,否,否,否,否,否,否,否,是,否,否,否,否,否,否,否,否,否,否,否,否,否,否,否,否,否,否,否,否,否,否,否,否,否,否,42.0,40,40,50,97.0,100.0,否,否,24293,21074,0.0,1.1,1.1,0.000,0.149,5604,1960,44,0.000,100.0,1066.0,0.0,0.0,0.0,0.0,0.0,0.0,0.0,317,否,否,否,否,否,否,7.291,22.828,55.3,-12.541,25.2,109.2,7.2,60.6,0.7,0.7,0.7,0.7,7.2,60.3,0.7,0.7,0.7,0.7,139.66,1360.20,14.29,14.02,1532.07,1532.07,0.32,139.37,139.29,0.38,232.42,0,0,0.0,0.0,0,0.000,
17.9.2026,23:2:17.894,6082,33430,15.3,5821,10362,35.9,0.0,23329,0,0.769,0.807,0.760,0.762,0.745,0.706,0.691,1350.0,1500.0,1200.0,1500.0,1200.0,100.0,1300.0,188.3,508.8,575.3,290.4,105.4,23.4,0.7,1.7,0.6,188.3,14.4,37.3,42.5,23.5,8.8,3.1,0.0,0.0,0.0,42.5,14.4,100.0,7.7,20.9,23.7,11.9,4.3,0.9,0.0,0.0,0.0,7.7,13.5,15.0,12.0,15.0,12.0,13.0,41,38,44,42,41,59,62,56,58,59,43,44,否,否,否,否,否,否,否,否,否,否,否,否,否,否,否,否,否,否,43,42,43,0.250,3.972,0.819,0.000,11.812,1.293,0.369,1.368,35.0,30.0,64.0,64.0,0,0.2,0.1,0.0,0.0,0.0,14.3,37.7,42.7,23.6,8.5,2.0,0.1,0.1,0.0,70.8,17.4,68.6,97.6,99.8,1066.7,10.67,15,15,15,35,74,374,1,2,是,否,否,否,否,否,否,否,否,否,是,否,否,否,否,否,否,否,否,否,否,否,否,否,否,否,否,否,否,否,否,否,否,否,否,否,否,41.0,40,40,50,97.0,100.0,否,否,24293,21074,0.0,0.2,0.2,0.000,0.163,5604,1960,43,0.000,100.0,1066.0,0.0,0.0,0.0,0.0,0.0,0.0,0.0,317,否,否,否,否,否,否,7.293,22.821,55.2,-12.617,25.2,108.5,7.2,60.6,0.7,0.7,0.7,0.7,7.2,60.3,0.7,0.7,0.7,0.7,139.66,1360.20,14.29,14.02,1532.07,1532.07,0.32,139.37,139.29,0.38,232.42,0,0,0.0,0.0,0,0.000,
17.9.2026,23:2:19.900,6080,33431,15.3,5817,10366,35.9,0.0,23329,0,0.813,0.795,0.805,0.750,0.902,0.686,0.691,1800.0,1200.0,1900.0,1200.0,2900.0,100.0,1000.0,185.5,445.4,444.7,428.4,123.7,38.6,0.2,2.4,0.2,185.5,14.1,32.4,33.1,35.1,9.3,1.6,0.0,1.0,0.0,35.1,14.1,100.0,7.6,18.1,18.3,17.7,5.1,1.6,0.0,0.1,0.0,7.6,18.0,12.0,19.0,12.0,29.0,10.0,41,38,42,42,41,59,62,58,58,59,43,42,否,否,否,否,否,否,否,否,否,否,否,否,否,否,否,否,否,否,43,43,43,0.250,3.862,0.668,0.000,11.638,1.293,0.387,1.408,35.0,30.0,64.0,64.0,0,0.7,0.7,0.0,0.0,0.0,14.4,33.3,33.6,35.5,9.4,3.3,0.0,0.2,0.0,71.7,33.8,56.7,96.5,99.8,1066.7,10.67,15,15,15,35,74,374,1,2,是,否,否,否,否,否,否,否,否,否,是,否,否,否,否,否,否,否,否,否,否,否,否,否,否,否,否,否,否,否,否,否,否,否,否,否,否,43.0,40,40,48,97.0,100.0,否,否,24293,21074,0.0,1.2,1.2,0.000,0.180,5604,1961,44,0.000,100.0,1066.0,0.0,0.0,0.0,0.0,0.0,0.0,0.0,317,否,否,否,否,否,否,7.316,22.813,55.2,-12.532,25.2,109.2,7.2,60.6,0.7,0.7,0.7,0.7,7.2,60.3,0.7,0.7,0.7,0.7,139.66,1360.20,14.29,14.02,1532.07,1532.07,0.32,139.37,139.29,0.38,232.42,0,0,0.0,0.0,0,0.000,
17.9.2026,23:2:21.905,6081,33431,15.3,5816,10366,35.9,0.0,23329,0,0.770,0.812,0.760,0.762,0.745,0.683,0.691,1375.0,1600.0,1200.0,1500.0,1200.0,100.0,1000.0,192.3,620.7,624.5,219.0,60.4,12.7,0.3,0.7,0.2,192.3,14.1,44.7,43.2,17.3,4.5,2.1,0.3,0.0,0.3,44.7,14.1,100.0,7.9,25.5,25.8,9.0,2.5,0.5,0.0,0.0,0.0,7.9,13.8,16.0,12.0,15.0,12.0,10.0,41,38,43,42,41,59,62,57,58,59,44,43,否,否,否,否,否,否,否,否,否,否,否,否,否,否,否,否,否,否,43,43,42,0.250,4.391,0.893,0.000,12.645,1.305,0.396,1.697,35.0,30.0,64.0,64.0,0,0.5,0.4,0.0,0.0,0.0,14.2,45.6,44.0,18.1,5.0,1.1,0.0,0.1,0.0,71.9,11.8,77.1,98.7,99.9,1066.7,10.67,15,15,15,35,74,374,1,2,是,否,否,否,否,否,否,否,否,否,是,否,否,否,否,否,否,否,否,否,否,否,否,否,否,否,否,否,否,否,否,否,否,否,否,否,否,41.0,40,40,51,97.0,100.0,否,否,24293,21074,0.0,0.6,0.6,0.000,0.151,5604,1961,44,0.000,100.0,1066.0,0.0,0.0,0.0,0.0,0.0,0.0,0.0,317,否,否,否,否,否,否,7.299,22.805,55.2,-12.467,25.2,109.8,7.2,60.6,0.7,0.7,0.7,0.7,7.2,60.3,0.7,0.7,0.7,0.7,139.66,1360.20,14.29,14.02,1532.07,1532.07,0.32,139.37,139.29,0.38,232.42,0,0,0.0,0.0,0,0.000,
17.9.2026,23:2:23.915,6081,33431,15.3,5814,10368,35.9,0.0,23329,0,0.760,0.790,0.760,0.747,0.742,0.696,0.731,1200.0,1200.0,1200.0,1200.0,1200.0,100.0,1200.0,191.6,586.5,623.0,292.7,21.3,4.5,3.1,1.6,0.2,191.6,14.0,41.7,43.7,24.3,1.9,0.7,0.0,0.0,0.0,43.7,14.0,100.0,7.9,24.1,25.7,12.0,0.8,0.2,0.1,0.1,0.0,7.9,12.0,12.0,12.0,12.0,12.0,12.0,42,40,41,43,42,58,60,59,57,58,43,43,否,否,否,否,否,否,否,否,否,否,否,否,否,否,否,否,否,否,44,44,43,8.500,4.400,0.862,0.000,12.733,1.298,0.390,1.745,35.0,30.0,64.0,64.0,0,0.6,0.5,0.0,0.0,0.0,14.1,42.1,44.0,24.4,1.7,0.3,0.2,0.1,0.0,71.3,12.6,73.4,99.3,99.8,1066.7,10.67,15,15,15,35,74,374,1,2,是,否,否,否,否,否,否,否,否,否,是,否,否,否,否,否,否,否,否,否,否,否,否,否,否,否,否,否,否,否,否,否,否,否,否,否,否,43.0,40,40,51,97.0,100.0,否,否,24293,21074,0.0,1.1,1.1,0.000,0.243,5604,1961,43,0.000,100.0,1066.0,0.0,0.0,0.0,0.0,0.0,0.0,0.0,317,否,否,否,否,否,否,7.306,22.798,55.2,-12.581,25.2,108.7,7.2,60.6,0.7,0.7,0.7,0.7,7.2,60.3,0.7,0.7,0.7,0.7,139.66,1360.20,14.29,14.02,1532.07,1532.07,0.32,139.37,139.29,0.38,232.42,0,0,0.0,0.0,0,0.000,
17.9.2026,23:2:25.933,6081,33430,15.3,5814,10368,35.9,0.0,23329,0,0.765,0.807,0.760,0.745,0.747,0.703,0.691,1275.0,1500.0,1200.0,1200.0,1200.0,100.0,1300.0,188.5,484.6,502.2,451.4,48.1,14.4,6.2,0.9,0.2,188.5,14.4,34.9,35.6,37.4,3.1,0.0,0.6,1.7,2.4,37.4,14.4,100.0,7.8,19.8,20.7,18.7,2.0,0.6,0.3,0.0,0.0,7.8,12.8,15.0,12.0,12.0,12.0,13.0,42,39,43,43,41,58,61,57,57,59,43,43,否,否,否,否,否,否,否,否,否,否,否,否,否,否,否,否,否,否,44,43,44,0.250,3.629,0.726,0.001,11.054,1.279,0.369,1.137,35.0,30.0,64.0,64.0,0,0.3,0.3,0.0,0.0,0.0,14.4,35.6,36.0,37.7,3.9,1.2,0.5,0.1,0.0,70.8,26.5,58.7,98.2,99.9,1066.7,10.67,15,15,15,35,74,374,1,2,是,否,否,否,否,否,否,否,否,否,是,否,否,否,否,否,否,否,否,否,否,否,否,否,否,否,否,否,否,否,否,否,否,否,否,否,否,41.0,40,40,48,97.0,100.0,否,否,24293,21074,0.0,0.8,0.8,0.000,0.090,5604,1962,44,0.000,100.0,1066.0,0.0,0.0,0.0,0.0,0.0,0.0,0.0,317,否,否,否,否,否,否,7.318,22.790,55.2,-12.580,25.2,108.7,7.2,60.6,0.7,0.7,0.7,0.7,7.2,60.3,0.7,0.7,0.7,0.7,139.66,1360.20,14.29,14.02,1532.07,1532.07,0.32,139.37,139.29,0.38,232.42,0,0,0.0,0.0,0,0.000,
17.9.2026,23:2:27.950,6087,33424,15.4,5823,10360,35.9,0.0,23329,0,0.761,0.790,0.760,0.747,0.745,0.703,0.691,1200.0,1200.0,1200.0,1200.0,1200.0,100.0,1300.0,193.1,580.0,597.7,315.1,30.9,17.2,0.2,3.3,0.2,193.1,14.3,40.0,41.0,25.8,3.1,2.7,0.6,1.6,0.0,41.0,14.3,100.0,7.9,23.8,24.7,13.0,1.2,0.7,0.0,0.1,0.0,7.9,12.0,12.0,12.0,12.0,12.0,13.0,42,42,42,42,40,58,58,58,58,60,44,42,否,否,否,否,否,否,否,否,否,否,否,否,否,否,否,否,否,否,44,44,42,0.250,4.319,0.897,0.000,12.429,1.308,0.397,1.617,35.0,30.0,64.0,64.0,0,0.5,0.4,0.0,0.0,0.0,14.1,40.8,41.6,26.3,2.6,1.4,0.0,0.2,0.0,71.0,15.1,70.8,98.4,99.7,1066.7,10.67,15,15,15,35,74,374,1,2,是,否,否,否,否,否,否,否,否,否,是,否,否,否,否,否,否,否,否,否,否,否,否,否,否,否,否,否,否,否,否,否,否,否,否,否,否,42.0,40,40,49,97.0,100.0,否,否,24293,21074,0.0,0.7,0.7,0.000,0.224,5604,1962,44,0.001,100.0,1066.0,0.0,0.0,0.0,0.0,0.0,0.0,0.0,317,否,否,否,否,否,否,7.301,22.782,55.2,-12.463,25.2,109.7,7.2,60.6,0.7,0.7,0.7,0.7,7.2,60.3,0.7,0.7,0.7,0.7,139.66,1360.20,14.29,14.02,1532.07,1532.07,0.32,139.37,139.29,0.38,232.42,0,0,0.0,0.0,0,0.000,
17.9.2026,23:2:29.945,6083,33429,15.3,5822,10360,35.9,0.0,23329,0,0.760,0.790,0.760,0.747,0.742,0.686,0.691,1200.0,1200.0,1200.0,1200.0,1200.0,100.0,1000.0,199.5,667.9,728.7,147.0,40.3,9.9,0.6,1.4,0.4,199.5,13.8,46.5,49.3,11.6,3.0,0.0,0.0,0.0,0.0,49.3,13.8,100.0,8.2,27.6,30.2,5.9,1.6,0.4,0.0,0.0,0.0,8.2,12.0,12.0,12.0,12.0,12.0,10.0,42,40,43,42,41,58,60,57,58,59,44,43,否,否,否,否,否,否,否,否,否,否,否,否,否,否,否,否,否,否,43,43,43,0.250,4.855,1.079,0.000,13.480,1.322,0.416,1.951,35.0,30.0,64.0,64.0,0,0.2,0.1,0.0,0.0,0.0,14.2,47.1,49.9,12.3,3.3,0.7,0.0,0.1,0.0,71.4,2.5,84.4,99.0,99.9,1066.7,10.67,15,15,15,35,74,374,1,2,是,否,否,否,否,否,否,否,否,否,是,否,否,否,否,否,否,否,否,否,否,否,否,否,否,否,否,否,否,否,否,否,否,否,否,否,否,42.0,40,40,52,97.0,100.0,否,否,24293,21074,0.0,0.2,0.2,0.000,0.325,5604,1963,43,0.000,100.0,1066.0,0.0,0.0,0.0,0.0,0.0,0.0,0.0,317,否,否,否,否,否,否,7.290,22.782,55.2,-12.655,25.2,108.0,7.2,60.6,0.7,0.7,0.7,0.7,7.2,60.3,0.7,0.7,0.7,0.7,139.66,1360.20,14.29,14.02,1532.07,1532.07,0.32,139.37,139.29,0.38,232.42,0,0,0.0,0.0,0,0.000,
17.9.2026,23:2:31.948,6088,33424,15.4,5825,10357,35.9,0.0,23329,0,0.764,0.790,0.760,0.747,0.760,0.703,0.691,1250.0,1200.0,1200.0,1200.0,1400.0,100.0,1300.0,191.7,569.0,532.3,377.8,42.9,10.2,0.2,1.0,0.2,191.7,13.9,39.9,37.1,30.8,3.1,0.0,0.0,0.0,0.0,39.9,13.9,100.0,7.9,23.3,21.9,15.6,1.7,0.4,0.0,0.0,0.0,7.9,12.5,12.0,12.0,12.0,14.0,13.0,42,42,41,44,41,58,58,59,56,59,43,44,否,否,否,否,否,否,否,否,否,否,否,否,否,否,否,否,否,否,43,43,43,0.250,4.318,0.793,0.001,12.613,1.312,0.424,1.712,35.0,30.0,64.0,64.0,0,0.8,0.8,0.0,0.0,0.0,14.3,40.9,37.3,31.5,3.5,0.8,0.0,0.1,0.0,72.2,25.4,64.6,98.9,99.8,1066.7,10.67,15,15,15,35,74,374,1,2,是,否,否,否,否,否,否,否,否,否,是,否,否,否,否,否,否,否,否,否,否,否,否,否,否,否,否,否,否,否,否,否,否,否,否,否,否,43.0,41,41,50,97.0,100.0,否,否,24293,21074,0.0,1.1,1.1,0.000,0.142,5604,1963,43,0.000,100.0,1066.0,0.0,0.0,0.0,0.0,0.0,0.0,0.0,317,否,否,否,否,否,否,7.295,22.775,55.1,-12.788,25.2,106.8,7.2,60.6,0.7,0.7,0.7,0.7,7.2,60.3,0.7,0.7,0.7,0.7,139.66,1360.20,14.29,14.02,1532.07,1532.07,0.32,139.37,139.29,0.38,232.42,0,0,0.0,0.0,0,0.000,
17.9.2026,23:2:33.947,6088,33424,15.4,5823,10359,35.9,0.0,23329,0,0.763,0.790,0.770,0.747,0.745,0.683,0.688,1250.0,1200.0,1400.0,1200.0,1200.0,100.0,600.0,184.0,393.9,433.2,555.7,55.1,27.3,0.4,5.4,0.5,184.0,14.5,28.6,31.9,45.8,4.5,3.8,0.2,1.3,0.2,45.8,14.5,100.0,7.6,16.0,17.8,23.0,2.2,1.1,0.0,0.2,0.0,7.6,12.5,12.0,14.0,12.0,12.0,6.0,42,43,42,42,39,58,57,58,58,61,44,43,否,否,否,否,否,否,否,否,否,否,否,否,否,否,否,否,否,否,43,43,43,0.250,3.431,0.603,0.001,10.832,1.268,0.350,1.078,35.0,30.0,64.0,64.0,0,0.4,0.4,0.0,0.0,0.0,14.4,29.3,32.8,46.1,4.5,2.2,0.0,0.5,0.0,71.8,40.2,50.0,97.5,99.5,1066.7,10.67,15,15,15,35,74,374,1,2,是,否,否,否,否,否,否,否,否,否,是,否,否,否,否,否,否,否,否,否,否,否,否,否,否,否,否,否,否,否,否,否,否,否,否,否,否,42.0,41,41,49,97.0,100.0,否,否,24293,21074,0.0,0.6,0.6,0.000,0.103,5604,1963,44,0.001,100.0,1066.0,0.0,0.0,0.0,0.0,0.0,0.0,0.0,317,否,否,否,否,否,否,7.383,22.767,55.1,-12.869,25.2,106.1,7.2,60.6,0.7,0.7,0.7,0.7,7.2,60.3,0.7,0.7,0.7,0.7,139.66,1360.20,14.29,14.02,1532.07,1532.07,0.32,139.37,139.29,0.38,232.42,0,0,0.0,0.0,0,0.000,
17.9.2026,23:2:35.957,6083,33429,15.3,5816,10366,35.9,0.0,23329,0,0.774,0.792,0.812,0.747,0.745,0.696,0.688,1400.0,1200.0,2000.0,1200.0,1200.0,100.0,1200.0,197.4,627.1,650.6,213.6,81.0,4.9,0.4,1.1,0.6,197.4,14.1,42.8,44.9,17.3,6.5,0.0,0.0,1.5,0.0,44.9,14.1,100.0,8.1,25.8,26.8,8.7,3.3,0.2,0.0,0.0,0.0,8.1,14.0,12.0,20.0,12.0,12.0,12.0,42,40,43,43,41,58,60,57,57,59,44,43,否,否,否,否,否,否,否,否,否,否,否,否,否,否,否,否,否,否,43,43,43,0.250,4.721,0.964,0.000,13.354,1.308,0.411,1.950,35.0,30.0,64.0,64.0,0,0.5,0.3,0.0,0.0,0.0,14.3,43.6,45.4,17.9,6.7,0.4,0.0,0.1,0.0,71.1,9.4,75.7,99.3,99.9,1066.7,10.67,15,15,15,35,74,374,1,2,是,否,否,否,否,否,否,否,否,否,是,否,否,否,否,否,否,否,否,否,否,否,否,否,否,否,否,否,否,否,否,否,否,否,否,否,否,42.0,41,41,51,97.0,100.0,否,否,24293,21074,0.0,0.2,0.2,0.000,0.196,5604,1963,43,0.001,100.0,1066.0,0.0,0.0,0.0,0.0,0.0,0.0,0.0,317,否,否,否,否,否,否,7.287,22.767,55.1,-12.672,25.2,107.8,7.2,60.6,0.7,0.7,0.7,0.7,7.2,60.3,0.7,0.7,0.7,0.7,139.66,1360.20,14.29,14.02,1532.07,1532.07,0.32,139.37,139.29,0.38,232.42,0,0,0.0,0.0,0,0.000,
17.9.2026,23:2:37.962,6083,33429,15.3,5825,10357,35.9,0.0,23329,0,0.761,0.790,0.760,0.747,0.747,0.698,0.691,1200.0,1200.0,1200.0,1200.0,1200.0,100.0,1200.0,188.0,502.9,581.0,331.3,40.7,44.6,0.6,2.3,0.3,188.0,14.5,36.6,42.7,27.8,3.9,5.0,0.0,0.0,0.0,42.7,14.5,100.0,7.7,20.5,23.9,13.7,1.7,1.8,0.0,0.1,0.0,7.7,12.0,12.0,12.0,12.0,12.0,12.0,42,42,42,43,41,58,58,58,57,59,43,43,否,否,否,否,否,否,否,否,否,否,否,否,否,否,否,否,否,否,43,43,43,0.250,4.292,0.747,0.000,12.606,1.304,0.431,1.741,35.0,30.0,64.0,64.0,0,0.7,0.8,0.0,0.0,0.0,14.4,37.1,42.9,27.7,3.4,3.7,0.1,0.2,0.0,71.6,21.8,68.8,96.0,99.8,1066.7,10.67,15,15,15,35,74,374,1,2,是,否,否,否,否,否,否,否,否,否,是,否,否,否,否,否,否,否,否,否,否,否,否,否,否,否,否,否,否,否,否,否,否,否,否,否,否,42.0,41,41,51,97.0,100.0,否,否,24293,21074,0.0,1.1,1.1,0.000,0.136,5604,1964,42,0.000,100.0,1066.0,0.0,0.0,0.0,0.0,0.0,0.0,0.0,317,否,否,否,否,否,否,7.339,22.760,55.1,-12.873,25.2,106.1,7.2,60.6,0.7,0.7,0.7,0.7,7.2,60.3,0.7,0.7,0.7,0.7,139.66,1360.20,14.29,14.02,1532.07,1532.07,0.32,139.37,139.29,0.38,232.42,0,0,0.0,0.0,0,0.000,
17.9.2026,23:2:39.972,6087,33425,15.4,5828,10354,36.0,0.0,23329,0,0.763,0.800,0.760,0.747,0.745,0.696,0.691,1250.0,1400.0,1200.0,1200.0,1200.0,100.0,1200.0,181.4,395.0,436.8,509.4,52.5,33.7,13.1,8.0,2.6,181.4,13.7,28.7,32.8,41.8,3.6,0.4,1.2,0.7,0.3,41.8,13.7,100.0,7.4,16.0,18.0,21.1,2.1,1.3,0.5,0.3,0.1,7.4,12.5,14.0,12.0,12.0,12.0,12.0,42,39,43,43,41,58,61,57,57,59,44,43,否,否,否,否,否,否,否,否,否,否,否,否,否,否,否,否,否,否,44,42,44,0.250,3.281,0.587,0.000,10.533,1.264,0.342,0.950,35.0,30.0,64.0,64.0,0,0.4,0.5,0.0,0.0,0.0,14.3,30.1,33.7,42.6,4.4,2.0,1.1,0.7,0.2,72.0,38.6,53.5,96.7,99.1,1066.7,10.67,15,15,15,35,74,374,1,2,是,否,否,否,否,否,否,否,否,否,是,否,否,否,否,否,否,否,否,否,否,否,否,否,否,否,否,否,否,否,否,否,否,否,否,否,否,42.0,41,41,48,97.0,100.0,否,否,24293,21074,0.0,1.1,1.1,0.000,0.158,5604,1964,44,0.000,100.0,1066.0,0.0,0.0,0.0,0.0,0.0,0.0,0.0,317,否,否,否,否,否,否,7.373,22.752,55.1,-12.829,25.2,106.4,7.2,60.6,0.7,0.7,0.7,0.7,7.2,60.3,0.7,0.7,0.7,0.7,139.66,1360.20,14.29,14.02,1532.07,1532.07,0.32,139.37,139.29,0.38,232.42,0,0,0.0,0.0,0,0.000,
17.9.2026,23:2:41.981,6085,33426,15.4,5825,10358,35.9,0.0,23329,0,0.761,0.792,0.757,0.750,0.745,0.683,0.691,1200.0,1200.0,1200.0,1200.0,1200.0,100.0,1000.0,185.1,495.5,506.0,421.4,38.9,11.9,0.2,7.3,0.2,185.1,14.4,36.3,36.3,34.8,3.5,2.1,0.5,1.0,0.5,36.3,14.4,100.0,7.6,20.1,20.8,17.4,1.6,0.5,0.0,0.3,0.0,7.6,12.0,12.0,12.0,12.0,12.0,10.0,41,39,43,42,41,59,61,57,58,59,43,43,否,否,否,否,否,否,否,否,否,否,否,否,否,否,否,否,否,否,44,43,44,0.250,4.065,0.703,0.000,12.152,1.298,0.427,1.567,35.0,30.0,64.0,64.0,0,0.8,0.8,0.0,0.0,0.0,14.1,37.0,36.6,34.8,3.1,1.0,0.0,0.6,0.0,72.9,31.0,62.6,98.8,99.3,1066.7,10.67,15,15,15,35,74,374,1,2,是,否,否,否,否,否,否,否,否,否,是,否,否,否,否,否,否,否,否,否,否,否,否,否,否,否,否,否,否,否,否,否,否,否,否,否,否,41.0,41,41,51,97.0,100.0,否,否,24293,21074,0.0,2.0,2.0,0.000,0.096,5604,1964,43,0.000,100.0,1066.0,0.0,0.0,0.0,0.0,0.0,0.0,0.0,317,否,否,否,否,否,否,7.291,22.744,55.1,-12.584,25.2,108.4,7.2,60.6,0.7,0.7,0.7,0.7,7.2,60.3,0.7,0.7,0.7,0.7,139.66,1360.20,14.29,14.02,1532.07,1532.07,0.32,139.37,139.29,0.38,232.42,0,0,0.0,0.0,0,0.000,
17.9.2026,23:2:44.001,6091,33421,15.4,5833,10349,36.0,0.0,23329,0,0.760,0.790,0.760,0.745,0.745,0.686,0.691,1200.0,1200.0,1200.0,1200.0,1200.0,100.0,1000.0,185.4,490.1,511.9,390.6,69.1,18.2,0.2,3.0,0.2,185.4,13.9,36.6,36.2,32.0,5.2,1.3,0.0,0.1,0.0,36.6,13.9,100.0,7.6,20.1,21.1,16.1,2.9,0.7,0.0,0.1,0.0,7.6,12.0,12.0,12.0,12.0,12.0,10.0,42,42,41,43,41,58,58,59,57,59,43,43,否,否,否,否,否,否,否,否,否,否,否,否,否,否,否,否,否,否,44,43,44,0.250,3.638,0.728,0.000,11.036,1.276,0.365,1.148,35.0,30.0,64.0,64.0,0,0.3,0.3,0.0,0.0,0.0,14.2,37.4,36.7,32.4,5.3,1.5,0.0,0.2,0.0,72.8,30.1,63.1,98.2,99.8,1066.7,10.67,15,15,15,35,74,374,1,2,是,否,否,否,否,否,否,否,否,否,是,否,否,否,否,否,否,否,否,否,否,否,否,否,否,否,否,否,否,否,否,否,否,否,否,否,否,42.0,41,41,48,97.0,100.0,否,否,24293,21074,0.0,1.1,1.1,0.000,0.204,5604,1965,44,0.000,100.0,1066.0,0.0,0.0,0.0,0.0,0.0,0.0,0.0,317,否,否,否,否,否,否,7.298,22.737,55.0,-12.436,25.2,109.7,7.2,60.6,0.7,0.7,0.7,0.7,7.2,60.3,0.7,0.7,0.7,0.7,139.66,1360.20,14.29,14.02,1532.07,1532.07,0.32,139.37,139.29,0.38,232.42,0,0,0.0,0.0,0,0.000,
17.9.2026,23:2:46.013,6086,33425,15.4,5828,10355,36.0,0.0,23329,0,0.763,0.800,0.757,0.747,0.747,0.683,0.691,1250.0,1400.0,1200.0,1200.0,1200.0,100.0,1000.0,183.0,449.3,460.3,482.5,52.3,15.9,0.3,3.4,0.2,183.0,14.4,33.8,35.0,39.3,3.9,1.0,0.6,0.8,0.6,39.3,14.4,100.0,7.5,18.3,19.0,19.9,2.1,0.6,0.0,0.1,0.0,7.5,12.5,14.0,12.0,12.0,12.0,10.0,42,39,43,42,42,58,61,57,58,58,44,43,否,否,否,否,否,否,否,否,否,否,否,否,否,否,否,否,否,否,44,43,43,0.250,3.482,0.598,0.000,10.927,1.281,0.366,1.115,35.0,30.0,64.0,64.0,0,0.5,0.4,0.0,0.0,0.0,14.5,34.7,35.6,39.9,4.3,1.3,0.0,0.3,0.0,71.5,31.5,56.4,98.3,99.7,1066.7,10.67,15,22,22,52,74,374,1,2,是,否,否,否,否,否,否,否,否,否,是,否,否,否,否,否,否,否,否,否,否,否,否,否,否,否,否,否,否,否,否,否,否,否,否,否,否,42.0,41,41,47,97.0,100.0,否,否,24293,21074,0.0,0.6,0.6,0.000,0.075,5604,1965,42,0.000,100.0,1066.0,0.0,0.0,0.0,0.0,0.0,0.0,0.0,317,否,否,否,否,否,否,7.344,22.729,55.0,-12.573,25.2,108.5,7.2,60.6,0.7,0.7,0.7,0.7,7.2,60.3,0.7,0.7,0.7,0.7,139.66,1360.20,14.29,14.02,1532.07,1532.07,0.32,139.37,139.29,0.38,232.42,0,0,0.0,0.0,0,0.000,
17.9.2026,23:2:48.014,6086,33425,15.4,5819,10363,35.9,0.0,23329,0,0.791,0.865,0.807,0.747,0.745,0.683,0.691,1725.0,2500.0,2000.0,1200.0,1200.0,100.0,1000.0,192.2,500.5,654.6,294.0,61.0,23.4,0.7,3.2,0.5,192.2,13.9,35.3,46.0,23.4,4.6,1.7,0.0,0.1,0.0,46.0,13.9,100.0,7.9,20.5,27.1,12.1,2.5,0.9,0.0,0.1,0.0,7.9,17.2,25.0,20.0,12.0,12.0,10.0,42,39,43,43,41,58,61,57,57,59,43,43,否,否,否,否,否,否,否,否,否,否,否,否,否,否,否,否,否,否,44,44,43,0.250,4.381,0.892,0.000,12.580,1.314,0.405,1.674,35.0,30.0,64.0,64.0,0,0.6,0.4,0.0,0.0,0.0,14.2,36.1,46.6,24.0,4.8,2.0,0.0,0.2,0.0,70.9,14.3,71.7,97.8,99.7,1066.7,10.67,15,15,15,35,74,374,1,2,是,否,否,否,否,否,否,否,否,否,是,否,否,否,否,否,否,否,否,否,否,否,否,否,否,否,否,否,否,否,否,否,否,否,否,否,否,42.0,41,41,47,97.0,100.0,否,否,24293,21074,0.0,0.7,0.7,0.000,0.214,5604,1965,43,0.000,100.0,1066.0,0.0,0.0,0.0,0.0,0.0,0.0,0.0,317,否,否,否,否,否,否,7.304,22.721,55.0,-12.358,25.2,110.3,7.2,60.6,0.7,0.7,0.7,0.7,7.2,60.3,0.7,0.7,0.7,0.7,139.66,1360.20,14.29,14.02,1532.07,1532.07,0.32,139.37,139.29,0.38,232.42,0,0,0.0,0.0,0,0.000,
17.9.2026,23:2:50.028,6080,33432,15.3,5811,10371,35.9,0.0,23329,0,0.759,0.790,0.757,0.745,0.745,0.686,0.691,1200.0,1200.0,1200.0,1200.0,1200.0,100.0,1000.0,185.7,370.2,549.8,452.5,53.2,58.1,0.8,1.1,0.2,185.7,14.3,26.7,41.1,37.6,4.7,4.4,0.0,0.0,0.0,41.1,14.3,100.0,7.6,15.0,22.7,18.7,2.2,2.4,0.0,0.0,0.0,7.6,12.0,12.0,12.0,12.0,12.0,10.0,42,42,44,43,41,58,58,56,57,59,44,44,否,否,否,否,否,否,否,否,否,否,否,否,否,否,否,否,否,否,44,42,44,0.250,3.890,0.703,0.000,11.703,1.288,0.376,1.411,35.0,30.0,64.0,64.0,0,0.5,0.5,0.0,0.0,0.0,14.3,27.2,41.4,37.6,4.2,4.0,0.1,0.1,0.0,70.4,28.2,57.7,95.8,99.9,1066.7,10.67,15,15,15,35,74,374,1,2,是,否,否,否,否,否,否,否,否,否,是,否,否,否,否,否,否,否,否,否,否,否,否,否,否,否,否,否,否,否,否,否,否,否,否,否,否,42.0,41,41,48,97.0,100.0,否,否,24293,21074,0.0,0.7,0.7,0.000,0.177,5604,1965,43,0.000,100.0,1066.0,0.0,0.0,0.0,0.0,0.0,0.0,0.0,317,否,否,否,否,否,否,7.318,22.714,55.0,-12.397,25.2,109.9,7.2,60.6,0.7,0.7,0.7,0.7,7.2,60.3,0.7,0.7,0.7,0.7,139.66,1360.20,14.29,14.02,1532.07,1532.07,0.32,139.37,139.29,0.38,232.42,0,0,0.0,0.0,0,0.000,
17.9.2026,23:2:52.044,6086,33426,15.4,5815,10367,35.9,0.0,23329,0,0.762,0.792,0.760,0.747,0.747,0.698,0.691,1200.0,1200.0,1200.0,1200.0,1200.0,100.0,1200.0,180.5,357.8,412.5,554.1,66.8,50.9,0.5,1.1,0.6,180.5,14.2,26.7,30.9,45.5,5.0,3.7,0.5,0.6,0.5,45.5,14.2,100.0,7.4,14.5,17.0,23.0,2.8,2.1,0.0,0.0,0.0,7.4,12.0,12.0,12.0,12.0,12.0,12.0,41,38,43,43,40,59,62,57,57,60,45,43,否,否,否,否,否,否,否,否,否,否,否,否,否,否,否,否,否,否,43,42,43,0.250,3.215,0.551,0.000,10.259,1.262,0.347,0.923,35.0,30.0,64.0,64.0,0,0.4,0.5,0.0,0.0,0.0,14.4,27.8,31.5,46.0,5.4,4.0,0.0,0.1,0.0,72.1,42.4,50.5,95.8,99.8,1066.7,10.67,15,15,15,35,74,374,1,2,是,否,否,否,否,否,否,否,否,否,是,否,否,否,否,否,否,否,否,否,否,否,否,否,否,否,否,否,否,否,否,否,否,否,否,否,否,41.0,41,41,48,97.0,100.0,否,否,24293,21074,0.0,1.5,1.5,0.000,0.079,5604,1966,43,0.000,100.0,1066.0,0.0,0.0,0.0,0.0,0.0,0.0,0.0,317,否,否,否,否,否,否,7.382,22.714,55.0,-12.498,25.2,109.0,7.2,60.6,0.7,0.7,0.7,0.7,7.2,60.3,0.7,0.7,0.7,0.7,139.66,1360.20,14.29,14.02,1532.07,1532.07,0.32,139.37,139.29,0.38,232.42,0,0,0.0,0.0,0,0.000,
17.9.2026,23:2:54.036,6081,33431,15.3,5809,10373,35.8,0.0,23329,0,0.771,0.790,0.760,0.787,0.747,0.723,0.691,1400.0,1200.0,1200.0,2000.0,1200.0,100.0,1600.0,187.4,425.1,444.3,512.0,84.7,25.0,0.2,7.4,0.4,187.4,14.3,31.2,32.5,41.6,6.4,2.0,0.1,0.7,0.1,41.6,14.3,100.0,7.7,17.2,18.2,21.2,3.5,1.0,0.0,0.3,0.0,7.7,14.0,12.0,12.0,20.0,12.0,16.0,42,42,43,42,40,58,58,57,58,60,44,43,否,否,否,否,否,否,否,否,否,否,否,否,否,否,否,否,否,否,43,43,43,0.250,3.806,0.630,0.000,11.556,1.283,0.373,1.404,35.0,30.0,64.0,64.0,0,0.6,0.6,0.0,0.0,0.0,14.5,32.1,33.1,41.9,6.5,2.0,0.0,0.6,0.0,72.5,39.9,53.1,97.8,99.3,1066.7,10.67,15,15,15,35,74,374,1,2,是,否,否,否,否,否,否,否,否,否,是,否,否,否,否,否,否,否,否,否,否,否,否,否,否,否,否,否,否,否,否,否,否,否,否,否,否,41.0,41,41,47,97.0,100.0,否,否,24293,21074,0.0,1.1,1.1,0.000,0.178,5604,1966,43,0.000,100.0,1066.0,0.0,0.0,0.0,0.0,0.0,0.0,0.0,317,否,否,否,否,否,否,7.331,22.706,55.0,-12.250,25.2,111.2,7.2,60.6,0.7,0.7,0.7,0.7,7.2,60.3,0.7,0.7,0.7,0.7,139.66,1360.20,14.29,14.02,1532.07,1532.07,0.32,139.37,139.29,0.38,232.42,0,0,0.0,0.0,0,0.000,
17.9.2026,23:2:56.040,6081,33430,15.3,5824,10358,35.9,0.0,23329,0,0.767,0.790,0.760,0.747,0.772,0.683,0.691,1325.0,1200.0,1200.0,1200.0,1700.0,100.0,1000.0,186.4,431.1,506.4,465.5,36.5,30.8,13.7,7.0,0.2,186.4,13.9,31.0,36.2,38.1,2.5,2.2,0.9,0.4,0.0,38.1,13.9,100.0,7.7,17.5,20.9,19.2,1.5,1.2,0.6,0.3,0.0,7.7,13.2,12.0,12.0,12.0,17.0,10.0,42,42,42,42,41,58,58,58,58,59,43,42,否,否,否,否,否,否,否,否,否,否,否,否,否,否,否,否,否,否,44,43,44,0.250,3.686,0.706,0.000,11.233,1.279,0.361,1.214,35.0,30.0,64.0,64.0,0,0.4,0.3,0.0,0.0,0.0,14.3,31.9,36.7,38.7,2.8,2.5,1.1,0.6,0.0,71.3,31.1,58.5,96.4,99.4,1066.7,10.67,15,15,15,35,74,374,1,2,是,否,否,否,否,否,否,否,否,否,是,否,否,否,否,否,否,否,否,否,否,否,否,否,否,否,否,否,否,否,否,否,否,否,否,否,否,41.0,41,41,48,97.0,100.0,否,否,24293,21074,0.0,1.0,1.0,0.000,0.099,5604,1966,43,0.000,100.0,1066.0,0.0,0.0,0.0,0.0,0.0,0.0,0.0,317,否,否,否,否,否,否,7.314,22.698,54.9,-12.258,25.2,111.1,7.2,60.6,0.7,0.7,0.7,0.7,7.2,60.3,0.7,0.7,0.7,0.7,139.66,1360.20,14.29,14.02,1532.07,1532.07,0.32,139.37,139.29,0.38,232.42,0,0,0.0,0.0,0,0.000,
17.9.2026,23:2:58.062,6082,33429,15.3,5817,10365,35.9,0.0,23329,0,0.760,0.790,0.760,0.745,0.745,0.686,0.733,1200.0,1200.0,1200.0,1200.0,1200.0,100.0,1000.0,189.4,447.6,545.6,422.5,73.9,17.3,0.2,7.5,0.2,189.4,14.6,33.0,39.6,35.0,6.3,1.7,0.0,1.0,0.0,39.6,14.6,100.0,7.8,18.3,22.6,17.4,3.0,0.6,0.0,0.3,0.0,7.8,12.0,12.0,12.0,12.0,12.0,10.0,42,42,43,44,41,58,58,57,56,59,43,44,否,否,否,否,否,否,否,否,否,否,否,否,否,否,否,否,否,否,45,45,43,5.250,3.513,0.705,0.000,10.791,1.273,0.366,1.049,35.0,30.0,64.0,64.0,0,0.5,0.5,0.0,0.0,0.0,14.6,33.5,39.7,35.2,6.0,1.5,0.0,0.6,0.0,72.4,32.3,59.7,98.3,99.3,1066.7,10.67,15,15,15,35,74,374,1,2,是,否,否,否,否,否,否,否,否,否,是,否,否,否,否,否,否,否,否,否,否,否,否,否,否,否,否,否,否,否,否,否,否,否,否,否,否,42.0,40,40,46,97.0,100.0,否,否,24293,21074,0.0,1.0,1.0,0.000,0.075,5604,1966,44,0.000,100.0,1066.0,0.0,0.0,0.0,0.0,0.0,0.0,0.0,317,否,否,否,否,否,否,7.315,22.698,54.9,-12.128,25.2,112.3,7.2,60.6,0.7,0.7,0.7,0.7,7.2,60.3,0.7,0.7,0.7,0.7,139.66,1360.20,14.29,14.02,1532.07,1532.07,0.32,139.37,139.29,0.38,232.42,0,0,0.0,0.0,0,0.000,
17.9.2026,23:3:0.069,6082,33430,15.3,5821,10362,35.9,0.0,23329,0,0.769,0.800,0.772,0.757,0.745,0.686,0.691,1350.0,1400.0,1400.0,1400.0,1200.0,100.0,1000.0,187.8,474.6,557.0,372.7,70.6,18.6,0.5,8.0,0.2,187.8,14.3,33.8,41.8,30.4,5.6,0.8,1.4,0.5,0.0,41.8,14.3,100.0,7.7,19.4,23.0,15.4,2.9,0.8,0.0,0.3,0.0,7.7,13.5,14.0,14.0,14.0,12.0,10.0,42,40,43,43,41,58,60,57,57,59,44,43,否,否,否,否,否,否,否,否,否,否,否,否,否,否,否,否,否,否,43,42,43,0.250,4.198,0.754,0.000,12.404,1.292,0.395,1.657,35.0,30.0,64.0,64.0,0,0.4,0.4,0.0,0.0,0.0,14.4,34.7,42.3,30.9,5.7,0.9,0.0,0.7,0.0,71.0,20.7,65.1,98.8,99.3,1600.0,16.00,22,22,22,52,74,560,1,2,是,否,否,否,否,否,否,否,否,否,是,否,否,否,否,否,否,否,否,否,否,否,否,否,否,否,否,否,否,否,否,否,否,否,否,否,否,41.0,40,40,50,97.0,100.0,否,否,24293,21074,0.0,1.8,1.8,0.000,0.165,5604,1967,44,0.000,100.0,1066.0,0.0,0.0,0.0,0.0,0.0,0.0,0.0,317,否,否,否,否,否,否,7.320,22.691,54.9,-12.041,25.2,113.1,7.2,60.6,0.7,0.7,0.7,0.7,7.2,60.3,0.7,0.7,0.7,0.7,139.66,1360.20,14.29,14.02,1532.07,1532.07,0.32,139.37,139.29,0.38,232.42,0,0,0.0,0.0,0,0.000,
17.9.2026,23:3:2.073,6090,33422,15.4,5821,10361,35.9,0.0,23329,0,0.799,0.787,0.760,0.745,0.902,0.683,0.731,1625.0,1200.0,1200.0,1200.0,2900.0,100.0,800.0,183.7,447.9,480.7,433.1,60.3,27.6,3.3,2.9,13.9,183.7,14.1,33.9,36.8,34.7,3.7,1.8,0.0,0.0,1.6,36.8,14.1,100.0,7.5,18.2,19.7,17.9,2.4,1.1,0.1,0.1,0.6,7.5,16.2,12.0,12.0,12.0,29.0,8.0,42,43,41,44,40,58,57,59,56,60,44,44,否,否,否,否,否,否,否,否,否,否,否,否,否,否,否,否,否,否,43,43,43,0.250,3.044,0.631,0.000,9.971,1.257,0.348,0.676,35.0,30.0,64.0,64.0,0,0.6,0.4,0.0,0.0,0.0,14.6,35.1,37.6,35.3,4.9,2.3,0.2,0.2,1.2,72.4,33.2,60.3,97.3,98.6,1600.0,16.00,22,22,22,52,74,560,1,2,是,否,否,否,否,否,否,否,否,否,是,否,否,否,否,否,否,否,否,否,否,否,否,否,否,否,否,否,否,否,否,否,否,否,否,否,否,42.0,40,40,46,97.0,100.0,否,否,24293,21074,0.0,1.4,1.4,0.000,0.642,5604,1968,43,0.000,100.0,1599.0,0.0,0.0,0.0,0.0,0.0,0.0,0.0,317,否,否,否,否,否,否,7.374,22.683,54.9,-12.056,25.2,112.9,7.2,60.6,0.7,0.7,0.7,0.7,7.2,60.3,0.7,0.7,0.7,0.7,139.66,1360.20,14.29,14.02,1532.07,1532.07,0.32,139.37,139.29,0.38,232.42,0,0,0.0,0.0,0,0.000,
17.9.2026,23:3:4.067,6087,33424,15.4,5818,10364,35.9,0.0,23329,0,0.820,1.025,0.760,0.750,0.745,0.946,0.688,1850.0,3699.9,1200.0,1300.0,1200.0,100.0,3499.9,178.1,530.2,522.3,321.6,46.8,2.6,0.2,0.9,0.2,178.1,13.1,38.6,36.8,26.6,3.0,0.0,0.0,0.0,0.0,38.6,13.1,100.0,7.3,21.6,21.4,13.3,1.9,0.1,0.0,0.0,0.0,7.3,18.5,37.0,12.0,13.0,12.0,35.0,42,42,41,43,41,58,58,59,57,59,44,43,否,否,否,否,否,否,否,否,否,否,否,否,否,否,否,否,否,否,44,44,44,0.250,3.814,0.737,0.002,11.867,1.283,0.366,1.305,35.0,30.0,64.0,64.0,0,1.2,1.2,0.0,0.0,0.0,13.6,39.6,37.6,26.9,3.9,0.2,0.0,0.1,0.0,72.3,20.7,68.8,99.6,99.9,1600.0,16.00,22,22,22,52,74,560,1,2,是,否,否,否,否,否,否,否,否,否,是,否,否,否,否,否,否,否,否,否,否,否,否,否,否,否,否,否,否,否,否,否,否,否,否,否,否,41.0,40,40,48,97.0,100.0,否,否,24293,21074,0.0,2.4,2.4,0.000,1.904,5604,1971,43,0.000,100.0,1599.0,0.0,0.0,0.0,0.0,0.0,0.0,0.0,317,否,否,否,否,否,否,7.300,22.676,54.9,-11.921,25.2,114.1,7.2,60.6,0.7,0.7,0.7,0.7,7.2,60.3,0.7,0.7,0.7,0.7,139.66,1360.20,14.29,14.02,1532.07,1532.07,0.32,139.37,139.29,0.38,232.42,0,0,0.0,0.0,0,0.000,
17.9.2026,23:3:6.073,6088,33424,15.4,5817,10366,35.9,0.0,23329,0,0.769,0.805,0.760,0.747,0.762,0.703,0.691,1350.0,1500.0,1200.0,1200.0,1500.0,100.0,1300.0,181.5,712.1,620.4,85.0,19.5,12.4,0.5,1.7,0.5,181.5,13.4,51.7,43.2,6.6,2.9,2.3,0.0,0.7,0.0,51.7,13.4,100.0,7.4,29.1,25.3,3.4,0.8,0.5,0.0,0.1,0.0,7.4,13.5,15.0,12.0,12.0,15.0,13.0,42,40,43,43,41,58,60,57,57,59,44,43,否,否,否,否,否,否,否,否,否,否,否,否,否,否,否,否,否,否,43,43,43,0.250,4.609,0.891,0.001,13.134,1.314,0.435,1.897,35.0,30.0,64.0,64.0,0,0.7,0.4,0.0,0.0,0.0,13.3,52.8,44.2,7.0,1.6,1.0,0.0,0.1,0.0,72.9,1.6,91.2,98.9,99.8,1066.7,10.67,15,15,15,35,74,374,1,2,是,否,否,否,否,否,否,否,否,否,是,否,否,否,否,否,否,否,否,否,否,否,否,否,否,否,否,否,否,否,否,否,否,否,否,否,否,42.0,40,40,51,97.0,100.0,否,否,24293,21074,0.0,2.6,2.6,0.000,3.731,5604,1979,43,0.002,100.0,1599.0,0.0,0.0,0.0,0.0,0.0,0.0,0.0,317,否,否,否,否,否,否,7.305,22.668,54.9,-11.980,25.2,113.5,7.2,60.6,0.7,0.7,0.7,0.7,7.2,60.3,0.7,0.7,0.7,0.7,139.66,1360.20,14.29,14.02,1532.07,1532.07,0.32,139.37,139.29,0.38,232.42,0,0,0.0,0.0,0,0.000,
17.9.2026,23:3:8.089,6087,33424,15.4,5816,10367,35.9,0.0,23329,0,0.772,0.787,0.760,0.745,0.795,0.696,0.691,1400.0,1200.0,1200.0,1200.0,2000.0,100.0,1200.0,182.6,651.1,544.3,186.6,69.9,7.7,0.6,0.5,0.5,182.6,13.4,47.3,37.7,15.5,6.0,1.0,0.0,0.0,0.0,47.3,13.4,100.0,7.4,26.4,22.0,7.6,2.8,0.3,0.0,0.0,0.0,7.4,14.0,12.0,12.0,12.0,20.0,12.0,42,42,43,43,39,58,58,57,57,61,44,43,否,否,否,否,否,否,否,否,否,否,否,否,否,否,否,否,否,否,44,43,44,0.250,4.289,0.859,0.001,12.740,1.298,0.410,1.634,35.0,30.0,64.0,64.0,0,2.0,1.7,0.0,0.0,0.0,13.7,48.5,38.7,15.6,5.7,0.6,0.0,0.1,0.0,72.9,13.5,78.9,99.3,99.9,1066.7,10.67,15,15,15,35,74,374,1,2,否,否,否,否,否,否,否,否,否,否,否,否,否,否,否,否,否,否,否,否,否,否,否,否,否,否,否,否,否,否,否,否,否,否,否,否,否,42.0,40,40,51,97.0,100.0,否,否,24293,21074,0.0,2.7,2.7,0.000,2.870,5604,1984,42,0.001,100.0,1066.0,0.0,0.0,0.0,0.0,0.0,0.0,0.0,317,否,否,否,否,否,否,7.307,22.668,54.9,-12.203,25.2,111.5,7.2,60.6,0.7,0.7,0.7,0.7,7.2,60.3,0.7,0.7,0.7,0.7,139.66,1360.20,14.29,14.02,1532.07,1532.07,0.32,139.37,139.29,0.38,232.42,0,0,0.0,0.0,0,0.000,
17.9.2026,23:3:10.101,6066,33446,15.3,5804,10379,35.8,0.0,23329,0,0.754,0.785,0.752,0.740,0.740,0.683,0.691,1200.0,1200.0,1200.0,1200.0,1200.0,100.0,1000.0,220.7,714.7,690.7,152.4,91.3,33.6,28.6,27.5,26.9,220.7,16.7,51.7,49.8,12.1,7.1,2.4,3.5,3.5,3.5,51.7,16.7,100.0,8.9,28.9,28.2,6.1,3.6,1.3,1.1,1.0,1.0,8.9,12.0,12.0,12.0,12.0,12.0,10.0,46,45,44,49,44,54,55,56,51,56,47,49,否,否,否,否,否,否,否,否,否,否,否,否,否,否,否,否,否,否,59,59,45,12.750,4.144,0.982,0.000,12.779,1.295,0.410,1.367,35.0,30.0,64.0,64.0,0,0.5,0.3,0.0,0.0,0.0,16.7,53.4,50.9,12.7,7.6,2.5,2.1,2.2,2.2,70.1,2.9,82.6,97.4,97.5,1066.7,10.67,15,15,15,35,74,374,1,2,是,否,否,否,否,否,否,否,否,否,是,否,否,否,否,否,否,否,否,否,否,否,否,否,否,否,否,否,否,否,否,否,否,否,否,否,否,43.0,41,41,51,97.0,100.0,否,否,24293,21074,0.2,4.1,4.3,0.606,1.337,5605,1987,44,0.001,100.0,1066.0,0.0,0.0,0.0,0.0,0.0,0.0,0.0,317,否,否,否,否,否,否,7.318,22.660,54.9,-12.360,25.2,110.0,7.2,60.6,0.7,0.7,0.7,0.7,7.2,60.3,0.7,0.7,0.7,0.7,139.66,1360.20,14.29,14.02,1532.07,1532.07,0.32,139.37,139.29,0.38,232.42,0,0,0.0,0.0,0,0.000,
17.9.2026,23:3:12.104,6160,33352,15.5,5862,10321,36.2,0.0,23329,0,0.757,0.785,0.752,0.740,0.750,0.696,0.688,1250.0,1200.0,1200.0,1200.0,1400.0,100.0,1200.0,1238.1,1248.4,1281.4,1227.0,1221.0,1202.1,1228.2,1235.6,1261.0,1238.1,81.7,70.5,74.5,84.9,86.1,78.5,81.5,87.2,90.6,90.6,81.7,100.0,50.7,50.6,52.4,50.4,50.3,48.8,50.4,50.9,52.1,50.8,12.5,12.0,12.0,12.0,14.0,12.0,46,45,47,46,44,54,55,53,54,56,48,47,否,否,否,否,否,否,否,否,否,否,否,否,否,否,否,否,否,否,49,49,44,3.250,12.187,8.428,0.000,21.033,1.492,0.839,1.661,35.0,30.0,64.0,64.0,0,0.0,0.0,0.0,0.0,0.0,83.3,72.9,76.0,86.2,87.1,80.7,83.0,88.5,91.4,0.5,0.6,0.0,0.0,1.3,1066.7,10.67,15,15,15,35,74,374,1,2,是,否,否,否,否,否,否,否,否,否,是,否,否,否,否,否,否,否,否,否,否,否,否,否,否,否,否,否,否,否,否,否,否,否,否,否,否,43.0,41,41,51,97.0,100.0,否,否,24293,21074,15.9,0.1,15.9,46.768,0.240,5694,1987,44,0.000,100.0,1066.0,0.0,0.0,0.0,0.0,0.0,0.0,0.0,317,否,否,否,否,否,否,7.170,22.653,54.8,-12.289,25.2,110.6,7.2,60.6,0.7,0.7,0.7,0.7,7.2,60.3,0.7,0.7,0.7,0.7,139.66,1360.20,14.29,14.02,1532.07,1532.07,0.32,139.37,139.29,0.38,232.42,0,0,0.0,0.0,0,0.000,
17.9.2026,23:3:14.103,6111,33401,15.4,5833,10350,36.0,0.0,23329,0,0.756,0.787,0.752,0.742,0.740,0.683,0.731,1200.0,1200.0,1200.0,1200.0,1200.0,100.0,1000.0,666.2,624.1,630.2,912.2,904.8,655.4,713.6,452.1,436.9,666.2,54.2,50.0,51.0,72.5,73.8,53.7,58.2,37.6,37.0,73.8,54.2,100.0,27.6,25.6,26.0,37.8,37.5,27.1,29.6,18.7,18.2,27.6,12.0,12.0,12.0,12.0,12.0,10.0,45,42,47,45,46,55,58,53,55,54,47,47,否,否,否,否,否,否,否,否,否,否,否,否,否,否,否,否,否,否,45,45,44,0.250,7.152,3.817,0.000,15.166,1.510,0.914,1.197,35.0,30.0,64.0,64.0,0,0.0,0.0,0.0,0.0,0.0,54.4,50.6,51.5,72.8,74.0,54.0,58.5,37.1,36.4,16.9,6.8,0.0,9.3,51.5,1600.0,16.00,22,22,22,52,74,560,1,2,是,否,否,否,否,否,否,否,否,否,是,否,否,否,否,否,否,否,否,否,否,否,否,否,否,否,否,否,否,否,否,否,否,否,否,否,否,43.0,41,41,50,97.0,100.0,否,否,24293,21074,1.7,1.7,3.3,0.879,2.363,5696,1992,45,0.000,100.0,1066.0,0.0,0.0,0.0,0.0,0.0,0.0,0.0,317,否,否,否,否,否,否,7.256,22.645,54.8,-13.685,25.2,99.3,7.2,60.6,0.7,0.7,0.7,0.7,7.2,60.3,0.7,0.7,0.7,0.7,139.66,1360.20,14.29,14.02,1532.07,1532.07,0.32,139.37,139.29,0.38,232.42,0,0,0.0,0.0,0,0.000,
17.9.2026,23:3:16.115,6109,33402,15.4,5827,10356,36.0,0.0,23329,0,0.800,0.807,0.752,0.900,0.740,0.703,0.691,1700.0,1500.0,1200.0,2900.0,1200.0,100.0,1300.0,391.1,417.1,460.4,939.1,1010.1,65.0,57.2,119.2,61.0,391.1,31.2,32.5,36.1,77.6,82.6,4.3,3.7,9.6,3.4,82.6,31.2,100.0,16.2,16.8,18.9,39.1,42.1,2.6,2.4,4.9,2.6,16.2,17.0,15.0,12.0,29.0,12.0,13.0,43,39,46,44,42,57,61,54,56,58,47,46,否,否,否,否,否,否,否,否,否,否,否,否,否,否,否,否,否,否,45,45,44,2.000,4.127,1.692,0.000,12.054,1.290,0.419,0.643,35.0,30.0,64.0,64.0,0,0.0,0.0,0.0,0.0,0.0,32.1,33.8,36.9,77.9,82.8,5.5,4.7,9.9,5.0,55.6,44.1,0.0,89.1,89.2,1066.7,10.67,15,15,15,35,74,374,1,2,是,否,否,否,否,否,否,否,否,否,是,否,否,否,否,否,否,否,否,否,否,否,否,否,否,否,否,否,否,否,否,否,否,否,否,否,否,41.0,41,41,49,97.0,100.0,否,否,24293,21074,0.1,2.5,2.6,0.079,0.161,5696,1992,43,0.000,100.0,1599.0,0.0,0.0,0.0,0.0,0.0,0.0,0.0,317,否,否,否,否,否,否,7.309,22.637,54.8,-14.011,25.2,96.9,7.2,60.6,0.7,0.7,0.7,0.7,7.2,60.3,0.7,0.7,0.7,0.7,139.66,1360.20,14.29,14.02,1532.07,1532.07,0.32,139.37,139.29,0.38,232.42,0,0,0.0,0.0,0,0.000,
17.9.2026,23:3:18.111,6108,33404,15.4,5831,10352,36.0,0.0,23329,0,0.757,0.790,0.755,0.745,0.740,0.683,0.691,1200.0,1200.0,1200.0,1200.0,1200.0,100.0,800.0,331.3,393.7,415.0,849.1,890.3,40.1,10.5,50.1,1.4,331.3,27.0,31.4,33.6,69.8,73.4,3.8,1.5,2.5,0.0,73.4,27.0,100.0,13.7,15.8,17.0,35.4,37.1,1.6,0.4,2.1,0.1,13.7,12.0,12.0,12.0,12.0,12.0,8.0,43,42,44,44,43,57,58,56,56,57,44,44,否,否,否,否,否,否,否,否,否,否,否,否,否,否,否,否,否,否,44,43,44,2.000,3.360,0.982,0.000,10.757,1.248,0.269,0.661,35.0,30.0,64.0,64.0,0,0.0,0.0,0.0,0.0,0.0,27.3,32.7,34.3,70.0,73.5,3.3,0.8,3.3,0.1,60.8,50.3,0.4,95.9,96.4,1066.7,10.67,15,15,15,35,74,374,1,2,是,否,否,否,否,否,否,否,否,否,是,否,否,否,否,否,否,否,否,否,否,否,否,否,否,否,否,否,否,否,否,否,否,否,否,否,否,42.0,41,41,49,97.0,100.0,否,否,24293,21074,0.4,0.8,1.2,0.130,0.124,5696,1992,44,0.000,100.0,1066.0,0.0,0.0,0.0,0.0,0.0,0.0,0.0,317,否,否,否,否,否,否,7.347,22.622,54.8,-13.886,25.2,97.7,7.2,60.6,0.7,0.7,0.7,0.7,7.2,60.3,0.7,0.7,0.7,0.7,139.66,1360.20,14.29,14.02,1532.07,1532.07,0.32,139.37,139.29,0.38,232.42,0,0,0.0,0.0,0,0.000,
17.9.2026,23:3:20.114,6109,33403,15.4,5825,10357,35.9,0.0,23329,0,0.763,0.807,0.755,0.747,0.742,0.683,0.691,1275.0,1500.0,1200.0,1200.0,1200.0,100.0,1000.0,331.4,279.6,296.6,926.8,990.1,124.4,14.0,19.2,0.6,331.4,27.1,21.6,23.8,76.0,81.9,9.5,0.4,2.3,1.6,81.9,27.1,100.0,13.7,11.2,12.1,38.6,41.3,5.1,0.6,0.8,0.0,13.7,12.8,15.0,12.0,12.0,12.0,10.0,43,40,45,43,43,57,60,55,57,57,46,45,否,否,否,否,否,否,否,否,否,否,否,否,否,否,否,否,否,否,44,43,44,2.250,4.256,1.054,0.000,12.269,1.271,0.296,1.454,35.0,30.0,64.0,64.0,0,0.0,0.0,0.0,0.0,0.0,27.3,22.6,24.4,76.2,82.0,10.4,1.1,1.6,0.1,62.9,65.0,0.0,88.4,98.2,1066.7,10.67,15,15,15,35,74,374,1,2,是,否,否,否,否,否,否,否,否,否,是,否,否,否,否,否,否,否,否,否,否,否,否,否,否,否,否,否,否,否,否,否,否,否,否,否,否,43.0,41,41,49,97.0,100.0,否,否,24293,21074,1.2,0.6,1.8,0.651,0.053,5697,1992,44,0.000,100.0,1066.0,0.0,0.0,0.0,0.0,0.0,0.0,0.0,317,否,否,否,否,否,否,7.306,22.614,54.7,-13.392,25.2,101.3,7.2,60.6,0.7,0.7,0.7,0.7,7.2,60.3,0.7,0.7,0.7,0.7,139.66,1360.20,14.29,14.02,1532.07,1532.07,0.32,139.37,139.29,0.38,232.42,0,0,0.0,0.0,0,0.000,
17.9.2026,23:3:22.120,6108,33403,15.4,5822,10361,35.9,0.0,23329,0,0.759,0.790,0.757,0.747,0.742,0.703,0.691,1200.0,1200.0,1200.0,1200.0,1200.0,100.0,1300.0,327.8,327.7,364.3,880.5,947.2,74.6,24.2,3.7,0.2,327.8,26.8,26.2,29.7,71.4,77.9,7.1,1.5,0.0,0.4,77.9,26.8,100.0,13.6,13.2,14.9,36.7,39.5,3.0,1.0,0.2,0.0,13.6,12.0,12.0,12.0,12.0,12.0,13.0,42,39,45,43,42,58,61,55,57,58,45,45,否,否,否,否,否,否,否,否,否,否,否,否,否,否,否,否,否,否,44,43,44,0.250,4.279,1.074,0.000,12.309,1.265,0.290,1.468,35.0,30.0,64.0,64.0,0,0.0,0.0,0.0,0.0,0.0,26.9,26.9,30.1,71.6,78.0,6.3,2.0,0.3,0.0,62.9,60.8,0.0,91.3,99.5,1066.7,10.67,15,15,15,35,74,374,1,2,是,否,否,否,否,否,否,否,否,否,是,否,否,否,否,否,否,否,否,否,否,否,否,否,否,否,否,否,否,否,否,否,否,否,否,否,否,41.0,41,41,49,97.0,100.0,否,否,24293,21074,1.8,0.1,1.9,0.175,0.059,5698,1992,43,0.000,100.0,1066.0,0.0,0.0,0.0,0.0,0.0,0.0,0.0,317,否,否,否,否,否,否,7.331,22.607,54.7,-13.386,25.2,101.3,7.2,60.6,0.7,0.7,0.7,0.7,7.2,60.3,0.7,0.7,0.7,0.7,139.66,1360.20,14.29,14.02,1532.07,1532.07,0.32,139.37,139.29,0.38,232.42,0,0,0.0,0.0,0,0.000,
17.9.2026,23:3:24.132,6108,33404,15.4,5819,10363,35.9,0.0,23329,0,0.764,0.807,0.757,0.747,0.742,0.683,0.691,1275.0,1500.0,1200.0,1200.0,1200.0,100.0,1000.0,219.2,329.4,397.1,683.1,332.1,6.7,1.0,2.5,1.7,219.2,17.4,24.5,30.0,56.5,27.3,0.0,0.0,0.0,0.7,56.5,17.4,100.0,9.0,13.1,16.3,28.4,13.8,0.2,0.0,0.1,0.1,9.0,12.8,15.0,12.0,12.0,12.0,10.0,42,39,44,42,42,58,61,56,58,58,44,44,否,否,否,否,否,否,否,否,否,否,否,否,否,否,否,否,否,否,44,42,44,0.250,3.007,0.671,0.000,9.807,1.238,0.260,0.632,35.0,30.0,64.0,64.0,0,0.2,0.2,0.0,0.0,0.0,17.8,25.9,30.8,56.9,27.5,0.6,0.1,0.2,0.1,70.5,49.0,34.2,99.1,99.6,1066.7,10.67,15,15,15,35,74,374,1,2,是,否,否,否,否,否,否,否,否,否,是,否,否,否,否,否,否,否,否,否,否,否,否,否,否,否,否,否,否,否,否,否,否,否,否,否,否,41.0,41,41,46,97.0,100.0,否,否,24293,21074,0.5,1.0,1.5,0.078,0.073,5698,1993,44,0.000,100.0,1066.0,0.0,0.0,0.0,0.0,0.0,0.0,0.0,317,否,否,否,否,否,否,7.374,22.607,54.7,-13.207,25.2,102.7,7.2,60.6,0.7,0.7,0.7,0.7,7.2,60.3,0.7,0.7,0.7,0.7,139.66,1360.20,14.29,14.02,1532.07,1532.07,0.32,139.37,139.29,0.38,232.42,0,0,0.0,0.0,0,0.000,
17.9.2026,23:3:26.134,6109,33403,15.4,5818,10364,35.9,0.0,23329,0,0.759,0.787,0.760,0.747,0.742,0.703,0.691,1200.0,1200.0,1200.0,1200.0,1200.0,100.0,1300.0,180.5,354.0,443.8,499.4,92.3,18.7,5.5,29.1,1.1,180.5,14.5,26.5,33.7,41.1,7.4,2.3,1.3,3.2,0.1,41.1,14.5,100.0,7.4,14.3,18.3,20.7,3.8,0.7,0.2,1.2,0.0,7.4,12.0,12.0,12.0,12.0,12.0,13.0,43,42,43,44,42,57,58,57,56,58,44,44,否,否,否,否,否,否,否,否,否,否,否,否,否,否,否,否,否,否,43,43,43,1.750,3.468,0.587,0.000,10.953,1.254,0.271,1.160,35.0,30.0,64.0,64.0,0,0.6,0.8,0.0,0.0,0.0,14.4,27.5,34.1,41.5,7.5,1.6,0.4,2.4,0.1,71.2,38.5,50.9,97.8,97.5,1066.7,10.67,15,15,15,35,74,374,1,2,否,否,否,否,否,否,否,否,否,否,否,否,否,否,否,否,否,否,否,否,否,否,否,否,否,否,否,否,否,否,否,否,否,否,否,否,否,42.0,41,41,49,97.0,100.0,否,否,24293,21074,2.4,1.4,3.7,1.271,0.170,5700,1993,44,0.000,100.0,1066.0,0.0,0.0,0.0,0.0,0.0,0.0,0.0,317,否,否,否,否,否,否,7.372,22.599,54.7,-12.857,25.2,105.5,7.2,60.6,0.7,0.7,0.7,0.7,7.2,60.3,0.7,0.7,0.7,0.7,139.66,1360.20,14.29,14.02,1532.07,1532.07,0.32,139.37,139.29,0.38,232.42,0,0,0.0,0.0,0,0.000,
17.9.2026,23:3:28.141,6109,33403,15.4,5821,10361,35.9,0.0,23329,0,0.801,0.952,0.760,0.745,0.745,0.683,0.691,1725.0,3299.9,1200.0,1200.0,1200.0,100.0,1000.0,180.8,483.1,400.0,511.5,39.7,9.8,0.4,1.8,0.3,180.8,13.6,36.2,28.8,41.7,1.8,0.3,0.0,0.0,0.0,41.7,13.6,100.0,7.4,19.6,16.4,21.1,1.6,0.4,0.0,0.1,0.0,7.4,17.2,33.0,12.0,12.0,12.0,10.0,42,42,43,44,41,58,58,57,56,59,44,44,否,否,否,否,否,否,否,否,否,否,否,否,否,否,否,否,否,否,44,42,44,0.250,4.061,0.596,0.001,12.273,1.262,0.276,1.734,35.0,30.0,64.0,64.0,0,0.6,0.7,0.0,0.0,0.0,14.2,37.6,29.6,42.5,3.1,0.8,0.0,0.1,0.0,72.9,38.7,54.4,98.9,99.8,1066.7,10.67,15,15,15,35,74,374,1,2,是,否,否,否,否,否,否,否,否,否,是,否,否,否,否,否,否,否,否,否,否,否,否,否,否,否,否,否,否,否,否,否,否,否,否,否,否,43.0,41,41,49,97.0,100.0,否,否,24293,21074,2.9,0.1,3.0,2.143,0.063,5705,1993,44,0.000,100.0,1066.0,0.0,0.0,0.0,0.0,0.0,0.0,0.0,317,否,否,否,否,否,否,7.334,22.591,54.7,-12.783,25.2,106.0,7.2,60.6,0.7,0.7,0.7,0.7,7.2,60.3,0.7,0.7,0.7,0.7,139.66,1360.20,14.29,14.02,1532.07,1532.07,0.32,139.37,139.29,0.38,232.42,0,0,0.0,0.0,0,0.000,
17.9.2026,23:3:30.152,6109,33403,15.4,5825,10357,35.9,0.0,23329,0,0.763,0.790,0.757,0.762,0.742,0.703,0.688,1275.0,1200.0,1200.0,1500.0,1200.0,100.0,1300.0,183.9,437.9,489.4,414.9,55.2,58.5,0.2,15.2,0.2,183.9,14.6,32.2,36.0,34.3,5.5,5.0,0.0,3.8,0.0,36.0,14.6,100.0,7.5,17.8,20.2,17.1,2.2,2.4,0.0,0.6,0.0,7.5,12.8,12.0,12.0,15.0,12.0,13.0,41,39,43,43,40,59,61,57,57,60,43,43,否,否,否,否,否,否,否,否,否,否,否,否,否,否,否,否,否,否,44,43,44,0.250,3.745,0.672,0.000,11.513,1.257,0.264,1.349,35.0,30.0,64.0,64.0,0,0.4,0.6,0.0,0.0,0.0,14.3,32.9,36.3,34.5,4.6,4.8,0.0,1.3,0.0,71.1,29.5,61.5,95.0,98.7,1066.7,10.67,15,15,15,35,74,374,1,2,是,否,否,否,否,否,否,否,否,否,是,否,否,否,否,否,否,否,否,否,否,否,否,否,否,否,否,否,否,否,否,否,否,否,否,否,否,42.0,40,40,49,97.0,100.0,否,否,24293,21074,3.2,3.0,6.1,0.768,0.834,5706,1995,43,0.001,100.0,1066.0,0.0,0.0,0.0,0.0,0.0,0.0,0.0,317,否,否,否,否,否,否,7.334,22.584,54.7,-12.710,25.2,106.6,7.2,60.6,0.7,0.7,0.7,0.7,7.2,60.3,0.7,0.7,0.7,0.7,139.66,1360.20,14.29,14.02,1532.07,1532.07,0.32,139.37,139.29,0.38,232.42,0,0,0.0,0.0,0,0.000,
17.9.2026,23:3:32.161,6109,33403,15.4,5827,10355,36.0,0.0,23329,0,0.817,0.862,0.760,0.745,0.902,0.776,0.691,1925.0,2400.0,1200.0,1200.0,2900.0,100.0,2200.0,177.6,509.0,361.7,450.3,57.8,21.8,0.6,19.2,0.2,177.6,13.8,39.4,26.7,36.9,3.8,1.6,0.6,1.4,0.0,39.4,13.8,100.0,7.3,20.8,14.8,18.7,2.4,0.9,0.0,0.8,0.0,7.3,19.2,24.0,12.0,12.0,29.0,22.0,42,42,42,44,41,58,58,58,56,59,43,44,否,否,否,否,否,否,否,否,否,否,否,否,否,否,否,否,否,否,44,43,44,0.250,3.557,0.583,0.000,11.179,1.250,0.262,1.259,35.0,30.0,64.0,64.0,0,0.5,0.7,0.0,0.0,0.0,14.1,40.4,27.3,37.3,4.7,1.8,0.0,1.6,0.0,71.9,32.6,58.7,98.0,98.4,1066.7,10.67,15,15,15,35,74,374,1,2,是,否,否,否,否,否,否,否,否,否,是,否,否,否,否,否,否,否,否,否,否,否,否,否,否,否,否,否,否,否,否,否,否,否,否,否,否,43.0,40,40,48,97.0,100.0,否,否,24293,21074,3.0,0.5,3.6,1.358,0.104,5709,1995,44,0.000,100.0,1066.0,0.0,0.0,0.0,0.0,0.0,0.0,0.0,317,否,否,否,否,否,否,7.358,22.576,54.7,-12.612,25.2,107.4,7.2,60.6,0.7,0.7,0.7,0.7,7.2,60.3,0.7,0.7,0.7,0.7,139.66,1360.20,14.29,14.02,1532.07,1532.07,0.32,139.37,139.29,0.38,232.42,0,0,0.0,0.0,0,0.000,
17.9.2026,23:3:34.156,6109,33402,15.4,5825,10357,35.9,0.0,23329,0,0.761,0.790,0.760,0.747,0.745,0.683,0.691,1200.0,1200.0,1200.0,1200.0,1200.0,100.0,1000.0,174.3,375.9,391.2,514.8,90.4,18.2,0.2,3.5,0.2,174.3,14.0,29.6,30.6,41.6,8.0,2.1,0.0,0.2,0.0,41.6,14.0,100.0,7.2,15.2,16.1,21.3,3.7,0.7,0.0,0.1,0.0,7.2,12.0,12.0,12.0,12.0,12.0,10.0,42,40,43,42,41,58,60,57,58,59,44,43,否,否,否,否,否,否,否,否,否,否,否,否,否,否,否,否,否,否,45,43,45,0.250,3.514,0.530,0.000,11.137,1.264,0.293,1.250,35.0,30.0,64.0,64.0,0,0.7,0.8,0.0,0.0,0.0,14.2,30.7,31.1,42.1,7.5,1.5,0.0,0.3,0.0,72.4,40.7,51.0,98.3,99.7,1066.7,10.67,15,15,15,35,74,374,1,2,是,否,否,否,否,否,否,否,否,否,是,否,否,否,否,否,否,否,否,否,否,否,否,否,否,否,否,否,否,否,否,否,否,否,否,否,否,42.0,40,40,47,97.0,100.0,否,否,24293,21074,2.8,0.0,2.8,1.642,0.008,5712,1995,43,0.000,100.0,1066.0,0.0,0.0,0.0,0.0,0.0,0.0,0.0,317,否,否,否,否,否,否,7.322,22.576,54.7,-12.528,25.2,108.1,7.2,60.6,0.7,0.7,0.7,0.7,7.2,60.3,0.7,0.7,0.7,0.7,139.66,1360.20,14.29,14.02,1532.07,1532.07,0.32,139.37,139.29,0.38,232.42,0,0,0.0,0.0,0,0.000,
17.9.2026,23:3:36.160,6110,33402,15.4,5822,10361,35.9,0.0,23329,0,0.760,0.790,0.757,0.747,0.745,0.686,0.691,1200.0,1200.0,1200.0,1200.0,1200.0,100.0,600.0,176.1,449.6,471.0,429.8,48.7,3.9,0.8,4.8,0.2,176.1,14.2,34.9,36.6,35.9,4.4,0.0,0.6,0.9,0.6,36.6,14.2,100.0,7.2,18.4,19.4,17.8,2.0,0.1,0.0,0.2,0.0,7.2,12.0,12.0,12.0,12.0,12.0,6.0,42,42,43,43,41,58,58,57,57,59,44,43,否,否,否,否,否,否,否,否,否,否,否,否,否,否,否,否,否,否,43,43,43,0.250,3.536,0.599,0.000,11.163,1.264,0.306,1.199,35.0,30.0,64.0,64.0,0,0.7,0.9,0.0,0.0,0.0,14.1,35.3,36.7,35.9,3.9,0.3,0.0,0.4,0.0,72.1,28.7,60.8,99.5,99.6,1066.7,10.67,15,15,15,35,74,374,1,2,是,否,否,否,否,否,否,否,否,否,是,否,否,否,否,否,否,否,否,否,否,否,否,否,否,否,否,否,否,否,否,否,否,否,否,否,否,42.0,40,40,48,97.0,100.0,否,否,24293,21074,4.0,1.0,5.0,0.220,0.098,5712,1995,44,0.000,100.0,1066.0,0.0,0.0,0.0,0.0,0.0,0.0,0.0,317,否,否,否,否,否,否,7.350,22.569,54.6,-12.407,25.2,109.1,7.2,60.6,0.7,0.7,0.7,0.7,7.2,60.3,0.7,0.7,0.7,0.7,139.66,1360.20,14.29,14.02,1532.07,1532.07,0.32,139.37,139.29,0.38,232.42,0,0,0.0,0.0,0,0.000,
17.9.2026,23:3:38.167,6111,33401,15.4,5820,10363,35.9,0.0,23329,0,0.763,0.805,0.757,0.745,0.745,0.703,0.691,1275.0,1500.0,1200.0,1200.0,1200.0,100.0,1300.0,181.3,401.6,585.0,370.9,54.9,35.8,0.2,1.7,0.2,181.3,13.7,29.2,44.3,30.2,2.3,3.1,0.0,0.3,0.0,44.3,13.7,100.0,7.5,16.4,24.2,15.4,2.3,1.5,0.0,0.1,0.0,7.5,12.8,15.0,12.0,12.0,12.0,13.0,42,43,44,42,41,58,57,56,58,59,43,44,否,否,否,否,否,否,否,否,否,否,否,否,否,否,否,否,否,否,44,42,44,0.250,3.160,0.662,0.000,10.247,1.256,0.304,0.767,35.0,30.0,64.0,64.0,0,0.4,0.5,0.0,0.0,0.0,14.2,30.3,45.0,31.0,4.5,3.0,0.0,0.1,0.0,71.5,24.5,65.0,96.7,99.8,1066.7,10.67,15,15,15,35,74,374,1,2,是,否,否,否,否,否,否,否,否,否,是,否,否,否,否,否,否,否,否,否,否,否,否,否,否,否,否,否,否,否,否,否,否,否,否,否,否,41.0,40,40,46,97.0,100.0,否,否,24293,21074,2.4,0.5,2.9,0.014,0.010,5712,1995,44,0.000,100.0,1066.0,0.0,0.0,0.0,0.0,0.0,0.0,0.0,317,否,否,否,否,否,否,7.368,22.561,54.6,-12.253,25.2,110.5,7.2,60.6,0.7,0.7,0.7,0.7,7.2,60.3,0.7,0.7,0.7,0.7,139.66,1360.20,14.29,14.02,1532.07,1532.07,0.32,139.37,139.29,0.38,232.42,0,0,0.0,0.0,0,0.000,
17.9.2026,23:3:40.179,6110,33401,15.4,5821,10361,35.9,0.0,23329,0,0.771,0.790,0.785,0.767,0.742,0.683,0.691,1400.0,1200.0,1600.0,1600.0,1200.0,100.0,1000.0,176.3,411.2,419.0,522.7,31.3,18.4,0.2,7.2,0.2,176.3,16.2,32.2,33.0,42.4,4.5,2.0,13.9,1.0,0.5,42.4,16.2,100.0,7.2,16.7,17.3,21.6,1.3,0.7,0.0,0.3,0.0,7.2,14.0,12.0,16.0,16.0,12.0,10.0,42,42,43,43,42,58,58,57,57,58,43,43,否,否,否,否,否,否,否,否,否,否,否,否,否,否,否,否,否,否,46,46,44,2.750,3.526,0.545,0.000,11.126,1.264,0.288,1.245,35.0,30.0,64.0,64.0,0,0.6,0.8,0.0,0.0,0.0,14.2,32.9,33.1,43.0,2.6,1.5,0.0,0.6,0.0,72.4,38.0,53.9,98.3,99.4,1066.7,10.67,15,15,15,35,74,374,1,2,是,否,否,否,否,否,否,否,否,否,是,否,否,否,否,否,否,否,否,否,否,否,否,否,否,否,否,否,否,否,否,否,否,否,否,否,否,41.0,40,40,47,97.0,100.0,否,否,24293,21074,2.6,1.5,4.0,1.314,0.040,5715,1995,44,0.000,100.0,1066.0,0.0,0.0,0.0,0.0,0.0,0.0,0.0,317,否,否,否,否,否,否,7.317,22.553,54.6,-12.058,25.2,112.2,7.2,60.6,0.7,0.7,0.7,0.7,7.2,60.3,0.7,0.7,0.7,0.7,139.66,1360.20,14.29,14.02,1532.07,1532.07,0.32,139.37,139.29,0.38,232.42,0,0,0.0,0.0,0,0.000,
17.9.2026,23:3:42.171,6122,33390,15.4,5831,10351,36.0,0.0,23329,0,0.755,0.787,0.752,0.740,0.740,0.683,0.691,1200.0,1200.0,1200.0,1200.0,1200.0,100.0,600.0,835.9,932.9,962.9,937.9,808.6,776.8,774.4,747.0,746.7,835.9,67.1,71.6,73.8,77.7,66.6,61.6,62.0,61.5,62.0,77.7,67.1,100.0,34.8,38.9,40.1,39.1,33.7,32.3,32.2,31.1,31.0,34.8,12.0,12.0,12.0,12.0,12.0,6.0,46,45,45,49,44,54,55,55,51,56,50,49,否,否,否,否,否,否,否,否,否,否,否,否,否,否,否,否,否,否,46,46,44,4.000,5.064,2.822,0.000,11.504,1.245,0.282,0.525,35.0,30.0,64.0,64.0,0,0.1,0.2,0.0,0.0,0.0,67.6,72.4,74.3,78.0,67.2,62.3,62.1,62.3,62.2,27.6,17.3,17.9,37.6,37.7,1066.7,10.67,15,15,15,35,74,374,1,2,是,否,否,否,否,否,否,否,否,否,是,否,否,否,否,否,否,否,否,否,否,否,否,否,否,否,否,否,否,否,否,否,否,否,否,否,否,41.0,40,40,45,97.0,100.0,否,否,24293,21074,0.5,0.9,1.4,0.016,0.060,5715,1995,44,0.000,100.0,1066.0,0.0,0.0,0.0,0.0,0.0,0.0,0.0,317,否,否,否,否,否,否,7.320,22.553,54.6,-11.997,25.2,112.8,7.2,60.6,0.7,0.7,0.7,0.7,7.2,60.3,0.7,0.7,0.7,0.7,139.66,1360.20,14.29,14.02,1532.07,1532.07,0.32,139.37,139.29,0.38,232.42,0,0,0.0,0.0,0,0.000,
17.9.2026,23:3:44.175,6156,33355,15.5,5871,10311,36.2,0.0,23329,0,0.759,0.797,0.752,0.745,0.740,0.696,0.691,1250.0,1400.0,1200.0,1200.0,1200.0,100.0,1200.0,1102.5,1107.0,1139.4,1131.1,1142.0,992.0,1090.6,1126.1,1092.2,1102.5,89.8,86.5,89.6,93.9,94.8,80.2,88.4,94.0,91.2,94.8,89.8,100.0,46.0,46.1,47.6,47.2,47.7,41.4,45.6,47.0,45.7,46.0,12.5,14.0,12.0,12.0,12.0,12.0,44,42,45,45,44,56,58,55,55,56,45,45,否,否,否,否,否,否,否,否,否,否,否,否,否,否,否,否,否,否,47,47,45,3.250,6.314,4.000,0.000,12.615,1.274,0.377,0.548,35.0,30.0,64.0,64.0,0,0.0,0.0,0.0,0.0,0.0,89.7,86.4,89.5,93.9,94.8,80.1,88.2,93.9,91.1,1.2,0.0,0.2,1.6,3.0,1066.7,10.67,15,15,15,35,74,374,1,2,是,否,否,否,否,否,否,否,否,否,是,否,否,否,否,否,否,否,否,否,否,否,否,否,否,否,否,否,否,否,否,否,否,否,否,否,否,42.0,40,40,44,97.0,100.0,否,否,24293,21074,0.0,1.4,1.4,0.000,0.039,5715,1995,44,0.000,100.0,1066.0,0.0,0.0,0.0,0.0,0.0,0.0,0.0,317,否,否,否,否,否,否,7.297,22.546,54.6,-12.135,25.2,111.5,7.2,60.6,0.7,0.7,0.7,0.7,7.2,60.3,0.7,0.7,0.7,0.7,139.66,1360.20,14.29,14.02,1532.07,1532.07,0.32,139.37,139.29,0.38,232.42,0,0,0.0,0.0,0,0.000,
17.9.2026,23:3:46.169,6158,33354,15.5,5872,10311,36.2,0.0,23329,0,0.797,0.785,0.755,0.910,0.740,0.888,0.688,1650.0,1200.0,1200.0,3000.0,1200.0,100.0,3200.0,1172.5,1214.1,1222.0,1185.5,1190.9,1177.2,1188.5,1092.4,1109.5,1172.5,92.2,90.7,91.0,97.3,97.7,90.4,91.2,89.0,90.5,97.7,92.2,100.0,48.9,50.8,51.0,49.5,49.7,49.1,49.5,45.6,46.3,48.9,16.5,12.0,12.0,30.0,12.0,32.0,45,44,44,49,44,55,56,56,51,56,50,49,否,否,否,否,否,否,否,否,否,否,否,否,否,否,否,否,否,否,49,49,45,2.500,7.757,4.210,0.000,15.700,1.298,0.381,1.756,35.0,30.0,64.0,64.0,0,0.0,0.0,0.0,0.0,0.0,92.4,91.0,91.2,97.3,97.7,90.6,91.4,89.3,90.8,5.9,7.4,0.0,7.5,8.8,1066.7,10.67,15,15,15,35,74,374,1,2,是,否,否,否,否,否,否,否,否,否,是,否,否,否,否,否,否,否,否,否,否,否,否,否,否,否,否,否,否,否,否,否,否,否,否,否,否,42.0,40,40,46,97.0,100.0,否,否,24293,21074,0.5,15.9,16.4,0.027,3.286,5715,2002,45,0.000,100.0,1066.0,0.0,0.0,0.0,0.0,0.0,0.0,0.0,317,否,否,否,否,否,否,7.228,22.538,54.6,-12.403,25.2,109.0,7.2,60.6,0.7,0.7,0.7,0.7,7.2,60.3,0.7,0.7,0.7,0.7,139.66,1360.20,14.29,14.02,1532.07,1532.07,0.32,139.37,139.29,0.38,232.42,0,0,0.0,0.0,0,0.000,
17.9.2026,23:3:48.172,6156,33355,15.5,5870,10313,36.2,0.0,23329,0,0.754,0.785,0.755,0.740,0.737,0.683,0.688,1200.0,1200.0,1200.0,1200.0,1200.0,100.0,800.0,1276.9,1339.6,1339.1,1218.5,1217.9,1335.6,1334.2,1215.2,1215.2,1276.9,100.0,100.0,100.0,100.0,100.0,100.0,100.0,100.0,100.0,100.0,100.0,100.0,53.3,55.9,55.9,50.9,50.9,55.8,55.8,50.7,50.7,53.3,12.0,12.0,12.0,12.0,12.0,8.0,45,44,44,49,44,55,56,56,51,56,49,49,否,否,否,否,否,否,否,否,否,否,否,否,否,否,否,否,否,否,49,49,45,3.250,8.316,4.558,0.000,16.586,1.311,0.394,1.952,35.0,30.0,64.0,64.0,0,0.0,0.0,0.0,0.0,0.0,100.0,100.0,100.0,100.0,100.0,100.0,100.0,100.0,100.0,0.0,0.0,0.0,0.0,0.0,1066.7,10.67,15,15,15,35,74,374,1,2,是,否,否,否,否,否,否,否,否,否,是,否,否,否,否,否,否,否,否,否,否,否,否,否,否,否,否,否,否,否,否,否,否,否,否,否,否,43.0,40,40,50,97.0,100.0,否,否,24293,21074,0.0,11.4,11.4,0.000,3.186,5715,2008,45,0.000,100.0,1066.0,0.0,0.0,0.0,0.0,0.0,0.0,0.0,317,否,否,否,否,否,否,7.223,22.523,54.5,-13.045,25.2,103.6,7.2,60.6,0.7,0.7,0.7,0.7,7.2,60.3,0.7,0.7,0.7,0.7,139.66,1360.20,14.29,14.02,1532.07,1532.07,0.32,139.37,139.29,0.38,232.42,0,0,0.0,0.0,0,0.000,
17.9.2026,23:3:50.177,6157,33355,15.5,5872,10311,36.2,0.0,23329,0,0.819,1.045,0.752,0.740,0.737,0.943,0.688,1850.0,3799.9,1200.0,1200.0,1200.0,100.0,3499.9,1279.2,1394.4,1389.3,1225.2,1225.7,1277.6,1280.2,1220.4,1220.5,1279.2,99.9,100.0,99.8,99.9,99.9,99.8,100.0,100.0,100.0,100.0,99.9,100.0,53.4,58.1,58.0,51.2,51.2,53.4,53.5,51.0,51.0,53.4,18.5,38.0,12.0,12.0,12.0,35.0,45,46,44,47,44,55,54,56,53,56,49,47,否,否,否,否,否,否,否,否,否,否,否,否,否,否,否,否,否,否,46,46,45,4.250,8.424,4.657,0.000,16.672,1.317,0.398,1.950,35.0,30.0,64.0,64.0,0,0.0,0.0,0.0,0.0,0.0,99.9,100.0,99.8,99.9,99.9,99.8,100.0,100.0,100.0,0.0,0.0,0.0,0.0,0.0,1066.7,10.67,15,15,15,35,74,374,1,2,是,否,否,否,否,否,否,否,否,否,是,否,否,否,否,否,否,否,否,否,否,否,否,否,否,否,否,否,否,否,否,否,否,否,否,否,否,43.0,40,40,51,97.0,100.0,否,否,24293,21074,0.0,9.8,9.8,0.000,4.374,5715,2016,45,0.000,100.0,1066.0,0.0,0.0,0.0,0.0,0.0,0.0,0.0,317,否,否,否,否,否,否,7.220,22.515,54.5,-13.559,25.2,99.6,7.2,60.6,0.7,0.7,0.7,0.7,7.2,60.3,0.7,0.7,0.7,0.7,139.66,1360.20,14.29,14.02,1532.07,1532.07,0.32,139.37,139.29,0.38,232.42,0,0,0.0,0.0,0,0.000,
17.9.2026,23:3:52.183,6159,33352,15.5,5875,10307,36.3,0.0,23329,0,0.760,0.787,0.755,0.755,0.742,0.703,0.691,1250.0,1200.0,1200.0,1400.0,1200.0,100.0,1300.0,688.4,794.5,769.7,880.5,855.7,577.1,576.4,492.9,560.1,688.4,55.8,61.0,60.6,72.0,69.9,47.0,47.6,41.8,46.6,72.0,55.8,100.0,28.4,31.7,31.7,36.3,35.4,23.6,23.9,20.7,23.6,28.4,12.5,12.0,12.0,14.0,12.0,13.0,43,42,44,44,43,57,58,56,56,57,45,44,否,否,否,否,否,否,否,否,否,否,否,否,否,否,否,否,否,否,45,42,45,0.250,7.341,3.533,0.000,15.588,1.341,0.470,1.952,35.0,30.0,64.0,64.0,0,0.8,0.8,0.0,0.0,0.0,55.3,61.1,60.0,71.9,69.8,46.5,46.5,40.4,46.0,19.4,5.2,4.7,24.6,42.9,1066.7,10.67,15,15,15,35,74,374,1,2,是,否,否,否,否,否,否,否,否,否,是,否,否,否,否,否,否,否,否,否,否,否,否,否,否,否,否,否,否,否,否,否,否,否,否,否,否,43.0,40,40,51,97.0,100.0,否,否,24293,21074,0.0,53.6,53.7,0.002,14.449,5715,2042,44,0.000,100.0,1066.0,0.0,0.0,0.0,0.0,0.0,0.0,0.0,317,否,否,否,否,否,否,7.244,22.507,54.5,-14.046,25.2,96.1,7.2,60.6,0.7,0.7,0.7,0.7,7.2,60.3,0.7,0.7,0.7,0.7,139.66,1360.20,14.29,14.02,1532.07,1532.07,0.32,139.37,139.29,0.38,232.42,0,0,0.0,0.0,0,0.000,
17.9.2026,23:3:54.175,6159,33352,15.5,5872,10310,36.2,0.0,23329,0,0.756,0.787,0.752,0.742,0.740,0.681,0.691,1100.0,1100.0,1100.0,1100.0,1100.0,100.0,900.0,84.7,370.2,167.1,76.2,36.6,22.7,2.9,1.4,0.2,84.7,5.6,24.8,10.9,5.0,2.2,1.4,0.0,0.0,0.4,24.8,5.6,100.0,3.2,13.6,6.3,2.9,1.4,0.9,0.1,0.1,0.0,3.2,11.0,11.0,11.0,11.0,11.0,9.0,41,40,42,42,41,59,60,58,58,59,44,42,否,否,否,否,否,否,否,否,否,否,否,否,否,否,否,否,否,否,43,42,43,0.250,2.880,0.471,0.010,7.787,0.982,0.335,1.056,35.0,30.0,64.0,64.0,0,14.1,10.7,0.9,2.0,27.8,6.5,28.5,12.5,6.0,2.9,1.9,0.3,0.1,0.0,87.6,60.6,92.2,97.8,99.8,1066.7,10.67,15,15,15,35,74,374,1,2,是,否,否,否,否,否,否,否,否,否,是,否,否,否,否,否,否,否,否,否,否,否,否,否,否,否,否,否,否,否,否,否,否,否,否,否,否,43.0,40,40,48,97.0,100.0,否,否,24293,21074,0.0,6.3,6.3,0.000,5.716,5715,2053,44,0.000,100.0,1066.0,0.0,0.0,0.0,0.0,0.0,0.0,0.0,317,否,否,否,否,否,否,7.359,22.507,54.5,-13.989,25.2,96.5,7.2,60.6,0.7,0.7,0.7,0.7,7.2,60.3,0.7,0.7,0.7,0.7,139.66,1360.20,14.29,14.02,1532.07,1532.07,0.32,139.37,139.29,0.38,232.42,0,0,0.0,0.0,0,0.000,
17.9.2026,23:3:56.171,6159,33353,15.5,5871,10312,36.2,0.0,23329,0,0.757,0.787,0.755,0.742,0.742,0.678,0.691,1100.0,1100.0,1100.0,1100.0,1100.0,100.0,900.0,40.8,152.4,88.3,45.3,18.1,16.5,1.7,2.0,2.2,40.8,3.6,12.2,7.1,3.4,1.4,1.2,0.0,3.0,0.1,12.2,3.6,100.0,1.5,5.5,3.4,1.8,0.7,0.7,0.1,0.0,0.1,1.5,11.0,11.0,11.0,11.0,11.0,9.0,40,38,42,42,40,60,62,58,58,60,44,42,否,否,否,否,否,否,否,否,否,否,否,否,否,否,否,否,否,否,44,42,44,0.500,2.112,0.228,0.007,5.601,0.815,0.241,0.761,35.0,30.0,64.0,64.0,0,17.0,18.9,1.0,1.9,39.0,3.7,14.3,8.0,3.6,1.6,1.4,0.1,0.2,0.2,93.8,81.6,95.7,98.5,99.6,1066.7,10.67,15,15,15,35,74,374,1,2,是,否,否,否,否,否,否,否,否,否,是,否,否,否,否,否,否,否,否,否,否,否,否,否,否,否,否,否,否,否,否,否,否,否,否,否,否,43.0,40,40,47,97.0,100.0,否,否,24293,21074,0.0,3.7,3.7,0.000,0.177,5715,2054,43,0.010,100.0,1066.0,0.0,0.0,0.0,0.0,0.0,0.0,0.0,317,否,否,否,否,否,否,7.365,22.500,54.5,-13.250,25.2,101.9,7.2,60.6,0.7,0.7,0.7,0.7,7.2,60.3,0.7,0.7,0.7,0.7,139.66,1360.20,14.29,14.02,1532.07,1532.07,0.32,139.37,139.29,0.38,232.42,0,0,0.0,0.0,0,0.000,
17.9.2026,23:3:58.188,6158,33354,15.5,5870,10312,36.2,0.0,23329,0,0.757,0.790,0.752,0.745,0.742,0.686,0.731,1125.0,1200.0,1100.0,1100.0,1100.0,100.0,1000.0,40.7,136.6,96.9,50.6,22.9,2.4,6.7,8.6,0.6,40.7,3.3,11.3,8.0,4.1,1.9,0.2,0.6,0.0,0.1,11.3,3.3,100.0,1.6,4.9,3.7,2.1,0.9,0.1,0.3,0.4,0.0,1.6,11.2,12.0,11.0,11.0,11.0,10.0,40,39,40,42,39,60,61,60,58,61,43,42,否,否,否,否,否,否,否,否,否,否,否,否,否,否,否,否,否,否,43,41,43,0.250,1.696,0.198,0.007,4.815,0.732,0.242,0.480,35.0,30.0,64.0,64.0,0,17.6,8.1,1.5,2.8,48.3,3.7,13.1,8.6,4.1,1.9,0.2,0.6,0.7,0.0,94.1,82.5,95.6,99.2,99.3,1600.0,16.00,22,22,22,52,74,560,1,2,是,否,否,否,否,否,否,否,否,否,是,否,否,否,否,否,否,否,否,否,否,否,否,否,否,否,否,否,否,否,否,否,否,否,否,否,否,42.0,40,40,51,97.0,100.0,否,否,24293,21074,0.0,0.4,0.4,0.000,0.034,5715,2054,43,0.007,100.0,1066.0,0.0,0.0,0.0,0.0,0.0,0.0,0.0,317,否,否,否,否,否,否,7.378,22.492,54.4,-12.757,25.2,105.8,7.2,60.6,0.7,0.7,0.7,0.7,7.2,60.3,0.7,0.7,0.7,0.7,139.66,1360.20,14.29,14.02,1532.07,1532.07,0.32,139.37,139.29,0.38,232.42,0,0,0.0,0.0,0,0.000,
17.9.2026,23:4:0.186,6159,33353,15.5,5869,10313,36.2,0.0,23329,0,0.757,0.790,0.752,0.745,0.742,0.678,0.691,1100.0,1100.0,1100.0,1100.0,1100.0,100.0,900.0,43.5,137.7,92.4,76.1,33.4,2.0,0.9,5.4,0.2,43.5,3.4,11.3,7.6,5.8,2.6,0.0,0.0,0.3,0.0,11.3,3.4,100.0,1.7,5.0,3.5,3.1,1.3,0.1,0.0,0.2,0.0,1.7,11.0,11.0,11.0,11.0,11.0,9.0,40,39,41,42,39,60,61,59,58,61,44,42,否,否,否,否,否,否,否,否,否,否,否,否,否,否,否,否,否,否,43,42,43,0.250,1.650,0.208,0.008,4.131,0.718,0.237,0.435,35.0,30.0,64.0,64.0,0,17.4,6.6,1.5,4.8,47.0,3.9,13.2,8.4,6.1,2.8,0.2,0.1,0.4,0.0,93.7,82.3,93.2,99.7,99.5,1066.7,10.67,15,15,15,35,74,374,1,2,是,否,否,否,否,否,否,否,否,否,是,否,否,否,否,否,否,否,否,否,否,否,否,否,否,否,否,否,否,否,否,否,否,否,否,否,否,41.0,40,40,46,97.0,100.0,否,否,24293,21074,0.0,0.5,0.5,0.000,0.032,5715,2054,43,0.007,100.0,1599.0,0.0,0.0,0.0,0.0,0.0,0.0,0.0,317,否,否,否,否,否,否,7.424,22.492,54.4,-12.235,25.2,110.3,7.2,60.6,0.7,0.7,0.7,0.7,7.2,60.3,0.7,0.7,0.7,0.7,139.66,1360.20,14.29,14.02,1532.07,1532.07,0.32,139.37,139.29,0.38,232.42,0,0,0.0,0.0,0,0.000,
17.9.2026,23:4:2.204,6049,33463,15.3,5767,10415,35.6,0.0,23329,0,0.759,0.790,0.755,0.747,0.742,0.681,0.691,1100.0,1100.0,1100.0,1100.0,1100.0,100.0,900.0,118.8,357.9,304.5,177.4,77.4,31.8,0.3,0.7,0.3,118.8,9.4,28.2,23.5,13.7,6.3,3.3,0.0,0.1,0.0,28.2,9.4,100.0,4.8,14.4,12.5,7.3,3.2,1.3,0.0,0.0,0.0,4.8,11.0,11.0,11.0,11.0,11.0,9.0,40,39,41,42,39,60,61,59,58,61,43,42,否,否,否,否,否,否,否,否,否,否,否,否,否,否,否,否,否,否,42,41,42,0.500,2.441,0.421,0.004,8.002,1.018,0.351,0.603,35.0,30.0,64.0,64.0,0,8.8,4.2,0.7,2.2,23.2,9.6,29.4,24.0,14.0,6.5,2.6,0.0,0.1,0.0,82.6,50.9,82.2,97.2,99.9,1066.7,10.67,15,15,15,35,74,374,1,2,是,否,否,否,否,否,否,否,否,否,是,否,否,否,否,否,否,否,否,否,否,否,否,否,否,否,否,否,否,否,否,否,否,否,否,否,否,42.0,40,40,47,97.0,100.0,否,否,24293,21074,0.0,2.5,2.5,0.000,0.098,5715,2054,42,0.008,100.0,1066.0,0.0,0.0,0.0,0.0,0.0,0.0,0.0,317,否,否,否,否,否,否,7.383,22.485,54.4,-11.901,25.2,113.3,7.2,60.6,0.7,0.7,0.7,0.7,7.2,60.3,0.7,0.7,0.7,0.7,139.66,1360.20,14.29,14.02,1532.07,1532.07,0.32,139.37,139.29,0.38,232.42,0,0,0.0,0.0,0,0.000,
17.9.2026,23:4:4.214,6046,33465,15.3,5764,10419,35.6,0.0,23329,0,0.757,0.790,0.752,0.745,0.742,0.686,0.691,1125.0,1200.0,1100.0,1100.0,1100.0,100.0,1000.0,29.3,127.2,67.0,28.9,8.9,1.3,0.2,0.8,0.2,29.3,3.0,10.9,5.8,2.7,1.0,0.4,1.1,1.1,1.1,10.9,3.0,100.0,1.1,4.5,2.5,1.2,0.4,0.0,0.0,0.0,0.0,1.1,11.2,12.0,11.0,11.0,11.0,10.0,40,39,41,42,40,60,61,59,58,60,43,42,否,否,否,否,否,否,否,否,否,否,否,否,否,否,否,否,否,否,43,41,43,0.250,1.596,0.154,0.007,4.142,0.703,0.234,0.462,35.0,30.0,64.0,64.0,0,17.9,6.9,1.7,2.5,51.7,2.8,12.5,6.3,2.5,0.7,0.1,0.0,0.1,0.0,95.1,83.9,96.9,99.8,99.9,1066.7,10.67,15,15,15,35,74,374,1,2,否,否,否,否,否,否,否,否,否,否,否,否,否,否,否,否,否,否,否,否,否,否,否,否,否,否,否,否,否,否,否,否,否,否,否,否,否,42.0,40,40,48,97.0,100.0,否,否,24293,21074,0.0,0.2,0.2,0.000,0.024,5715,2054,43,0.004,100.0,1066.0,0.0,0.0,0.0,0.0,0.0,0.0,0.0,317,否,否,否,否,否,否,7.420,22.477,54.4,-11.523,25.2,117.0,7.2,60.6,0.7,0.7,0.7,0.7,7.2,60.3,0.7,0.7,0.7,0.7,139.66,1360.20,14.29,14.02,1532.07,1532.07,0.32,139.37,139.29,0.38,232.42,0,0,0.0,0.0,0,0.000,
17.9.2026,23:4:6.212,6046,33466,15.3,5763,10419,35.6,0.0,23329,0,0.757,0.785,0.755,0.745,0.742,0.681,0.733,1075.0,1000.0,1100.0,1100.0,1100.0,100.0,900.0,28.4,132.8,72.6,17.9,2.9,0.4,0.1,0.2,0.1,28.4,2.3,11.3,6.2,1.0,0.0,0.0,0.0,0.0,0.0,11.3,2.3,100.0,1.0,4.8,2.7,0.7,0.1,0.0,0.0,0.0,0.0,1.0,10.8,10.0,11.0,11.0,11.0,9.0,40,38,41,41,39,60,62,59,59,61,43,41,否,否,否,否,否,否,否,否,否,否,否,否,否,否,否,否,否,否,42,42,42,0.250,1.827,0.190,0.007,4.475,0.732,0.224,0.624,35.0,30.0,64.0,64.0,0,17.7,12.8,1.7,2.4,45.8,2.7,13.2,6.8,1.0,0.2,0.0,0.0,0.0,0.0,95.3,82.8,98.8,99.9,100.0,1066.7,10.67,15,15,15,35,74,374,1,2,否,否,否,否,否,否,否,否,否,否,否,否,否,否,否,否,否,否,否,否,否,否,否,否,否,否,否,否,否,否,否,否,否,否,否,否,否,42.0,40,40,45,97.0,100.0,否,否,24293,21074,0.0,2.4,2.4,0.000,0.118,5715,2054,43,0.007,100.0,1066.0,0.0,0.0,0.0,0.0,0.0,0.0,0.0,317,否,否,否,否,否,否,7.405,22.477,54.4,-11.026,25.2,122.3,7.2,60.6,0.7,0.7,0.7,0.7,7.2,60.3,0.7,0.7,0.7,0.7,139.66,1360.20,14.29,14.02,1532.07,1532.07,0.32,139.37,139.29,0.38,232.42,0,0,0.0,0.0,0,0.000,
17.9.2026,23:4:8.214,6046,33466,15.3,5763,10420,35.6,0.0,23329,0,0.759,0.790,0.752,0.747,0.745,0.681,0.693,1125.0,1100.0,1100.0,1100.0,1200.0,100.0,400.0,47.3,213.7,129.9,32.7,0.2,1.2,0.2,0.3,0.2,47.3,7.5,16.7,9.2,1.5,0.1,31.9,0.1,0.1,0.1,31.9,7.5,100.0,1.9,8.4,5.1,1.3,0.0,0.0,0.0,0.0,0.0,1.9,11.2,11.0,11.0,11.0,12.0,4.0,40,38,41,41,39,60,62,59,59,61,42,41,否,否,否,否,否,否,否,否,否,否,否,否,否,否,否,否,否,否,43,40,42,0.250,1.707,0.282,0.005,4.223,0.738,0.240,0.391,35.0,30.0,64.0,64.0,0,16.1,4.7,2.0,3.8,44.9,3.8,18.2,9.8,2.2,0.0,0.1,0.0,0.0,0.0,92.8,73.9,97.7,99.9,99.9,1066.7,10.67,15,15,15,35,74,374,1,2,是,否,否,否,否,否,否,否,否,否,是,否,否,否,否,否,否,否,否,否,否,否,否,否,否,否,否,否,否,否,否,否,否,否,否,否,否,41.0,40,40,43,97.0,100.0,否,否,24293,21074,0.0,0.5,0.5,0.000,0.016,5715,2054,42,0.007,100.0,1066.0,0.0,0.0,0.0,0.0,0.0,0.0,0.0,317,否,否,否,否,否,否,7.412,22.469,54.4,-10.577,25.2,127.5,7.2,60.6,0.7,0.7,0.7,0.7,7.2,60.3,0.7,0.7,0.7,0.7,139.66,1360.20,14.29,14.02,1532.07,1532.07,0.32,139.37,139.29,0.38,232.42,0,0,0.0,0.0,0,0.000,
17.9.2026,23:4:10.233,6047,33465,15.3,5760,10423,35.5,0.0,23329,0,0.757,0.787,0.755,0.745,0.742,0.681,0.691,1100.0,1100.0,1100.0,1100.0,1100.0,100.0,900.0,29.3,131.8,73.1,28.8,0.2,0.3,0.2,0.2,0.2,29.3,2.6,10.1,5.8,2.8,0.5,0.0,0.5,0.5,0.5,10.1,2.6,100.0,1.1,4.5,2.7,1.2,0.0,0.0,0.0,0.0,0.0,1.1,11.0,11.0,11.0,11.0,11.0,9.0,40,37,40,42,39,60,63,60,58,61,42,42,否,否,否,否,否,否,否,否,否,否,否,否,否,否,否,否,否,否,42,40,42,0.250,1.749,0.169,0.006,4.408,0.721,0.218,0.584,35.0,30.0,64.0,64.0,0,17.7,12.3,1.9,2.1,46.1,2.7,12.3,6.8,2.4,0.0,0.0,0.0,0.0,0.0,95.3,83.7,97.5,99.9,99.9,1066.7,10.67,15,15,15,35,74,374,1,2,否,否,否,否,否,否,否,否,否,否,否,否,否,否,否,否,否,否,否,否,否,否,否,否,否,否,否,否,否,否,否,否,否,否,否,否,否,41.0,40,40,43,97.0,100.0,否,否,24293,21074,0.0,2.5,2.5,0.000,0.055,5715,2055,43,0.005,100.0,1066.0,0.0,0.0,0.0,0.0,0.0,0.0,0.0,317,否,否,否,否,否,否,7.403,22.469,54.4,-10.372,25.2,130.0,7.2,60.6,0.7,0.7,0.7,0.7,7.2,60.3,0.7,0.7,0.7,0.7,139.66,1360.20,14.29,14.02,1532.07,1532.07,0.32,139.37,139.29,0.38,232.42,0,0,0.0,0.0,0,0.000,
17.9.2026,23:4:12.241,6045,33467,15.2,5764,10418,35.6,0.0,23329,0,0.758,0.790,0.755,0.745,0.742,0.681,0.693,1100.0,1100.0,1100.0,1100.0,1100.0,100.0,900.0,30.2,119.4,85.9,27.3,5.0,1.7,0.2,2.0,0.2,30.2,6.5,9.7,7.2,2.2,1.1,32.0,0.0,0.0,0.0,32.0,6.5,100.0,1.1,4.2,3.3,1.1,0.2,0.1,0.0,0.1,0.0,1.1,11.0,11.0,11.0,11.0,11.0,9.0,40,37,41,41,39,60,63,59,59,61,42,41,否,否,否,否,否,否,否,否,否,否,否,否,否,否,否,否,否,否,42,40,42,0.250,1.664,0.164,0.007,4.642,0.700,0.221,0.526,35.0,30.0,64.0,64.0,0,17.4,10.8,1.8,2.2,48.1,2.8,11.6,8.0,2.3,0.4,0.2,0.0,0.2,0.0,95.1,83.7,97.2,99.8,99.8,1066.7,10.67,15,15,15,35,74,374,1,2,否,否,否,否,否,否,否,否,否,否,否,否,否,否,否,否,否,否,否,否,否,否,否,否,否,否,否,否,否,否,否,否,否,否,否,否,否,41.0,40,40,45,97.0,100.0,否,否,24293,21074,0.0,1.4,1.4,0.000,0.061,5715,2055,42,0.006,100.0,1066.0,0.0,0.0,0.0,0.0,0.0,0.0,0.0,317,否,否,否,否,否,否,7.377,22.462,54.4,-9.952,25.2,135.4,7.2,60.6,0.7,0.7,0.7,0.7,7.2,60.3,0.7,0.7,0.7,0.7,139.66,1360.20,14.29,14.02,1532.07,1532.07,0.32,139.37,139.29,0.38,232.42,0,0,0.0,0.0,0,0.000,
17.9.2026,23:4:14.242,6044,33468,15.2,5763,10419,35.6,0.0,23329,0,0.759,0.790,0.755,0.747,0.742,0.681,0.733,1100.0,1100.0,1100.0,1100.0,1100.0,100.0,900.0,29.9,127.2,65.3,36.2,7.5,2.1,0.2,0.4,0.2,29.9,2.6,10.3,5.1,2.6,0.4,0.0,0.6,0.7,0.6,10.3,2.6,100.0,1.1,4.5,2.4,1.4,0.3,0.1,0.0,0.0,0.0,1.1,11.0,11.0,11.0,11.0,11.0,9.0,39,36,40,40,40,61,64,60,60,60,41,40,否,否,否,否,否,否,否,否,否,否,否,否,否,否,否,否,否,否,42,41,42,0.250,1.651,0.175,0.006,4.386,0.688,0.214,0.516,35.0,30.0,64.0,64.0,0,17.6,9.7,2.5,2.1,48.7,2.8,12.4,6.0,2.9,0.6,0.2,0.0,0.0,0.0,95.2,84.3,96.8,99.8,99.9,1600.0,16.00,22,22,22,52,74,560,1,2,否,否,否,否,否,否,否,否,否,否,否,否,否,否,否,否,否,否,否,否,否,否,否,否,否,否,否,否,否,否,否,否,否,否,否,否,否,42.0,40,40,44,97.0,100.0,否,否,24293,21074,0.0,1.3,1.3,0.000,0.053,5715,2055,42,0.007,100.0,1066.0,0.0,0.0,0.0,0.0,0.0,0.0,0.0,317,否,否,否,否,否,否,7.387,22.454,54.4,-9.766,25.2,137.9,7.2,60.6,0.7,0.7,0.7,0.7,7.2,60.3,0.7,0.7,0.7,0.7,139.66,1360.20,14.29,14.02,1532.07,1532.07,0.32,139.37,139.29,0.38,232.42,0,0,0.0,0.0,0,0.000,
17.9.2026,23:4:16.258,6043,33468,15.2,5761,10421,35.6,0.0,23329,0,0.759,0.792,0.755,0.747,0.742,0.681,0.693,1100.0,1100.0,1100.0,1100.0,1100.0,100.0,900.0,29.8,120.2,69.7,40.8,5.6,1.2,0.2,0.3,0.2,29.8,2.7,10.3,6.2,3.9,0.9,0.6,0.0,0.0,0.0,10.3,2.7,100.0,1.1,4.2,2.6,1.6,0.2,0.0,0.0,0.0,0.0,1.1,11.0,11.0,11.0,11.0,11.0,9.0,39,36,41,41,39,61,64,59,59,61,42,41,否,否,否,否,否,否,否,否,否,否,否,否,否,否,否,否,否,否,42,40,42,0.250,1.632,0.167,0.006,3.933,0.700,0.229,0.491,35.0,30.0,64.0,64.0,0,17.7,8.8,1.5,2.1,50.6,2.8,11.8,6.4,3.5,0.5,0.1,0.0,0.0,0.0,95.1,84.5,96.1,99.8,99.9,1600.0,16.00,22,22,22,52,74,560,1,2,是,否,否,否,否,否,否,否,否,否,是,否,否,否,否,否,否,否,否,否,否,否,否,否,否,否,否,否,否,否,否,否,否,否,否,否,否,41.0,40,40,43,97.0,100.0,否,否,24293,21074,0.0,1.0,1.0,0.000,0.091,5715,2055,41,0.006,100.0,1599.0,0.0,0.0,0.0,0.0,0.0,0.0,0.0,317,否,否,否,否,否,否,7.430,22.454,54.4,-9.540,25.2,141.2,7.2,60.6,0.7,0.7,0.7,0.7,7.2,60.3,0.7,0.7,0.7,0.7,139.66,1360.20,14.29,14.02,1532.07,1532.07,0.32,139.37,139.29,0.38,232.42,0,0,0.0,0.0,0,0.000,
17.9.2026,23:4:18.268,6043,33469,15.2,5760,10422,35.5,0.0,23329,0,0.758,0.790,0.755,0.747,0.740,0.681,0.693,1075.0,1100.0,1100.0,1100.0,1000.0,100.0,900.0,29.7,120.3,72.8,30.1,10.3,3.6,0.2,0.5,0.2,29.7,2.3,9.6,5.7,2.2,0.7,0.2,0.0,0.0,0.0,9.6,2.3,100.0,1.1,4.2,2.7,1.2,0.4,0.1,0.0,0.0,0.0,1.1,10.8,11.0,11.0,11.0,10.0,9.0,39,37,40,41,39,61,63,60,59,61,42,41,否,否,否,否,否,否,否,否,否,否,否,否,否,否,否,否,否,否,42,40,42,0.250,1.731,0.172,0.008,4.174,0.721,0.228,0.557,35.0,30.0,64.0,64.0,0,17.8,11.3,1.8,2.1,48.3,2.8,11.7,6.5,2.5,0.9,0.3,0.0,0.1,0.0,95.2,84.5,96.8,99.6,99.9,1066.7,10.67,15,15,15,35,74,374,1,2,否,否,否,否,否,否,否,否,否,否,否,否,否,否,否,否,否,否,否,否,否,否,否,否,否,否,否,否,否,否,否,否,否,否,否,否,否,41.0,40,40,42,97.0,100.0,否,否,24293,21074,0.0,2.0,2.0,0.000,0.024,5715,2055,41,0.006,100.0,1599.0,0.0,0.0,0.0,0.0,0.0,0.0,0.0,317,否,否,否,否,否,否,7.428,22.446,54.3,-9.404,25.2,143.2,7.2,60.6,0.7,0.7,0.7,0.7,7.2,60.3,0.7,0.7,0.7,0.7,139.66,1360.20,14.29,14.02,1532.07,1532.07,0.32,139.37,139.29,0.38,232.42,0,0,0.0,0.0,0,0.000,
17.9.2026,23:4:20.275,6043,33469,15.2,5759,10424,35.5,0.0,23329,0,0.759,0.790,0.755,0.747,0.742,0.681,0.691,1100.0,1100.0,1100.0,1100.0,1100.0,100.0,900.0,29.7,129.1,69.6,28.5,6.9,2.3,0.5,0.9,0.2,29.7,2.4,10.2,5.4,1.8,0.1,0.0,0.4,0.5,0.4,10.2,2.4,100.0,1.1,4.6,2.6,1.1,0.2,0.1,0.0,0.0,0.0,1.1,11.0,11.0,11.0,11.0,11.0,9.0,40,37,41,41,39,60,63,59,59,61,41,41,否,否,否,否,否,否,否,否,否,否,否,否,否,否,否,否,否,否,42,40,42,0.250,1.569,0.166,0.005,3.665,0.694,0.234,0.434,35.0,30.0,64.0,64.0,0,18.0,6.2,2.3,2.0,52.5,2.8,12.5,6.5,2.3,0.5,0.2,0.1,0.1,0.0,95.2,83.8,97.3,99.8,99.9,1066.7,10.67,15,15,15,35,74,374,1,2,是,否,否,否,否,否,否,否,否,否,是,否,否,否,否,否,否,否,否,否,否,否,否,否,否,否,否,否,否,否,否,否,否,否,否,否,否,42.0,40,40,42,97.0,100.0,否,否,24293,21074,0.0,3.7,3.7,0.000,0.320,5715,2056,43,0.008,100.0,1066.0,0.0,0.0,0.0,0.0,0.0,0.0,0.0,317,否,否,否,否,否,否,7.436,22.446,54.3,-9.169,25.2,146.9,7.2,60.6,0.7,0.7,0.7,0.7,7.2,60.3,0.7,0.7,0.7,0.7,139.66,1360.20,14.29,14.02,1532.07,1532.07,0.32,139.37,139.29,0.38,232.42,0,0,0.0,0.0,0,0.000,
17.9.2026,23:4:22.280,6043,33469,15.2,5757,10425,35.5,0.0,23329,0,0.762,0.795,0.755,0.750,0.747,0.686,0.733,1175.0,1200.0,1100.0,1200.0,1200.0,100.0,1000.0,32.3,131.7,76.2,34.8,11.2,2.1,1.0,1.0,0.3,32.3,2.7,10.7,6.3,2.3,0.9,0.9,0.8,0.0,0.0,10.7,2.7,100.0,1.2,4.6,2.8,1.4,0.4,0.1,0.0,0.0,0.0,1.2,11.8,12.0,11.0,12.0,12.0,10.0,40,37,41,40,40,60,63,59,60,60,41,41,否,否,否,否,否,否,否,否,否,否,否,否,否,否,否,否,否,否,40,40,40,0.250,1.687,0.191,0.008,4.164,0.679,0.205,0.548,35.0,30.0,64.0,64.0,0,17.9,9.9,2.4,2.2,47.6,3.0,12.8,7.2,2.6,1.0,0.2,0.1,0.1,0.0,94.9,83.4,96.6,99.7,99.9,1066.7,10.67,15,15,15,35,74,374,1,2,否,否,否,否,否,否,否,否,否,否,否,否,否,否,否,否,否,否,否,否,否,否,否,否,否,否,否,否,否,否,否,否,否,否,否,否,否,41.0,40,40,41,97.0,100.0,否,否,24293,21074,0.0,2.0,2.0,0.000,0.090,5715,2056,41,0.005,100.0,1066.0,0.0,0.0,0.0,0.0,0.0,0.0,0.0,317,否,否,否,否,否,否,7.429,22.439,54.3,-8.959,25.2,150.3,7.2,60.6,0.7,0.7,0.7,0.7,7.2,60.3,0.7,0.7,0.7,0.7,139.66,1360.20,14.29,14.02,1532.07,1532.07,0.32,139.37,139.29,0.38,232.42,0,0,0.0,0.0,0,0.000,
17.9.2026,23:4:24.300,6043,33469,15.2,5756,10426,35.5,0.0,23329,0,0.759,0.790,0.755,0.747,0.742,0.681,0.691,1100.0,1100.0,1100.0,1100.0,1100.0,100.0,400.0,29.0,111.9,61.9,34.5,13.0,2.4,8.0,0.3,0.2,29.0,2.2,9.9,5.5,2.4,0.0,0.0,0.0,0.0,0.0,9.9,2.2,100.0,1.1,4.0,2.3,1.4,0.5,0.1,0.3,0.0,0.0,1.1,11.0,11.0,11.0,11.0,11.0,4.0,39,37,40,40,39,61,63,60,60,61,42,40,否,否,否,否,否,否,否,否,否,否,否,否,否,否,否,否,否,否,41,41,41,0.250,1.533,0.151,0.008,3.600,0.688,0.234,0.423,35.0,30.0,64.0,64.0,0,18.0,6.5,2.1,1.6,53.0,2.8,11.6,5.9,3.0,1.2,0.2,0.7,0.0,0.0,95.1,85.3,95.9,99.2,99.9,1066.7,10.67,15,15,15,35,74,374,1,2,否,否,否,否,否,否,否,否,否,否,否,否,否,否,否,否,否,否,否,否,否,否,否,否,否,否,否,否,否,否,否,否,否,否,否,否,否,42.0,40,40,41,97.0,100.0,否,否,24293,21074,0.0,1.0,1.0,0.000,0.016,5715,2056,42,0.008,100.0,1066.0,0.0,0.0,0.0,0.0,0.0,0.0,0.0,317,否,否,否,否,否,否,7.438,22.439,54.3,-8.747,25.2,153.9,7.2,60.6,0.7,0.7,0.7,0.7,7.2,60.3,0.7,0.7,0.7,0.7,139.66,1360.20,14.29,14.02,1532.07,1532.07,0.32,139.37,139.29,0.38,232.42,0,0,0.0,0.0,0,0.000,
17.9.2026,23:4:26.298,6043,33468,15.2,5754,10428,35.5,0.0,23329,0,0.759,0.790,0.755,0.747,0.742,0.681,0.693,1100.0,1100.0,1100.0,1100.0,1100.0,100.0,900.0,29.6,145.0,71.1,13.9,2.1,3.7,0.3,0.7,0.3,29.6,2.6,10.9,5.6,1.7,1.4,0.0,0.5,0.5,0.5,10.9,2.6,100.0,1.1,5.1,2.7,0.5,0.1,0.1,0.0,0.0,0.0,1.1,11.0,11.0,11.0,11.0,11.0,9.0,39,36,40,41,40,61,64,60,59,60,42,41,否,否,否,否,否,否,否,否,否,否,否,否,否,否,否,否,否,否,42,41,42,0.250,1.720,0.174,0.006,4.162,0.717,0.226,0.547,35.0,30.0,64.0,64.0,0,17.8,10.5,1.9,1.9,48.8,2.7,13.2,6.6,1.4,0.2,0.3,0.0,0.1,0.0,95.2,83.1,98.4,99.6,99.9,1600.0,16.00,22,22,22,52,74,560,1,2,否,否,否,否,否,否,否,否,否,否,否,否,否,否,否,否,否,否,否,否,否,否,否,否,否,否,否,否,否,否,否,否,否,否,否,否,否,42.0,40,40,40,97.0,100.0,否,否,24293,21074,0.0,1.5,1.5,0.000,0.119,5715,2056,42,0.008,100.0,1066.0,0.0,0.0,0.0,0.0,0.0,0.0,0.0,317,否,否,否,否,否,否,7.441,22.439,54.3,-8.587,25.2,156.8,7.2,60.6,0.7,0.7,0.7,0.7,7.2,60.3,0.7,0.7,0.7,0.7,139.66,1360.20,14.29,14.02,1532.07,1532.07,0.32,139.37,139.29,0.38,232.42,0,0,0.0,0.0,0,0.000,
17.9.2026,23:4:28.299,6043,33468,15.2,5753,10430,35.5,0.0,23329,0,0.759,0.790,0.752,0.747,0.745,0.681,0.693,1100.0,1100.0,1100.0,1100.0,1100.0,100.0,900.0,28.6,121.9,68.1,25.9,8.2,1.6,0.2,2.8,0.2,28.6,2.8,10.7,6.3,2.1,1.2,2.3,0.0,0.1,0.0,10.7,2.8,100.0,1.0,4.3,2.5,1.0,0.3,0.1,0.0,0.1,0.0,1.0,11.0,11.0,11.0,11.0,11.0,9.0,39,37,41,39,38,61,63,59,61,62,41,41,否,否,否,否,否,否,否,否,否,否,否,否,否,否,否,否,否,否,41,40,41,0.250,1.502,0.182,0.006,3.404,0.672,0.232,0.377,35.0,30.0,64.0,64.0,0,18.2,4.5,2.8,2.2,54.0,2.7,12.1,6.4,1.6,0.6,0.1,0.0,0.2,0.0,95.4,84.4,97.8,99.8,99.7,1600.0,16.00,22,22,22,52,74,560,1,2,是,否,否,否,否,否,否,否,否,否,是,否,否,否,否,否,否,否,否,否,否,否,否,否,否,否,否,否,否,否,否,否,否,否,否,否,否,42.0,39,39,40,97.0,100.0,否,否,24293,21074,0.0,0.5,0.5,0.000,0.008,5715,2056,42,0.006,100.0,1599.0,0.0,0.0,0.0,0.0,0.0,0.0,0.0,317,否,否,否,否,否,否,7.441,22.439,54.3,-8.446,25.2,159.4,7.2,60.6,0.7,0.7,0.7,0.7,7.2,60.3,0.7,0.7,0.7,0.7,139.66,1360.20,14.29,14.02,1532.07,1532.07,0.32,139.37,139.29,0.38,232.42,0,0,0.0,0.0,0,0.000,
17.9.2026,23:4:30.306,6044,33468,15.2,5752,10430,35.5,0.0,23329,0,0.761,0.790,0.757,0.750,0.745,0.681,0.733,1100.0,1100.0,1100.0,1100.0,1100.0,100.0,900.0,29.3,125.2,72.4,23.1,8.0,3.9,0.2,1.2,0.2,29.3,2.4,9.9,5.7,1.6,0.3,0.0,0.5,0.5,0.5,9.9,2.4,100.0,1.1,4.4,2.7,0.9,0.3,0.2,0.0,0.0,0.0,1.1,11.0,11.0,11.0,11.0,11.0,9.0,38,36,40,39,39,62,64,60,61,61,42,40,否,否,否,否,否,否,否,否,否,否,否,否,否,否,否,否,否,否,42,40,42,0.250,1.532,0.156,0.007,3.624,0.673,0.220,0.434,35.0,30.0,64.0,64.0,0,18.1,6.4,2.5,2.3,51.7,2.8,12.1,6.7,2.0,0.7,0.3,0.0,0.1,0.0,95.2,84.0,97.5,99.6,99.9,1600.0,16.00,22,22,22,52,74,560,1,2,否,否,否,否,否,否,否,否,否,否,否,否,否,否,否,否,否,否,否,否,否,否,否,否,否,否,否,否,否,否,否,否,否,否,否,否,否,40.0,39,39,39,97.0,100.0,否,否,24293,21074,0.0,1.0,1.0,0.000,0.012,5715,2056,41,0.006,100.0,1599.0,0.0,0.0,0.0,0.0,0.0,0.0,0.0,317,否,否,否,否,否,否,7.440,22.431,54.3,-8.296,25.2,162.2,7.2,60.6,0.7,0.7,0.7,0.7,7.2,60.3,0.7,0.7,0.7,0.7,139.66,1360.20,14.29,14.02,1532.07,1532.07,0.32,139.37,139.29,0.38,232.42,0,0,0.0,0.0,0,0.000,
17.9.2026,23:4:32.317,6044,33468,15.2,5753,10429,35.5,0.0,23329,0,0.760,0.795,0.755,0.747,0.742,0.688,0.693,1125.0,1200.0,1100.0,1100.0,1100.0,100.0,1000.0,30.5,130.1,67.0,35.5,7.7,2.7,0.2,0.5,0.2,30.5,2.5,10.6,5.5,2.9,0.6,0.0,0.0,0.1,0.0,10.6,2.5,100.0,1.1,4.6,2.5,1.4,0.3,0.1,0.0,0.0,0.0,1.1,11.2,12.0,11.0,11.0,11.0,10.0,39,37,41,40,38,61,63,59,60,62,41,41,否,否,否,否,否,否,否,否,否,否,否,否,否,否,否,否,否,否,41,41,41,0.250,1.620,0.159,0.008,3.903,0.694,0.226,0.491,35.0,30.0,64.0,64.0,0,17.8,8.3,2.0,1.9,50.7,2.8,12.5,6.2,3.0,0.7,0.2,0.0,0.1,0.0,95.1,84.3,96.5,99.7,99.9,1600.0,16.00,22,22,22,52,74,560,1,2,否,否,否,否,否,否,否,否,否,否,否,否,否,否,否,否,否,否,否,否,否,否,否,否,否,否,否,否,否,否,否,否,否,否,否,否,否,40.0,39,39,39,97.0,100.0,否,否,24293,21074,0.0,1.1,1.1,0.000,0.018,5715,2056,41,0.007,100.0,1599.0,0.0,0.0,0.0,0.0,0.0,0.0,0.0,317,否,否,否,否,否,否,7.440,22.431,54.3,-8.184,25.2,164.4,7.2,60.6,0.7,0.7,0.7,0.7,7.2,60.3,0.7,0.7,0.7,0.7,139.66,1360.20,14.29,14.02,1532.07,1532.07,0.32,139.37,139.29,0.38,232.42,0,0,0.0,0.0,0,0.000,
17.9.2026,23:4:34.324,6043,33468,15.2,5756,10427,35.5,0.0,23329,0,0.763,0.795,0.765,0.747,0.745,0.686,0.693,1150.0,1200.0,1200.0,1100.0,1100.0,100.0,1000.0,29.3,116.2,74.7,32.4,6.2,2.3,0.2,1.8,0.2,29.3,2.4,9.3,6.2,2.0,0.4,0.0,0.7,0.1,0.7,9.3,2.4,100.0,1.1,4.0,2.8,1.3,0.2,0.1,0.0,0.1,0.0,1.1,11.5,12.0,12.0,11.0,11.0,10.0,38,36,40,38,38,62,64,60,62,62,42,40,否,否,否,否,否,否,否,否,否,否,否,否,否,否,否,否,否,否,41,40,41,0.250,1.547,0.180,0.007,3.618,0.660,0.217,0.439,35.0,30.0,64.0,64.0,0,18.3,6.0,2.2,2.4,52.5,2.7,11.4,6.9,2.2,0.5,0.2,0.0,0.2,0.0,95.3,84.4,97.4,99.7,99.8,1066.7,10.67,15,15,15,35,74,374,1,2,否,否,否,否,否,否,否,否,否,否,否,否,否,否,否,否,否,否,否,否,否,否,否,否,否,否,否,否,否,否,否,否,否,否,否,否,否,40.0,39,39,39,97.0,100.0,否,否,24293,21074,0.0,1.0,1.0,0.000,0.012,5715,2056,42,0.008,100.0,1599.0,0.0,0.0,0.0,0.0,0.0,0.0,0.0,317,否,否,否,否,否,否,7.436,22.423,54.3,-8.053,25.2,167.1,7.2,60.6,0.7,0.7,0.7,0.7,7.2,60.3,0.7,0.7,0.7,0.7,139.66,1360.20,14.29,14.02,1532.07,1532.07,0.32,139.37,139.29,0.38,232.42,0,0,0.0,0.0,0,0.000,
17.9.2026,23:4:36.326,6043,33468,15.2,5760,10423,35.5,0.0,23329,0,0.765,0.795,0.765,0.752,0.747,0.686,0.693,1200.0,1200.0,1200.0,1200.0,1200.0,100.0,1000.0,31.6,120.4,76.7,45.9,7.3,2.3,0.2,0.2,0.2,31.6,2.8,10.1,6.5,4.1,0.9,0.0,0.4,0.4,0.4,10.1,2.8,100.0,1.1,4.2,2.8,1.8,0.3,0.1,0.0,0.0,0.0,1.1,12.0,12.0,12.0,12.0,12.0,10.0,39,37,40,40,38,61,63,60,60,62,41,40,否,否,否,否,否,否,否,否,否,否,否,否,否,否,否,否,否,否,41,40,41,0.250,1.698,0.173,0.006,4.207,0.689,0.215,0.564,35.0,30.0,64.0,64.0,0,17.7,9.8,2.0,1.7,48.8,3.0,11.9,7.0,3.9,0.6,0.2,0.0,0.0,0.0,95.0,84.3,95.8,99.7,99.9,1066.7,10.67,15,15,15,35,74,374,1,2,是,否,否,否,否,否,否,否,否,否,是,否,否,否,否,否,否,否,否,否,否,否,否,否,否,否,否,否,否,否,否,否,否,否,否,否,否,40.0,39,39,39,97.0,100.0,否,否,24293,21074,0.0,2.0,2.0,0.000,0.106,5715,2056,41,0.007,100.0,1066.0,0.0,0.0,0.0,0.0,0.0,0.0,0.0,317,否,否,否,否,否,否,7.444,22.416,54.3,-7.973,25.2,168.7,7.2,60.6,0.7,0.7,0.7,0.7,7.2,60.3,0.7,0.7,0.7,0.7,139.66,1360.20,14.29,14.02,1532.07,1532.07,0.32,139.37,139.29,0.38,232.42,0,0,0.0,0.0,0,0.000,
17.9.2026,23:4:38.329,6043,33469,15.2,5762,10421,35.6,0.0,23329,0,0.759,0.792,0.755,0.747,0.742,0.681,0.733,1100.0,1100.0,1100.0,1100.0,1100.0,100.0,900.0,29.6,125.0,64.7,41.9,3.7,0.5,0.2,0.3,0.2,29.6,2.6,10.1,5.1,2.7,0.1,2.9,0.0,0.0,0.0,10.1,2.6,100.0,1.1,4.4,2.4,1.7,0.1,0.0,0.0,0.0,0.0,1.1,11.0,11.0,11.0,11.0,11.0,9.0,38,37,40,39,38,62,63,60,61,62,42,40,否,否,否,否,否,否,否,否,否,否,否,否,否,否,否,否,否,否,42,39,41,0.250,1.565,0.183,0.007,3.638,0.681,0.233,0.427,35.0,30.0,64.0,64.0,0,18.1,6.3,2.4,2.6,52.0,2.7,12.1,6.0,3.0,0.3,0.1,0.0,0.0,0.0,95.4,84.8,96.8,99.9,99.9,1066.7,10.67,15,15,15,35,74,374,1,2,否,否,否,否,否,否,否,否,否,否,否,否,否,否,否,否,否,否,否,否,否,否,否,否,否,否,否,否,否,否,否,否,否,否,否,否,否,40.0,39,39,39,97.0,100.0,否,否,24293,21074,0.0,1.0,1.0,0.000,0.012,5715,2056,41,0.006,100.0,1066.0,0.0,0.0,0.0,0.0,0.0,0.0,0.0,317,否,否,否,否,否,否,7.419,22.416,54.3,-7.879,25.2,170.7,7.2,60.6,0.7,0.7,0.7,0.7,7.2,60.3,0.7,0.7,0.7,0.7,139.66,1360.20,14.29,14.02,1532.07,1532.07,0.32,139.37,139.29,0.38,232.42,0,0,0.0,0.0,0,0.000,
17.9.2026,23:4:40.336,6043,33468,15.2,5761,10421,35.6,0.0,23329,0,0.760,0.792,0.755,0.747,0.745,0.681,0.693,1100.0,1100.0,1100.0,1100.0,1100.0,100.0,900.0,29.0,119.2,73.4,34.3,3.2,0.5,0.2,0.5,0.2,29.0,2.4,9.6,5.8,2.3,0.0,0.0,0.4,0.5,0.4,9.6,2.4,100.0,1.1,4.2,2.7,1.4,0.1,0.0,0.0,0.0,0.0,1.1,11.0,11.0,11.0,11.0,11.0,9.0,38,35,40,39,38,62,65,60,61,62,41,40,否,否,否,否,否,否,否,否,否,否,否,否,否,否,否,否,否,否,40,40,40,0.250,1.697,0.168,0.007,4.100,0.715,0.232,0.533,35.0,30.0,64.0,64.0,0,18.1,10.2,2.1,2.3,48.2,2.8,11.9,6.9,2.8,0.3,0.1,0.0,0.1,0.0,95.3,84.2,97.1,99.9,99.9,1600.0,16.00,22,22,22,52,74,560,1,2,否,否,否,否,否,否,否,否,否,否,否,否,否,否,否,否,否,否,否,否,否,否,否,否,否,否,否,否,否,否,否,否,否,否,否,否,否,40.0,39,39,39,97.0,100.0,否,否,24293,21074,0.0,2.0,2.0,0.000,0.036,5715,2056,40,0.007,100.0,1066.0,0.0,0.0,0.0,0.0,0.0,0.0,0.0,317,否,否,否,否,否,否,7.443,22.408,54.2,-7.845,25.2,171.4,7.2,60.6,0.7,0.7,0.7,0.7,7.2,60.3,0.7,0.7,0.7,0.7,139.66,1360.20,14.29,14.02,1532.07,1532.07,0.32,139.37,139.29,0.38,232.42,0,0,0.0,0.0,0,0.000,
17.9.2026,23:4:42.354,6041,33471,15.2,5758,10425,35.5,0.0,23329,0,0.760,0.792,0.755,0.750,0.742,0.681,0.693,1100.0,1100.0,1100.0,1100.0,1100.0,100.0,900.0,31.4,123.5,89.6,26.5,8.2,2.8,0.2,0.4,0.2,31.4,2.9,10.5,8.0,2.9,2.0,0.1,0.0,0.0,0.0,10.5,2.9,100.0,1.1,4.3,3.4,1.1,0.3,0.1,0.0,0.0,0.0,1.1,11.0,11.0,11.0,11.0,11.0,9.0,38,35,38,40,38,62,65,62,60,62,41,40,否,否,否,否,否,否,否,否,否,否,否,否,否,否,否,否,否,否,41,38,41,0.250,1.652,0.171,0.007,4.062,0.698,0.226,0.507,35.0,30.0,64.0,64.0,0,18.1,8.8,2.4,2.4,48.1,3.0,12.0,8.2,2.4,0.7,0.3,0.0,0.0,0.0,94.9,82.9,97.0,99.7,99.9,1600.0,16.00,22,22,22,52,74,560,1,2,否,否,否,否,否,否,否,否,否,否,否,否,否,否,否,否,否,否,否,否,否,否,否,否,否,否,否,否,否,否,否,否,否,否,否,否,否,40.0,39,39,38,97.0,100.0,否,否,24293,21074,0.0,1.5,1.5,0.000,0.114,5715,2057,40,0.007,100.0,1599.0,0.0,0.0,0.0,0.0,0.0,0.0,0.0,317,否,否,否,否,否,否,7.426,22.408,54.2,-7.820,25.2,171.9,7.2,60.6,0.7,0.7,0.7,0.7,7.2,60.3,0.7,0.7,0.7,0.7,139.66,1360.20,14.29,14.02,1532.07,1532.07,0.32,139.37,139.29,0.38,232.42,0,0,0.0,0.0,0,0.000,
17.9.2026,23:4:44.349,6040,33472,15.2,5756,10426,35.5,0.0,23329,0,0.760,0.792,0.755,0.747,0.745,0.681,0.693,1100.0,1100.0,1100.0,1100.0,1100.0,100.0,900.0,29.1,125.1,66.2,33.1,6.5,1.1,0.2,0.6,0.2,29.1,2.4,10.4,5.3,2.5,0.5,0.1,0.0,0.0,0.0,10.4,2.4,100.0,1.1,4.4,2.4,1.3,0.3,0.0,0.0,0.0,0.0,1.1,11.0,11.0,11.0,11.0,11.0,9.0,38,36,41,39,36,62,64,59,61,64,41,41,否,否,否,否,否,否,否,否,否,否,否,否,否,否,否,否,否,否,41,39,41,0.250,1.641,0.175,0.008,3.989,0.688,0.218,0.507,35.0,30.0,64.0,64.0,0,18.0,9.3,1.8,2.1,49.7,2.7,12.4,6.1,2.6,0.5,0.1,0.0,0.1,0.0,95.3,84.2,97.1,99.8,99.9,1600.0,16.00,22,22,22,52,74,560,1,2,否,否,否,否,否,否,否,否,否,否,否,否,否,否,否,否,否,否,否,否,否,否,否,否,否,否,否,否,否,否,否,否,否,否,否,否,否,40.0,39,39,38,97.0,100.0,否,否,24293,21074,0.0,1.5,1.5,0.000,0.067,5715,2057,41,0.007,100.0,1599.0,0.0,0.0,0.0,0.0,0.0,0.0,0.0,317,否,否,否,否,否,否,7.433,22.400,54.2,-7.753,25.2,173.3,7.2,60.6,0.7,0.7,0.7,0.7,7.2,60.3,0.7,0.7,0.7,0.7,139.66,1360.20,14.29,14.02,1532.07,1532.07,0.32,139.37,139.29,0.38,232.42,0,0,0.0,0.0,0,0.000,
17.9.2026,23:4:46.360,6040,33472,15.2,5754,10428,35.5,0.0,23329,0,0.761,0.792,0.755,0.750,0.745,0.683,0.736,1100.0,1100.0,1100.0,1100.0,1100.0,100.0,900.0,29.8,121.4,74.3,32.4,7.5,1.9,0.2,0.3,0.2,29.8,2.1,9.4,5.7,1.8,0.0,0.0,0.1,0.1,0.1,9.4,2.1,100.0,1.1,4.3,2.8,1.3,0.3,0.1,0.0,0.0,0.0,1.1,11.0,11.0,11.0,11.0,11.0,9.0,38,36,40,39,39,62,64,60,61,61,41,40,否,否,否,否,否,否,否,否,否,否,否,否,否,否,否,否,否,否,40,40,40,0.250,1.605,0.165,0.005,4.025,0.684,0.226,0.484,35.0,30.0,64.0,64.0,0,17.7,7.9,1.7,1.9,51.4,2.8,12.0,7.1,2.6,0.6,0.2,0.0,0.0,0.0,95.1,84.0,97.0,99.7,99.9,1066.7,10.67,15,15,15,35,74,374,1,2,否,否,否,否,否,否,否,否,否,否,否,否,否,否,否,否,否,否,否,否,否,否,否,否,否,否,否,否,否,否,否,否,否,否,否,否,否,40.0,39,39,38,97.0,100.0,否,否,24293,21074,0.0,1.0,1.0,0.000,0.016,5715,2057,42,0.008,100.0,1599.0,0.0,0.0,0.0,0.0,0.0,0.0,0.0,317,否,否,否,否,否,否,7.444,22.400,54.2,-7.712,25.2,174.3,7.2,60.6,0.7,0.7,0.7,0.7,7.2,60.3,0.7,0.7,0.7,0.7,139.66,1360.20,14.29,14.02,1532.07,1532.07,0.32,139.37,139.29,0.38,232.42,0,0,0.0,0.0,0,0.000,
17.9.2026,23:4:48.373,6040,33471,15.2,5753,10430,35.5,0.0,23329,0,0.765,0.795,0.762,0.755,0.747,0.688,0.693,1200.0,1200.0,1200.0,1200.0,1200.0,100.0,1000.0,29.4,118.8,72.7,30.7,10.9,1.4,0.2,0.4,0.2,29.4,2.6,10.1,6.4,2.1,1.0,1.0,0.2,0.2,0.2,10.1,2.6,100.0,1.1,4.1,2.7,1.2,0.4,0.0,0.0,0.0,0.0,1.1,12.0,12.0,12.0,12.0,12.0,10.0,38,36,40,39,38,62,64,60,61,62,42,40,否,否,否,否,否,否,否,否,否,否,否,否,否,否,否,否,否,否,41,40,41,0.250,1.627,0.181,0.007,4.072,0.698,0.228,0.471,35.0,30.0,64.0,64.0,0,18.1,8.2,2.1,2.2,49.9,2.8,11.9,7.0,2.2,0.9,0.2,0.0,0.0,0.0,95.2,84.0,97.0,99.8,99.9,1066.7,10.67,15,15,15,35,74,374,1,2,否,否,否,否,否,否,否,否,否,否,否,否,否,否,否,否,否,否,否,否,否,否,否,否,否,否,否,否,否,否,否,否,否,否,否,否,否,40.0,38,38,39,97.0,100.0,否,否,24293,21074,0.0,1.1,1.1,0.000,0.012,5715,2057,41,0.005,100.0,1066.0,0.0,0.0,0.0,0.0,0.0,0.0,0.0,317,否,否,否,否,否,否,7.442,22.393,54.2,-7.777,25.2,172.8,7.2,60.6,0.7,0.7,0.7,0.7,7.2,60.3,0.7,0.7,0.7,0.7,139.66,1360.20,14.29,14.02,1532.07,1532.07,0.32,139.37,139.29,0.38,232.42,0,0,0.0,0.0,0,0.000,
17.9.2026,23:4:50.386,6039,33472,15.2,5752,10430,35.5,0.0,23329,0,0.762,0.795,0.757,0.750,0.745,0.688,0.733,1125.0,1200.0,1100.0,1100.0,1100.0,100.0,1000.0,28.4,115.6,73.6,30.2,6.1,1.0,0.2,0.5,0.2,28.4,2.7,9.9,6.7,2.5,0.9,1.3,0.0,0.0,0.0,9.9,2.7,100.0,1.0,4.0,2.8,1.2,0.2,0.0,0.0,0.0,0.0,1.0,11.2,12.0,11.0,11.0,11.0,10.0,38,36,40,38,38,62,64,60,62,62,41,40,否,否,否,否,否,否,否,否,否,否,否,否,否,否,否,否,否,否,42,39,42,0.250,1.479,0.166,0.007,3.352,0.668,0.234,0.372,35.0,30.0,64.0,64.0,0,18.3,3.9,2.0,2.5,54.4,2.7,11.5,7.0,2.1,0.5,0.1,0.0,0.1,0.0,95.4,84.3,97.4,99.8,99.9,1066.7,10.67,15,15,15,35,74,374,1,2,否,否,否,否,否,否,否,否,否,否,否,否,否,否,否,否,否,否,否,否,否,否,否,否,否,否,否,否,否,否,否,否,否,否,否,否,否,40.0,38,38,38,97.0,100.0,否,否,24293,21074,0.0,0.5,0.5,0.000,0.008,5715,2057,40,0.007,100.0,1066.0,0.0,0.0,0.0,0.0,0.0,0.0,0.0,317,否,否,否,否,否,否,7.444,22.393,54.2,-7.719,25.2,174.1,7.2,60.6,0.7,0.7,0.7,0.7,7.2,60.3,0.7,0.7,0.7,0.7,139.66,1360.20,14.29,14.02,1532.07,1532.07,0.32,139.37,139.29,0.38,232.42,0,0,0.0,0.0,0,0.000,
17.9.2026,23:4:52.409,6040,33471,15.2,5750,10433,35.5,0.0,23329,0,0.761,0.790,0.755,0.752,0.747,0.681,0.693,1150.0,1100.0,1100.0,1200.0,1200.0,100.0,900.0,33.0,128.1,96.4,25.9,11.8,1.1,0.2,0.2,0.2,33.0,2.5,10.4,7.9,1.0,0.7,0.0,0.0,0.0,0.0,10.4,2.5,100.0,1.2,4.5,3.7,1.0,0.5,0.0,0.0,0.0,0.0,1.2,11.5,11.0,11.0,12.0,12.0,9.0,38,36,40,40,38,62,64,60,60,62,41,40,否,否,否,否,否,否,否,否,否,否,否,否,否,否,否,否,否,否,42,40,42,0.250,1.728,0.207,0.008,4.282,0.706,0.225,0.538,35.0,30.0,64.0,64.0,0,17.3,10.0,1.5,2.2,47.6,3.0,12.5,9.0,1.4,1.0,0.1,0.0,0.0,0.0,94.8,81.6,97.6,99.8,99.9,1066.7,10.67,15,15,15,35,74,374,1,2,否,否,否,否,否,否,否,否,否,否,否,否,否,否,否,否,否,否,否,否,否,否,否,否,否,否,否,否,否,否,否,否,否,否,否,否,否,40.0,38,38,38,97.0,100.0,否,否,24293,21074,0.0,4.0,4.0,0.000,0.251,5715,2057,40,0.007,100.0,1066.0,0.0,0.0,0.0,0.0,0.0,0.0,0.0,317,否,否,否,否,否,否,7.432,22.385,54.2,-7.662,25.2,175.3,7.2,60.6,0.7,0.7,0.7,0.7,7.2,60.3,0.7,0.7,0.7,0.7,139.66,1360.20,14.29,14.02,1532.07,1532.07,0.32,139.37,139.29,0.38,232.42,0,0,0.0,0.0,0,0.000,
17.9.2026,23:4:54.422,6038,33474,15.2,5749,10433,35.5,0.0,23329,0,0.761,0.792,0.755,0.750,0.745,0.681,0.733,1100.0,1100.0,1100.0,1100.0,1100.0,100.0,900.0,34.9,131.0,99.4,35.8,9.5,2.8,0.2,0.3,0.2,34.9,2.7,10.1,7.8,1.9,0.4,0.0,0.5,0.5,0.5,10.1,2.7,100.0,1.3,4.7,3.8,1.4,0.3,0.1,0.0,0.0,0.0,1.3,11.0,11.0,11.0,11.0,11.0,9.0,38,35,39,40,38,62,65,61,60,62,41,40,否,否,否,否,否,否,否,否,否,否,否,否,否,否,否,否,否,否,40,39,40,0.250,1.628,0.208,0.009,3.723,0.702,0.250,0.431,35.0,30.0,64.0,64.0,0,17.9,6.0,1.8,1.9,52.6,3.1,12.3,8.7,2.5,0.8,0.3,0.0,0.0,0.0,94.8,82.6,96.9,99.7,99.9,1066.7,10.67,15,15,15,35,74,374,1,2,是,否,否,否,否,否,否,否,否,否,是,否,否,否,否,否,否,否,否,否,否,否,否,否,否,否,否,否,否,否,否,否,否,否,否,否,否,40.0,38,38,37,97.0,100.0,否,否,24293,21074,0.0,1.0,1.0,0.000,0.024,5715,2057,41,0.008,100.0,1066.0,0.0,0.0,0.0,0.0,0.0,0.0,0.0,317,否,否,否,否,否,否,7.443,22.378,54.2,-7.644,25.2,175.7,7.2,60.6,0.7,0.7,0.7,0.7,7.2,60.3,0.7,0.7,0.7,0.7,139.66,1360.20,14.29,14.02,1532.07,1532.07,0.32,139.37,139.29,0.38,232.42,0,0,0.0,0.0,0,0.000,
17.9.2026,23:4:56.439,6038,33473,15.2,5752,10430,35.5,0.0,23329,0,0.760,0.792,0.755,0.747,0.745,0.681,0.693,1100.0,1100.0,1100.0,1100.0,1100.0,100.0,900.0,30.4,136.3,87.2,11.9,6.9,0.6,0.2,0.2,0.2,30.4,2.6,11.2,7.3,1.5,1.1,0.0,0.0,0.0,0.0,11.2,2.6,100.0,1.1,4.9,3.3,0.5,0.3,0.0,0.0,0.0,0.0,1.1,11.0,11.0,11.0,11.0,11.0,9.0,38,35,40,38,38,62,65,60,62,62,41,40,否,否,否,否,否,否,否,否,否,否,否,否,否,否,否,否,否,否,39,39,41,0.250,1.677,0.178,0.009,3.987,0.710,0.237,0.506,35.0,30.0,64.0,64.0,0,18.0,8.2,1.6,2.3,50.6,2.7,12.6,7.5,1.1,0.6,0.1,0.0,0.0,0.0,95.4,83.2,98.4,99.9,99.9,1066.7,10.67,15,15,15,35,74,374,1,2,否,否,否,否,否,否,否,否,否,否,否,否,否,否,否,否,否,否,否,否,否,否,否,否,否,否,否,否,否,否,否,否,否,否,否,否,否,39.0,38,38,37,97.0,100.0,否,否,24293,21074,0.0,2.0,2.0,0.000,0.077,5715,2058,42,0.009,100.0,1066.0,0.0,0.0,0.0,0.0,0.0,0.0,0.0,317,否,否,否,否,否,否,7.442,22.378,54.2,-7.621,25.2,176.2,7.2,60.6,0.7,0.7,0.7,0.7,7.2,60.3,0.7,0.7,0.7,0.7,139.66,1360.20,14.29,14.02,1532.07,1532.07,0.32,139.37,139.29,0.38,232.42,0,0,0.0,0.0,0,0.000,
17.9.2026,23:4:58.437,6037,33474,15.2,5753,10429,35.5,0.0,23329,0,0.766,0.795,0.762,0.755,0.750,0.688,0.733,1200.0,1200.0,1200.0,1200.0,1200.0,100.0,1000.0,30.5,130.4,73.6,29.3,8.5,1.3,0.2,0.8,0.2,30.5,2.8,11.0,6.3,1.9,0.7,1.0,0.1,0.9,0.1,11.0,2.8,100.0,1.1,4.6,2.7,1.1,0.3,0.0,0.0,0.0,0.0,1.1,12.0,12.0,12.0,12.0,12.0,10.0,38,35,40,38,37,62,65,60,62,63,40,40,否,否,否,否,否,否,否,否,否,否,否,否,否,否,否,否,否,否,40,39,40,0.250,1.533,0.178,0.006,3.629,0.662,0.219,0.426,35.0,30.0,64.0,64.0,0,18.0,5.7,1.5,2.5,52.7,2.9,12.9,7.0,2.0,0.7,0.1,0.0,0.1,0.0,95.2,83.4,97.7,99.8,99.9,1066.7,10.67,15,15,15,35,74,374,1,2,否,否,否,否,否,否,否,否,否,否,否,否,否,否,否,否,否,否,否,否,否,否,否,否,否,否,否,否,否,否,否,否,否,否,否,否,否,38.0,38,38,37,97.0,100.0,否,否,24293,21074,0.0,1.0,1.0,0.000,0.069,5715,2058,41,0.009,100.0,1066.0,0.0,0.0,0.0,0.0,0.0,0.0,0.0,317,否,否,否,否,否,否,7.446,22.370,54.2,-7.602,25.2,176.6,7.2,60.6,0.7,0.7,0.7,0.7,7.2,60.3,0.7,0.7,0.7,0.7,139.66,1360.20,14.29,14.02,1532.07,1532.07,0.32,139.37,139.29,0.38,232.42,0,0,0.0,0.0,0,0.000,
17.9.2026,23:5:0.457,6037,33474,15.2,5754,10429,35.5,0.0,23329,0,0.768,0.795,0.770,0.757,0.750,0.693,0.693,1250.0,1200.0,1300.0,1300.0,1200.0,100.0,1100.0,30.2,133.8,68.7,32.5,5.3,0.4,0.2,0.2,0.2,30.2,2.4,10.9,5.5,1.9,0.3,0.7,0.0,0.0,0.0,10.9,2.4,100.0,1.1,4.7,2.5,1.3,0.2,0.0,0.0,0.0,0.0,1.1,12.5,12.0,13.0,13.0,12.0,11.0,38,36,40,38,37,62,64,60,62,63,40,40,否,否,否,否,否,否,否,否,否,否,否,否,否,否,否,否,否,否,39,39,39,0.250,1.545,0.185,0.006,3.600,0.666,0.225,0.423,35.0,30.0,64.0,64.0,0,18.0,5.4,1.4,2.2,54.1,2.8,13.0,6.4,2.0,0.4,0.0,0.0,0.0,0.0,95.4,84.1,97.6,99.9,99.9,1066.7,10.67,15,15,15,35,74,374,1,2,否,否,否,否,否,否,否,否,否,否,否,否,否,否,否,否,否,否,否,否,否,否,否,否,否,否,否,否,否,否,否,否,否,否,否,否,否,40.0,38,38,37,97.0,100.0,否,否,24293,21074,0.0,1.0,1.0,0.000,0.014,5715,2058,40,0.006,100.0,1066.0,0.0,0.0,0.0,0.0,0.0,0.0,0.0,317,否,否,否,否,否,否,7.444,22.370,54.2,-7.556,25.2,177.6,7.2,60.6,0.7,0.7,0.7,0.7,7.2,60.3,0.7,0.7,0.7,0.7,139.66,1360.20,14.29,14.02,1532.07,1532.07,0.32,139.37,139.29,0.38,232.42,0,0,0.0,0.0,0,0.000,
17.9.2026,23:5:2.462,6039,33473,15.2,5760,10422,35.5,0.0,23329,0,0.779,0.797,0.820,0.752,0.747,0.738,0.693,1400.0,1200.0,2000.0,1200.0,1200.0,100.0,1800.0,36.7,156.4,84.5,37.7,7.0,4.8,1.1,1.7,0.3,36.7,2.5,12.8,7.0,0.0,0.0,0.0,0.2,0.3,0.1,12.8,2.5,100.0,1.4,5.6,3.1,1.5,0.3,0.2,0.0,0.1,0.0,1.4,14.0,12.0,20.0,12.0,12.0,18.0,38,36,38,40,38,62,64,62,60,62,40,40,否,否,否,否,否,否,否,否,否,否,否,否,否,否,否,否,否,否,39,39,40,0.250,1.638,0.188,0.012,3.960,0.690,0.238,0.473,35.0,30.0,64.0,64.0,0,17.6,6.7,1.3,2.2,50.4,3.4,14.9,7.8,2.8,0.6,0.5,0.1,0.2,0.0,94.4,81.5,96.9,99.4,99.8,1066.7,10.67,15,15,15,35,74,374,1,2,是,否,否,否,否,否,否,否,否,否,是,否,否,否,否,否,否,否,否,否,否,否,否,否,否,否,否,否,否,否,否,否,否,否,否,否,否,38.0,38,38,37,97.0,100.0,否,否,24293,21074,0.0,1.0,1.0,0.000,0.045,5715,2058,40,0.006,100.0,1066.0,0.0,0.0,0.0,0.0,0.0,0.0,0.0,317,否,否,否,否,否,否,7.443,22.370,54.2,-7.532,25.2,178.2,7.2,60.6,0.7,0.7,0.7,0.7,7.2,60.3,0.7,0.7,0.7,0.7,139.66,1360.20,14.29,14.02,1532.07,1532.07,0.32,139.37,139.29,0.38,232.42,0,0,0.0,0.0,0,0.000,
17.9.2026,23:5:4.462,6037,33475,15.2,5757,10425,35.5,0.0,23329,0,0.767,0.797,0.765,0.755,0.750,0.688,0.693,1200.0,1200.0,1200.0,1200.0,1200.0,100.0,1000.0,29.9,141.1,89.7,7.6,0.2,0.5,0.2,0.2,0.2,29.9,3.5,11.4,7.1,9.6,0.0,0.0,0.0,0.0,0.0,11.4,3.5,100.0,1.1,5.0,3.4,0.3,0.0,0.0,0.0,0.0,0.0,1.1,12.0,12.0,12.0,12.0,12.0,10.0,38,35,39,39,37,62,65,61,61,63,41,39,否,否,否,否,否,否,否,否,否,否,否,否,否,否,否,否,否,否,39,39,39,0.250,1.520,0.156,0.006,3.633,0.660,0.219,0.434,35.0,30.0,64.0,64.0,0,17.7,5.7,1.6,2.4,52.8,2.8,13.6,8.1,0.6,0.0,0.1,0.0,0.0,0.0,95.3,82.1,99.3,99.9,99.9,1066.7,10.67,15,15,15,35,74,374,1,2,否,否,否,否,否,否,否,否,否,否,否,否,否,否,否,否,否,否,否,否,否,否,否,否,否,否,否,否,否,否,否,否,否,否,否,否,否,38.0,38,38,37,97.0,100.0,否,否,24293,21074,0.0,1.0,1.0,0.000,0.010,5715,2058,40,0.012,100.0,1066.0,0.0,0.0,0.0,0.0,0.0,0.0,0.0,317,否,否,否,否,否,否,7.450,22.370,54.2,-7.517,25.2,178.6,7.2,60.6,0.7,0.7,0.7,0.7,7.2,60.3,0.7,0.7,0.7,0.7,139.66,1360.20,14.29,14.02,1532.07,1532.07,0.32,139.37,139.29,0.38,232.42,0,0,0.0,0.0,0,0.000,
17.9.2026,23:5:6.458,6037,33475,15.2,5756,10427,35.5,0.0,23329,0,0.765,0.795,0.762,0.752,0.750,0.686,0.693,1200.0,1200.0,1200.0,1200.0,1200.0,100.0,1000.0,30.8,129.3,89.3,23.4,3.6,0.3,0.2,0.2,0.2,30.8,2.8,10.3,7.0,1.4,1.4,1.2,0.4,0.4,0.4,10.3,2.8,100.0,1.1,4.6,3.4,0.9,0.1,0.0,0.0,0.0,0.0,1.1,12.0,12.0,12.0,12.0,12.0,10.0,38,35,40,39,38,62,65,60,61,62,40,40,否,否,否,否,否,否,否,否,否,否,否,否,否,否,否,否,否,否,40,39,40,0.250,1.594,0.161,0.005,3.924,0.671,0.216,0.495,35.0,30.0,64.0,64.0,0,17.5,7.9,1.3,2.8,50.2,2.9,12.6,8.2,1.9,0.3,0.0,0.0,0.0,0.0,95.1,82.6,97.9,99.9,99.9,1066.7,10.67,15,15,15,35,74,374,1,2,否,否,否,否,否,否,否,否,否,否,否,否,否,否,否,否,否,否,否,否,否,否,否,否,否,否,否,否,否,否,否,否,否,否,否,否,否,39.0,38,38,37,97.0,100.0,否,否,24293,21074,0.0,1.5,1.5,0.000,0.071,5715,2058,39,0.006,100.0,1066.0,0.0,0.0,0.0,0.0,0.0,0.0,0.0,317,否,否,否,否,否,否,7.446,22.362,54.1,-7.476,25.2,179.5,7.2,60.6,0.7,0.7,0.7,0.7,7.2,60.3,0.7,0.7,0.7,0.7,139.66,1360.20,14.29,14.02,1532.07,1532.07,0.32,139.37,139.29,0.38,232.42,0,0,0.0,0.0,0,0.000,
17.9.2026,23:5:8.463,6037,33475,15.2,5754,10428,35.5,0.0,23329,0,0.766,0.795,0.762,0.757,0.750,0.686,0.693,1200.0,1200.0,1200.0,1200.0,1200.0,100.0,1000.0,29.9,127.0,80.7,26.9,4.0,0.3,0.2,0.2,0.2,29.9,2.2,10.3,6.5,1.1,0.0,0.0,0.0,0.0,0.0,10.3,2.2,100.0,1.1,4.4,3.0,1.1,0.2,0.0,0.0,0.0,0.0,1.1,12.0,12.0,12.0,12.0,12.0,10.0,38,36,40,38,38,62,64,60,62,62,40,40,否,否,否,否,否,否,否,否,否,否,否,否,否,否,否,否,否,否,39,39,41,0.250,1.576,0.190,0.007,3.661,0.672,0.226,0.444,35.0,30.0,64.0,64.0,0,18.0,5.9,1.5,2.5,53.1,2.8,12.6,7.6,1.4,0.4,0.0,0.0,0.0,0.0,95.4,83.4,98.3,99.9,99.9,1066.7,10.67,15,15,15,35,74,374,1,2,否,否,否,否,否,否,否,否,否,否,否,否,否,否,否,否,否,否,否,否,否,否,否,否,否,否,否,否,否,否,否,否,否,否,否,否,否,39.0,38,38,37,97.0,100.0,否,否,24293,21074,0.0,1.1,1.1,0.000,0.012,5715,2058,40,0.005,100.0,1066.0,0.0,0.0,0.0,0.0,0.0,0.0,0.0,317,否,否,否,否,否,否,7.448,22.362,54.1,-7.478,25.2,179.4,7.2,60.6,0.7,0.7,0.7,0.7,7.2,60.3,0.7,0.7,0.7,0.7,139.66,1360.20,14.29,14.02,1532.07,1532.07,0.32,139.37,139.29,0.38,232.42,0,0,0.0,0.0,0,0.000,
17.9.2026,23:5:10.460,6036,33475,15.2,5752,10430,35.5,0.0,23329,0,0.767,0.797,0.765,0.755,0.750,0.688,0.693,1200.0,1200.0,1200.0,1200.0,1200.0,100.0,1000.0,30.9,140.6,89.4,16.1,0.2,0.2,0.2,0.2,0.2,30.9,2.8,11.9,7.6,1.2,0.3,0.3,0.3,0.3,0.3,11.9,2.8,100.0,1.1,5.0,3.4,0.7,0.0,0.0,0.0,0.0,0.0,1.1,12.0,12.0,12.0,12.0,12.0,10.0,38,35,39,39,37,62,65,61,61,63,40,39,否,否,否,否,否,否,否,否,否,否,否,否,否,否,否,否,否,否,39,39,40,0.250,1.568,0.173,0.005,3.744,0.681,0.226,0.440,35.0,30.0,64.0,64.0,0,17.8,6.2,1.7,2.4,51.8,2.8,13.6,8.2,0.9,0.0,0.0,0.0,0.0,0.0,95.2,82.0,99.1,99.9,99.9,1066.7,10.67,15,15,15,35,74,374,1,2,否,否,否,否,否,否,否,否,否,否,否,否,否,否,否,否,否,否,否,否,否,否,否,否,否,否,否,否,否,否,否,否,否,否,否,否,否,38.0,38,38,36,97.0,100.0,否,否,24293,21074,0.0,1.4,1.4,0.000,0.065,5715,2058,40,0.007,100.0,1066.0,0.0,0.0,0.0,0.0,0.0,0.0,0.0,317,否,否,否,否,否,否,7.447,22.355,54.1,-7.447,25.2,180.1,7.2,60.6,0.7,0.7,0.7,0.7,7.2,60.3,0.7,0.7,0.7,0.7,139.66,1360.20,14.29,14.02,1532.07,1532.07,0.32,139.37,139.29,0.38,232.42,0,0,0.0,0.0,0,0.000,
17.9.2026,23:5:12.469,6037,33474,15.2,5751,10431,35.5,0.0,23329,0,0.766,0.795,0.765,0.757,0.747,0.688,0.693,1200.0,1200.0,1200.0,1200.0,1200.0,100.0,1000.0,31.4,138.0,86.8,25.0,0.2,0.4,0.2,0.2,0.2,31.4,2.2,11.0,7.0,0.0,0.0,0.0,0.0,0.0,0.0,11.0,2.2,100.0,1.1,4.8,3.2,1.0,0.0,0.0,0.0,0.0,0.0,1.1,12.0,12.0,12.0,12.0,12.0,10.0,38,36,39,39,38,62,64,61,61,62,40,39,否,否,否,否,否,否,否,否,否,否,否,否,否,否,否,否,否,否,40,39,40,0.250,1.726,0.183,0.007,4.337,0.694,0.212,0.578,35.0,30.0,64.0,64.0,0,17.3,11.3,1.3,2.1,47.2,2.9,13.5,8.1,1.7,0.0,0.0,0.0,0.0,0.0,95.1,82.3,98.2,99.9,99.9,1066.7,10.67,15,15,15,35,74,374,1,2,否,否,否,否,否,否,否,否,否,否,否,否,否,否,否,否,否,否,否,否,否,否,否,否,否,否,否,否,否,否,否,否,否,否,否,否,否,40.0,38,38,36,97.0,100.0,否,否,24293,21074,0.0,2.0,2.0,0.000,0.155,5715,2058,40,0.005,100.0,1066.0,0.0,0.0,0.0,0.0,0.0,0.0,0.0,317,否,否,否,否,否,否,7.446,22.355,54.1,-7.483,25.2,179.2,7.2,60.6,0.7,0.7,0.7,0.7,7.2,60.3,0.7,0.7,0.7,0.7,139.66,1360.20,14.29,14.02,1532.07,1532.07,0.32,139.37,139.29,0.38,232.42,0,0,0.0,0.0,0,0.000,
17.9.2026,23:5:14.476,6037,33475,15.2,5750,10432,35.5,0.0,23329,0,0.762,0.797,0.757,0.747,0.747,0.686,0.736,1150.0,1200.0,1100.0,1100.0,1200.0,100.0,1000.0,29.2,134.8,78.4,19.0,0.2,0.9,0.2,0.2,0.2,29.2,2.6,11.2,6.7,3.1,0.0,0.0,0.0,0.0,0.0,11.2,2.6,100.0,1.1,4.8,2.9,0.8,0.0,0.0,0.0,0.0,0.0,1.1,11.5,12.0,11.0,11.0,12.0,10.0,38,35,40,38,38,62,65,60,62,62,40,40,否,否,否,否,否,否,否,否,否,否,否,否,否,否,否,否,否,否,40,38,40,0.250,1.512,0.162,0.007,3.585,0.653,0.214,0.430,35.0,30.0,64.0,64.0,0,18.0,5.6,1.9,2.4,53.0,2.7,12.9,7.2,1.2,0.0,0.1,0.0,0.0,0.0,95.5,83.4,98.7,99.9,99.9,1066.7,10.67,15,15,15,35,74,374,1,2,否,否,否,否,否,否,否,否,否,否,否,否,否,否,否,否,否,否,否,否,否,否,否,否,否,否,否,否,否,否,否,否,否,否,否,否,否,38.0,37,37,36,97.0,100.0,否,否,24293,21074,0.0,1.4,1.4,0.000,0.016,5715,2058,40,0.007,100.0,1066.0,0.0,0.0,0.0,0.0,0.0,0.0,0.0,317,否,否,否,否,否,否,7.449,22.347,54.1,-7.456,25.2,179.8,7.2,60.6,0.7,0.7,0.7,0.7,7.2,60.3,0.7,0.7,0.7,0.7,139.66,1360.20,14.29,14.02,1532.07,1532.07,0.32,139.37,139.29,0.38,232.42,0,0,0.0,0.0,0,0.000,
17.9.2026,23:5:16.489,6091,33420,15.4,5813,10369,35.9,0.0,23329,0,0.762,0.797,0.757,0.747,0.745,0.688,0.736,1125.0,1200.0,1100.0,1100.0,1100.0,100.0,1000.0,113.1,297.3,245.4,167.3,133.4,32.2,22.1,3.9,3.2,113.1,8.1,21.7,17.6,11.1,10.6,0.0,2.2,0.8,0.8,21.7,8.1,100.0,4.5,11.5,9.8,6.7,5.4,1.3,0.9,0.1,0.1,4.5,11.2,12.0,11.0,11.0,11.0,10.0,38,35,39,39,38,62,65,61,61,62,40,39,否,否,否,否,否,否,否,否,否,否,否,否,否,否,否,否,否,否,41,38,40,0.250,2.662,0.650,0.005,6.680,0.885,0.351,0.773,35.0,30.0,64.0,64.0,0,12.7,8.4,1.2,2.4,33.4,8.6,23.8,18.8,11.9,9.7,2.5,1.8,0.3,0.3,85.5,64.6,81.5,96.4,99.4,1066.7,10.67,15,15,15,35,74,374,1,2,是,否,否,否,否,否,否,否,否,否,是,否,否,否,否,否,否,否,否,否,否,否,否,否,否,否,否,否,否,否,否,否,否,否,否,否,否,38.0,37,37,37,97.0,100.0,否,否,24293,21074,0.0,2.5,2.5,0.000,0.102,5715,2059,40,0.007,100.0,1066.0,0.0,0.0,0.0,0.0,0.0,0.0,0.0,333,否,否,否,否,否,否,7.401,22.339,54.1,-7.630,25.2,175.7,7.2,60.6,0.7,0.7,0.7,0.7,7.2,60.3,0.7,0.7,0.7,0.7,139.66,1360.20,14.29,14.02,1532.07,1532.07,0.32,139.37,139.29,0.38,232.42,0,0,0.0,0.0,0,0.000,
17.9.2026,23:5:18.479,6092,33420,15.4,5815,10367,35.9,0.0,23329,0,0.762,0.795,0.757,0.750,0.745,0.688,0.693,1125.0,1200.0,1100.0,1100.0,1100.0,100.0,1000.0,30.4,119.0,89.5,29.9,3.7,0.4,0.2,0.2,0.2,30.4,3.2,9.6,7.5,2.0,0.0,6.5,0.0,0.0,0.0,9.6,3.2,100.0,1.1,4.1,3.3,1.2,0.1,0.0,0.0,0.0,0.0,1.1,11.2,12.0,11.0,11.0,11.0,10.0,38,36,39,40,38,62,64,61,60,62,41,40,否,否,否,否,否,否,否,否,否,否,否,否,否,否,否,否,否,否,39,39,39,0.250,1.660,0.177,0.008,3.977,0.690,0.224,0.517,35.0,30.0,64.0,64.0,0,17.7,8.3,1.6,2.2,50.3,2.8,11.8,8.5,2.1,0.3,0.0,0.0,0.0,0.0,95.2,83.4,97.6,99.9,99.9,1066.7,10.67,15,15,15,35,74,374,1,2,否,否,否,否,否,否,否,否,否,否,否,否,否,否,否,否,否,否,否,否,否,否,否,否,否,否,否,否,否,否,否,否,否,否,否,否,否,38.0,37,37,36,97.0,100.0,否,否,24293,21074,0.0,1.1,1.1,0.000,0.049,5715,2059,41,0.005,100.0,1066.0,0.0,0.0,0.0,0.0,0.0,0.0,0.0,333,否,否,否,否,否,否,7.450,22.339,54.1,-7.651,25.2,175.2,7.2,60.6,0.7,0.7,0.7,0.7,7.2,60.3,0.7,0.7,0.7,0.7,139.66,1360.20,14.29,14.02,1532.07,1532.07,0.32,139.37,139.29,0.38,232.42,0,0,0.0,0.0,0,0.000,
17.9.2026,23:5:20.496,6094,33417,15.4,5816,10366,35.9,0.0,23329,0,0.766,0.795,0.765,0.755,0.750,0.688,0.693,1200.0,1200.0,1200.0,1200.0,1200.0,100.0,1000.0,35.2,146.9,95.8,33.5,0.6,3.9,0.2,0.3,0.2,35.2,3.1,12.2,8.2,2.6,1.3,0.8,0.0,0.0,0.0,12.2,3.1,100.0,1.3,5.2,3.6,1.4,0.0,0.2,0.0,0.0,0.0,1.3,12.0,12.0,12.0,12.0,12.0,10.0,38,36,38,38,38,62,64,62,62,62,40,38,否,否,否,否,否,否,否,否,否,否,否,否,否,否,否,否,否,否,40,40,40,0.250,1.715,0.205,0.006,4.225,0.690,0.222,0.545,35.0,30.0,64.0,64.0,0,17.3,9.1,1.3,2.0,48.8,3.1,13.9,8.6,2.1,0.1,0.4,0.0,0.0,0.0,94.7,81.6,97.7,99.6,99.9,1066.7,10.67,15,15,15,35,74,374,1,2,否,否,否,否,否,否,否,否,否,否,否,否,否,否,否,否,否,否,否,否,否,否,否,否,否,否,否,否,否,否,否,否,否,否,否,否,否,38.0,37,37,37,97.0,100.0,否,否,24293,21074,0.0,1.5,1.5,0.004,0.024,5715,2059,40,0.008,100.0,1066.0,0.0,0.0,0.0,0.0,0.0,0.0,0.0,333,否,否,否,否,否,否,7.442,22.332,54.1,-7.635,25.2,175.5,7.2,60.6,0.7,0.7,0.7,0.7,7.2,60.3,0.7,0.7,0.7,0.7,139.66,1360.20,14.29,14.02,1532.07,1532.07,0.32,139.37,139.29,0.38,232.42,0,0,0.0,0.0,0,0.000,
17.9.2026,23:5:22.497,6093,33418,15.4,5815,10367,35.9,0.0,23329,0,0.761,0.792,0.757,0.750,0.745,0.681,0.693,1100.0,1100.0,1100.0,1100.0,1100.0,100.0,900.0,40.5,171.2,108.3,38.0,5.8,0.4,0.2,0.3,0.2,40.5,3.1,13.5,8.5,2.2,0.0,0.0,0.3,0.3,0.3,13.5,3.1,100.0,1.5,6.4,4.2,1.5,0.2,0.0,0.0,0.0,0.0,1.5,11.0,11.0,11.0,11.0,11.0,9.0,38,35,39,39,38,62,65,61,61,62,40,39,否,否,否,否,否,否,否,否,否,否,否,否,否,否,否,否,否,否,40,38,40,0.250,1.829,0.214,0.008,4.635,0.758,0.240,0.563,35.0,30.0,64.0,64.0,0,16.5,10.7,1.6,3.7,42.6,3.6,15.8,9.6,2.8,0.5,0.0,0.0,0.0,0.0,93.8,78.5,96.8,99.9,99.9,1066.7,10.67,15,15,15,35,74,374,1,2,否,否,否,否,否,否,否,否,否,否,否,否,否,否,否,否,否,否,否,否,否,否,否,否,否,否,否,否,否,否,否,否,否,否,否,否,否,38.0,37,37,37,97.0,100.0,否,否,24293,21074,0.0,2.5,2.5,0.000,0.106,5715,2059,39,0.006,100.0,1066.0,0.0,0.0,0.0,0.0,0.0,0.0,0.0,333,否,否,否,否,否,否,7.442,22.332,54.1,-7.643,25.2,175.3,7.2,60.6,0.7,0.7,0.7,0.7,7.2,60.3,0.7,0.7,0.7,0.7,139.66,1360.20,14.29,14.02,1532.07,1532.07,0.32,139.37,139.29,0.38,232.42,0,0,0.0,0.0,0,0.000,
17.9.2026,23:5:24.506,6094,33418,15.4,5824,10359,35.9,0.0,23329,0,0.767,0.800,0.765,0.752,0.750,0.688,0.696,1200.0,1200.0,1200.0,1200.0,1200.0,100.0,1000.0,31.8,142.3,71.4,27.1,11.3,0.8,0.2,1.2,0.2,31.8,3.0,12.0,6.4,2.8,1.4,1.3,0.0,0.0,0.0,12.0,3.0,100.0,1.2,5.1,2.7,1.1,0.5,0.0,0.0,0.0,0.0,1.2,12.0,12.0,12.0,12.0,12.0,10.0,38,35,39,39,38,62,65,61,61,62,40,39,否,否,否,否,否,否,否,否,否,否,否,否,否,否,否,否,否,否,39,39,39,0.250,1.538,0.168,0.005,3.564,0.683,0.241,0.410,35.0,30.0,64.0,64.0,0,17.8,4.3,1.3,2.5,54.1,2.9,13.4,6.6,2.4,1.0,0.1,0.0,0.1,0.0,95.1,83.3,97.2,99.9,99.8,1066.7,10.67,15,15,15,35,74,374,1,2,否,否,否,否,否,否,否,否,否,否,否,否,否,否,否,否,否,否,否,否,否,否,否,否,否,否,否,否,否,否,否,否,否,否,否,否,否,38.0,37,37,36,97.0,100.0,否,否,24293,21074,0.0,1.0,1.0,0.000,0.057,5715,2059,40,0.008,100.0,1066.0,0.0,0.0,0.0,0.0,0.0,0.0,0.0,333,否,否,否,否,否,否,7.448,22.324,54.0,-7.619,25.2,175.8,7.2,60.6,0.7,0.7,0.7,0.7,7.2,60.3,0.7,0.7,0.7,0.7,139.66,1360.20,14.29,14.02,1532.07,1532.07,0.32,139.37,139.29,0.38,232.42,0,0,0.0,0.0,0,0.000,
17.9.2026,23:5:26.505,6094,33418,15.4,5822,10360,35.9,0.0,23329,0,0.761,0.792,0.757,0.747,0.745,0.681,0.693,1100.0,1100.0,1100.0,1100.0,1100.0,100.0,900.0,32.9,143.7,91.4,14.9,9.2,1.5,0.3,2.0,0.3,32.9,2.7,11.6,7.5,1.3,0.8,0.2,0.1,0.3,0.1,11.6,2.7,100.0,1.2,5.2,3.5,0.5,0.4,0.1,0.0,0.1,0.0,1.2,11.0,11.0,11.0,11.0,11.0,9.0,37,34,39,39,37,63,66,61,61,63,40,39,否,否,否,否,否,否,否,否,否,否,否,否,否,否,否,否,否,否,40,40,40,0.250,1.919,0.199,0.007,4.864,0.745,0.222,0.695,35.0,30.0,64.0,64.0,0,17.0,15.8,1.3,1.5,43.5,3.0,13.5,8.1,1.4,0.8,0.2,0.0,0.2,0.0,94.8,81.7,97.9,99.8,99.8,1066.7,10.67,15,15,15,35,74,374,1,2,否,否,否,否,否,否,否,否,否,否,否,否,否,否,否,否,否,否,否,否,否,否,否,否,否,否,否,否,否,否,否,否,否,否,否,否,否,38.0,37,37,37,97.0,100.0,否,否,24293,21074,0.0,2.5,2.5,0.000,0.135,5715,2059,40,0.005,100.0,1066.0,0.0,0.0,0.0,0.0,0.0,0.0,0.0,333,否,否,否,否,否,否,7.433,22.324,54.0,-7.604,25.2,176.1,7.2,60.6,0.7,0.7,0.7,0.7,7.2,60.3,0.7,0.7,0.7,0.7,139.66,1360.20,14.29,14.02,1532.07,1532.07,0.32,139.37,139.29,0.38,232.42,0,0,0.0,0.0,0,0.000,
17.9.2026,23:5:28.507,6094,33418,15.4,5820,10362,35.9,0.0,23329,0,0.759,0.792,0.750,0.747,0.745,0.681,0.693,1075.0,1100.0,1000.0,1100.0,1100.0,100.0,900.0,29.4,113.5,72.7,34.1,10.7,1.6,0.8,1.1,0.8,29.4,2.6,9.0,5.8,1.9,0.4,0.0,1.2,1.2,1.2,9.0,2.6,100.0,1.1,3.9,2.7,1.3,0.4,0.1,0.0,0.0,0.0,1.1,10.8,11.0,10.0,11.0,11.0,9.0,38,34,38,40,38,62,66,62,60,62,40,40,否,否,否,否,否,否,否,否,否,否,否,否,否,否,否,否,否,否,41,41,40,0.250,1.561,0.179,0.006,3.621,0.679,0.231,0.430,35.0,30.0,64.0,64.0,0,18.0,6.2,1.4,2.4,53.0,2.8,11.4,6.9,2.5,0.9,0.2,0.1,0.1,0.1,95.2,84.3,96.8,99.8,99.9,1066.7,10.67,15,15,15,35,74,374,1,2,否,否,否,否,否,否,否,否,否,否,否,否,否,否,否,否,否,否,否,否,否,否,否,否,否,否,否,否,否,否,否,否,否,否,否,否,否,38.0,37,37,36,97.0,100.0,否,否,24293,21074,0.0,1.0,1.0,0.000,0.018,5715,2059,41,0.007,100.0,1066.0,0.0,0.0,0.0,0.0,0.0,0.0,0.0,333,否,否,否,否,否,否,7.440,22.316,54.0,-7.626,25.2,175.6,7.2,60.6,0.7,0.7,0.7,0.7,7.2,60.3,0.7,0.7,0.7,0.7,139.66,1360.20,14.29,14.02,1532.07,1532.07,0.32,139.37,139.29,0.38,232.42,0,0,0.0,0.0,0,0.000,
17.9.2026,23:5:30.527,6113,33399,15.4,5833,10349,36.0,0.0,23329,0,0.766,0.805,0.760,0.752,0.747,0.701,0.693,1250.0,1400.0,1200.0,1200.0,1200.0,100.0,1200.0,225.6,322.8,301.6,552.5,586.4,31.0,2.1,7.2,1.2,225.6,17.0,24.2,22.2,43.4,46.5,0.0,0.0,0.0,0.0,46.5,17.0,100.0,9.2,12.7,12.0,22.9,24.3,1.3,0.1,0.3,0.0,9.2,12.5,14.0,12.0,12.0,12.0,12.0,39,37,41,40,39,61,63,59,60,61,41,41,否,否,否,否,否,否,否,否,否,否,否,否,否,否,否,否,否,否,40,39,40,0.250,3.218,0.931,0.002,8.733,1.094,0.427,0.754,35.0,30.0,64.0,64.0,0,6.5,1.7,0.4,1.0,18.5,18.0,25.9,23.5,43.9,47.1,2.6,0.1,0.6,0.1,73.7,56.9,41.5,97.1,99.3,1600.0,16.00,22,22,22,52,74,560,1,2,是,否,否,否,否,否,否,否,否,否,是,否,否,否,否,否,否,否,否,否,否,否,否,否,否,否,否,否,否,否,否,否,否,否,否,否,否,38.0,37,37,37,97.0,100.0,否,否,24293,21074,1.0,4.2,5.2,1.120,0.221,5717,2060,41,0.006,100.0,1066.0,0.0,0.0,0.0,0.0,0.0,0.0,0.0,333,否,否,否,否,否,否,7.351,22.309,54.0,-7.719,25.2,173.4,7.2,60.6,0.7,0.7,0.7,0.7,7.2,60.3,0.7,0.7,0.7,0.7,139.66,1360.20,14.29,14.02,1532.07,1532.07,0.32,139.37,139.29,0.38,232.42,0,0,0.0,0.0,0,0.000,
17.9.2026,23:5:32.529,6107,33404,15.4,5825,10357,35.9,0.0,23329,0,0.765,0.795,0.762,0.752,0.750,0.688,0.693,1200.0,1200.0,1200.0,1200.0,1200.0,100.0,1000.0,141.6,190.4,159.9,375.9,360.7,19.7,15.7,10.4,0.2,141.6,11.6,15.1,13.2,30.1,29.4,1.7,2.1,0.1,0.8,30.1,11.6,100.0,5.8,7.2,6.5,15.6,15.1,0.8,0.6,0.4,0.0,5.8,12.0,12.0,12.0,12.0,12.0,10.0,38,36,40,39,38,62,64,60,61,62,41,40,否,否,否,否,否,否,否,否,否,否,否,否,否,否,否,否,否,否,40,38,40,0.250,2.375,0.539,0.004,6.872,0.905,0.316,0.569,35.0,30.0,64.0,64.0,0,10.7,5.6,1.0,1.2,31.0,11.7,16.8,13.5,30.3,29.3,1.7,1.3,0.9,0.0,83.2,75.1,60.8,97.9,99.1,1066.7,10.67,15,15,15,35,74,374,1,2,是,否,否,否,否,否,否,否,否,否,是,否,否,否,否,否,否,否,否,否,否,否,否,否,否,否,否,否,否,否,否,否,否,否,否,否,否,38.0,37,37,38,97.0,100.0,否,否,24293,21074,0.2,1.4,1.6,0.030,0.096,5717,2060,40,0.002,100.0,1599.0,0.0,0.0,0.0,0.0,0.0,0.0,0.0,333,否,否,否,否,否,否,7.411,22.309,54.0,-8.152,25.2,164.2,7.2,60.6,0.7,0.7,0.7,0.7,7.2,60.3,0.7,0.7,0.7,0.7,139.66,1360.20,14.29,14.02,1532.07,1532.07,0.32,139.37,139.29,0.38,232.42,0,0,0.0,0.0,0,0.000,
17.9.2026,23:5:34.537,6107,33405,15.4,5826,10357,36.0,0.0,23329,0,0.767,0.797,0.765,0.755,0.750,0.688,0.736,1200.0,1200.0,1200.0,1200.0,1200.0,100.0,1000.0,30.2,133.1,71.9,30.2,5.2,0.4,0.2,0.2,0.2,30.2,3.0,11.6,6.3,2.6,0.9,2.1,0.0,0.5,0.0,11.6,3.0,100.0,1.1,4.7,2.6,1.2,0.2,0.0,0.0,0.0,0.0,1.1,12.0,12.0,12.0,12.0,12.0,10.0,37,36,39,38,36,63,64,61,62,64,40,39,否,否,否,否,否,否,否,否,否,否,否,否,否,否,否,否,否,否,39,39,40,0.250,1.451,0.154,0.007,3.348,0.656,0.228,0.370,35.0,30.0,64.0,64.0,0,17.8,3.8,1.7,2.2,55.0,2.8,13.2,6.7,2.3,0.4,0.0,0.0,0.0,0.0,95.2,83.5,97.5,99.9,99.9,1066.7,10.67,15,15,15,35,74,374,1,2,否,否,否,否,否,否,否,否,否,否,否,否,否,否,否,否,否,否,否,否,否,否,否,否,否,否,否,否,否,否,否,否,否,否,否,否,否,39.0,37,37,37,97.0,100.0,否,否,24293,21074,0.0,0.5,0.5,0.000,0.008,5717,2060,40,0.004,100.0,1066.0,0.0,0.0,0.0,0.0,0.0,0.0,0.0,333,否,否,否,否,否,否,7.436,22.301,54.0,-8.083,25.2,165.5,7.2,60.6,0.7,0.7,0.7,0.7,7.2,60.3,0.7,0.7,0.7,0.7,139.66,1360.20,14.29,14.02,1532.07,1532.07,0.32,139.37,139.29,0.38,232.42,0,0,0.0,0.0,0,0.000,
17.9.2026,23:5:36.543,6109,33403,15.4,5836,10346,36.0,0.0,23329,0,0.767,0.792,0.765,0.765,0.747,0.826,0.693,1275.0,1200.0,1200.0,1500.0,1200.0,100.0,2700.0,57.6,202.1,146.1,77.7,20.4,11.5,1.3,1.3,0.2,57.6,4.2,13.4,9.5,5.6,1.4,2.2,0.0,1.4,0.0,13.4,4.2,100.0,2.2,7.5,5.5,3.1,0.8,0.5,0.1,0.0,0.0,2.2,12.8,12.0,12.0,15.0,12.0,27.0,39,38,40,40,38,61,62,60,60,62,41,40,否,否,否,否,否,否,否,否,否,否,否,否,否,否,否,否,否,否,41,39,41,0.250,2.024,0.366,0.007,4.963,0.784,0.267,0.561,35.0,30.0,64.0,64.0,0,15.7,7.1,1.2,1.8,44.9,4.4,15.5,10.7,6.1,1.7,1.0,0.1,0.1,0.0,92.2,77.5,92.4,98.9,99.8,1066.7,10.67,15,15,15,35,74,374,1,2,否,否,否,否,否,否,否,否,否,否,否,否,否,否,否,否,否,否,否,否,否,否,否,否,否,否,否,否,否,否,否,否,否,否,否,否,否,38.0,37,37,36,97.0,100.0,否,否,24293,21074,0.1,1.6,1.8,0.172,0.059,5717,2060,40,0.007,100.0,1066.0,0.0,0.0,0.0,0.0,0.0,0.0,0.0,333,否,否,否,否,否,否,7.409,22.301,54.0,-7.950,25.2,168.3,7.2,60.6,0.7,0.7,0.7,0.7,7.2,60.3,0.7,0.7,0.7,0.7,139.66,1360.20,14.29,14.02,1532.07,1532.07,0.32,139.37,139.29,0.38,232.42,0,0,0.0,0.0,0,0.000,
17.9.2026,23:5:38.564,6104,33408,15.4,5835,10348,36.0,0.0,23329,0,0.767,0.795,0.765,0.757,0.750,0.688,0.693,1200.0,1200.0,1200.0,1200.0,1200.0,100.0,1000.0,54.6,177.3,108.4,74.2,50.3,17.4,0.3,8.5,0.2,54.6,3.6,13.1,7.6,3.7,3.7,0.0,0.5,0.0,0.5,13.1,3.6,100.0,2.1,6.6,4.2,2.9,2.0,0.7,0.0,0.3,0.0,2.1,12.0,12.0,12.0,12.0,12.0,10.0,37,35,38,38,37,63,65,62,62,63,40,38,否,否,否,否,否,否,否,否,否,否,否,否,否,否,否,否,否,否,40,39,40,0.250,1.901,0.350,0.006,4.539,0.775,0.279,0.465,35.0,30.0,64.0,64.0,0,16.1,6.1,1.8,3.4,44.4,4.3,15.3,8.7,4.3,4.1,1.0,0.0,0.7,0.0,92.2,77.6,93.0,98.9,99.2,1066.7,10.67,15,15,15,35,74,374,1,2,是,否,否,否,否,否,否,否,否,否,是,否,否,否,否,否,否,否,否,否,否,否,否,否,否,否,否,否,否,否,否,否,否,否,否,否,否,38.0,37,37,36,97.0,100.0,否,否,24293,21074,0.0,1.9,1.9,0.000,0.124,5717,2060,40,0.007,100.0,1066.0,0.0,0.0,0.0,0.0,0.0,0.0,0.0,333,否,否,否,否,否,否,7.440,22.301,54.0,-8.117,25.2,164.8,7.2,60.6,0.7,0.7,0.7,0.7,7.2,60.3,0.7,0.7,0.7,0.7,139.66,1360.20,14.29,14.02,1532.07,1532.07,0.32,139.37,139.29,0.38,232.42,0,0,0.0,0.0,0,0.000,
17.9.2026,23:5:40.569,6104,33408,15.4,5833,10349,36.0,0.0,23329,0,0.762,0.795,0.757,0.750,0.745,0.688,0.693,1125.0,1200.0,1100.0,1100.0,1100.0,100.0,1000.0,35.9,142.9,110.7,29.7,2.2,1.2,0.2,0.2,0.2,35.9,2.9,11.1,8.6,2.0,0.1,1.6,0.0,0.0,0.0,11.1,2.9,100.0,1.3,5.0,4.2,1.2,0.1,0.0,0.0,0.0,0.0,1.3,11.2,12.0,11.0,11.0,11.0,10.0,37,36,39,38,36,63,64,61,62,64,40,39,否,否,否,否,否,否,否,否,否,否,否,否,否,否,否,否,否,否,39,38,39,0.250,1.747,0.210,0.004,4.326,0.705,0.226,0.554,35.0,30.0,64.0,64.0,0,17.0,10.2,1.4,1.7,47.9,3.2,13.2,9.7,2.1,0.2,0.1,0.0,0.0,0.0,94.6,81.0,97.7,99.8,99.9,1066.7,10.67,15,15,15,35,74,374,1,2,否,否,否,否,否,否,否,否,否,否,否,否,否,否,否,否,否,否,否,否,否,否,否,否,否,否,否,否,否,否,否,否,否,否,否,否,否,39.0,37,37,37,97.0,100.0,否,否,24293,21074,0.0,1.7,1.7,0.000,0.493,5717,2061,40,0.006,100.0,1066.0,0.0,0.0,0.0,0.0,0.0,0.0,0.0,333,否,否,否,否,否,否,7.439,22.294,54.0,-8.049,25.2,166.2,7.2,60.6,0.7,0.7,0.7,0.7,7.2,60.3,0.7,0.7,0.7,0.7,139.66,1360.20,14.29,14.02,1532.07,1532.07,0.32,139.37,139.29,0.38,232.42,0,0,0.0,0.0,0,0.000,
17.9.2026,23:5:42.573,6104,33408,15.4,5833,10350,36.0,0.0,23329,0,0.767,0.797,0.765,0.757,0.750,0.691,0.693,1200.0,1200.0,1200.0,1200.0,1200.0,100.0,1000.0,31.6,142.9,77.9,27.4,3.9,0.4,0.2,0.2,0.2,31.6,2.8,12.5,7.2,2.4,0.0,0.0,0.0,0.0,0.0,12.5,2.8,100.0,1.2,5.1,2.9,1.1,0.2,0.0,0.0,0.0,0.0,1.2,12.0,12.0,12.0,12.0,12.0,10.0,37,35,39,38,36,63,65,61,62,64,39,39,否,否,否,否,否,否,否,否,否,否,否,否,否,否,否,否,否,否,40,38,40,0.250,1.870,0.199,0.007,4.777,0.712,0.205,0.686,35.0,30.0,64.0,64.0,0,17.1,15.3,1.3,1.6,44.0,3.0,14.1,7.4,1.8,0.3,0.0,0.0,0.0,0.0,95.1,82.5,97.9,99.9,99.9,1066.7,10.67,15,15,15,35,74,374,1,2,否,否,否,否,否,否,否,否,否,否,否,否,否,否,否,否,否,否,否,否,否,否,否,否,否,否,否,否,否,否,否,否,否,否,否,否,否,39.0,37,37,36,97.0,100.0,否,否,24293,21074,0.0,3.0,3.0,0.000,0.124,5717,2061,40,0.004,100.0,1066.0,0.0,0.0,0.0,0.0,0.0,0.0,0.0,333,否,否,否,否,否,否,7.443,22.294,54.0,-8.038,25.2,166.4,7.2,60.6,0.7,0.7,0.7,0.7,7.2,60.3,0.7,0.7,0.7,0.7,139.66,1360.20,14.29,14.02,1532.07,1532.07,0.32,139.37,139.29,0.38,232.42,0,0,0.0,0.0,0,0.000,
17.9.2026,23:5:44.600,6103,33409,15.4,5831,10351,36.0,0.0,23329,0,0.766,0.797,0.765,0.752,0.750,0.688,0.693,1200.0,1200.0,1200.0,1200.0,1200.0,100.0,1000.0,29.8,144.9,84.6,8.2,0.2,0.3,0.2,0.2,0.2,29.8,2.6,11.7,6.6,0.0,0.6,0.0,0.6,0.6,0.6,11.7,2.6,100.0,1.1,5.2,3.1,0.3,0.0,0.0,0.0,0.0,0.0,1.1,12.0,12.0,12.0,12.0,12.0,10.0,38,36,38,40,38,62,64,62,60,62,40,40,否,否,否,否,否,否,否,否,否,否,否,否,否,否,否,否,否,否,40,39,39,0.250,1.617,0.152,0.007,3.882,0.693,0.228,0.496,35.0,30.0,64.0,64.0,0,17.8,7.8,1.5,2.4,50.6,2.8,13.8,7.6,0.7,0.0,0.0,0.0,0.0,0.0,95.3,82.3,99.2,99.9,99.9,1066.7,10.67,15,15,15,35,74,374,1,2,否,否,否,否,否,否,否,否,否,否,否,否,否,否,否,否,否,否,否,否,否,否,否,否,否,否,否,否,否,否,否,否,否,否,否,否,否,38.0,37,37,37,97.0,100.0,否,否,24293,21074,0.0,1.4,1.4,0.000,0.051,5717,2062,40,0.007,100.0,1066.0,0.0,0.0,0.0,0.0,0.0,0.0,0.0,333,否,否,否,否,否,否,7.447,22.286,53.9,-8.006,25.2,167.0,7.2,60.6,0.7,0.7,0.7,0.7,7.2,60.3,0.7,0.7,0.7,0.7,139.66,1360.20,14.29,14.02,1532.07,1532.07,0.32,139.37,139.29,0.38,232.42,0,0,0.0,0.0,0,0.000,
17.9.2026,23:5:46.610,6057,33454,15.3,5796,10386,35.8,0.0,23329,0,0.767,0.797,0.767,0.757,0.747,0.691,0.736,1200.0,1200.0,1200.0,1200.0,1200.0,100.0,1000.0,45.6,185.0,141.3,31.6,4.5,1.4,0.3,0.5,0.3,45.6,4.8,13.8,10.5,14.4,0.0,0.0,0.0,0.0,0.0,14.4,4.8,100.0,1.7,6.8,5.4,1.3,0.2,0.0,0.0,0.0,0.0,1.7,12.0,12.0,12.0,12.0,12.0,10.0,36,35,36,37,37,64,65,64,63,63,40,37,否,否,否,否,否,否,否,否,否,否,否,否,否,否,否,否,否,否,40,38,40,0.250,1.805,0.242,0.006,4.689,0.714,0.236,0.564,35.0,30.0,64.0,64.0,0,16.6,8.9,1.5,3.7,44.4,3.9,16.2,11.9,2.2,0.3,0.2,0.0,0.1,0.0,93.6,77.5,97.4,99.8,99.9,1066.7,10.67,15,15,15,35,74,374,1,2,是,否,否,否,否,否,否,否,否,否,是,否,否,否,否,否,否,否,否,否,否,否,否,否,否,否,否,否,否,否,否,否,否,否,否,否,否,38.0,37,37,36,97.0,100.0,否,否,24293,21074,0.0,1.8,1.8,0.000,0.158,5717,2062,39,0.007,100.0,1066.0,0.0,0.0,0.0,0.0,0.0,0.0,0.0,325,否,否,否,否,否,否,7.417,22.286,53.9,-7.892,25.2,169.4,7.2,60.6,0.7,0.7,0.7,0.7,7.2,60.3,0.7,0.7,0.7,0.7,139.66,1360.20,14.29,14.02,1532.07,1532.07,0.32,139.37,139.29,0.38,232.42,0,0,0.0,0.0,0,0.000,
17.9.2026,23:5:48.619,6056,33455,15.3,5792,10390,35.7,0.0,23329,0,0.761,0.792,0.760,0.747,0.745,0.683,0.693,1100.0,1100.0,1100.0,1100.0,1100.0,100.0,900.0,33.9,139.8,109.2,19.8,0.6,1.2,0.2,0.2,0.2,33.9,3.6,11.8,9.6,4.1,1.4,2.2,0.0,0.0,0.0,11.8,3.6,100.0,1.3,5.1,4.2,0.8,0.0,0.0,0.0,0.0,0.0,1.3,11.0,11.0,11.0,11.0,11.0,9.0,37,34,39,38,37,63,66,61,62,63,41,39,否,否,否,否,否,否,否,否,否,否,否,否,否,否,否,否,否,否,39,39,39,0.250,1.685,0.186,0.008,4.187,0.707,0.238,0.509,35.0,30.0,64.0,64.0,0,17.3,7.4,1.6,2.1,49.6,3.1,13.1,9.9,1.4,0.1,0.1,0.0,0.0,0.0,94.6,80.4,98.5,99.8,99.9,1066.7,10.67,15,15,15,35,74,374,1,2,否,否,否,否,否,否,否,否,否,否,否,否,否,否,否,否,否,否,否,否,否,否,否,否,否,否,否,否,否,否,否,否,否,否,否,否,否,39.0,37,37,36,97.0,100.0,否,否,24293,21074,0.0,0.5,0.5,0.000,0.010,5717,2062,40,0.006,100.0,1066.0,0.0,0.0,0.0,0.0,0.0,0.0,0.0,325,否,否,否,否,否,否,7.444,22.278,53.9,-8.017,25.2,166.7,7.2,60.6,0.7,0.7,0.7,0.7,7.2,60.3,0.7,0.7,0.7,0.7,139.66,1360.20,14.29,14.02,1532.07,1532.07,0.32,139.37,139.29,0.38,232.42,0,0,0.0,0.0,0,0.000,
17.9.2026,23:5:50.630,6056,33455,15.3,5791,10392,35.7,0.0,23329,0,0.766,0.802,0.765,0.750,0.747,0.691,0.736,1150.0,1200.0,1200.0,1100.0,1100.0,100.0,1000.0,28.7,116.5,78.1,26.7,5.0,1.0,0.2,1.6,0.2,28.7,5.0,9.4,6.3,2.0,0.1,2.1,0.0,19.9,0.0,19.9,5.0,100.0,1.0,4.1,3.0,1.1,0.2,0.0,0.0,0.1,0.0,1.0,11.5,12.0,12.0,11.0,11.0,10.0,36,33,38,38,36,64,67,62,62,64,40,38,否,否,否,否,否,否,否,否,否,否,否,否,否,否,否,否,否,否,40,38,40,0.250,1.496,0.148,0.005,3.625,0.655,0.215,0.426,35.0,30.0,64.0,64.0,0,17.8,6.5,1.8,2.4,51.8,2.8,11.6,7.3,2.4,0.4,0.1,0.0,0.2,0.0,95.2,83.9,97.3,99.8,99.8,1066.7,10.67,15,15,15,35,74,374,1,2,否,否,否,否,否,否,否,否,否,否,否,否,否,否,否,否,否,否,否,否,否,否,否,否,否,否,否,否,否,否,否,否,否,否,否,否,否,37.0,37,37,36,97.0,100.0,否,否,24293,21074,0.0,1.0,1.0,0.000,0.010,5717,2062,40,0.008,100.0,1066.0,0.0,0.0,0.0,0.0,0.0,0.0,0.0,325,否,否,否,否,否,否,7.437,22.278,53.9,-7.898,25.2,169.2,7.2,60.6,0.7,0.7,0.7,0.7,7.2,60.3,0.7,0.7,0.7,0.7,139.66,1360.20,14.29,14.02,1532.07,1532.07,0.32,139.37,139.29,0.38,232.42,0,0,0.0,0.0,0,0.000,
17.9.2026,23:5:52.643,6057,33455,15.3,5789,10393,35.7,0.0,23329,0,0.763,0.795,0.760,0.750,0.747,0.683,0.696,1100.0,1100.0,1100.0,1100.0,1100.0,100.0,900.0,30.0,119.5,70.4,36.0,11.2,1.1,0.2,1.7,0.2,30.0,2.6,9.7,5.6,2.4,0.5,1.3,0.5,0.0,0.5,9.7,2.6,100.0,1.1,4.2,2.6,1.5,0.5,0.0,0.0,0.1,0.0,1.1,11.0,11.0,11.0,11.0,11.0,9.0,36,32,39,38,37,64,68,61,62,63,41,39,否,否,否,否,否,否,否,否,否,否,否,否,否,否,否,否,否,否,40,38,40,0.250,1.680,0.172,0.007,4.167,0.694,0.220,0.537,35.0,30.0,64.0,64.0,0,17.6,10.5,1.7,2.2,47.8,2.8,12.0,6.6,2.8,0.9,0.1,0.0,0.2,0.0,95.0,84.1,96.4,99.8,99.8,1066.7,10.67,15,15,15,35,74,374,1,2,否,否,否,否,否,否,否,否,否,否,否,否,否,否,否,否,否,否,否,否,否,否,否,否,否,否,否,否,否,否,否,否,否,否,否,否,否,38.0,37,37,36,97.0,100.0,否,否,24293,21074,0.0,1.9,1.9,0.000,0.048,5717,2062,40,0.005,100.0,1066.0,0.0,0.0,0.0,0.0,0.0,0.0,0.0,325,否,否,否,否,否,否,7.444,22.271,53.9,-7.846,25.2,170.3,7.2,60.6,0.7,0.7,0.7,0.7,7.2,60.3,0.7,0.7,0.7,0.7,139.66,1360.20,14.29,14.02,1532.07,1532.07,0.32,139.37,139.29,0.38,232.42,0,0,0.0,0.0,0,0.000,
17.9.2026,23:5:54.655,6057,33455,15.3,5787,10396,35.7,0.0,23329,0,0.764,0.800,0.762,0.750,0.745,0.691,0.696,1125.0,1200.0,1100.0,1100.0,1100.0,100.0,1000.0,33.9,136.9,91.0,28.6,11.0,3.2,0.2,0.4,0.2,33.9,3.0,11.5,7.7,2.2,1.3,0.7,0.0,0.4,0.0,11.5,3.0,100.0,1.3,4.9,3.5,1.1,0.4,0.1,0.0,0.0,0.0,1.3,11.2,12.0,11.0,11.0,11.0,10.0,37,35,38,39,36,63,65,62,61,64,40,39,否,否,否,否,否,否,否,否,否,否,否,否,否,否,否,否,否,否,40,38,40,0.250,1.597,0.187,0.005,3.803,0.681,0.235,0.452,35.0,30.0,64.0,64.0,0,17.7,6.0,1.7,2.2,51.4,3.1,13.1,8.1,2.0,1.0,0.3,0.0,0.0,0.0,94.7,82.1,97.2,99.6,99.9,1066.7,10.67,15,15,15,35,74,374,1,2,否,否,否,否,否,否,否,否,否,否,否,否,否,否,否,否,否,否,否,否,否,否,否,否,否,否,否,否,否,否,否,否,否,否,否,否,否,39.0,37,37,36,97.0,100.0,否,否,24293,21074,0.0,1.4,1.4,0.000,0.026,5717,2062,40,0.007,100.0,1066.0,0.0,0.0,0.0,0.0,0.0,0.0,0.0,325,否,否,否,否,否,否,7.421,22.271,53.9,-7.755,25.2,172.3,7.2,60.6,0.7,0.7,0.7,0.7,7.2,60.3,0.7,0.7,0.7,0.7,139.66,1360.20,14.29,14.02,1532.07,1532.07,0.32,139.37,139.29,0.38,232.42,0,0,0.0,0.0,0,0.000,
17.9.2026,23:5:56.669,6056,33456,15.3,5785,10398,35.7,0.0,23329,0,0.764,0.797,0.760,0.750,0.747,0.683,0.696,1100.0,1100.0,1100.0,1100.0,1100.0,100.0,900.0,29.9,109.1,76.9,41.1,8.9,1.6,0.4,1.0,0.2,29.9,2.3,8.7,6.3,2.3,0.4,0.0,0.4,0.0,0.4,8.7,2.3,100.0,1.1,3.8,2.9,1.6,0.3,0.1,0.0,0.0,0.0,1.1,11.0,11.0,11.0,11.0,11.0,9.0,36,34,38,37,36,64,66,62,63,64,39,38,否,否,否,否,否,否,否,否,否,否,否,否,否,否,否,否,否,否,40,38,40,0.250,1.553,0.189,0.008,3.650,0.662,0.224,0.433,35.0,30.0,64.0,64.0,0,18.2,6.2,2.7,2.1,51.9,2.8,10.9,7.4,2.9,0.8,0.2,0.1,0.1,0.0,95.2,84.7,96.5,99.7,99.8,1066.7,10.67,15,15,15,35,74,374,1,2,否,否,否,否,否,否,否,否,否,否,否,否,否,否,否,否,否,否,否,否,否,否,否,否,否,否,否,否,否,否,否,否,否,否,否,否,否,38.0,37,37,36,97.0,100.0,否,否,24293,21074,0.0,1.5,1.5,0.000,0.075,5717,2062,40,0.005,100.0,1066.0,0.0,0.0,0.0,0.0,0.0,0.0,0.0,325,否,否,否,否,否,否,7.446,22.263,53.9,-7.751,25.2,172.3,7.2,60.6,0.7,0.7,0.7,0.7,7.2,60.3,0.7,0.7,0.7,0.7,139.66,1360.20,14.29,14.02,1532.07,1532.07,0.32,139.37,139.29,0.38,232.42,0,0,0.0,0.0,0,0.000,
17.9.2026,23:5:58.691,6057,33455,15.3,5785,10398,35.7,0.0,23329,0,0.763,0.797,0.757,0.750,0.747,0.683,0.736,1100.0,1100.0,1100.0,1100.0,1100.0,100.0,900.0,33.7,148.7,87.7,26.4,4.2,1.3,0.2,1.2,0.2,33.7,2.9,12.3,7.1,1.7,0.3,0.8,0.0,0.8,0.0,12.3,2.9,100.0,1.3,5.4,3.3,1.0,0.2,0.0,0.0,0.0,0.0,1.3,11.0,11.0,11.0,11.0,11.0,9.0,36,32,39,38,36,64,68,61,62,64,38,39,否,否,否,否,否,否,否,否,否,否,否,否,否,否,否,否,否,否,40,37,40,0.250,1.426,0.178,0.006,3.366,0.658,0.237,0.313,35.0,30.0,64.0,64.0,0,17.8,2.2,1.5,2.5,54.4,3.1,14.2,7.9,1.8,0.4,0.1,0.0,0.1,0.0,94.7,81.2,97.8,99.8,99.8,1066.7,10.67,15,15,15,35,74,374,1,2,否,否,否,否,否,否,否,否,否,否,否,否,否,否,否,否,否,否,否,否,否,否,否,否,否,否,否,否,否,否,否,否,否,否,否,否,否,38.0,37,37,35,97.0,100.0,否,否,24293,21074,0.0,0.0,0.0,0.000,0.008,5717,2062,39,0.008,100.0,1066.0,0.0,0.0,0.0,0.0,0.0,0.0,0.0,325,否,否,否,否,否,否,7.447,22.255,53.9,-7.670,25.2,174.1,7.2,60.6,0.7,0.7,0.7,0.7,7.2,60.3,0.7,0.7,0.7,0.7,139.66,1360.20,14.29,14.02,1532.07,1532.07,0.32,139.37,139.29,0.38,232.42,0,0,0.0,0.0,0,0.000,
17.9.2026,23:6:0.703,6056,33455,15.3,5786,10396,35.7,0.0,23329,0,0.758,0.792,0.752,0.745,0.742,0.683,0.736,1025.0,1100.0,1000.0,1000.0,1000.0,100.0,900.0,28.5,137.3,66.9,21.6,0.6,0.5,0.2,0.2,0.2,28.5,2.8,11.7,6.0,1.8,0.5,2.7,0.0,0.0,0.0,11.7,2.8,100.0,1.0,4.9,2.5,0.9,0.0,0.0,0.0,0.0,0.0,1.0,10.2,11.0,10.0,10.0,10.0,9.0,36,34,39,37,36,64,66,61,63,64,40,39,否,否,否,否,否,否,否,否,否,否,否,否,否,否,否,否,否,否,40,37,40,0.250,1.454,0.156,0.005,3.404,0.654,0.224,0.377,35.0,30.0,64.0,64.0,0,18.0,4.9,1.8,2.2,54.2,2.7,13.2,6.3,1.5,0.1,0.1,0.0,0.0,0.0,95.4,83.5,98.3,99.9,99.9,1066.7,10.67,15,15,15,35,74,374,1,2,否,否,否,否,否,否,否,否,否,否,否,否,否,否,否,否,否,否,否,否,否,否,否,否,否,否,否,否,否,否,否,否,否,否,否,否,否,38.0,37,37,35,97.0,100.0,否,否,24293,21074,0.0,0.5,0.5,0.000,0.014,5717,2062,41,0.006,100.0,1066.0,0.0,0.0,0.0,0.0,0.0,0.0,0.0,325,否,否,否,否,否,否,7.445,22.255,53.9,-7.594,25.2,175.8,7.2,60.6,0.7,0.7,0.7,0.7,7.2,60.3,0.7,0.7,0.7,0.7,139.66,1360.20,14.29,14.02,1532.07,1532.07,0.32,139.37,139.29,0.38,232.42,0,0,0.0,0.0,0,0.000,
17.9.2026,23:6:2.710,6056,33456,15.3,5790,10392,35.7,0.0,23329,0,0.761,0.792,0.757,0.750,0.745,0.683,0.736,1100.0,1100.0,1100.0,1100.0,1100.0,100.0,900.0,33.7,141.6,72.1,42.3,8.1,3.0,0.3,1.7,0.3,33.7,2.8,12.0,6.0,3.3,0.6,0.2,0.0,0.1,0.0,12.0,2.8,100.0,1.2,5.1,2.7,1.7,0.3,0.1,0.0,0.1,0.0,1.2,11.0,11.0,11.0,11.0,11.0,9.0,36,34,39,37,36,64,66,61,63,64,40,39,否,否,否,否,否,否,否,否,否,否,否,否,否,否,否,否,否,否,40,37,39,0.250,1.575,0.181,0.006,3.835,0.667,0.225,0.454,35.0,30.0,64.0,64.0,0,17.5,6.7,1.9,2.2,50.6,3.2,13.9,6.8,3.5,0.7,0.3,0.0,0.2,0.0,94.5,82.5,96.0,99.6,99.8,1066.7,10.67,15,15,15,35,74,374,1,2,否,否,否,否,否,否,否,否,否,否,否,否,否,否,否,否,否,否,否,否,否,否,否,否,否,否,否,否,否,否,否,否,否,否,否,否,否,38.0,37,37,35,97.0,100.0,否,否,24293,21074,0.0,1.0,1.0,0.000,0.043,5717,2062,40,0.005,100.0,1066.0,0.0,0.0,0.0,0.0,0.0,0.0,0.0,325,否,否,否,否,否,否,7.443,22.248,53.9,-7.547,25.2,176.9,7.2,60.6,0.7,0.7,0.7,0.7,7.2,60.3,0.7,0.7,0.7,0.7,139.66,1360.20,14.29,14.02,1532.07,1532.07,0.32,139.37,139.29,0.38,232.42,0,0,0.0,0.0,0,0.000,
17.9.2026,23:6:4.708,6055,33456,15.3,5791,10391,35.7,0.0,23329,0,0.764,0.797,0.762,0.750,0.745,0.681,0.693,1100.0,1100.0,1100.0,1100.0,1100.0,100.0,900.0,28.3,119.9,63.7,39.2,2.2,1.0,0.2,0.4,0.2,28.3,2.2,9.9,5.3,2.7,0.0,0.0,0.0,0.0,0.0,9.9,2.2,100.0,1.0,4.2,2.4,1.6,0.1,0.0,0.0,0.0,0.0,1.0,11.0,11.0,11.0,11.0,11.0,9.0,36,33,38,37,36,64,67,62,63,64,40,38,否,否,否,否,否,否,否,否,否,否,否,否,否,否,否,否,否,否,40,37,40,0.250,1.554,0.172,0.007,4.125,0.659,0.219,0.455,35.0,30.0,64.0,64.0,0,17.8,6.6,1.9,1.9,52.9,2.6,11.9,6.0,2.9,0.2,0.1,0.0,0.0,0.0,95.4,84.9,97.0,99.8,99.9,1066.7,10.67,15,15,15,35,74,374,1,2,否,否,否,否,否,否,否,否,否,否,否,否,否,否,否,否,否,否,否,否,否,否,否,否,否,否,否,否,否,否,否,否,否,否,否,否,否,38.0,37,37,38,97.0,100.0,否,否,24293,21074,0.0,0.5,0.5,0.000,0.047,5717,2062,40,0.006,100.0,1066.0,0.0,0.0,0.0,0.0,0.0,0.0,0.0,325,否,否,否,否,否,否,7.404,22.248,53.9,-7.545,25.2,176.9,7.2,60.6,0.7,0.7,0.7,0.7,7.2,60.3,0.7,0.7,0.7,0.7,139.66,1360.20,14.29,14.02,1532.07,1532.07,0.32,139.37,139.29,0.38,232.42,0,0,0.0,0.0,0,0.000,
17.9.2026,23:6:6.703,6055,33456,15.3,5791,10391,35.7,0.0,23329,0,0.767,0.797,0.765,0.755,0.750,0.688,0.693,1200.0,1200.0,1200.0,1200.0,1200.0,100.0,1000.0,29.8,137.4,88.0,9.2,1.3,0.7,0.2,1.6,0.2,29.8,2.7,11.3,7.1,0.3,1.3,0.0,0.5,0.6,0.5,11.3,2.7,100.0,1.1,4.9,3.4,0.3,0.0,0.0,0.0,0.1,0.0,1.1,12.0,12.0,12.0,12.0,12.0,10.0,37,34,38,38,37,63,66,62,62,63,39,38,否,否,否,否,否,否,否,否,否,否,否,否,否,否,否,否,否,否,40,37,39,0.250,1.672,0.164,0.007,4.156,0.692,0.221,0.541,35.0,30.0,64.0,64.0,0,17.6,9.9,1.8,1.9,48.2,2.8,13.5,8.1,0.7,0.1,0.1,0.0,0.2,0.0,95.1,81.5,99.1,99.9,99.8,1066.7,10.67,15,15,15,35,74,374,1,2,否,否,否,否,否,否,否,否,否,否,否,否,否,否,否,否,否,否,否,否,否,否,否,否,否,否,否,否,否,否,否,否,否,否,否,否,否,38.0,37,37,36,97.0,100.0,否,否,24293,21074,0.0,1.5,1.5,0.000,0.159,5717,2063,40,0.007,100.0,1066.0,0.0,0.0,0.0,0.0,0.0,0.0,0.0,325,否,否,否,否,否,否,7.446,22.240,53.8,-7.640,25.2,174.7,7.2,60.6,0.7,0.7,0.7,0.7,7.2,60.3,0.7,0.7,0.7,0.7,139.66,1360.20,14.29,14.02,1532.07,1532.07,0.32,139.37,139.29,0.38,232.42,0,0,0.0,0.0,0,0.000,
17.9.2026,23:6:8.703,6056,33456,15.3,5790,10392,35.7,0.0,23329,0,0.761,0.792,0.757,0.750,0.745,0.683,0.693,1100.0,1100.0,1100.0,1100.0,1100.0,100.0,900.0,28.2,127.3,69.2,18.6,7.8,1.2,0.2,0.8,0.2,28.2,3.2,11.2,6.5,2.1,1.3,4.5,0.0,0.0,0.0,11.2,3.2,100.0,1.0,4.5,2.6,0.7,0.3,0.0,0.0,0.0,0.0,1.0,11.0,11.0,11.0,11.0,11.0,9.0,36,33,38,38,36,64,67,62,62,64,40,38,否,否,否,否,否,否,否,否,否,否,否,否,否,否,否,否,否,否,39,38,39,0.250,1.488,0.141,0.007,3.511,0.662,0.226,0.413,35.0,30.0,64.0,64.0,0,18.0,5.1,1.9,1.7,54.0,2.7,12.5,6.6,1.6,0.7,0.1,0.0,0.1,0.0,95.4,83.9,97.8,99.8,99.9,1066.7,10.67,15,15,15,35,74,374,1,2,否,否,否,否,否,否,否,否,否,否,否,否,否,否,否,否,否,否,否,否,否,否,否,否,否,否,否,否,否,否,否,否,否,否,否,否,否,39.0,37,37,36,97.0,100.0,否,否,24293,21074,0.0,0.5,0.5,0.000,0.012,5717,2063,40,0.007,100.0,1066.0,0.0,0.0,0.0,0.0,0.0,0.0,0.0,325,否,否,否,否,否,否,7.436,22.240,53.8,-7.600,25.2,175.6,7.2,60.6,0.7,0.7,0.7,0.7,7.2,60.3,0.7,0.7,0.7,0.7,139.66,1360.20,14.29,14.02,1532.07,1532.07,0.32,139.37,139.29,0.38,232.42,0,0,0.0,0.0,0,0.000,
17.9.2026,23:6:10.712,6055,33456,15.3,5795,10387,35.8,0.0,23329,0,0.767,0.800,0.765,0.755,0.750,0.691,0.696,1200.0,1200.0,1200.0,1200.0,1200.0,100.0,1000.0,29.3,116.4,70.9,37.8,7.2,1.2,0.2,0.2,0.2,29.3,2.1,9.0,5.3,2.5,0.0,0.0,0.1,0.1,0.1,9.0,2.1,100.0,1.1,4.1,2.7,1.5,0.3,0.0,0.0,0.0,0.0,1.1,12.0,12.0,12.0,12.0,12.0,10.0,36,32,36,38,36,64,68,64,62,64,40,38,否,否,否,否,否,否,否,否,否,否,否,否,否,否,否,否,否,否,39,38,39,0.250,1.576,0.152,0.008,3.847,0.666,0.217,0.489,35.0,30.0,64.0,64.0,0,17.6,7.8,2.1,1.9,50.7,2.8,11.5,6.7,3.3,0.6,0.1,0.0,0.0,0.0,95.1,84.3,96.2,99.8,99.9,1066.7,10.67,15,15,15,35,74,374,1,2,否,否,否,否,否,否,否,否,否,否,否,否,否,否,否,否,否,否,否,否,否,否,否,否,否,否,否,否,否,否,否,否,否,否,否,否,否,38.0,37,37,35,97.0,100.0,否,否,24293,21074,0.0,4.1,4.1,0.000,0.323,5717,2063,39,0.007,100.0,1066.0,0.0,0.0,0.0,0.0,0.0,0.0,0.0,325,否,否,否,否,否,否,7.448,22.232,53.8,-7.590,25.2,175.7,7.2,60.6,0.7,0.7,0.7,0.7,7.2,60.3,0.7,0.7,0.7,0.7,139.66,1360.20,14.29,14.02,1532.07,1532.07,0.32,139.37,139.29,0.38,232.42,0,0,0.0,0.0,0,0.000,
17.9.2026,23:6:12.712,6055,33457,15.3,5794,10389,35.8,0.0,23329,0,0.764,0.800,0.762,0.750,0.745,0.688,0.696,1125.0,1200.0,1100.0,1100.0,1100.0,100.0,1000.0,29.3,124.9,67.0,34.7,6.3,1.1,0.2,0.2,0.2,29.3,2.7,11.2,6.3,3.0,0.0,1.4,0.0,0.0,0.0,11.2,2.7,100.0,1.1,4.4,2.5,1.4,0.3,0.0,0.0,0.0,0.0,1.1,11.2,12.0,11.0,11.0,11.0,10.0,36,34,38,37,36,64,66,62,63,64,39,38,否,否,否,否,否,否,否,否,否,否,否,否,否,否,否,否,否,否,40,38,40,0.250,1.801,0.192,0.008,4.470,0.718,0.224,0.615,35.0,30.0,64.0,64.0,0,17.8,12.8,1.5,2.0,46.1,2.8,12.7,6.4,2.6,0.5,0.1,0.0,0.0,0.0,95.2,83.7,97.1,99.8,99.9,1066.7,10.67,15,15,15,35,74,374,1,2,否,否,否,否,否,否,否,否,否,否,否,否,否,否,否,否,否,否,否,否,否,否,否,否,否,否,否,否,否,否,否,否,否,否,否,否,否,38.0,37,37,36,97.0,100.0,否,否,24293,21074,0.0,2.0,2.0,0.000,0.104,5717,2064,40,0.008,100.0,1066.0,0.0,0.0,0.0,0.0,0.0,0.0,0.0,325,否,否,否,否,否,否,7.447,22.232,53.8,-7.581,25.2,175.9,7.2,60.6,0.7,0.7,0.7,0.7,7.2,60.3,0.7,0.7,0.7,0.7,139.66,1360.20,14.29,14.02,1532.07,1532.07,0.32,139.37,139.29,0.38,232.42,0,0,0.0,0.0,0,0.000,
17.9.2026,23:6:14.713,6056,33456,15.3,5792,10391,35.7,0.0,23329,0,0.764,0.800,0.760,0.750,0.745,0.683,0.696,1125.0,1200.0,1100.0,1100.0,1100.0,100.0,900.0,46.7,200.7,124.0,44.8,2.5,1.1,0.2,0.2,0.2,46.7,3.9,15.9,9.2,3.3,1.3,0.0,0.4,0.4,0.4,15.9,3.9,100.0,1.8,7.7,4.9,1.8,0.1,0.0,0.0,0.0,0.0,1.8,11.2,12.0,11.0,11.0,11.0,9.0,36,35,36,38,36,64,65,64,62,64,40,38,否,否,否,否,否,否,否,否,否,否,否,否,否,否,否,否,否,否,40,38,40,0.250,1.726,0.213,0.005,4.598,0.722,0.220,0.498,35.0,30.0,64.0,64.0,0,15.4,6.1,1.6,3.1,43.0,4.1,17.9,10.3,3.9,0.3,0.1,0.0,0.0,0.0,92.0,72.4,95.8,99.8,99.9,1066.7,10.67,15,15,15,35,74,374,1,2,否,否,否,否,否,否,否,否,否,否,否,否,否,否,否,否,否,否,否,否,否,否,否,否,否,否,否,否,否,否,否,否,否,否,否,否,否,38.0,36,36,36,97.0,100.0,否,否,24293,21074,0.0,1.9,1.9,0.000,0.022,5717,2064,40,0.008,100.0,1066.0,0.0,0.0,0.0,0.0,0.0,0.0,0.0,325,否,否,否,否,否,否,7.446,22.232,53.8,-7.587,25.2,175.8,7.2,60.6,0.7,0.7,0.7,0.7,7.2,60.3,0.7,0.7,0.7,0.7,139.66,1360.20,14.29,14.02,1532.07,1532.07,0.32,139.37,139.29,0.38,232.42,0,0,0.0,0.0,0,0.000,
17.9.2026,23:6:16.708,6053,33459,15.3,5788,10394,35.7,0.0,23329,0,0.763,0.797,0.760,0.750,0.745,0.683,0.693,1100.0,1100.0,1100.0,1100.0,1100.0,100.0,900.0,34.6,163.3,83.3,26.2,1.4,1.7,0.2,0.9,0.2,34.6,3.6,14.0,7.4,2.1,0.5,5.0,0.0,0.0,0.0,14.0,3.6,100.0,1.3,6.0,3.1,1.1,0.0,0.1,0.0,0.0,0.0,1.3,11.0,11.0,11.0,11.0,11.0,9.0,36,34,38,37,36,64,66,62,63,64,38,38,否,否,否,否,否,否,否,否,否,否,否,否,否,否,否,否,否,否,38,37,38,0.250,1.671,0.192,0.005,4.195,0.689,0.220,0.515,35.0,30.0,64.0,64.0,0,17.4,8.7,1.9,2.1,47.3,3.2,15.7,7.8,1.8,0.2,0.2,0.0,0.1,0.0,94.5,80.2,98.0,99.8,99.9,1066.7,10.67,15,15,15,35,74,374,1,2,否,否,否,否,否,否,否,否,否,否,否,否,否,否,否,否,否,否,否,否,否,否,否,否,否,否,否,否,否,否,否,否,否,否,否,否,否,38.0,36,36,35,97.0,100.0,否,否,24293,21074,0.0,1.9,1.9,0.000,0.075,5717,2064,39,0.005,100.0,1066.0,0.0,0.0,0.0,0.0,0.0,0.0,0.0,317,否,否,否,否,否,否,7.441,22.225,53.8,-7.575,25.2,176.0,7.2,60.6,0.7,0.7,0.7,0.7,7.2,60.3,0.7,0.7,0.7,0.7,139.66,1360.20,14.29,14.02,1532.07,1532.07,0.32,139.37,139.29,0.38,232.42,0,0,0.0,0.0,0,0.000,
17.9.2026,23:6:18.714,6052,33460,15.3,5786,10396,35.7,0.0,23329,0,0.764,0.797,0.762,0.750,0.747,0.683,0.693,1100.0,1100.0,1100.0,1100.0,1100.0,100.0,900.0,30.0,122.2,88.4,25.4,2.3,1.4,0.2,0.2,0.2,30.0,2.5,9.7,7.3,1.7,0.0,0.0,0.4,0.4,0.4,9.7,2.5,100.0,1.1,4.3,3.4,1.0,0.1,0.0,0.0,0.0,0.0,1.1,11.0,11.0,11.0,11.0,11.0,9.0,35,32,36,37,36,65,68,64,63,64,40,37,否,否,否,否,否,否,否,否,否,否,否,否,否,否,否,否,否,否,39,38,39,0.250,1.689,0.160,0.006,4.185,0.701,0.225,0.555,35.0,30.0,64.0,64.0,0,17.7,10.8,2.2,1.6,47.7,2.9,12.1,8.3,2.2,0.2,0.1,0.0,0.0,0.0,95.1,83.1,97.5,99.8,99.9,1066.7,10.67,15,15,15,35,74,374,1,2,否,否,否,否,否,否,否,否,否,否,否,否,否,否,否,否,否,否,否,否,否,否,否,否,否,否,否,否,否,否,否,否,否,否,否,否,否,38.0,36,36,36,97.0,100.0,否,否,24293,21074,0.0,2.7,2.7,0.000,0.071,5717,2064,40,0.005,100.0,1066.0,0.0,0.0,0.0,0.0,0.0,0.0,0.0,317,否,否,否,否,否,否,7.446,22.225,53.8,-7.602,25.2,175.4,7.2,60.6,0.7,0.7,0.7,0.7,7.2,60.3,0.7,0.7,0.7,0.7,139.66,1360.20,14.29,14.02,1532.07,1532.07,0.32,139.37,139.29,0.38,232.42,0,0,0.0,0.0,0,0.000,
17.9.2026,23:6:20.718,6052,33460,15.3,5785,10398,35.7,0.0,23329,0,0.766,0.800,0.765,0.750,0.747,0.691,0.698,1150.0,1200.0,1200.0,1100.0,1100.0,100.0,1000.0,29.6,131.7,67.7,30.6,4.9,0.9,0.2,0.9,0.2,29.6,2.4,10.8,5.5,2.4,0.3,0.0,0.0,0.0,0.0,10.8,2.4,100.0,1.1,4.7,2.5,1.2,0.2,0.0,0.0,0.0,0.0,1.1,11.5,12.0,12.0,11.0,11.0,10.0,36,32,38,37,36,64,68,62,63,64,38,38,否,否,否,否,否,否,否,否,否,否,否,否,否,否,否,否,否,否,40,37,39,0.250,1.629,0.162,0.006,3.953,0.693,0.228,0.499,35.0,30.0,64.0,64.0,0,18.0,8.8,1.7,2.1,49.8,2.8,12.8,6.3,2.7,0.5,0.1,0.0,0.1,0.0,95.1,83.8,96.9,99.8,99.9,1066.7,10.67,15,15,15,35,74,374,1,2,否,否,否,否,否,否,否,否,否,否,否,否,否,否,否,否,否,否,否,否,否,否,否,否,否,否,否,否,否,否,否,否,否,否,否,否,否,38.0,36,36,35,97.0,100.0,否,否,24293,21074,0.0,1.5,1.5,0.000,0.036,5717,2064,40,0.006,100.0,1066.0,0.0,0.0,0.0,0.0,0.0,0.0,0.0,317,否,否,否,否,否,否,7.442,22.217,53.8,-7.591,25.2,175.6,7.2,60.6,0.7,0.7,0.7,0.7,7.2,60.3,0.7,0.7,0.7,0.7,139.66,1360.20,14.29,14.02,1532.07,1532.07,0.32,139.37,139.29,0.38,232.42,0,0,0.0,0.0,0,0.000,
17.9.2026,23:6:22.726,6052,33460,15.3,5784,10399,35.7,0.0,23329,0,0.764,0.797,0.760,0.750,0.750,0.683,0.696,1100.0,1100.0,1100.0,1100.0,1100.0,100.0,900.0,29.9,112.9,71.6,40.6,12.0,1.8,0.2,0.3,0.2,29.9,2.9,9.8,6.5,3.7,0.0,3.6,0.0,0.0,0.0,9.8,2.9,100.0,1.1,3.9,2.7,1.6,0.5,0.1,0.0,0.0,0.0,1.1,11.0,11.0,11.0,11.0,11.0,9.0,35,33,36,37,35,65,67,64,63,65,39,37,否,否,否,否,否,否,否,否,否,否,否,否,否,否,否,否,否,否,39,37,39,0.250,1.713,0.175,0.007,4.223,0.714,0.229,0.545,35.0,30.0,64.0,64.0,0,17.8,11.0,1.6,2.1,47.2,2.8,11.4,6.8,3.3,1.1,0.2,0.0,0.0,0.0,94.9,84.4,95.7,99.8,99.9,1066.7,10.67,15,15,15,35,74,374,1,2,否,否,否,否,否,否,否,否,否,否,否,否,否,否,否,否,否,否,否,否,否,否,否,否,否,否,否,否,否,否,否,否,否,否,否,否,否,38.0,36,36,35,97.0,100.0,否,否,24293,21074,0.0,1.5,1.5,0.000,0.093,5717,2064,39,0.006,100.0,1066.0,0.0,0.0,0.0,0.0,0.0,0.0,0.0,317,否,否,否,否,否,否,7.448,22.217,53.8,-7.604,25.2,175.3,7.2,60.6,0.7,0.7,0.7,0.7,7.2,60.3,0.7,0.7,0.7,0.7,139.66,1360.20,14.29,14.02,1532.07,1532.07,0.32,139.37,139.29,0.38,232.42,0,0,0.0,0.0,0,0.000,
17.9.2026,23:6:24.728,6054,33458,15.3,5784,10398,35.7,0.0,23329,0,0.766,0.800,0.762,0.750,0.750,0.688,0.693,1125.0,1200.0,1100.0,1100.0,1100.0,100.0,1000.0,33.6,152.2,90.9,13.8,7.5,3.4,0.2,0.9,0.2,33.6,3.0,12.4,7.1,1.1,2.1,0.0,0.7,0.0,0.7,12.4,3.0,100.0,1.3,5.6,3.5,0.5,0.3,0.1,0.0,0.0,0.0,1.3,11.2,12.0,11.0,11.0,11.0,10.0,36,34,38,38,35,64,66,62,62,65,39,38,否,否,否,否,否,否,否,否,否,否,否,否,否,否,否,否,否,否,39,36,39,0.250,1.499,0.172,0.006,3.595,0.675,0.235,0.374,35.0,30.0,64.0,64.0,0,17.9,4.4,1.8,3.8,50.6,3.1,14.4,7.9,1.3,0.7,0.3,0.0,0.1,0.0,94.6,80.9,98.0,99.6,99.9,1066.7,10.67,15,15,15,35,74,374,1,2,否,否,否,否,否,否,否,否,否,否,否,否,否,否,否,否,否,否,否,否,否,否,否,否,否,否,否,否,否,否,否,否,否,否,否,否,否,38.0,36,36,35,97.0,100.0,否,否,24293,21074,0.0,0.5,0.5,0.000,0.010,5717,2064,40,0.007,100.0,1066.0,0.0,0.0,0.0,0.0,0.0,0.0,0.0,317,否,否,否,否,否,否,7.449,22.209,53.8,-7.561,25.2,176.2,7.2,60.6,0.7,0.7,0.7,0.7,7.2,60.3,0.7,0.7,0.7,0.7,139.66,1360.20,14.29,14.02,1532.07,1532.07,0.32,139.37,139.29,0.38,232.42,0,0,0.0,0.0,0,0.000,
17.9.2026,23:6:26.734,6053,33458,15.3,5783,10399,35.7,0.0,23329,0,0.765,0.800,0.762,0.750,0.747,0.691,0.696,1125.0,1200.0,1100.0,1100.0,1100.0,100.0,1000.0,30.4,133.5,87.8,18.3,1.3,1.1,0.3,0.3,0.3,30.4,2.4,11.0,7.3,0.8,0.0,0.0,0.0,0.0,0.0,11.0,2.4,100.0,1.1,4.7,3.4,0.7,0.0,0.0,0.0,0.0,0.0,1.1,11.2,12.0,11.0,11.0,11.0,10.0,36,32,38,38,36,64,68,62,62,64,39,38,否,否,否,否,否,否,否,否,否,否,否,否,否,否,否,否,否,否,39,37,39,0.250,1.779,0.189,0.006,4.461,0.700,0.217,0.621,35.0,30.0,64.0,64.0,0,17.5,12.1,1.7,1.8,46.7,2.9,13.2,8.2,1.1,0.1,0.1,0.0,0.0,0.0,95.1,82.0,98.7,99.8,99.9,1066.7,10.67,15,15,15,35,74,374,1,2,否,否,否,否,否,否,否,否,否,否,否,否,否,否,否,否,否,否,否,否,否,否,否,否,否,否,否,否,否,否,否,否,否,否,否,否,否,37.0,36,36,36,97.0,100.0,否,否,24293,21074,0.0,4.8,4.8,0.000,0.091,5717,2064,40,0.006,100.0,1066.0,0.0,0.0,0.0,0.0,0.0,0.0,0.0,317,否,否,否,否,否,否,7.427,22.209,53.8,-7.509,25.2,177.4,7.2,60.6,0.7,0.7,0.7,0.7,7.2,60.3,0.7,0.7,0.7,0.7,139.66,1360.20,14.29,14.02,1532.07,1532.07,0.32,139.37,139.29,0.38,232.42,0,0,0.0,0.0,0,0.000,
17.9.2026,23:6:28.741,6053,33459,15.3,5784,10399,35.7,0.0,23329,0,0.769,0.800,0.767,0.755,0.752,0.691,0.696,1200.0,1200.0,1200.0,1200.0,1200.0,100.0,1000.0,28.1,126.6,75.6,20.2,0.9,1.3,0.2,0.2,0.2,28.1,2.5,10.4,6.3,1.0,0.0,2.2,0.0,0.0,0.0,10.4,2.5,100.0,1.0,4.5,2.9,0.8,0.0,0.0,0.0,0.0,0.0,1.0,12.0,12.0,12.0,12.0,12.0,10.0,36,32,36,38,36,64,68,64,62,64,40,38,否,否,否,否,否,否,否,否,否,否,否,否,否,否,否,否,否,否,39,38,39,0.250,1.455,0.164,0.005,3.407,0.650,0.224,0.372,35.0,30.0,64.0,64.0,0,18.3,4.3,1.9,2.3,54.1,2.6,12.5,7.1,1.3,0.1,0.1,0.0,0.0,0.0,95.4,83.3,98.6,99.8,99.9,1066.7,10.67,15,15,15,35,74,374,1,2,否,否,否,否,否,否,否,否,否,否,否,否,否,否,否,否,否,否,否,否,否,否,否,否,否,否,否,否,否,否,否,否,否,否,否,否,否,38.0,36,36,35,97.0,100.0,否,否,24293,21074,0.0,0.5,0.5,0.000,0.010,5717,2064,39,0.006,100.0,1066.0,0.0,0.0,0.0,0.0,0.0,0.0,0.0,317,否,否,否,否,否,否,7.450,22.202,53.7,-7.487,25.2,177.9,7.2,60.6,0.7,0.7,0.7,0.7,7.2,60.3,0.7,0.7,0.7,0.7,139.66,1360.20,14.29,14.02,1532.07,1532.07,0.32,139.37,139.29,0.38,232.42,0,0,0.0,0.0,0,0.000,
17.9.2026,23:6:30.748,6053,33459,15.3,5785,10397,35.7,0.0,23329,0,0.764,0.795,0.762,0.750,0.747,0.683,0.736,1100.0,1100.0,1100.0,1100.0,1100.0,100.0,900.0,28.6,123.5,72.4,28.2,1.6,1.1,0.2,1.7,0.2,28.6,2.9,10.7,6.4,2.4,0.7,1.4,0.6,0.7,0.6,10.7,2.9,100.0,1.0,4.3,2.7,1.1,0.1,0.0,0.0,0.1,0.0,1.0,11.0,11.0,11.0,11.0,11.0,9.0,36,32,38,37,37,64,68,62,63,63,39,38,否,否,否,否,否,否,否,否,否,否,否,否,否,否,否,否,否,否,39,37,39,0.250,1.559,0.182,0.007,3.769,0.668,0.217,0.442,35.0,30.0,64.0,64.0,0,18.4,7.1,1.8,2.4,51.1,2.7,12.2,6.6,2.0,0.2,0.1,0.0,0.2,0.0,95.3,83.9,97.8,99.8,99.8,1066.7,10.67,15,15,15,35,74,374,1,2,否,否,否,否,否,否,否,否,否,否,否,否,否,否,否,否,否,否,否,否,否,否,否,否,否,否,否,否,否,否,否,否,否,否,否,否,否,38.0,36,36,35,97.0,100.0,否,否,24293,21074,0.0,1.0,1.0,0.000,0.014,5717,2064,39,0.005,100.0,1066.0,0.0,0.0,0.0,0.0,0.0,0.0,0.0,317,否,否,否,否,否,否,7.449,22.202,53.7,-7.456,25.2,178.7,7.2,60.6,0.7,0.7,0.7,0.7,7.2,60.3,0.7,0.7,0.7,0.7,139.66,1360.20,14.29,14.02,1532.07,1532.07,0.32,139.37,139.29,0.38,232.42,0,0,0.0,0.0,0,0.000,
17.9.2026,23:6:32.765,6053,33459,15.3,5789,10393,35.7,0.0,23329,0,0.763,0.795,0.760,0.750,0.747,0.683,0.696,1100.0,1100.0,1100.0,1100.0,1100.0,100.0,900.0,29.2,137.3,75.5,15.5,2.4,2.1,0.2,0.2,0.2,29.2,2.6,11.2,6.0,1.3,0.0,0.0,0.7,0.7,0.7,11.2,2.6,100.0,1.1,4.9,2.8,0.6,0.1,0.1,0.0,0.0,0.0,1.1,11.0,11.0,11.0,11.0,11.0,9.0,36,33,38,37,36,64,67,62,63,64,39,38,否,否,否,否,否,否,否,否,否,否,否,否,否,否,否,否,否,否,39,39,39,0.250,1.611,0.160,0.007,3.869,0.695,0.231,0.480,35.0,30.0,64.0,64.0,0,18.3,7.0,2.2,2.0,50.6,2.8,13.3,6.8,1.5,0.2,0.2,0.0,0.0,0.0,95.2,82.6,98.3,99.8,99.9,1066.7,10.67,15,15,15,35,74,374,1,2,否,否,否,否,否,否,否,否,否,否,否,否,否,否,否,否,否,否,否,否,否,否,否,否,否,否,否,否,否,否,否,否,否,否,否,否,否,37.0,36,36,35,97.0,100.0,否,否,24293,21074,0.0,1.0,1.0,0.000,0.090,5717,2065,39,0.007,100.0,1066.0,0.0,0.0,0.0,0.0,0.0,0.0,0.0,317,否,否,否,否,否,否,7.447,22.194,53.7,-7.447,25.2,178.8,7.2,60.6,0.7,0.7,0.7,0.7,7.2,60.3,0.7,0.7,0.7,0.7,139.66,1360.20,14.29,14.02,1532.07,1532.07,0.32,139.37,139.29,0.38,232.42,0,0,0.0,0.0,0,0.000,
17.9.2026,23:6:34.783,6053,33459,15.3,5791,10392,35.7,0.0,23329,0,0.764,0.797,0.762,0.750,0.747,0.683,0.696,1100.0,1100.0,1100.0,1100.0,1100.0,100.0,900.0,28.1,135.1,61.7,25.9,1.5,0.3,0.2,0.2,0.2,28.1,3.0,11.1,4.9,1.5,0.7,5.7,0.0,0.0,0.0,11.1,3.0,100.0,1.0,4.8,2.3,1.0,0.0,0.0,0.0,0.0,0.0,1.0,11.0,11.0,11.0,11.0,11.0,9.0,36,32,38,37,36,64,68,62,63,64,39,38,否,否,否,否,否,否,否,否,否,否,否,否,否,否,否,否,否,否,39,37,39,0.250,1.534,0.171,0.006,3.695,0.663,0.215,0.434,35.0,30.0,64.0,64.0,0,18.4,6.7,2.1,2.5,51.1,2.6,13.2,5.8,1.8,0.2,0.0,0.0,0.0,0.0,95.4,83.7,98.0,99.9,99.9,1066.7,10.67,15,15,15,35,74,374,1,2,否,否,否,否,否,否,否,否,否,否,否,否,否,否,否,否,否,否,否,否,否,否,否,否,否,否,否,否,否,否,否,否,否,否,否,否,否,37.0,36,36,35,97.0,100.0,否,否,24293,21074,0.0,1.0,1.0,0.000,0.010,5717,2065,39,0.007,100.0,1066.0,0.0,0.0,0.0,0.0,0.0,0.0,0.0,317,否,否,否,否,否,否,7.450,22.187,53.7,-7.428,25.2,179.2,7.2,60.6,0.7,0.7,0.7,0.7,7.2,60.3,0.7,0.7,0.7,0.7,139.66,1360.20,14.29,14.02,1532.07,1532.07,0.32,139.37,139.29,0.38,232.42,0,0,0.0,0.0,0,0.000,
17.9.2026,23:6:36.795,6053,33459,15.3,5790,10393,35.7,0.0,23329,0,0.764,0.800,0.760,0.750,0.745,0.688,0.696,1125.0,1200.0,1100.0,1100.0,1100.0,100.0,1000.0,30.0,132.4,72.7,32.1,1.2,0.7,0.2,0.2,0.2,30.0,2.6,11.1,6.2,2.3,0.9,0.0,0.0,0.0,0.0,11.1,2.6,100.0,1.1,4.7,2.7,1.3,0.0,0.0,0.0,0.0,0.0,1.1,11.2,12.0,11.0,11.0,11.0,10.0,36,34,38,37,37,64,66,62,63,63,40,38,否,否,否,否,否,否,否,否,否,否,否,否,否,否,否,否,否,否,38,36,39,0.250,1.895,0.196,0.006,4.821,0.736,0.218,0.683,35.0,30.0,64.0,64.0,0,18.0,14.9,1.4,2.0,43.1,2.8,13.1,6.9,2.4,0.1,0.1,0.0,0.0,0.0,95.0,82.7,97.5,99.9,99.9,1066.7,10.67,15,15,15,35,74,374,1,2,否,否,否,否,否,否,否,否,否,否,否,否,否,否,否,否,否,否,否,否,否,否,否,否,否,否,否,否,否,否,否,否,否,否,否,否,否,37.0,36,36,36,97.0,100.0,否,否,24293,21074,0.0,3.0,3.0,0.000,0.079,5717,2065,39,0.006,100.0,1066.0,0.0,0.0,0.0,0.0,0.0,0.0,0.0,317,否,否,否,否,否,否,7.407,22.187,53.7,-7.444,25.2,178.8,7.2,60.6,0.7,0.7,0.7,0.7,7.2,60.3,0.7,0.7,0.7,0.7,139.66,1360.20,14.29,14.02,1532.07,1532.07,0.32,139.37,139.29,0.38,232.42,0,0,0.0,0.0,0,0.000,
17.9.2026,23:6:38.805,6053,33459,15.3,5789,10393,35.7,0.0,23329,0,0.768,0.800,0.765,0.757,0.750,0.691,0.696,1200.0,1200.0,1200.0,1200.0,1200.0,100.0,1000.0,28.5,127.6,67.8,29.3,1.0,1.2,0.3,0.3,0.3,28.5,2.5,10.5,5.4,1.4,0.0,2.9,0.0,0.0,0.0,10.5,2.5,100.0,1.0,4.5,2.5,1.2,0.0,0.0,0.0,0.0,0.0,1.0,12.0,12.0,12.0,12.0,12.0,10.0,36,34,36,37,36,64,66,64,63,64,39,37,否,否,否,否,否,否,否,否,否,否,否,否,否,否,否,否,否,否,39,38,40,0.250,1.569,0.188,0.005,3.681,0.676,0.227,0.433,35.0,30.0,64.0,64.0,0,18.5,6.1,1.9,2.8,51.6,2.7,12.7,6.4,1.8,0.1,0.1,0.0,0.0,0.0,95.4,83.7,98.1,99.8,99.9,1066.7,10.67,15,15,15,35,74,374,1,2,否,否,否,否,否,否,否,否,否,否,否,否,否,否,否,否,否,否,否,否,否,否,否,否,否,否,否,否,否,否,否,否,否,否,否,否,否,38.0,36,36,35,97.0,100.0,否,否,24293,21074,0.0,1.0,1.0,0.000,0.010,5717,2065,39,0.006,100.0,1066.0,0.0,0.0,0.0,0.0,0.0,0.0,0.0,317,否,否,否,否,否,否,7.447,22.179,53.7,-7.462,25.2,178.3,7.2,60.6,0.7,0.7,0.7,0.7,7.2,60.3,0.7,0.7,0.7,0.7,139.66,1360.20,14.29,14.02,1532.07,1532.07,0.32,139.37,139.29,0.38,232.42,0,0,0.0,0.0,0,0.000,
17.9.2026,23:6:40.810,6053,33459,15.3,5787,10395,35.7,0.0,23329,0,0.769,0.802,0.767,0.757,0.750,0.691,0.696,1200.0,1200.0,1200.0,1200.0,1200.0,100.0,1000.0,28.9,119.4,76.1,28.4,5.9,0.8,0.2,0.2,0.2,28.9,2.7,10.1,6.6,2.0,0.6,1.7,0.1,0.1,0.1,10.1,2.7,100.0,1.1,4.2,2.9,1.1,0.2,0.0,0.0,0.0,0.0,1.1,12.0,12.0,12.0,12.0,12.0,10.0,36,33,38,37,36,64,67,62,63,64,40,38,否,否,否,否,否,否,否,否,否,否,否,否,否,否,否,否,否,否,38,37,38,0.250,1.627,0.177,0.007,3.975,0.686,0.222,0.490,35.0,30.0,64.0,64.0,0,18.0,8.9,1.4,2.9,49.1,2.7,12.0,7.2,2.0,0.5,0.1,0.0,0.0,0.0,95.2,83.6,97.5,99.9,99.9,1066.7,10.67,15,15,15,35,74,374,1,2,否,否,否,否,否,否,否,否,否,否,否,否,否,否,否,否,否,否,否,否,否,否,否,否,否,否,否,否,否,否,否,否,否,否,否,否,否,37.0,36,36,35,97.0,100.0,否,否,24293,21074,0.0,1.5,1.5,0.000,0.018,5717,2065,40,0.005,100.0,1066.0,0.0,0.0,0.0,0.0,0.0,0.0,0.0,317,否,否,否,否,否,否,7.446,22.179,53.7,-7.453,25.2,178.6,7.2,60.6,0.7,0.7,0.7,0.7,7.2,60.3,0.7,0.7,0.7,0.7,139.66,1360.20,14.29,14.02,1532.07,1532.07,0.32,139.37,139.29,0.38,232.42,0,0,0.0,0.0,0,0.000,
17.9.2026,23:6:42.824,6053,33459,15.3,5786,10396,35.7,0.0,23329,0,0.763,0.800,0.757,0.750,0.745,0.691,0.693,1125.0,1200.0,1100.0,1100.0,1100.0,100.0,1000.0,29.6,124.8,75.4,31.2,3.9,0.9,0.2,0.3,0.2,29.6,2.6,10.5,6.6,1.6,0.6,0.4,0.3,0.3,0.3,10.5,2.6,100.0,1.1,4.4,2.8,1.2,0.1,0.0,0.0,0.0,0.0,1.1,11.2,12.0,11.0,11.0,11.0,10.0,36,32,36,38,37,64,68,64,62,63,40,38,否,否,否,否,否,否,否,否,否,否,否,否,否,否,否,否,否,否,39,37,39,0.250,1.668,0.179,0.008,4.018,0.702,0.230,0.509,35.0,30.0,64.0,64.0,0,18.3,8.9,1.5,2.7,49.0,2.8,12.2,7.1,2.3,0.4,0.1,0.0,0.0,0.0,95.2,83.4,97.5,99.9,99.9,1066.7,10.67,15,15,15,35,74,374,1,2,否,否,否,否,否,否,否,否,否,否,否,否,否,否,否,否,否,否,否,否,否,否,否,否,否,否,否,否,否,否,否,否,否,否,否,否,否,38.0,36,36,35,97.0,100.0,否,否,24293,21074,0.0,1.8,1.8,0.000,0.148,5717,2065,39,0.007,100.0,1066.0,0.0,0.0,0.0,0.0,0.0,0.0,0.0,317,否,否,否,否,否,否,7.447,22.171,53.7,-7.454,25.2,178.4,7.2,60.6,0.7,0.7,0.7,0.7,7.2,60.3,0.7,0.7,0.7,0.7,139.66,1360.20,14.29,14.02,1532.07,1532.07,0.32,139.37,139.29,0.38,232.42,0,0,0.0,0.0,0,0.000,
17.9.2026,23:6:44.816,6053,33459,15.3,5785,10398,35.7,0.0,23329,0,0.765,0.800,0.760,0.752,0.747,0.691,0.738,1125.0,1200.0,1100.0,1100.0,1100.0,100.0,1000.0,28.6,125.8,77.3,12.2,10.8,1.6,0.2,0.6,0.2,28.6,2.3,9.5,5.8,1.3,0.4,0.0,0.4,0.4,0.4,9.5,2.3,100.0,1.0,4.4,2.9,0.5,0.4,0.1,0.0,0.0,0.0,1.0,11.2,12.0,11.0,11.0,11.0,10.0,36,34,36,38,36,64,66,64,62,64,38,38,否,否,否,否,否,否,否,否,否,否,否,否,否,否,否,否,否,否,40,37,40,0.250,1.605,0.166,0.007,3.768,0.694,0.234,0.472,35.0,30.0,64.0,64.0,0,18.2,7.2,1.4,3.1,51.4,2.6,11.8,6.9,1.1,0.9,0.2,0.0,0.1,0.0,95.4,83.7,98.0,99.8,99.9,1066.7,10.67,15,15,15,35,74,374,1,2,否,否,否,否,否,否,否,否,否,否,否,否,否,否,否,否,否,否,否,否,否,否,否,否,否,否,否,否,否,否,否,否,否,否,否,否,否,37.0,36,36,35,97.0,100.0,否,否,24293,21074,0.0,0.5,0.5,0.000,0.014,5717,2065,38,0.008,100.0,1066.0,0.0,0.0,0.0,0.0,0.0,0.0,0.0,317,否,否,否,否,否,否,7.448,22.171,53.7,-7.441,25.2,178.8,7.2,60.6,0.7,0.7,0.7,0.7,7.2,60.3,0.7,0.7,0.7,0.7,139.66,1360.20,14.29,14.02,1532.07,1532.07,0.32,139.37,139.29,0.38,232.42,0,0,0.0,0.0,0,0.000,
17.9.2026,23:6:46.817,6053,33459,15.3,5783,10399,35.7,0.0,23329,0,0.768,0.797,0.767,0.757,0.750,0.691,0.736,1200.0,1200.0,1200.0,1200.0,1200.0,100.0,1000.0,30.4,118.8,80.7,29.4,7.8,1.1,0.2,4.9,0.2,30.4,2.7,10.0,6.7,1.8,0.6,1.8,0.1,0.6,0.1,10.0,2.7,100.0,1.1,4.1,3.1,1.2,0.3,0.0,0.0,0.2,0.0,1.1,12.0,12.0,12.0,12.0,12.0,10.0,36,34,36,38,37,64,66,64,62,63,39,38,否,否,否,否,否,否,否,否,否,否,否,否,否,否,否,否,否,否,39,36,39,0.250,1.814,0.210,0.007,4.616,0.713,0.220,0.617,35.0,30.0,64.0,64.0,0,18.0,13.0,1.4,2.2,45.7,2.8,11.9,7.3,1.8,0.6,0.1,0.0,0.5,0.0,95.2,83.7,97.7,99.8,99.5,1066.7,10.67,15,15,15,35,74,374,1,2,否,否,否,否,否,否,否,否,否,否,否,否,否,否,否,否,否,否,否,否,否,否,否,否,否,否,否,否,否,否,否,否,否,否,否,否,否,37.0,36,36,35,97.0,100.0,否,否,24293,21074,0.0,2.5,2.5,0.000,0.108,5717,2065,39,0.007,100.0,1066.0,0.0,0.0,0.0,0.0,0.0,0.0,0.0,317,否,否,否,否,否,否,7.419,22.164,53.7,-7.478,25.2,177.8,7.2,60.6,0.7,0.7,0.7,0.7,7.2,60.3,0.7,0.7,0.7,0.7,139.66,1360.20,14.29,14.02,1532.07,1532.07,0.32,139.37,139.29,0.38,232.42,0,0,0.0,0.0,0,0.000,
17.9.2026,23:6:48.821,6052,33459,15.3,5782,10400,35.7,0.0,23329,0,0.768,0.800,0.765,0.755,0.752,0.691,0.696,1200.0,1200.0,1200.0,1200.0,1200.0,100.0,1000.0,28.1,115.9,80.4,21.1,4.3,2.6,0.1,0.3,0.1,28.1,2.1,9.2,6.3,1.5,0.1,0.0,0.0,0.0,0.0,9.2,2.1,100.0,1.0,4.0,3.1,0.8,0.2,0.1,0.0,0.0,0.0,1.0,12.0,12.0,12.0,12.0,12.0,10.0,36,35,36,38,36,64,65,64,62,64,39,38,否,否,否,否,否,否,否,否,否,否,否,否,否,否,否,否,否,否,39,36,40,0.250,1.578,0.162,0.008,4.244,0.672,0.217,0.472,35.0,30.0,64.0,64.0,0,18.3,7.9,1.3,2.7,50.6,2.7,11.5,7.3,1.9,0.4,0.3,0.0,0.0,0.0,95.4,83.8,98.0,99.7,99.9,1066.7,10.67,15,15,15,35,74,374,1,2,否,否,否,否,否,否,否,否,否,否,否,否,否,否,否,否,否,否,否,否,否,否,否,否,否,否,否,否,否,否,否,否,否,否,否,否,否,37.0,36,36,36,97.0,100.0,否,否,24293,21074,0.0,0.7,0.7,0.000,0.028,5717,2065,38,0.007,100.0,1066.0,0.0,0.0,0.0,0.0,0.0,0.0,0.0,317,否,否,否,否,否,否,7.435,22.164,53.7,-7.606,25.2,174.8,7.2,60.6,0.7,0.7,0.7,0.7,7.2,60.3,0.7,0.7,0.7,0.7,139.66,1360.20,14.29,14.02,1532.07,1532.07,0.32,139.37,139.29,0.38,232.42,0,0,0.0,0.0,0,0.000,
17.9.2026,23:6:50.833,6053,33459,15.3,5783,10400,35.7,0.0,23329,0,0.767,0.797,0.765,0.755,0.752,0.691,0.696,1200.0,1200.0,1200.0,1200.0,1200.0,100.0,1000.0,28.4,130.4,71.1,11.4,7.7,5.7,0.2,0.2,0.2,28.4,3.0,11.2,6.2,1.5,1.2,1.9,0.6,0.6,0.6,11.2,3.0,100.0,1.0,4.6,2.7,0.4,0.3,0.2,0.0,0.0,0.0,1.0,12.0,12.0,12.0,12.0,12.0,10.0,36,36,37,38,35,64,64,63,62,65,39,38,否,否,否,否,否,否,否,否,否,否,否,否,否,否,否,否,否,否,38,36,38,0.250,1.558,0.159,0.008,3.696,0.687,0.232,0.434,35.0,30.0,64.0,64.0,0,18.4,6.4,1.4,2.8,51.6,2.7,12.6,6.4,1.0,0.7,0.5,0.0,0.0,0.0,95.3,83.6,98.4,99.4,99.9,1066.7,10.67,15,15,15,35,74,374,1,2,否,否,否,否,否,否,否,否,否,否,否,否,否,否,否,否,否,否,否,否,否,否,否,否,否,否,否,否,否,否,否,否,否,否,否,否,否,37.0,36,36,36,97.0,100.0,否,否,24293,21074,0.0,1.0,1.0,0.000,0.010,5717,2065,40,0.008,100.0,1066.0,0.0,0.0,0.0,0.0,0.0,0.0,0.0,317,否,否,否,否,否,否,7.442,22.164,53.7,-7.569,25.2,175.7,7.2,60.6,0.7,0.7,0.7,0.7,7.2,60.3,0.7,0.7,0.7,0.7,139.66,1360.20,14.29,14.02,1532.07,1532.07,0.32,139.37,139.29,0.38,232.42,0,0,0.0,0.0,0,0.000,
17.9.2026,23:6:52.839,6053,33458,15.3,5783,10399,35.7,0.0,23329,0,0.764,0.797,0.762,0.750,0.747,0.683,0.696,1100.0,1100.0,1100.0,1100.0,1100.0,100.0,900.0,29.0,119.9,71.9,27.6,11.2,0.9,0.1,0.2,0.1,29.0,2.2,9.8,5.9,1.7,0.0,0.0,0.0,0.0,0.0,9.8,2.2,100.0,1.1,4.2,2.7,1.1,0.5,0.0,0.0,0.0,0.0,1.1,11.0,11.0,11.0,11.0,11.0,9.0,35,32,36,38,35,65,68,64,62,65,39,38,否,否,否,否,否,否,否,否,否,否,否,否,否,否,否,否,否,否,38,38,38,0.250,1.646,0.176,0.009,3.920,0.696,0.231,0.496,35.0,30.0,64.0,64.0,0,18.2,7.6,1.4,2.8,50.4,2.7,11.9,6.7,1.9,0.9,0.1,0.0,0.0,0.0,95.2,83.8,97.3,99.9,100.0,1600.0,16.00,22,22,22,52,74,560,1,2,否,否,否,否,否,否,否,否,否,否,否,否,否,否,否,否,否,否,否,否,否,否,否,否,否,否,否,否,否,否,否,否,否,否,否,否,否,36.0,36,36,35,97.0,100.0,否,否,24293,21074,0.0,1.3,1.3,0.000,0.048,5717,2065,38,0.008,100.0,1066.0,0.0,0.0,0.0,0.0,0.0,0.0,0.0,317,否,否,否,否,否,否,7.417,22.156,53.6,-7.536,25.2,176.4,7.2,60.6,0.7,0.7,0.7,0.7,7.2,60.3,0.7,0.7,0.7,0.7,139.66,1360.20,14.29,14.02,1532.07,1532.07,0.32,139.37,139.29,0.38,232.42,0,0,0.0,0.0,0,0.000,
17.9.2026,23:6:54.857,6054,33458,15.3,5787,10395,35.7,0.0,23329,0,0.764,0.795,0.762,0.750,0.750,0.686,0.693,1100.0,1100.0,1100.0,1100.0,1100.0,100.0,900.0,33.5,135.1,91.6,35.0,2.9,2.3,0.3,0.5,0.2,33.5,2.8,11.0,7.5,2.9,0.4,0.0,0.3,0.3,0.3,11.0,2.8,100.0,1.2,4.8,3.5,1.4,0.1,0.1,0.0,0.0,0.0,1.2,11.0,11.0,11.0,11.0,11.0,9.0,36,34,36,38,35,64,66,64,62,65,39,38,否,否,否,否,否,否,否,否,否,否,否,否,否,否,否,否,否,否,38,38,38,0.250,1.660,0.188,0.005,3.991,0.702,0.237,0.494,35.0,30.0,64.0,64.0,0,17.7,8.6,1.7,2.5,49.3,3.0,12.7,8.0,2.8,0.3,0.2,0.0,0.0,0.0,94.8,82.8,96.9,99.8,99.9,1066.7,10.67,15,15,15,35,74,374,1,2,否,否,否,否,否,否,否,否,否,否,否,否,否,否,否,否,否,否,否,否,否,否,否,否,否,否,否,否,否,否,否,否,否,否,否,否,否,37.0,36,36,35,97.0,100.0,否,否,24293,21074,0.0,1.4,1.4,0.000,0.014,5717,2066,38,0.009,100.0,1599.0,0.0,0.0,0.0,0.0,0.0,0.0,0.0,317,否,否,否,否,否,否,7.430,22.156,53.6,-7.541,25.2,176.3,7.2,60.6,0.7,0.7,0.7,0.7,7.2,60.3,0.7,0.7,0.7,0.7,139.66,1360.20,14.29,14.02,1532.07,1532.07,0.32,139.37,139.29,0.38,232.42,0,0,0.0,0.0,0,0.000,
17.9.2026,23:6:56.864,6053,33458,15.3,5795,10388,35.8,0.0,23329,0,0.778,0.797,0.765,0.777,0.772,0.696,0.696,1400.0,1200.0,1200.0,1600.0,1600.0,100.0,1100.0,30.3,119.2,86.3,28.0,6.5,1.3,0.2,0.6,0.2,30.3,5.2,9.2,6.6,1.5,1.7,20.7,0.4,1.2,0.4,20.7,5.2,100.0,1.1,4.1,3.3,1.1,0.3,0.0,0.0,0.0,0.0,1.1,14.0,12.0,12.0,16.0,16.0,11.0,36,32,38,38,36,64,68,62,62,64,38,38,否,否,否,否,否,否,否,否,否,否,否,否,否,否,否,否,否,否,38,38,38,0.250,1.667,0.185,0.005,4.067,0.697,0.227,0.513,35.0,30.0,64.0,64.0,0,17.8,9.5,1.6,2.7,48.5,2.8,11.6,7.7,2.0,0.6,0.1,0.0,0.1,0.0,95.2,83.5,97.4,99.8,99.9,1066.7,10.67,15,15,15,35,74,374,1,2,否,否,否,否,否,否,否,否,否,否,否,否,否,否,否,否,否,否,否,否,否,否,否,否,否,否,否,否,否,否,否,否,否,否,否,否,否,36.0,36,36,35,97.0,100.0,否,否,24293,21074,0.0,1.5,1.5,0.000,0.112,5717,2066,38,0.005,100.0,1066.0,0.0,0.0,0.0,0.0,0.0,0.0,0.0,317,否,否,否,否,否,否,7.428,22.148,53.6,-7.532,25.2,176.4,7.2,60.6,0.7,0.7,0.7,0.7,7.2,60.3,0.7,0.7,0.7,0.7,139.66,1360.20,14.29,14.02,1532.07,1532.07,0.32,139.37,139.29,0.38,232.42,0,0,0.0,0.0,0,0.000,
17.9.2026,23:6:58.864,6053,33458,15.3,5793,10389,35.8,0.0,23329,0,0.770,0.802,0.780,0.750,0.747,0.691,0.696,1125.0,1200.0,1100.0,1100.0,1100.0,100.0,1000.0,28.7,109.5,80.6,25.3,11.0,1.5,0.4,1.0,0.2,28.7,2.1,8.7,6.5,1.3,0.6,0.0,0.0,0.0,0.0,8.7,2.1,100.0,1.0,3.8,3.1,1.0,0.4,0.1,0.0,0.0,0.0,1.0,11.2,12.0,11.0,11.0,11.0,10.0,35,32,36,38,35,65,68,64,62,65,38,38,否,否,否,否,否,否,否,否,否,否,否,否,否,否,否,否,否,否,37,36,38,0.250,1.545,0.174,0.007,3.656,0.665,0.222,0.434,35.0,30.0,64.0,64.0,0,18.1,6.3,1.4,2.5,52.5,2.7,10.9,7.5,1.7,1.0,0.1,0.0,0.1,0.0,95.3,84.1,97.3,99.8,99.9,1066.7,10.67,15,15,15,35,74,374,1,2,否,否,否,否,否,否,否,否,否,否,否,否,否,否,否,否,否,否,否,否,否,否,否,否,否,否,否,否,否,否,否,否,否,否,否,否,否,37.0,36,36,35,97.0,100.0,否,否,24293,21074,0.0,1.0,1.0,0.000,0.034,5717,2066,38,0.005,100.0,1066.0,0.0,0.0,0.0,0.0,0.0,0.0,0.0,317,否,否,否,否,否,否,7.439,22.148,53.6,-7.528,25.2,176.5,7.2,60.6,0.7,0.7,0.7,0.7,7.2,60.3,0.7,0.7,0.7,0.7,139.66,1360.20,14.29,14.02,1532.07,1532.07,0.32,139.37,139.29,0.38,232.42,0,0,0.0,0.0,0,0.000,
17.9.2026,23:7:0.879,6053,33459,15.3,5792,10390,35.7,0.0,23329,0,0.764,0.797,0.760,0.750,0.747,0.686,0.696,1100.0,1100.0,1100.0,1100.0,1100.0,100.0,900.0,28.1,111.9,72.4,28.5,9.6,1.2,0.2,0.6,0.2,28.1,2.7,9.6,6.5,2.4,1.3,0.0,0.5,0.5,0.5,9.6,2.7,100.0,1.0,3.9,2.7,1.1,0.4,0.0,0.0,0.0,0.0,1.0,11.0,11.0,11.0,11.0,11.0,9.0,35,31,36,38,35,65,69,64,62,65,38,38,否,否,否,否,否,否,否,否,否,否,否,否,否,否,否,否,否,否,39,39,39,0.250,1.522,0.167,0.006,3.593,0.660,0.222,0.424,35.0,30.0,64.0,64.0,0,18.1,6.3,1.6,2.3,52.7,2.6,11.1,6.7,2.0,0.8,0.1,0.0,0.1,0.0,95.4,84.9,97.1,99.8,99.9,1066.7,10.67,15,15,15,35,74,374,1,2,否,否,否,否,否,否,否,否,否,否,否,否,否,否,否,否,否,否,否,否,否,否,否,否,否,否,否,否,否,否,否,否,否,否,否,否,否,36.0,36,36,35,97.0,100.0,否,否,24293,21074,0.0,0.7,0.7,0.000,0.012,5717,2066,39,0.007,100.0,1066.0,0.0,0.0,0.0,0.0,0.0,0.0,0.0,317,否,否,否,否,否,否,7.435,22.141,53.6,-7.502,25.2,177.1,7.2,60.6,0.7,0.7,0.7,0.7,7.2,60.3,0.7,0.7,0.7,0.7,139.66,1360.20,14.29,14.02,1532.07,1532.07,0.32,139.37,139.29,0.38,232.42,0,0,0.0,0.0,0,0.000,
17.9.2026,23:7:2.869,6056,33456,15.3,5797,10386,35.8,0.0,23329,0,0.768,0.800,0.765,0.755,0.752,0.691,0.738,1200.0,1200.0,1200.0,1200.0,1200.0,100.0,1000.0,76.2,218.7,166.7,96.5,48.1,21.2,25.8,22.6,10.3,76.2,5.6,16.5,13.1,6.9,2.6,2.4,2.0,0.8,0.8,16.5,5.6,100.0,2.9,8.1,6.6,3.8,1.9,0.8,1.0,0.9,0.4,2.9,12.0,12.0,12.0,12.0,12.0,10.0,36,34,38,37,36,64,66,62,63,64,38,38,否,否,否,否,否,否,否,否,否,否,否,否,否,否,否,否,否,否,39,38,39,0.250,2.264,0.365,0.076,5.661,0.843,0.346,0.643,35.0,30.0,64.0,64.0,0,15.2,8.3,1.5,1.9,39.8,6.3,18.6,13.9,7.5,3.5,1.8,2.1,1.8,0.9,89.5,73.4,90.7,96.3,97.5,1066.7,10.67,15,15,15,35,74,374,1,2,是,否,否,否,否,否,否,否,否,否,是,否,否,否,否,否,否,否,否,否,否,否,否,否,否,否,否,否,否,否,否,否,否,否,否,否,否,37.0,36,36,36,97.0,100.0,否,否,24293,21074,0.0,3.1,3.1,0.000,0.442,5717,2067,38,0.006,100.0,1066.0,0.5,2.8,0.0,0.0,0.0,0.0,0.0,359,否,否,否,否,否,否,7.336,22.141,53.6,-7.497,25.2,177.2,30.2,30.2,30.2,30.2,30.2,30.2,60.5,60.5,60.5,60.5,60.5,60.5,19.02,19.02,19.02,19.02,19.02,19.02,1.66,18.61,18.64,0.38,14.81,0,0,0.0,0.0,0,0.000,
17.9.2026,23:7:4.880,6072,33440,15.3,5813,10369,35.9,0.0,23329,0,0.770,0.805,0.770,0.752,0.752,0.701,0.693,1275.0,1400.0,1300.0,1200.0,1200.0,100.0,1200.0,207.3,691.7,605.3,165.1,103.7,53.8,34.3,4.3,0.3,207.3,8.6,28.0,23.0,7.5,5.0,2.9,1.1,1.0,0.0,28.0,8.6,100.0,7.8,26.1,21.9,6.4,4.1,2.1,1.4,0.2,0.0,7.8,12.8,14.0,13.0,12.0,12.0,12.0,38,37,38,40,38,62,63,62,60,62,40,40,否,否,否,否,否,否,否,否,否,否,否,否,否,否,否,否,否,否,40,39,40,0.250,4.010,1.881,0.197,8.482,1.010,0.456,0.506,35.0,30.0,64.0,64.0,0,11.2,1.5,1.2,1.7,31.1,9.2,31.1,25.8,8.3,4.6,2.3,1.2,0.3,0.0,83.9,51.6,87.5,96.7,99.7,1066.7,10.67,15,15,15,35,74,374,1,2,是,否,否,否,否,否,否,否,否,否,是,否,否,否,否,否,否,否,否,否,否,否,否,否,否,否,否,否,否,否,否,否,否,否,否,否,否,37.0,36,36,35,97.0,100.0,否,否,24293,21074,0.0,2.4,2.4,0.000,0.022,5717,2067,40,0.076,100.0,1066.0,1.3,7.8,0.0,0.0,0.0,0.0,0.0,403,否,否,否,否,否,否,7.376,22.133,53.6,-7.774,25.2,170.8,9.3,61.1,1.6,1.6,1.5,1.5,9.2,60.4,1.6,1.5,1.5,1.5,107.99,610.08,16.31,16.31,648.52,648.52,0.46,107.53,107.53,0.45,156.14,0,0,0.0,0.0,0,0.000,
17.9.2026,23:7:6.878,6078,33433,15.3,5817,10365,35.9,0.0,23329,0,0.766,0.795,0.765,0.752,0.750,0.688,0.736,1200.0,1200.0,1200.0,1200.0,1200.0,100.0,1000.0,219.3,531.6,382.2,339.2,264.2,108.3,46.8,48.9,32.9,219.3,10.2,27.3,19.7,15.7,12.7,1.4,1.6,1.8,1.6,27.3,10.2,100.0,8.5,20.3,15.1,13.0,10.4,4.4,1.9,1.9,1.3,8.5,12.0,12.0,12.0,12.0,12.0,10.0,38,37,38,39,37,62,63,62,61,63,40,39,否,否,否,否,否,否,否,否,否,否,否,否,否,否,否,否,否,否,39,38,39,0.250,3.923,1.714,0.092,8.611,1.091,0.533,0.575,35.0,30.0,64.0,64.0,0,12.1,7.4,0.3,3.6,24.7,11.8,30.4,21.1,17.8,13.8,5.0,2.0,2.3,2.0,80.7,59.1,73.9,93.7,96.1,1600.0,16.00,22,22,22,52,74,560,1,2,是,否,否,否,否,否,否,否,否,否,是,否,否,否,否,否,否,否,否,否,否,否,否,否,否,否,否,否,否,否,否,否,否,否,否,否,否,38.0,36,36,35,97.0,100.0,否,否,24293,21074,0.0,2.4,2.4,0.000,0.106,5717,2067,39,0.197,100.0,1066.0,0.7,3.9,0.0,0.0,0.0,0.0,0.0,422,否,否,否,否,否,否,7.372,22.125,53.6,-8.161,25.2,162.7,43.1,67.1,5.6,3.7,3.5,3.5,43.1,60.8,5.7,3.7,3.5,3.5,23.18,177.42,14.63,14.40,283.62,283.62,0.57,22.61,22.78,0.40,13.58,0,0,0.0,0.0,0,0.000,
Date,Time,"提交虚拟内存 [MB]","可用虚拟内存 [MB]","虚拟内存使用率 [%]","已用物理内存 [MB]","可用物理内存 [MB]","物理内存使用率 [%]","分页文件使用率 [%]","Page File Total [MB]","Page File Used [MB]","Core VIDs (avg) [V]","Core 0 VID [V]","Core 1 VID [V]","Core 2 VID [V]","Core 3 VID [V]","Uncore VID [V]","SA VID [V]","核心频率 (avg) [MHz]","Core 0 频率 [MHz]","Core 1 频率 [MHz]","Core 2 频率 [MHz]","Core 3 频率 [MHz]","总线频率 [MHz]","Ring/LLC 频率 [MHz]","核心有效频率 (avg) [MHz]","Core 0 T0 有效频率 [MHz]","Core 0 T1 有效频率 [MHz]","Core 1 T0 有效频率 [MHz]","Core 1 T1 有效频率 [MHz]","Core 2 T0 有效频率 [MHz]","Core 2 T1 有效频率 [MHz]","Core 3 T0 有效频率 [MHz]","Core 3 T1 有效频率 [MHz]","平均有效频率 [MHz]","核心使用率 (avg) [%]","Core 0 T0 使用率 [%]","Core 0 T1 使用率 [%]","Core 1 T0 使用率 [%]","Core 1 T1 使用率 [%]","Core 2 T0 使用率 [%]","Core 2 T1 使用率 [%]","Core 3 T0 使用率 [%]","Core 3 T1 使用率 [%]","最大CPU/线程使用率 [%]","CPU 总使用率 [%]","按需频率调制 [%]","核心使用率 (avg) [%]","Core 0 T0 使用率 [%]","Core 0 T1 使用率 [%]","Core 1 T0 使用率 [%]","Core 1 T1 使用率 [%]","Core 2 T0 使用率 [%]","Core 2 T1 使用率 [%]","Core 3 T0 使用率 [%]","Core 3 T1 使用率 [%]","CPU 总使用率 [%]","核心倍频 (avg) [x]","Core 0 倍频 [x]","Core 1 倍频 [x]","Core 2 倍频 [x]","Core 3 倍频 [x]","Uncore 倍频 [x]","核心温度 (avg) [℃]","Core 0 [℃]","Core 1 [℃]","Core 2 [℃]","Core 3 [℃]","核心温度与 TjMAX 的差值 (avg) [℃]","Core 0 与 TjMAX 的差值 [℃]","Core 1 与 TjMAX 的差值 [℃]","Core 2 与 TjMAX 的差值 [℃]","Core 3 与 TjMAX 的差值 [℃]","CPU 封装 [℃]","核心最大值 [℃]","核心过热降频 (avg) [Yes/No]","Core 0 过热降频 [Yes/No]","Core 1 过热降频 [Yes/No]","Core 2 过热降频 [Yes/No]","Core 3 过热降频 [Yes/No]","核心临界温度 (avg) [Yes/No]","Core 0 临界温度 [Yes/No]","Core 1 临界温度 [Yes/No]","Core 2 临界温度 [Yes/No]","Core 3 临界温度 [Yes/No]","超出核心功率限制 (avg) [Yes/No]","Core 0 超出功率限制 [Yes/No]","Core 1 超出功率限制 [Yes/No]","Core 2 超出功率限制 [Yes/No]","Core 3 超出功率限制 [Yes/No]","封装/环形总线过热降频 [Yes/No]","封装/环形总线临界温度 [Yes/No]","超出封装/环形总线功率限制 [Yes/No]","CPU 封装 [℃]","CPU IA 核心 [℃]","CPU GT 核心 (核显) [℃]","VR VCC 电流 (SVID IOUT) [A]","CPU 封装功率 [W]","IA 核心功率 [W]","GT 核心功率 [W]","系统总功率 [W]","System Agent 功率 [W]","剩余芯片功率 [W]","PCH 功率 [W]","PL1 功率限制 (静态) [W]","PL1 功率限制 (动态) [W]","PL2 功率限制 (静态) [W]","PL2 功率限制 (动态) [W]","当前 cTDP 级别 []","Package C2 驻留率 [%]","Package C3 驻留率 [%]","Package C6 驻留率 [%]","Package C7 驻留率 [%]","Package C8 驻留率 [%]","Core C0 驻留率 (avg) [%]","Core 0 T0 C0 驻留率 [%]","Core 0 T1 C0 驻留率 [%]","Core 1 T0 C0 驻留率 [%]","Core 1 T1 C0 驻留率 [%]","Core 2 T0 C0 驻留率 [%]","Core 2 T1 C0 驻留率 [%]","Core 3 T0 C0 驻留率 [%]","Core 3 T1 C0 驻留率 [%]","Core C7 驻留率 (avg) [%]","Core 0 C7 驻留率 [%]","Core 1 C7 驻留率 [%]","Core 2 C7 驻留率 [%]","Core 3 C7 驻留率 [%]","内存频率 [MHz]","内存倍频 [x]","Tcas [T]","Trcd [T]","Trp [T]","Tras [T]","Trc [T]","Trfc [T]","Command Rate [T]","Gear Mode []","IA Limit Reasons (avg) [Yes/No]","IA: PROCHOT [Yes/No]","IA: 过热事件 [Yes/No]","IA: Residency State Regulation [Yes/No]","IA: 运行平均过热限制 (RATL) [Yes/No]","IA: VR 过热警报 [Yes/No]","IA: VR TDC [Yes/No]","IA: 电气设计点/其他 (ICCmax、PL4、SVID、DDR RAPL) [Yes/No]","IA: Package-Level RAPL/PBM PL1 [Yes/No]","IA: Package-Level RAPL/PBM PL2 PL3 [Yes/No]","IA: Max Turbo Limit [Yes/No]","IA: 睿频衰减 (MCT) [Yes/No]","GT Limit Reasons (avg) [Yes/No]","GT: PROCHOT [Yes/No]","GT: 过热事件 [Yes/No]","GT: DDR RAPL [Yes/No]","GT: Residency State Regulation [Yes/No]","GT: 运行平均过热限制 (RATL) [Yes/No]","GT: VR 过热警报 [Yes/No]","GT: VR TDC [Yes/No]","GT: Max VR Voltage  ICCmax  PL4 [Yes/No]","GT: Domain-Level PBM PLGT [Yes/No]","GT: Package-Level RAPL/PBM PL1 [Yes/No]","GT: Package-Level RAPL/PBM PL2 PL3 [Yes/No]","GT: Inefficient Operation [Yes/No]","GT: 熔断限制 [Yes/No]","Ring Limit Reasons (avg) [Yes/No]","RING: PROCHOT [Yes/No]","RING: 过热事件 [Yes/No]","RING: DDR RAPL [Yes/No]","RING: Residency State Regulation [Yes/No]","RING: 运行平均过热限制 (RATL) [Yes/No]","RING: VR 过热警报 [Yes/No]","RING: VR TDC [Yes/No]","RING: Max VR Voltage  ICCmax  PL4 [Yes/No]","RING: Package-Level RAPL/PBM PL1 [Yes/No]","RING: Package-Level RAPL/PBM PL2 PL3 [Yes/No]","PCH 温度 [℃]","磁盘温度 [℃]","磁盘温度 2 [℃]","磁盘温度 3 [℃]","磁盘剩余寿命 [%]","磁盘可用备用 [%]","磁盘故障 [Yes/No]","磁盘警告 [Yes/No]","主机写入总计 [GB]","主机读取总计 [GB]","读取活动率 [%]","写入活动率 [%]","总活动率 [%]","读取速度 [MB/s]","写入速度 [MB/s]","读取总计 [MB]","写入总计 [MB]","GPU Core 温度 [℃]","IGPU 功率 [W]","GPU 频率 [MHz]","显存频率 [MHz]","GPU D3D 使用率 (avg) [%]","GPU D3D 使用率 [%]","GPU Video Decode 0 使用率 [%]","GPU Video Decode 1 使用率 [%]","GPU Video Processing 0 使用率 [%]","GPU Video Processing 1 使用率 [%]","GPU 复制引擎使用率 [%]","GPU D3D 共享显存 [MB]","GPU 性能下降原因 (avg) [Yes/No]","功率 [Yes/No]","电压 Limit [Yes/No]","Current (PL4) [Yes/No]","过热 [Yes/No]","使用率 [Yes/No]","电池电压 [V]","剩余容量 [Wh]","电池电量 [%]","充电速度 [W]","损耗程度 [%]","预计剩余时间 [分钟]","呈现帧率 (avg) [FPS]","呈现帧率 (99%) [FPS]","呈现帧率 (1%) [FPS]","呈现帧率 (0.1%) [FPS]","呈现帧率 (1% low) [FPS]","呈现帧率 (0.1% low) [FPS]","显示帧率 (avg) [FPS]","显示帧率 (99%) [FPS]","显示帧率 (1%) [FPS]","显示帧率 (0.1%) [FPS]","显示帧率 (1% low) [FPS]","显示帧率 (0.1% low) [FPS]","Frame Time Presented (avg) [ms]","Frame Time Presented (99%) [ms]","Frame Time Presented (1%) [ms]","Frame Time Presented (0.1%) [ms]","Frame Time Displayed (1% high) [ms]","Frame Time Displayed (0.1% high) [ms]","GPU Busy (avg) [ms]","GPU Wait (avg) [ms]","CPU Busy (avg) [ms]","CPU Wait (avg) [ms]","Animation Error (avg) [ms]","下载总计 [MB]","上传总计 [MB]","当前下载速度 [KB/s]","当前上传速度 [KB/s]","错误总数 []","iGPU VID [V]",
,,系统: HUAWEI KLVD-WXX9,系统: HUAWEI KLVD-WXX9,系统: HUAWEI KLVD-WXX9,系统: HUAWEI KLVD-WXX9,系统: HUAWEI KLVD-WXX9,系统: HUAWEI KLVD-WXX9,系统: HUAWEI KLVD-WXX9,系统: HUAWEI KLVD-WXX9,系统: HUAWEI KLVD-WXX9,CPU [#0]: Intel Core i5-1135G7,CPU [#0]: Intel Core i5-1135G7,CPU [#0]: Intel Core i5-1135G7,CPU [#0]: Intel Core i5-1135G7,CPU [#0]: Intel Core i5-1135G7,CPU [#0]: Intel Core i5-1135G7,CPU [#0]: Intel Core i5-1135G7,CPU [#0]: Intel Core i5-1135G7,CPU [#0]: Intel Core i5-1135G7,CPU [#0]: Intel Core i5-1135G7,CPU [#0]: Intel Core i5-1135G7,CPU [#0]: Intel Core i5-1135G7,CPU [#0]: Intel Core i5-1135G7,CPU [#0]: Intel Core i5-1135G7,CPU [#0]: Intel Core i5-1135G7,CPU [#0]: Intel Core i5-1135G7,CPU [#0]: Intel Core i5-1135G7,CPU [#0]: Intel Core i5-1135G7,CPU [#0]: Intel Core i5-1135G7,CPU [#0]: Intel Core i5-1135G7,CPU [#0]: Intel Core i5-1135G7,CPU [#0]: Intel Core i5-1135G7,CPU [#0]: Intel Core i5-1135G7,CPU [#0]: Intel Core i5-1135G7,CPU [#0]: Intel Core i5-1135G7,CPU [#0]: Intel Core i5-1135G7,CPU [#0]: Intel Core i5-1135G7,CPU [#0]: Intel Core i5-1135G7,CPU [#0]: Intel Core i5-1135G7,CPU [#0]: Intel Core i5-1135G7,CPU [#0]: Intel Core i5-1135G7,CPU [#0]: Intel Core i5-1135G7,CPU [#0]: Intel Core i5-1135G7,CPU [#0]: Intel Core i5-1135G7,CPU [#0]: Intel Core i5-1135G7,CPU [#0]: Intel Core i5-1135G7,CPU [#0]: Intel Core i5-1135G7,CPU [#0]: Intel Core i5-1135G7,CPU [#0]: Intel Core i5-1135G7,CPU [#0]: Intel Core i5-1135G7,CPU [#0]: Intel Core i5-1135G7,CPU [#0]: Intel Core i5-1135G7,CPU [#0]: Intel Core i5-1135G7,CPU [#0]: Intel Core i5-1135G7,CPU [#0]: Intel Core i5-1135G7,CPU [#0]: Intel Core i5-1135G7,CPU [#0]: Intel Core i5-1135G7,CPU [#0]: Intel Core i5-1135G7,CPU [#0]: Intel Core i5-1135G7,CPU [#0]: Intel Core i5-1135G7,CPU [#0]: Intel Core i5-1135G7,CPU [#0]: Intel Core i5-1135G7,CPU [#0]: Intel Core i5-1135G7: DTS,CPU [#0]: Intel Core i5-1135G7: DTS,CPU [#0]: Intel Core i5-1135G7: DTS,CPU [#0]: Intel Core i5-1135G7: DTS,CPU [#0]: Intel Core i5-1135G7: DTS,CPU [#0]: Intel Core i5-1135G7: DTS,CPU [#0]: Intel Core i5-1135G7: DTS,CPU [#0]: Intel Core i5-1135G7: DTS,CPU [#0]: Intel Core i5-1135G7: DTS,CPU [#0]: Intel Core i5-1135G7: DTS,CPU [#0]: Intel Core i5-1135G7: DTS,CPU [#0]: Intel Core i5-1135G7: DTS,CPU [#0]: Intel Core i5-1135G7: DTS,CPU [#0]: Intel Core i5-1135G7: DTS,CPU [#0]: Intel Core i5-1135G7: DTS,CPU [#0]: Intel Core i5-1135G7: DTS,CPU [#0]: Intel Core i5-1135G7: DTS,CPU [#0]: Intel Core i5-1135G7: DTS,CPU [#0]: Intel Core i5-1135G7: DTS,CPU [#0]: Intel Core i5-1135G7: DTS,CPU [#0]: Intel Core i5-1135G7: DTS,CPU [#0]: Intel Core i5-1135G7: DTS,CPU [#0]: Intel Core i5-1135G7: DTS,CPU [#0]: Intel Core i5-1135G7: DTS,CPU [#0]: Intel Core i5-1135G7: DTS,CPU [#0]: Intel Core i5-1135G7: DTS,CPU [#0]: Intel Core i5-1135G7: DTS,CPU [#0]: Intel Core i5-1135G7: DTS,CPU [#0]: Intel Core i5-1135G7: DTS,CPU [#0]: Intel Core i5-1135G7: DTS,CPU [#0]: Intel Core i5-1135G7: Enhanced,CPU [#0]: Intel Core i5-1135G7: Enhanced,CPU [#0]: Intel Core i5-1135G7: Enhanced,CPU [#0]: Intel Core i5-1135G7: Enhanced,CPU [#0]: Intel Core i5-1135G7: Enhanced,CPU [#0]: Intel Core i5-1135G7: Enhanced,CPU [#0]: Intel Core i5-1135G7: Enhanced,CPU [#0]: Intel Core i5-1135G7: Enhanced,CPU [#0]: Intel Core i5-1135G7: Enhanced,CPU [#0]: Intel Core i5-1135G7: Enhanced,CPU [#0]: Intel Core i5-1135G7: Enhanced,CPU [#0]: Intel Core i5-1135G7: Enhanced,CPU [#0]: Intel Core i5-1135G7: Enhanced,CPU [#0]: Intel Core i5-1135G7: Enhanced,CPU [#0]: Intel Core i5-1135G7: Enhanced,CPU [#0]: Intel Core i5-1135G7: Enhanced,CPU [#0]: Intel Core i5-1135G7: C-State 驻留率,CPU [#0]: Intel Core i5-1135G7: C-State 驻留率,CPU [#0]: Intel Core i5-1135G7: C-State 驻留率,CPU [#0]: Intel Core i5-1135G7: C-State 驻留率,CPU [#0]: Intel Core i5-1135G7: C-State 驻留率,CPU [#0]: Intel Core i5-1135G7: C-State 驻留率,CPU [#0]: Intel Core i5-1135G7: C-State 驻留率,CPU [#0]: Intel Core i5-1135G7: C-State 驻留率,CPU [#0]: Intel Core i5-1135G7: C-State 驻留率,CPU [#0]: Intel Core i5-1135G7: C-State 驻留率,CPU [#0]: Intel Core i5-1135G7: C-State 驻留率,CPU [#0]: Intel Core i5-1135G7: C-State 驻留率,CPU [#0]: Intel Core i5-1135G7: C-State 驻留率,CPU [#0]: Intel Core i5-1135G7: C-State 驻留率,CPU [#0]: Intel Core i5-1135G7: C-State 驻留率,CPU [#0]: Intel Core i5-1135G7: C-State 驻留率,CPU [#0]: Intel Core i5-1135G7: C-State 驻留率,CPU [#0]: Intel Core i5-1135G7: C-State 驻留率,CPU [#0]: Intel Core i5-1135G7: C-State 驻留率,内存时序,内存时序,内存时序,内存时序,内存时序,内存时序,内存时序,内存时序,内存时序,内存时序,CPU [#0]: Intel Core i5-1135G7: 性能受限原因,CPU [#0]: Intel Core i5-1135G7: 性能受限原因,CPU [#0]: Intel Core i5-1135G7: 性能受限原因,CPU [#0]: Intel Core i5-1135G7: 性能受限原因,CPU [#0]: Intel Core i5-1135G7: 性能受限原因,CPU [#0]: Intel Core i5-1135G7: 性能受限原因,CPU [#0]: Intel Core i5-1135G7: 性能受限原因,CPU [#0]: Intel Core i5-1135G7: 性能受限原因,CPU [#0]: Intel Core i5-1135G7: 性能受限原因,CPU [#0]: Intel Core i5-1135G7: 性能受限原因,CPU [#0]: Intel Core i5-1135G7: 性能受限原因,CPU [#0]: Intel Core i5-1135G7: 性能受限原因,CPU [#0]: Intel Core i5-1135G7: 性能受限原因,CPU [#0]: Intel Core i5-1135G7: 性能受限原因,CPU [#0]: Intel Core i5-1135G7: 性能受限原因,CPU [#0]: Intel Core i5-1135G7: 性能受限原因,CPU [#0]: Intel Core i5-1135G7: 性能受限原因,CPU [#0]: Intel Core i5-1135G7: 性能受限原因,CPU [#0]: Intel Core i5-1135G7: 性能受限原因,CPU [#0]: Intel Core i5-1135G7: 性能受限原因,CPU [#0]: Intel Core i5-1135G7: 性能受限原因,CPU [#0]: Intel Core i5-1135G7: 性能受限原因,CPU [#0]: Intel Core i5-1135G7: 性能受限原因,CPU [#0]: Intel Core i5-1135G7: 性能受限原因,CPU [#0]: Intel Core i5-1135G7: 性能受限原因,CPU [#0]: Intel Core i5-1135G7: 性能受限原因,CPU [#0]: Intel Core i5-1135G7: 性能受限原因,CPU [#0]: Intel Core i5-1135G7: 性能受限原因,CPU [#0]: Intel Core i5-1135G7: 性能受限原因,CPU [#0]: Intel Core i5-1135G7: 性能受限原因,CPU [#0]: Intel Core i5-1135G7: 性能受限原因,CPU [#0]: Intel Core i5-1135G7: 性能受限原因,CPU [#0]: Intel Core i5-1135G7: 性能受限原因,CPU [#0]: Intel Core i5-1135G7: 性能受限原因,CPU [#0]: Intel Core i5-1135G7: 性能受限原因,CPU [#0]: Intel Core i5-1135G7: 性能受限原因,CPU [#0]: Intel Core i5-1135G7: 性能受限原因,HUAWEI KLVD-WXX9-PCB (Intel PCH),S.M.A.R.T.: SAMSUNG MZVLB512HBJQ-00000 (S4GENF0N557604) [C:  D:],S.M.A.R.T.: SAMSUNG MZVLB512HBJQ-00000 (S4GENF0N557604) [C:  D:],S.M.A.R.T.: SAMSUNG MZVLB512HBJQ-00000 (S4GENF0N557604) [C:  D:],S.M.A.R.T.: SAMSUNG MZVLB512HBJQ-00000 (S4GENF0N557604) [C:  D:],S.M.A.R.T.: SAMSUNG MZVLB512HBJQ-00000 (S4GENF0N557604) [C:  D:],S.M.A.R.T.: SAMSUNG MZVLB512HBJQ-00000 (S4GENF0N557604) [C:  D:],S.M.A.R.T.: SAMSUNG MZVLB512HBJQ-00000 (S4GENF0N557604) [C:  D:],S.M.A.R.T.: SAMSUNG MZVLB512HBJQ-00000 (S4GENF0N557604) [C:  D:],S.M.A.R.T.: SAMSUNG MZVLB512HBJQ-00000 (S4GENF0N557604) [C:  D:],Drive: SAMSUNG MZVLB512HBJQ-00000 (S4GENF0N557604) [C:  D:],Drive: SAMSUNG MZVLB512HBJQ-00000 (S4GENF0N557604) [C:  D:],Drive: SAMSUNG MZVLB512HBJQ-00000 (S4GENF0N557604) [C:  D:],Drive: SAMSUNG MZVLB512HBJQ-00000 (S4GENF0N557604) [C:  D:],Drive: SAMSUNG MZVLB512HBJQ-00000 (S4GENF0N557604) [C:  D:],Drive: SAMSUNG MZVLB512HBJQ-00000 (S4GENF0N557604) [C:  D:],Drive: SAMSUNG MZVLB512HBJQ-00000 (S4GENF0N557604) [C:  D:],iGPU [#0]: Intel Iris Xe Graphics,iGPU [#0]: Intel Iris Xe Graphics,iGPU [#0]: Intel Iris Xe Graphics,iGPU [#0]: Intel Iris Xe Graphics,iGPU [#0]: Intel Iris Xe Graphics,iGPU [#0]: Intel Iris Xe Graphics,iGPU [#0]: Intel Iris Xe Graphics,iGPU [#0]: Intel Iris Xe Graphics,iGPU [#0]: Intel Iris Xe Graphics,iGPU [#0]: Intel Iris Xe Graphics,iGPU [#0]: Intel Iris Xe Graphics,iGPU [#0]: Intel Iris Xe Graphics,iGPU [#0]: Intel Iris Xe Graphics,iGPU [#0]: Intel Iris Xe Graphics,iGPU [#0]: Intel Iris Xe Graphics,iGPU [#0]: Intel Iris Xe Graphics,iGPU [#0]: Intel Iris Xe Graphics,iGPU [#0]: Intel Iris Xe Graphics,Battery: Sunwoda-H HB4593R1ECW-22T,Battery: Sunwoda-H HB4593R1ECW-22T,Battery: Sunwoda-H HB4593R1ECW-22T,Battery: Sunwoda-H HB4593R1ECW-22T,Battery: Sunwoda-H HB4593R1ECW-22T,Battery: Sunwoda-H HB4593R1ECW-22T,PresentMon [dwm.exe],PresentMon [dwm.exe],PresentMon [dwm.exe],PresentMon [dwm.exe],PresentMon [dwm.exe],PresentMon [dwm.exe],PresentMon [dwm.exe],PresentMon [dwm.exe],PresentMon [dwm.exe],PresentMon [dwm.exe],PresentMon [dwm.exe],PresentMon [dwm.exe],PresentMon [dwm.exe],PresentMon [dwm.exe],PresentMon [dwm.exe],PresentMon [dwm.exe],PresentMon [dwm.exe],PresentMon [dwm.exe],PresentMon [dwm.exe],PresentMon [dwm.exe],PresentMon [dwm.exe],PresentMon [dwm.exe],PresentMon [dwm.exe],网络: Intel Wi-Fi 6 AX201 160MHz - WLAN,网络: Intel Wi-Fi 6 AX201 160MHz - WLAN,网络: Intel Wi-Fi 6 AX201 160MHz - WLAN,网络: Intel Wi-Fi 6 AX201 160MHz - WLAN,Windows Hardware Errors (WHEA),iGPU [#0]: Intel Iris Xe Graphics,
