Date,Time,"提交虚拟内存 [MB]","可用虚拟内存 [MB]","虚拟内存使用率 [%]","已用物理内存 [MB]","可用物理内存 [MB]","物理内存使用率 [%]","分页文件使用率 [%]","Page File Total [MB]","Page File Used [MB]","Core VIDs (avg) [V]","Core 0 VID [V]","Core 1 VID [V]","Core 2 VID [V]","Core 3 VID [V]","Uncore VID [V]","SA VID [V]","核心频率 (avg) [MHz]","Core 0 频率 [MHz]","Core 1 频率 [MHz]","Core 2 频率 [MHz]","Core 3 频率 [MHz]","总线频率 [MHz]","Ring/LLC 频率 [MHz]","核心有效频率 (avg) [MHz]","Core 0 T0 有效频率 [MHz]","Core 0 T1 有效频率 [MHz]","Core 1 T0 有效频率 [MHz]","Core 1 T1 有效频率 [MHz]","Core 2 T0 有效频率 [MHz]","Core 2 T1 有效频率 [MHz]","Core 3 T0 有效频率 [MHz]","Core 3 T1 有效频率 [MHz]","平均有效频率 [MHz]","核心使用率 (avg) [%]","Core 0 T0 使用率 [%]","Core 0 T1 使用率 [%]","Core 1 T0 使用率 [%]","Core 1 T1 使用率 [%]","Core 2 T0 使用率 [%]","Core 2 T1 使用率 [%]","Core 3 T0 使用率 [%]","Core 3 T1 使用率 [%]","最大CPU/线程使用率 [%]","CPU 总使用率 [%]","按需频率调制 [%]","核心使用率 (avg) [%]","Core 0 T0 使用率 [%]","Core 0 T1 使用率 [%]","Core 1 T0 使用率 [%]","Core 1 T1 使用率 [%]","Core 2 T0 使用率 [%]","Core 2 T1 使用率 [%]","Core 3 T0 使用率 [%]","Core 3 T1 使用率 [%]","CPU 总使用率 [%]","核心倍频 (avg) [x]","Core 0 倍频 [x]","Core 1 倍频 [x]","Core 2 倍频 [x]","Core 3 倍频 [x]","Uncore 倍频 [x]","核心温度 (avg) [℃]","Core 0 [℃]","Core 1 [℃]","Core 2 [℃]","Core 3 [℃]","核心温度与 TjMAX 的差值 (avg) [℃]","Core 0 与 TjMAX 的差值 [℃]","Core 1 与 TjMAX 的差值 [℃]","Core 2 与 TjMAX 的差值 [℃]","Core 3 与 TjMAX 的差值 [℃]","CPU 封装 [℃]","核心最大值 [℃]","核心过热降频 (avg) [Yes/No]","Core 0 过热降频 [Yes/No]","Core 1 过热降频 [Yes/No]","Core 2 过热降频 [Yes/No]","Core 3 过热降频 [Yes/No]","核心临界温度 (avg) [Yes/No]","Core 0 临界温度 [Yes/No]","Core 1 临界温度 [Yes/No]","Core 2 临界温度 [Yes/No]","Core 3 临界温度 [Yes/No]","超出核心功率限制 (avg) [Yes/No]","Core 0 超出功率限制 [Yes/No]","Core 1 超出功率限制 [Yes/No]","Core 2 超出功率限制 [Yes/No]","Core 3 超出功率限制 [Yes/No]","封装/环形总线过热降频 [Yes/No]","封装/环形总线临界温度 [Yes/No]","超出封装/环形总线功率限制 [Yes/No]","CPU 封装 [℃]","CPU IA 核心 [℃]","CPU GT 核心 (核显) [℃]","VR VCC 电流 (SVID IOUT) [A]","CPU 封装功率 [W]","IA 核心功率 [W]","GT 核心功率 [W]","系统总功率 [W]","System Agent 功率 [W]","剩余芯片功率 [W]","PCH 功率 [W]","PL1 功率限制 (静态) [W]","PL1 功率限制 (动态) [W]","PL2 功率限制 (静态) [W]","PL2 功率限制 (动态) [W]","当前 cTDP 级别 []","Package C2 驻留率 [%]","Package C3 驻留率 [%]","Package C6 驻留率 [%]","Package C7 驻留率 [%]","Package C8 驻留率 [%]","Core C0 驻留率 (avg) [%]","Core 0 T0 C0 驻留率 [%]","Core 0 T1 C0 驻留率 [%]","Core 1 T0 C0 驻留率 [%]","Core 1 T1 C0 驻留率 [%]","Core 2 T0 C0 驻留率 [%]","Core 2 T1 C0 驻留率 [%]","Core 3 T0 C0 驻留率 [%]","Core 3 T1 C0 驻留率 [%]","Core C7 驻留率 (avg) [%]","Core 0 C7 驻留率 [%]","Core 1 C7 驻留率 [%]","Core 2 C7 驻留率 [%]","Core 3 C7 驻留率 [%]","内存频率 [MHz]","内存倍频 [x]","Tcas [T]","Trcd [T]","Trp [T]","Tras [T]","Trc [T]","Trfc [T]","Command Rate [T]","Gear Mode []","IA Limit Reasons (avg) [Yes/No]","IA: PROCHOT [Yes/No]","IA: 过热事件 [Yes/No]","IA: Residency State Regulation [Yes/No]","IA: 运行平均过热限制 (RATL) [Yes/No]","IA: VR 过热警报 [Yes/No]","IA: VR TDC [Yes/No]","IA: 电气设计点/其他 (ICCmax、PL4、SVID、DDR RAPL) [Yes/No]","IA: Package-Level RAPL/PBM PL1 [Yes/No]","IA: Package-Level RAPL/PBM PL2 PL3 [Yes/No]","IA: Max Turbo Limit [Yes/No]","IA: 睿频衰减 (MCT) [Yes/No]","GT Limit Reasons (avg) [Yes/No]","GT: PROCHOT [Yes/No]","GT: 过热事件 [Yes/No]","GT: DDR RAPL [Yes/No]","GT: Residency State Regulation [Yes/No]","GT: 运行平均过热限制 (RATL) [Yes/No]","GT: VR 过热警报 [Yes/No]","GT: VR TDC [Yes/No]","GT: Max VR Voltage  ICCmax  PL4 [Yes/No]","GT: Domain-Level PBM PLGT [Yes/No]","GT: Package-Level RAPL/PBM PL1 [Yes/No]","GT: Package-Level RAPL/PBM PL2 PL3 [Yes/No]","GT: Inefficient Operation [Yes/No]","GT: 熔断限制 [Yes/No]","Ring Limit Reasons (avg) [Yes/No]","RING: PROCHOT [Yes/No]","RING: 过热事件 [Yes/No]","RING: DDR RAPL [Yes/No]","RING: Residency State Regulation [Yes/No]","RING: 运行平均过热限制 (RATL) [Yes/No]","RING: VR 过热警报 [Yes/No]","RING: VR TDC [Yes/No]","RING: Max VR Voltage  ICCmax  PL4 [Yes/No]","RING: Package-Level RAPL/PBM PL1 [Yes/No]","RING: Package-Level RAPL/PBM PL2 PL3 [Yes/No]","PCH 温度 [℃]","磁盘温度 [℃]","磁盘温度 2 [℃]","磁盘温度 3 [℃]","磁盘剩余寿命 [%]","磁盘可用备用 [%]","磁盘故障 [Yes/No]","磁盘警告 [Yes/No]","主机写入总计 [GB]","主机读取总计 [GB]","读取活动率 [%]","写入活动率 [%]","总活动率 [%]","读取速度 [MB/s]","写入速度 [MB/s]","读取总计 [MB]","写入总计 [MB]","GPU Core 温度 [℃]","IGPU 功率 [W]","GPU 频率 [MHz]","显存频率 [MHz]","GPU D3D 使用率 (avg) [%]","GPU D3D 使用率 [%]","GPU Video Decode 0 使用率 [%]","GPU Video Decode 1 使用率 [%]","GPU Video Processing 0 使用率 [%]","GPU Video Processing 1 使用率 [%]","GPU 复制引擎使用率 [%]","GPU D3D 共享显存 [MB]","GPU 性能下降原因 (avg) [Yes/No]","功率 [Yes/No]","电压 Limit [Yes/No]","Current (PL4) [Yes/No]","过热 [Yes/No]","使用率 [Yes/No]","电池电压 [V]","剩余容量 [Wh]","电池电量 [%]","充电速度 [W]","损耗程度 [%]","预计剩余时间 [分钟]","呈现帧率 (avg) [FPS]","呈现帧率 (99%) [FPS]","呈现帧率 (1%) [FPS]","呈现帧率 (0.1%) [FPS]","呈现帧率 (1% low) [FPS]","呈现帧率 (0.1% low) [FPS]","显示帧率 (avg) [FPS]","显示帧率 (99%) [FPS]","显示帧率 (1%) [FPS]","显示帧率 (0.1%) [FPS]","显示帧率 (1% low) [FPS]","显示帧率 (0.1% low) [FPS]","Frame Time Presented (avg) [ms]","Frame Time Presented (99%) [ms]","Frame Time Presented (1%) [ms]","Frame Time Presented (0.1%) [ms]","Frame Time Displayed (1% high) [ms]","Frame Time Displayed (0.1% high) [ms]","GPU Busy (avg) [ms]","GPU Wait (avg) [ms]","CPU Busy (avg) [ms]","CPU Wait (avg) [ms]","Animation Error (avg) [ms]","下载总计 [MB]","上传总计 [MB]","当前下载速度 [KB/s]","当前上传速度 [KB/s]","错误总数 []","iGPU VID [V]",
17.9.2026,23:9:37.183,6070,33441,15.3,5821,10361,35.9,0.0,23329,0,0.764,0.797,0.762,0.747,0.747,0.686,0.698,1050.0,1100.0,1100.0,1000.0,1000.0,100.0,900.0,33.6,140.9,90.6,27.8,4.8,2.6,0.7,1.5,0.2,33.6,2.9,11.2,7.4,2.2,0.1,2.3,0.0,0.0,0.0,11.2,2.9,100.0,1.2,5.0,3.5,1.1,0.2,0.1,0.0,0.1,0.0,1.2,10.5,11.0,11.0,10.0,10.0,9.0,35,32,36,37,34,65,68,64,63,66,38,37,否,否,否,否,否,否,否,否,否,否,否,否,否,否,否,否,否,否,39,36,39,0.250,1.533,0.153,0.008,3.758,0.671,0.245,0.427,35.0,30.0,64.0,64.0,0,17.1,6.4,0.6,2.4,52.3,3.2,13.5,8.4,2.6,0.5,0.3,0.1,0.2,0.0,94.6,82.0,97.1,99.7,99.8,1066.7,10.67,15,15,15,35,74,374,1,2,否,否,否,否,否,否,否,否,否,否,否,否,否,否,否,否,否,否,否,否,否,否,否,否,否,否,否,否,否,否,否,否,否,否,否,否,否,36.0,35,35,33,97.0,100.0,否,否,24293,21074,0.0,1.0,1.0,0.000,0.016,5718,2079,38,0.006,100.0,1066.0,0.0,0.2,0.0,0.0,0.0,0.0,0.0,476,否,否,否,否,否,否,7.437,21.797,52.8,-7.846,25.2,166.7,1.9,1.9,1.9,1.9,1.9,1.9,1.9,1.9,1.9,1.9,1.9,1.9,516.43,516.43,516.43,516.43,516.43,516.43,0.29,516.14,516.10,0.33,400.11,0,0,0.0,0.0,0,0.000,
17.9.2026,23:9:39.163,6088,33423,15.4,5838,10345,36.0,0.0,23329,0,0.763,0.797,0.760,0.750,0.745,0.691,0.696,1125.0,1200.0,1100.0,1100.0,1100.0,100.0,1000.0,193.4,425.9,323.0,171.4,177.4,132.0,136.2,93.1,88.2,193.4,9.0,23.8,17.6,7.7,6.0,6.3,5.6,2.6,2.5,23.8,9.0,100.0,7.7,16.1,12.7,6.8,7.2,5.4,5.6,3.7,3.6,7.6,11.2,12.0,11.0,11.0,11.0,10.0,37,34,38,39,38,63,66,62,61,62,39,39,否,否,否,否,否,否,否,否,否,否,否,否,否,否,否,否,否,否,39,39,38,0.250,3.425,1.410,0.042,7.451,0.958,0.439,0.619,35.0,30.0,64.0,64.0,0,14.7,7.4,0.6,3.8,31.7,10.0,26.8,18.8,8.2,7.0,5.8,6.5,3.6,3.4,83.4,63.4,86.9,88.5,94.9,1066.7,10.67,15,15,15,35,74,374,1,2,是,否,否,否,否,否,否,否,否,否,是,否,否,否,否,否,否,否,否,否,否,否,否,否,否,否,否,否,否,否,否,否,否,否,否,否,否,36.0,35,35,34,97.0,100.0,否,否,24293,21074,0.0,2.9,2.9,0.000,0.047,5718,2079,39,0.008,100.0,1066.0,0.2,1.5,0.0,0.0,0.0,0.0,0.0,484,否,否,否,否,否,否,7.403,21.789,52.7,-7.773,25.2,168.2,27.8,62.7,4.3,3.6,3.5,3.5,27.8,60.2,4.3,3.6,3.5,3.5,36.00,231.53,10.34,8.73,283.58,283.58,1.04,32.83,35.33,0.67,26.78,0,0,0.0,0.0,0,0.000,
17.9.2026,23:9:41.158,6083,33428,15.3,5839,10343,36.0,0.0,23329,0,0.759,0.792,0.752,0.745,0.745,0.676,0.696,1000.0,1000.0,1000.0,1000.0,1000.0,100.0,800.0,196.4,642.4,433.7,299.9,188.8,5.9,0.2,0.4,0.2,196.4,9.9,29.6,20.4,12.4,9.2,0.9,2.1,2.1,2.1,29.6,9.9,100.0,7.5,24.5,17.0,11.3,7.3,0.2,0.0,0.0,0.0,7.5,10.0,10.0,10.0,10.0,10.0,8.0,36,35,36,37,36,64,65,64,63,64,39,37,否,否,否,否,否,否,否,否,否,否,否,否,否,否,否,否,否,否,48,48,40,9.250,3.862,1.951,0.034,7.976,1.011,0.459,0.447,35.0,30.0,64.0,64.0,0,12.9,5.4,1.1,3.6,26.2,9.5,32.5,21.3,13.7,8.0,0.4,0.0,0.0,0.0,84.3,57.3,80.5,99.5,99.9,1066.7,10.67,15,15,15,35,74,374,1,2,是,否,否,否,否,否,否,否,否,否,是,否,否,否,否,否,否,否,否,否,否,否,否,否,否,否,否,否,否,否,否,否,否,否,否,否,否,36.0,35,35,34,97.0,100.0,否,否,24293,21074,0.0,3.0,3.0,0.000,0.124,5718,2079,39,0.042,100.0,1066.0,0.3,2.1,0.0,0.0,0.0,0.0,0.0,472,否,否,否,否,否,否,7.416,21.782,52.7,-8.106,25.2,161.2,37.8,62.4,14.9,14.9,14.9,14.9,37.8,60.9,15.0,15.0,15.0,15.0,26.49,67.00,15.79,15.70,67.24,67.24,0.32,26.17,26.21,0.28,4.36,0,0,0.0,0.0,0,0.000,
17.9.2026,23:9:43.148,6086,33425,15.4,5837,10346,36.0,0.0,23329,0,0.769,0.805,0.765,0.760,0.747,0.688,0.733,1300.0,1400.0,1200.0,1400.0,1200.0,100.0,1000.0,394.3,1201.3,820.5,691.3,400.3,28.7,6.6,5.1,0.3,394.3,10.2,32.4,22.8,17.4,9.1,0.0,0.0,0.0,0.0,32.4,10.2,100.0,14.6,44.5,30.8,25.0,14.9,1.1,0.3,0.2,0.0,14.6,13.0,14.0,12.0,14.0,12.0,10.0,40,39,40,42,38,60,61,60,58,62,41,42,否,否,否,否,否,否,否,否,否,否,否,否,否,否,否,否,否,否,52,52,41,8.750,7.920,5.470,0.105,13.828,1.204,0.540,0.656,35.0,30.0,64.0,64.0,0,8.2,7.0,0.4,1.9,16.2,12.0,36.7,25.3,20.2,11.9,1.4,0.4,0.2,0.0,72.6,37.0,55.7,98.1,99.7,1066.7,10.67,15,15,15,35,74,374,1,2,是,否,否,否,否,否,否,否,否,否,是,否,否,否,否,否,否,否,否,否,否,否,否,否,否,否,否,否,否,否,否,否,否,否,否,否,否,37.0,35,35,34,97.0,100.0,否,否,24293,21074,0.0,5.9,5.9,0.000,0.661,5718,2081,41,0.034,100.0,1066.0,0.5,3.2,0.0,0.0,0.0,0.0,0.0,477,否,否,否,否,否,否,7.163,21.774,52.7,-8.524,25.2,153.2,43.9,61.8,6.1,4.1,4.0,4.0,43.8,60.3,6.1,4.1,4.0,4.0,22.78,163.97,16.08,16.06,250.22,250.22,0.80,21.99,22.55,0.23,12.44,0,0,0.0,0.0,0,0.000,
17.9.2026,23:9:45.164,6118,33394,15.4,5872,10311,36.2,0.0,23329,0,0.767,0.797,0.767,0.752,0.750,0.688,0.696,1200.0,1200.0,1200.0,1200.0,1200.0,100.0,1000.0,352.2,1062.1,745.8,538.4,339.4,88.0,24.2,13.6,5.9,352.2,11.3,32.3,22.5,17.2,12.5,4.5,0.8,0.0,0.2,32.3,11.3,100.0,13.0,39.2,27.7,19.5,12.9,3.2,0.9,0.5,0.2,13.0,12.0,12.0,12.0,12.0,12.0,10.0,38,37,39,38,37,62,63,61,62,63,40,39,否,否,否,否,否,否,否,否,否,否,否,否,否,否,否,否,否,否,39,39,40,0.250,6.574,4.116,0.225,11.466,1.229,0.604,0.495,35.0,30.0,64.0,64.0,0,10.2,3.1,0.4,5.1,16.6,12.8,36.8,25.3,19.9,13.1,4.5,1.1,1.1,0.5,73.3,41.9,60.9,91.6,98.7,1066.7,10.67,15,15,15,35,74,374,1,2,是,否,否,否,否,否,否,否,否,否,是,否,否,否,否,否,否,否,否,否,否,否,否,否,否,否,否,否,否,否,否,否,否,否,否,否,否,37.0,35,35,34,97.0,100.0,否,否,24293,21074,0.0,4.3,4.3,0.000,0.110,5718,2081,40,0.105,100.0,1066.0,1.4,8.4,0.0,0.0,0.0,0.0,0.0,478,否,否,否,否,否,否,7.277,21.774,52.7,-9.642,25.2,135.5,60.0,60.4,59.5,59.5,59.5,59.5,60.0,60.0,60.0,60.0,60.0,60.0,16.66,16.80,16.52,16.51,16.80,16.80,0.34,16.33,16.55,0.11,0.08,0,0,0.0,0.0,0,0.000,
17.9.2026,23:9:47.165,6119,33392,15.4,5874,10308,36.3,0.0,23329,0,0.758,0.792,0.752,0.745,0.742,0.678,0.696,1000.0,1000.0,1000.0,1000.0,1000.0,100.0,800.0,56.3,211.3,162.8,44.0,24.1,6.9,0.2,1.0,0.2,56.3,4.7,16.7,13.4,3.9,1.6,0.0,0.0,2.0,0.0,16.7,4.7,100.0,2.1,7.8,6.4,1.6,0.9,0.3,0.0,0.0,0.0,2.1,10.0,10.0,10.0,10.0,10.0,8.0,36,35,38,37,36,64,65,62,63,64,39,38,否,否,否,否,否,否,否,否,否,否,否,否,否,否,否,否,否,否,40,38,40,0.250,1.973,0.248,0.069,4.325,0.809,0.320,0.525,35.0,30.0,64.0,64.0,0,16.2,9.3,1.7,2.1,41.7,5.0,18.7,14.0,4.0,2.2,0.7,0.0,0.1,0.0,92.2,74.7,94.9,99.2,99.8,1066.7,10.67,15,15,15,35,74,374,1,2,否,否,否,否,否,否,否,否,否,否,否,否,否,否,否,否,否,否,否,否,否,否,否,否,否,否,否,否,否,否,否,否,否,否,否,否,否,37.0,35,35,34,97.0,100.0,否,否,24293,21074,0.0,2.8,2.8,0.000,0.022,5718,2081,40,0.225,100.0,1066.0,0.5,3.3,0.0,0.0,0.0,0.0,0.0,479,否,否,否,否,否,否,7.400,21.759,52.7,-9.716,25.2,134.4,60.9,61.8,60.1,60.1,60.1,60.1,60.5,61.1,60.0,60.0,60.0,60.0,16.33,16.57,16.09,16.09,16.58,16.58,1.86,13.89,16.06,0.27,0.23,0,0,0.0,0.0,0,0.000,
17.9.2026,23:9:49.170,6119,33392,15.4,5873,10310,36.2,0.0,23329,0,0.759,0.792,0.755,0.745,0.745,0.678,0.696,1000.0,1000.0,1000.0,1000.0,1000.0,100.0,800.0,33.0,146.8,89.5,22.9,2.4,1.1,0.8,0.4,0.2,33.0,3.0,11.9,7.5,1.7,0.1,3.1,0.0,0.0,0.0,11.9,3.0,100.0,1.2,5.3,3.4,0.9,0.1,0.0,0.0,0.0,0.0,1.2,10.0,10.0,10.0,10.0,10.0,8.0,36,34,36,38,36,64,66,64,62,64,40,38,否,否,否,否,否,否,否,否,否,否,否,否,否,否,否,否,否,否,39,38,39,0.250,1.688,0.174,0.005,3.352,0.725,0.246,0.504,35.0,30.0,64.0,64.0,0,17.8,9.3,1.6,2.7,47.5,3.1,14.0,8.3,1.9,0.2,0.1,0.1,0.1,0.0,94.8,81.6,97.8,99.8,99.9,1066.7,10.67,15,15,15,35,74,374,1,2,否,否,否,否,否,否,否,否,否,否,否,否,否,否,否,否,否,否,否,否,否,否,否,否,否,否,否,否,否,否,否,否,否,否,否,否,否,37.0,35,35,34,97.0,100.0,否,否,24293,21074,0.0,2.5,2.5,0.000,0.071,5718,2081,38,0.069,100.0,1066.0,0.0,0.0,0.0,0.0,0.0,0.0,0.0,479,否,否,否,否,否,否,7.417,21.759,52.7,-9.308,25.2,140.2,60.9,61.8,60.1,60.1,60.1,60.1,60.5,61.1,60.0,60.0,60.0,60.0,16.33,16.57,16.09,16.09,16.58,16.58,1.86,13.89,16.06,0.27,0.23,0,0,0.0,0.0,0,0.000,
17.9.2026,23:9:51.169,6074,33438,15.3,5826,10357,36.0,0.0,23329,0,0.762,0.795,0.757,0.750,0.747,0.683,0.693,1100.0,1100.0,1100.0,1100.0,1100.0,100.0,900.0,32.8,138.1,83.5,34.1,2.3,2.3,0.3,1.5,0.2,32.8,2.9,10.9,6.6,1.6,0.0,2.8,0.4,0.0,0.4,10.9,2.9,100.0,1.2,4.9,3.1,1.4,0.1,0.1,0.0,0.1,0.0,1.2,11.0,11.0,11.0,11.0,11.0,9.0,35,32,38,36,35,65,68,62,64,65,39,38,否,否,否,否,否,否,否,否,否,否,否,否,否,否,否,否,否,否,39,36,39,0.250,1.681,0.200,0.007,3.167,0.704,0.235,0.494,35.0,30.0,64.0,64.0,0,18.0,9.0,1.5,2.9,47.9,3.0,13.4,7.7,2.2,0.2,0.2,0.0,0.1,0.0,94.8,82.2,97.6,99.7,99.8,1066.7,10.67,15,15,15,35,74,374,1,2,否,否,否,否,否,否,否,否,否,否,否,否,否,否,否,否,否,否,否,否,否,否,否,否,否,否,否,否,否,否,否,否,否,否,否,否,否,37.0,35,35,34,97.0,100.0,否,否,24293,21074,0.0,2.4,2.4,0.000,0.020,5718,2081,39,0.005,100.0,1066.0,0.0,0.0,0.0,0.0,0.0,0.0,0.0,479,否,否,否,否,否,否,7.429,21.751,52.7,-8.848,25.2,147.5,60.9,61.8,60.1,60.1,60.1,60.1,60.5,61.1,60.0,60.0,60.0,60.0,16.33,16.57,16.09,16.09,16.58,16.58,1.86,13.89,16.06,0.27,0.23,0,0,0.0,0.0,0,0.000,
17.9.2026,23:9:53.174,6074,33438,15.3,5824,10359,35.9,0.0,23329,0,0.759,0.792,0.752,0.745,0.745,0.678,0.693,1000.0,1000.0,1000.0,1000.0,1000.0,100.0,800.0,32.1,131.7,96.5,22.4,4.4,1.1,0.2,0.5,0.2,32.1,2.6,10.5,7.7,1.5,0.9,0.0,0.0,0.5,0.0,10.5,2.6,100.0,1.2,4.7,3.7,0.9,0.2,0.0,0.0,0.0,0.0,1.2,10.0,10.0,10.0,10.0,10.0,8.0,36,35,38,37,35,64,65,62,63,65,38,38,否,否,否,否,否,否,否,否,否,否,否,否,否,否,否,否,否,否,40,36,39,0.250,1.647,0.162,0.007,3.146,0.707,0.236,0.498,35.0,30.0,64.0,64.0,0,17.7,9.0,1.7,2.4,48.0,3.0,12.7,8.7,1.9,0.4,0.1,0.0,0.1,0.0,94.8,81.8,97.6,99.8,99.9,1066.7,10.67,15,15,15,35,74,374,1,2,否,否,否,否,否,否,否,否,否,否,否,否,否,否,否,否,否,否,否,否,否,否,否,否,否,否,否,否,否,否,否,否,否,否,否,否,否,37.0,35,35,34,97.0,100.0,否,否,24293,21074,0.0,2.0,2.0,0.000,0.049,5718,2081,40,0.007,100.0,1066.0,0.0,0.0,0.0,0.0,0.0,0.0,0.0,479,否,否,否,否,否,否,7.468,21.751,52.7,-8.484,25.2,153.8,60.9,61.8,60.1,60.1,60.1,60.1,60.5,61.1,60.0,60.0,60.0,60.0,16.33,16.57,16.09,16.09,16.58,16.58,1.86,13.89,16.06,0.27,0.23,0,0,0.0,0.0,0,0.000,
17.9.2026,23:9:55.182,6073,33438,15.3,5828,10354,36.0,0.0,23329,0,0.759,0.795,0.752,0.745,0.745,0.678,0.696,1000.0,1000.0,1000.0,1000.0,1000.0,100.0,800.0,36.7,145.7,99.3,34.7,10.3,2.4,0.2,0.7,0.2,36.7,3.3,11.8,8.1,2.9,1.2,0.0,1.2,0.0,1.2,11.8,3.3,100.0,1.4,5.2,3.8,1.4,0.4,0.1,0.0,0.0,0.0,1.4,10.0,10.0,10.0,10.0,10.0,8.0,36,34,39,37,36,64,66,61,63,64,40,39,否,否,否,否,否,否,否,否,否,否,否,否,否,否,否,否,否,否,39,37,39,0.250,1.640,0.195,0.006,3.024,0.708,0.251,0.451,35.0,30.0,64.0,64.0,0,17.4,7.3,1.5,2.6,49.6,3.2,13.4,8.5,2.8,1.0,0.2,0.0,0.1,0.0,94.4,81.9,96.3,99.7,99.9,1066.7,10.67,15,15,15,35,74,374,1,2,否,否,否,否,否,否,否,否,否,否,否,否,否,否,否,否,否,否,否,否,否,否,否,否,否,否,否,否,否,否,否,否,否,否,否,否,否,36.0,35,35,34,97.0,100.0,否,否,24293,21074,0.0,1.9,1.9,0.000,0.028,5718,2081,38,0.007,100.0,1066.0,0.0,0.0,0.0,0.0,0.0,0.0,0.0,479,否,否,否,否,否,否,7.461,21.751,52.7,-8.110,25.2,160.9,60.9,61.8,60.1,60.1,60.1,60.1,60.5,61.1,60.0,60.0,60.0,60.0,16.33,16.57,16.09,16.09,16.58,16.58,1.86,13.89,16.06,0.27,0.23,0,0,0.0,0.0,0,0.000,
17.9.2026,23:9:57.177,6073,33438,15.3,5827,10355,36.0,0.0,23329,0,0.760,0.792,0.752,0.745,0.750,0.678,0.696,1025.0,1000.0,1000.0,1000.0,1100.0,100.0,800.0,30.8,132.0,84.6,20.7,6.7,1.2,0.2,0.7,0.2,30.8,2.4,10.4,6.7,1.2,0.2,0.5,0.0,0.0,0.0,10.4,2.4,100.0,1.1,4.7,3.2,0.8,0.3,0.0,0.0,0.0,0.0,1.1,10.2,10.0,10.0,10.0,11.0,8.0,36,34,36,37,35,64,66,64,63,65,38,37,否,否,否,否,否,否,否,否,否,否,否,否,否,否,否,否,否,否,39,36,39,0.250,1.581,0.158,0.007,2.950,0.689,0.231,0.457,35.0,30.0,64.0,64.0,0,17.7,7.8,1.5,2.6,49.8,2.9,12.8,7.9,1.8,0.7,0.1,0.0,0.1,0.0,94.9,82.5,97.5,99.8,99.9,1066.7,10.67,15,15,15,35,74,374,1,2,否,否,否,否,否,否,否,否,否,否,否,否,否,否,否,否,否,否,否,否,否,否,否,否,否,否,否,否,否,否,否,否,否,否,否,否,否,36.0,35,35,34,97.0,100.0,否,否,24293,21074,0.0,1.6,1.6,0.000,0.018,5718,2081,38,0.006,100.0,1066.0,0.0,0.0,0.0,0.0,0.0,0.0,0.0,479,否,否,否,否,否,否,7.432,21.751,52.7,-7.766,25.2,168.0,60.9,61.8,60.1,60.1,60.1,60.1,60.5,61.1,60.0,60.0,60.0,60.0,16.33,16.57,16.09,16.09,16.58,16.58,1.86,13.89,16.06,0.27,0.23,0,0,0.0,0.0,0,0.000,
17.9.2026,23:9:59.176,6073,33438,15.3,5825,10357,35.9,0.0,23329,0,0.759,0.792,0.752,0.745,0.745,0.678,0.696,1000.0,1000.0,1000.0,1000.0,1000.0,100.0,800.0,30.9,134.4,88.0,18.1,4.7,1.5,0.2,0.3,0.2,30.9,3.0,11.3,7.5,1.8,0.8,0.6,0.4,1.2,0.4,11.3,3.0,100.0,1.1,4.8,3.3,0.7,0.2,0.1,0.0,0.0,0.0,1.1,10.0,10.0,10.0,10.0,10.0,8.0,36,34,36,36,36,64,66,64,64,64,39,36,否,否,否,否,否,否,否,否,否,否,否,否,否,否,否,否,否,否,38,36,38,0.250,1.624,0.158,0.010,3.035,0.692,0.230,0.493,35.0,30.0,64.0,64.0,0,17.6,8.8,1.5,2.0,50.1,2.9,12.9,7.9,1.5,0.5,0.2,0.0,0.0,0.0,95.1,82.4,98.1,99.8,99.9,1066.7,10.67,15,15,15,35,74,374,1,2,否,否,否,否,否,否,否,否,否,否,否,否,否,否,否,否,否,否,否,否,否,否,否,否,否,否,否,否,否,否,否,否,否,否,否,否,否,37.0,35,35,34,97.0,100.0,否,否,24293,21074,0.0,2.6,2.6,0.000,0.157,5718,2082,40,0.007,100.0,1066.0,0.0,0.0,0.0,0.0,0.0,0.0,0.0,479,否,否,否,否,否,否,7.464,21.751,52.7,-7.516,25.2,173.6,60.9,61.8,60.1,60.1,60.1,60.1,60.5,61.1,60.0,60.0,60.0,60.0,16.33,16.57,16.09,16.09,16.58,16.58,1.86,13.89,16.06,0.27,0.23,0,0,0.0,0.0,0,0.000,
17.9.2026,23:10:1.189,6073,33439,15.3,5824,10358,35.9,0.0,23329,0,0.760,0.792,0.752,0.745,0.750,0.678,0.736,1025.0,1000.0,1000.0,1000.0,1100.0,100.0,800.0,30.2,128.7,71.4,35.3,2.8,2.2,0.2,0.5,0.2,30.2,2.3,10.5,5.8,2.4,0.0,0.0,0.0,0.0,0.0,10.5,2.3,100.0,1.1,4.5,2.6,1.4,0.1,0.1,0.0,0.0,0.0,1.1,10.2,10.0,10.0,10.0,11.0,8.0,36,33,38,37,35,64,67,62,63,65,39,38,否,否,否,否,否,否,否,否,否,否,否,否,否,否,否,否,否,否,39,38,38,0.250,1.620,0.177,0.009,3.002,0.688,0.229,0.477,35.0,30.0,64.0,64.0,0,17.9,8.3,1.5,2.2,50.2,2.8,12.6,6.7,2.6,0.3,0.2,0.0,0.1,0.0,95.0,83.5,97.0,99.7,99.9,1066.7,10.67,15,15,15,35,74,374,1,2,否,否,否,否,否,否,否,否,否,否,否,否,否,否,否,否,否,否,否,否,否,否,否,否,否,否,否,否,否,否,否,否,否,否,否,否,否,36.0,35,35,34,97.0,100.0,否,否,24293,21074,0.0,1.5,1.5,0.000,0.016,5718,2082,39,0.010,100.0,1066.0,0.0,0.0,0.0,0.0,0.0,0.0,0.0,479,否,否,否,否,否,否,7.471,21.743,52.6,-7.277,25.2,179.3,60.9,61.8,60.1,60.1,60.1,60.1,60.5,61.1,60.0,60.0,60.0,60.0,16.33,16.57,16.09,16.09,16.58,16.58,1.86,13.89,16.06,0.27,0.23,0,0,0.0,0.0,0,0.000,
17.9.2026,23:10:3.198,6081,33431,15.3,5826,10356,36.0,0.0,23329,0,0.759,0.792,0.752,0.747,0.745,0.678,0.693,1000.0,1000.0,1000.0,1000.0,1000.0,100.0,800.0,85.5,237.3,182.6,118.2,125.2,14.0,5.6,0.9,0.3,85.5,6.6,17.1,12.8,9.5,10.4,2.9,0.0,0.0,0.0,17.1,6.6,100.0,3.3,8.9,7.0,4.8,5.2,0.5,0.2,0.0,0.0,3.3,10.0,10.0,10.0,10.0,10.0,8.0,36,32,38,36,36,64,68,62,64,64,39,38,否,否,否,否,否,否,否,否,否,否,否,否,否,否,否,否,否,否,38,37,38,0.250,2.102,0.412,0.008,4.462,0.862,0.313,0.486,35.0,30.0,64.0,64.0,0,13.2,8.6,1.3,2.8,33.9,6.7,18.8,13.5,9.6,10.3,1.2,0.5,0.1,0.0,88.4,73.0,82.4,98.2,99.8,1066.7,10.67,15,15,15,35,74,374,1,2,否,否,否,否,否,否,否,否,否,否,否,否,否,否,否,否,否,否,否,否,否,否,否,否,否,否,否,否,否,否,否,否,否,否,否,否,否,36.0,35,35,34,97.0,100.0,否,否,24293,21074,0.0,1.0,1.0,0.000,0.046,5718,2082,39,0.009,100.0,1066.0,0.0,0.0,0.0,0.0,0.0,0.0,0.0,479,否,否,否,否,否,否,7.463,21.743,52.6,-7.150,25.2,182.4,60.9,61.8,60.1,60.1,60.1,60.1,60.5,61.1,60.0,60.0,60.0,60.0,16.33,16.57,16.09,16.09,16.58,16.58,1.86,13.89,16.06,0.27,0.23,0,0,0.0,0.0,0,0.000,
17.9.2026,23:10:5.205,6081,33430,15.3,5826,10356,36.0,0.0,23329,0,0.761,0.797,0.755,0.745,0.745,0.686,0.736,1025.0,1100.0,1000.0,1000.0,1000.0,100.0,900.0,30.8,129.1,80.3,29.0,3.5,2.8,0.2,1.4,0.2,30.8,2.8,10.6,6.8,2.5,1.1,0.0,0.0,0.9,0.0,10.6,2.8,100.0,1.1,4.5,3.0,1.2,0.1,0.1,0.0,0.0,0.0,1.1,10.2,11.0,10.0,10.0,10.0,9.0,36,34,36,37,35,64,66,64,63,65,39,37,否,否,否,否,否,否,否,否,否,否,否,否,否,否,否,否,否,否,38,36,38,0.250,1.673,0.163,0.006,3.253,0.690,0.217,0.547,35.0,30.0,64.0,64.0,0,17.5,10.8,2.1,2.5,46.4,3.0,12.7,7.6,2.6,0.3,0.3,0.0,0.1,0.0,94.8,82.8,97.0,99.6,99.8,1066.7,10.67,15,15,15,35,74,374,1,2,否,否,否,否,否,否,否,否,否,否,否,否,否,否,否,否,否,否,否,否,否,否,否,否,否,否,否,否,否,否,否,否,否,否,否,否,否,37.0,35,35,34,97.0,100.0,否,否,24293,21074,0.0,1.9,1.9,0.000,0.022,5718,2082,38,0.008,100.0,1066.0,0.0,0.0,0.0,0.0,0.0,0.0,0.0,479,否,否,否,否,否,否,7.474,21.736,52.6,-6.973,25.2,187.0,60.9,61.8,60.1,60.1,60.1,60.1,60.5,61.1,60.0,60.0,60.0,60.0,16.33,16.57,16.09,16.09,16.58,16.58,1.86,13.89,16.06,0.27,0.23,0,0,0.0,0.0,0,0.000,
17.9.2026,23:10:7.209,6076,33435,15.3,5830,10352,36.0,0.0,23329,0,0.761,0.792,0.755,0.747,0.747,0.678,0.693,1000.0,1000.0,1000.0,1000.0,1000.0,100.0,800.0,32.0,118.8,92.3,35.9,8.0,0.6,0.2,0.3,0.2,32.0,2.3,9.2,7.5,1.9,0.0,0.0,0.0,0.0,0.0,9.2,2.3,100.0,1.2,4.1,3.5,1.4,0.3,0.0,0.0,0.0,0.0,1.2,10.0,10.0,10.0,10.0,10.0,8.0,35,33,36,36,35,65,67,64,64,65,39,36,否,否,否,否,否,否,否,否,否,否,否,否,否,否,否,否,否,否,38,36,38,0.250,1.452,0.180,0.008,2.605,0.646,0.226,0.354,35.0,30.0,64.0,64.0,0,17.6,4.3,1.9,2.1,53.6,2.9,11.5,8.5,2.4,0.7,0.1,0.0,0.0,0.0,95.0,83.1,96.9,99.9,99.9,1066.7,10.67,15,15,15,35,74,374,1,2,否,否,否,否,否,否,否,否,否,否,否,否,否,否,否,否,否,否,否,否,否,否,否,否,否,否,否,否,否,否,否,否,否,否,否,否,否,37.0,35,35,34,97.0,100.0,否,否,24293,21074,0.0,0.0,0.0,0.000,0.014,5718,2082,39,0.006,100.0,1066.0,0.0,0.0,0.0,0.0,0.0,0.0,0.0,478,否,否,否,否,否,否,7.474,21.736,52.6,-6.779,25.2,192.4,60.9,61.8,60.1,60.1,60.1,60.1,60.5,61.1,60.0,60.0,60.0,60.0,16.33,16.57,16.09,16.09,16.58,16.58,1.86,13.89,16.06,0.27,0.23,0,0,0.0,0.0,0,0.000,
17.9.2026,23:10:9.203,6076,33436,15.3,5829,10354,36.0,0.0,23329,0,0.759,0.790,0.752,0.747,0.745,0.678,0.693,1000.0,1000.0,1000.0,1000.0,1000.0,100.0,800.0,30.8,124.6,96.0,21.6,1.8,1.3,0.2,0.3,0.2,30.8,2.7,10.2,8.2,1.2,0.0,0.0,0.7,0.7,0.7,10.2,2.7,100.0,1.1,4.4,3.7,0.9,0.1,0.0,0.0,0.0,0.0,1.1,10.0,10.0,10.0,10.0,10.0,8.0,35,34,36,36,35,65,66,64,64,65,38,36,否,否,否,否,否,否,否,否,否,否,否,否,否,否,否,否,否,否,38,36,38,0.250,1.823,0.193,0.007,3.630,0.706,0.211,0.652,35.0,30.0,64.0,64.0,0,17.4,14.7,1.9,2.0,43.6,2.9,12.4,9.1,1.4,0.2,0.1,0.0,0.0,0.0,95.0,82.1,98.3,99.8,99.9,1066.7,10.67,15,15,15,35,74,374,1,2,否,否,否,否,否,否,否,否,否,否,否,否,否,否,否,否,否,否,否,否,否,否,否,否,否,否,否,否,否,否,否,否,否,否,否,否,否,37.0,35,35,34,97.0,100.0,否,否,24293,21074,0.0,2.5,2.5,0.000,0.104,5718,2082,38,0.008,100.0,1066.0,0.0,0.0,0.0,0.0,0.0,0.0,0.0,478,否,否,否,否,否,否,7.475,21.728,52.6,-6.668,25.2,195.5,60.9,61.8,60.1,60.1,60.1,60.1,60.5,61.1,60.0,60.0,60.0,60.0,16.33,16.57,16.09,16.09,16.58,16.58,1.86,13.89,16.06,0.27,0.23,0,0,0.0,0.0,0,0.000,
17.9.2026,23:10:11.213,6076,33436,15.3,5827,10355,36.0,0.0,23329,0,0.764,0.795,0.762,0.750,0.750,0.683,0.696,1100.0,1100.0,1100.0,1100.0,1100.0,100.0,900.0,29.8,124.7,81.3,27.8,1.8,1.1,0.2,1.4,0.2,29.8,2.6,10.2,6.8,1.8,0.9,0.8,0.0,0.0,0.0,10.2,2.6,100.0,1.1,4.4,3.1,1.1,0.1,0.0,0.0,0.1,0.0,1.1,11.0,11.0,11.0,11.0,11.0,9.0,36,34,36,38,35,64,66,64,62,65,38,38,否,否,否,否,否,否,否,否,否,否,否,否,否,否,否,否,否,否,39,36,39,0.250,1.506,0.167,0.009,2.768,0.654,0.219,0.415,35.0,30.0,64.0,64.0,0,17.9,6.0,2.5,2.0,51.5,2.8,12.3,7.6,2.0,0.2,0.1,0.0,0.1,0.0,95.1,83.1,97.8,99.8,99.8,1066.7,10.67,15,15,15,35,74,374,1,2,否,否,否,否,否,否,否,否,否,否,否,否,否,否,否,否,否,否,否,否,否,否,否,否,否,否,否,否,否,否,否,否,否,否,否,否,否,36.0,35,35,33,97.0,100.0,否,否,24293,21074,0.0,0.5,0.5,0.000,0.026,5718,2082,38,0.007,100.0,1066.0,0.0,0.0,0.0,0.0,0.0,0.0,0.0,478,否,否,否,否,否,否,7.476,21.728,52.6,-6.527,25.2,199.7,60.9,61.8,60.1,60.1,60.1,60.1,60.5,61.1,60.0,60.0,60.0,60.0,16.33,16.57,16.09,16.09,16.58,16.58,1.86,13.89,16.06,0.27,0.23,0,0,0.0,0.0,0,0.000,
17.9.2026,23:10:13.216,6061,33450,15.3,5823,10359,35.9,0.0,23329,0,0.760,0.792,0.757,0.745,0.745,0.678,0.696,1000.0,1000.0,1000.0,1000.0,1000.0,100.0,800.0,44.5,179.6,126.0,31.1,5.8,8.7,3.1,1.6,0.2,44.5,3.4,13.8,9.8,2.9,0.1,0.3,0.0,0.5,0.0,13.8,3.4,100.0,1.7,6.6,4.9,1.2,0.2,0.3,0.1,0.1,0.0,1.7,10.0,10.0,10.0,10.0,10.0,8.0,35,32,35,37,36,65,68,65,63,64,38,37,否,否,否,否,否,否,否,否,否,否,否,否,否,否,否,否,否,否,39,37,38,0.250,1.972,0.261,0.007,3.931,0.749,0.239,0.674,35.0,30.0,64.0,64.0,0,17.0,14.9,1.7,3.1,40.1,3.8,15.6,10.2,2.7,0.5,0.8,0.3,0.2,0.0,93.8,79.5,97.0,98.9,99.8,1066.7,10.67,15,15,15,35,74,374,1,2,是,否,否,否,否,否,否,否,否,否,是,否,否,否,否,否,否,否,否,否,否,否,否,否,否,否,否,否,否,否,否,否,否,否,否,否,否,38.0,35,35,34,97.0,100.0,否,否,24293,21074,0.0,6.1,6.1,0.000,0.199,5718,2082,38,0.009,100.0,1066.0,0.0,0.0,0.0,0.0,0.0,0.0,0.0,478,否,否,否,否,否,否,7.475,21.721,52.6,-6.429,25.2,202.7,60.9,61.8,60.1,60.1,60.1,60.1,60.5,61.1,60.0,60.0,60.0,60.0,16.33,16.57,16.09,16.09,16.58,16.58,1.86,13.89,16.06,0.27,0.23,0,0,0.0,0.0,0,0.000,
17.9.2026,23:10:15.199,6061,33451,15.3,5822,10360,35.9,0.0,23329,0,0.759,0.792,0.752,0.745,0.745,0.678,0.696,1000.0,1000.0,1000.0,1000.0,1000.0,100.0,800.0,31.5,128.7,93.5,23.5,3.5,1.7,0.2,0.4,0.2,31.5,2.8,10.1,7.3,1.7,0.7,1.3,0.4,0.5,0.4,10.1,2.8,100.0,1.1,4.5,3.5,0.9,0.1,0.1,0.0,0.0,0.0,1.1,10.0,10.0,10.0,10.0,10.0,8.0,36,35,36,37,34,64,65,64,63,66,38,37,否,否,否,否,否,否,否,否,否,否,否,否,否,否,否,否,否,否,38,37,38,0.250,1.485,0.158,0.008,2.768,0.643,0.213,0.417,35.0,30.0,64.0,64.0,0,17.9,5.8,2.3,2.0,51.4,3.0,12.4,8.5,2.3,0.4,0.2,0.0,0.1,0.0,94.9,82.5,97.3,99.7,99.9,1066.7,10.67,15,15,15,35,74,374,1,2,否,否,否,否,否,否,否,否,否,否,否,否,否,否,否,否,否,否,否,否,否,否,否,否,否,否,否,否,否,否,否,否,否,否,否,否,否,37.0,35,35,34,97.0,100.0,否,否,24293,21074,0.0,1.0,1.0,0.000,0.014,5718,2082,38,0.007,100.0,1066.0,0.0,0.0,0.0,0.0,0.0,0.0,0.0,478,否,否,否,否,否,否,7.447,21.721,52.6,-6.337,25.2,205.7,60.9,61.8,60.1,60.1,60.1,60.1,60.5,61.1,60.0,60.0,60.0,60.0,16.33,16.57,16.09,16.09,16.58,16.58,1.86,13.89,16.06,0.27,0.23,0,0,0.0,0.0,0,0.000,
17.9.2026,23:10:17.213,6059,33452,15.3,5820,10362,35.9,0.0,23329,0,0.760,0.792,0.757,0.745,0.745,0.678,0.696,1000.0,1000.0,1000.0,1000.0,1000.0,100.0,800.0,31.6,129.1,82.2,37.9,2.4,0.5,0.2,0.3,0.2,31.6,2.7,10.9,7.4,3.6,0.0,0.0,0.0,0.0,0.0,10.9,2.7,100.0,1.2,4.6,3.1,1.5,0.1,0.0,0.0,0.0,0.0,1.2,10.0,10.0,10.0,10.0,10.0,8.0,35,33,36,37,35,65,67,64,63,65,38,37,否,否,否,否,否,否,否,否,否,否,否,否,否,否,否,否,否,否,39,37,38,0.250,1.693,0.162,0.007,3.336,0.682,0.211,0.584,35.0,30.0,64.0,64.0,0,17.6,11.3,1.6,1.9,47.1,3.0,12.5,7.7,3.3,0.2,0.1,0.0,0.0,0.0,94.9,83.3,96.4,99.9,99.9,1066.7,10.67,15,15,15,35,74,374,1,2,否,否,否,否,否,否,否,否,否,否,否,否,否,否,否,否,否,否,否,否,否,否,否,否,否,否,否,否,否,否,否,否,否,否,否,否,否,37.0,35,35,34,97.0,100.0,否,否,24293,21074,0.0,2.8,2.8,0.000,0.028,5718,2082,38,0.008,100.0,1066.0,0.0,0.0,0.0,0.0,0.0,0.0,0.0,478,否,否,否,否,否,否,7.477,21.721,52.6,-6.273,25.2,207.8,60.9,61.8,60.1,60.1,60.1,60.1,60.5,61.1,60.0,60.0,60.0,60.0,16.33,16.57,16.09,16.09,16.58,16.58,1.86,13.89,16.06,0.27,0.23,0,0,0.0,0.0,0,0.000,
17.9.2026,23:10:19.237,6060,33451,15.3,5819,10364,35.9,0.0,23329,0,0.764,0.797,0.760,0.750,0.750,0.683,0.698,1100.0,1100.0,1100.0,1100.0,1100.0,100.0,900.0,31.9,135.1,79.2,28.0,11.1,1.3,0.2,0.3,0.2,31.9,2.4,10.9,6.4,1.4,0.7,0.0,0.0,0.0,0.0,10.9,2.4,100.0,1.2,4.8,3.0,1.1,0.4,0.0,0.0,0.0,0.0,1.2,11.0,11.0,11.0,11.0,11.0,9.0,34,32,35,37,34,66,68,65,63,66,38,37,否,否,否,否,否,否,否,否,否,否,否,否,否,否,否,否,否,否,38,36,38,0.250,1.619,0.189,0.008,3.400,0.681,0.231,0.473,35.0,30.0,64.0,64.0,0,17.9,7.3,1.7,2.2,50.7,2.9,13.1,7.4,1.8,1.0,0.1,0.0,0.0,0.0,95.0,82.9,97.3,99.8,99.9,1600.0,16.00,22,22,22,52,74,560,1,2,否,否,否,否,否,否,否,否,否,否,否,否,否,否,否,否,否,否,否,否,否,否,否,否,否,否,否,否,否,否,否,否,否,否,否,否,否,36.0,35,35,36,97.0,100.0,否,否,24293,21074,0.0,0.8,0.8,0.000,0.059,5718,2083,39,0.007,100.0,1066.0,0.0,0.0,0.0,0.0,0.0,0.0,0.0,478,否,否,否,否,否,否,7.443,21.713,52.6,-6.252,25.2,208.4,60.9,61.8,60.1,60.1,60.1,60.1,60.5,61.1,60.0,60.0,60.0,60.0,16.33,16.57,16.09,16.09,16.58,16.58,1.86,13.89,16.06,0.27,0.23,0,0,0.0,0.0,0,0.000,
17.9.2026,23:10:21.253,6061,33451,15.3,5817,10365,35.9,0.0,23329,0,0.760,0.795,0.752,0.747,0.745,0.678,0.696,1000.0,1000.0,1000.0,1000.0,1000.0,100.0,800.0,33.1,126.1,99.0,32.3,4.4,2.0,0.3,0.4,0.3,33.1,5.7,9.8,8.6,2.8,0.8,22.3,0.5,0.5,0.5,22.3,5.7,100.0,1.2,4.4,3.8,1.3,0.1,0.1,0.0,0.0,0.0,1.2,10.0,10.0,10.0,10.0,10.0,8.0,35,32,35,38,35,65,68,65,62,65,38,38,否,否,否,否,否,否,否,否,否,否,否,否,否,否,否,否,否,否,39,37,39,0.250,1.779,0.183,0.009,3.620,0.719,0.234,0.595,35.0,30.0,64.0,64.0,0,17.4,13.1,2.0,1.9,44.9,3.1,12.0,9.0,2.6,0.5,0.2,0.0,0.1,0.0,94.7,82.4,96.9,99.7,99.9,1066.7,10.67,15,15,15,35,74,374,1,2,否,否,否,否,否,否,否,否,否,否,否,否,否,否,否,否,否,否,否,否,否,否,否,否,否,否,否,否,否,否,否,否,否,否,否,否,否,36.0,35,35,35,97.0,100.0,否,否,24293,21074,0.0,1.9,1.9,0.000,0.018,5718,2083,38,0.008,100.0,1599.0,0.0,0.0,0.0,0.0,0.0,0.0,0.0,478,否,否,否,否,否,否,7.473,21.713,52.6,-6.307,25.2,206.6,60.9,61.8,60.1,60.1,60.1,60.1,60.5,61.1,60.0,60.0,60.0,60.0,16.33,16.57,16.09,16.09,16.58,16.58,1.86,13.89,16.06,0.27,0.23,0,0,0.0,0.0,0,0.000,
17.9.2026,23:10:23.251,6062,33450,15.3,5820,10362,35.9,0.0,23329,0,0.765,0.797,0.762,0.750,0.750,0.683,0.696,1100.0,1100.0,1100.0,1100.0,1100.0,100.0,900.0,61.0,263.5,143.7,52.5,19.4,6.6,0.5,1.2,0.6,61.0,4.6,20.2,10.6,3.8,2.0,0.0,0.0,0.0,0.0,20.2,4.6,100.0,2.4,10.3,5.7,2.1,0.8,0.3,0.0,0.0,0.0,2.4,11.0,11.0,11.0,11.0,11.0,9.0,36,34,36,37,36,64,66,64,63,64,38,37,否,否,否,否,否,否,否,否,否,否,否,否,否,否,否,否,否,否,38,36,38,0.250,1.802,0.328,0.005,3.685,0.752,0.253,0.413,35.0,30.0,64.0,64.0,0,14.9,3.8,2.4,3.8,40.2,5.0,21.5,11.5,4.3,1.6,0.6,0.1,0.1,0.1,90.6,69.0,94.1,99.3,99.8,1066.7,10.67,15,15,15,35,74,374,1,2,是,否,否,否,否,否,否,否,否,否,是,否,否,否,否,否,否,否,否,否,否,否,否,否,否,否,否,否,否,否,否,否,否,否,否,否,否,36.0,35,35,35,97.0,100.0,否,否,24293,21074,0.0,1.0,1.0,0.000,0.065,5718,2083,38,0.009,100.0,1066.0,0.0,0.0,0.0,0.0,0.0,0.0,0.0,478,否,否,否,否,否,否,7.476,21.705,52.5,-6.235,25.2,208.9,60.9,61.8,60.1,60.1,60.1,60.1,60.5,61.1,60.0,60.0,60.0,60.0,16.33,16.57,16.09,16.09,16.58,16.58,1.86,13.89,16.06,0.27,0.23,0,0,0.0,0.0,0,0.000,
17.9.2026,23:10:25.265,6062,33450,15.3,5817,10366,35.9,0.0,23329,0,0.760,0.792,0.757,0.745,0.745,0.678,0.698,1000.0,1000.0,1000.0,1000.0,1000.0,100.0,800.0,32.4,127.9,98.4,26.1,2.6,2.2,0.6,1.2,0.2,32.4,3.4,10.2,8.3,1.6,0.0,5.3,0.7,0.0,0.7,10.2,3.4,100.0,1.2,4.5,3.8,1.0,0.1,0.1,0.0,0.0,0.0,1.2,10.0,10.0,10.0,10.0,10.0,8.0,35,34,35,37,35,65,66,65,63,65,38,37,否,否,否,否,否,否,否,否,否,否,否,否,否,否,否,否,否,否,39,36,38,0.250,1.813,0.200,0.007,3.553,0.717,0.228,0.619,35.0,30.0,64.0,64.0,0,17.4,13.6,2.0,2.0,44.5,3.0,12.3,9.2,1.8,0.3,0.2,0.1,0.1,0.0,94.9,82.2,97.9,99.7,99.8,1066.7,10.67,15,15,15,35,74,374,1,2,否,否,否,否,否,否,否,否,否,否,否,否,否,否,否,否,否,否,否,否,否,否,否,否,否,否,否,否,否,否,否,否,否,否,否,否,否,36.0,35,35,35,97.0,100.0,否,否,24293,21074,0.5,3.9,4.4,0.044,0.030,5718,2083,39,0.005,100.0,1066.0,0.0,0.0,0.0,0.0,0.0,0.0,0.0,478,否,否,否,否,否,否,7.474,21.705,52.5,-6.226,25.2,209.2,60.9,61.8,60.1,60.1,60.1,60.1,60.5,61.1,60.0,60.0,60.0,60.0,16.33,16.57,16.09,16.09,16.58,16.58,1.86,13.89,16.06,0.27,0.23,0,0,0.0,0.0,0,0.000,
17.9.2026,23:10:27.283,6068,33444,15.3,5820,10362,35.9,0.0,23329,0,0.764,0.797,0.760,0.750,0.750,0.683,0.736,1100.0,1100.0,1100.0,1100.0,1100.0,100.0,900.0,55.3,186.6,119.3,58.8,41.6,12.4,14.4,9.2,0.4,55.3,3.7,12.6,8.2,3.6,2.4,1.5,0.8,0.3,0.0,12.6,3.7,100.0,2.1,6.9,4.6,2.3,1.7,0.5,0.6,0.4,0.0,2.1,11.0,11.0,11.0,11.0,11.0,9.0,36,34,38,37,36,64,66,62,63,64,39,38,否,否,否,否,否,否,否,否,否,否,否,否,否,否,否,否,否,否,38,36,38,0.250,2.122,0.408,0.008,4.109,0.757,0.255,0.661,35.0,30.0,64.0,64.0,0,16.7,13.0,1.4,1.9,42.6,4.0,14.7,9.1,3.9,1.8,0.9,1.0,0.5,0.0,93.2,80.1,94.8,98.3,99.5,1066.7,10.67,15,15,15,35,74,374,1,2,是,否,否,否,否,否,否,否,否,否,是,否,否,否,否,否,否,否,否,否,否,否,否,否,否,否,否,否,否,否,否,否,否,否,否,否,否,36.0,35,35,35,97.0,100.0,否,否,24293,21074,0.0,2.4,2.4,0.000,0.057,5718,2083,38,0.007,100.0,1066.0,0.0,0.0,0.0,0.0,0.0,0.0,0.0,478,否,否,否,否,否,否,7.462,21.698,52.5,-6.193,25.2,210.2,60.9,61.8,60.1,60.1,60.1,60.1,60.5,61.1,60.0,60.0,60.0,60.0,16.33,16.57,16.09,16.09,16.58,16.58,1.86,13.89,16.06,0.27,0.23,0,0,0.0,0.0,0,0.000,
17.9.2026,23:10:29.289,6068,33444,15.3,5818,10364,35.9,0.0,23329,0,0.766,0.800,0.765,0.750,0.750,0.948,0.698,1150.0,1200.0,1200.0,1100.0,1100.0,100.0,3499.9,37.4,151.7,122.9,17.0,3.4,3.1,0.2,0.8,0.2,37.4,3.6,12.1,10.4,1.9,0.7,1.4,0.4,1.2,0.4,12.1,3.6,100.0,1.4,5.5,4.8,0.6,0.1,0.1,0.0,0.0,0.0,1.4,11.5,12.0,12.0,11.0,11.0,35.0,35,34,36,37,34,65,66,64,63,66,38,37,否,否,否,否,否,否,否,否,否,否,否,否,否,否,否,否,否,否,38,36,38,0.250,1.797,0.195,0.010,3.536,0.736,0.241,0.577,35.0,30.0,64.0,64.0,0,16.9,11.7,1.5,1.8,45.1,3.4,13.9,10.9,1.7,0.4,0.3,0.0,0.1,0.0,94.2,79.3,98.0,99.6,99.9,1066.7,10.67,15,15,15,35,74,374,1,2,否,否,否,否,否,否,否,否,否,否,否,否,否,否,否,否,否,否,否,否,否,否,否,否,否,否,否,否,否,否,否,否,否,否,否,否,否,36.0,35,35,35,97.0,100.0,否,否,24293,21074,0.0,6.7,6.7,0.000,0.255,5718,2083,39,0.008,100.0,1066.0,0.0,0.0,0.0,0.0,0.0,0.0,0.0,478,否,否,否,否,否,否,7.473,21.698,52.5,-6.225,25.2,209.1,60.9,61.8,60.1,60.1,60.1,60.1,60.5,61.1,60.0,60.0,60.0,60.0,16.33,16.57,16.09,16.09,16.58,16.58,1.86,13.89,16.06,0.27,0.23,0,0,0.0,0.0,0,0.000,
17.9.2026,23:10:31.308,6067,33445,15.3,5822,10361,35.9,0.0,23329,0,0.766,0.797,0.762,0.752,0.750,0.691,0.696,1125.0,1200.0,1100.0,1100.0,1100.0,100.0,1000.0,34.5,136.2,95.8,35.4,5.7,1.9,0.3,0.4,0.3,34.5,2.6,10.3,7.6,2.6,0.0,0.0,0.0,0.0,0.0,10.3,2.6,100.0,1.3,4.8,3.7,1.4,0.2,0.1,0.0,0.0,0.0,1.3,11.2,12.0,11.0,11.0,11.0,10.0,35,32,36,36,35,65,68,64,64,65,39,36,否,否,否,否,否,否,否,否,否,否,否,否,否,否,否,否,否,否,39,36,39,0.250,1.804,0.188,0.007,3.614,0.717,0.224,0.618,35.0,30.0,64.0,64.0,0,17.0,13.8,1.6,1.7,43.6,3.2,12.8,8.8,3.3,0.5,0.2,0.0,0.1,0.0,94.4,81.7,96.2,99.7,99.9,1066.7,10.67,15,15,15,35,74,374,1,2,否,否,否,否,否,否,否,否,否,否,否,否,否,否,否,否,否,否,否,否,否,否,否,否,否,否,否,否,否,否,否,否,否,否,否,否,否,37.0,35,35,35,97.0,100.0,否,否,24293,21074,0.0,3.5,3.5,0.000,0.087,5718,2084,39,0.010,100.0,1066.0,0.0,0.0,0.0,0.0,0.0,0.0,0.0,478,否,否,否,否,否,否,7.465,21.690,52.5,-6.159,25.2,211.3,60.9,61.8,60.1,60.1,60.1,60.1,60.5,61.1,60.0,60.0,60.0,60.0,16.33,16.57,16.09,16.09,16.58,16.58,1.86,13.89,16.06,0.27,0.23,0,0,0.0,0.0,0,0.000,
17.9.2026,23:10:33.309,6066,33445,15.3,5824,10359,35.9,0.0,23329,0,0.761,0.795,0.757,0.745,0.745,0.678,0.736,1000.0,1000.0,1000.0,1000.0,1000.0,100.0,800.0,31.8,124.4,89.3,36.9,1.4,1.8,0.2,0.3,0.2,31.8,3.1,10.0,7.4,2.7,0.7,2.2,0.6,0.6,0.6,10.0,3.1,100.0,1.2,4.4,3.4,1.5,0.0,0.1,0.0,0.0,0.0,1.2,10.0,10.0,10.0,10.0,10.0,8.0,35,34,35,37,35,65,66,65,63,65,38,37,否,否,否,否,否,否,否,否,否,否,否,否,否,否,否,否,否,否,38,36,39,0.250,1.623,0.166,0.005,3.137,0.685,0.226,0.502,35.0,30.0,64.0,64.0,0,17.4,8.8,1.5,1.8,49.8,3.0,12.2,8.4,3.1,0.1,0.2,0.0,0.0,0.0,94.9,83.1,96.7,99.8,99.9,1066.7,10.67,15,15,15,35,74,374,1,2,否,否,否,否,否,否,否,否,否,否,否,否,否,否,否,否,否,否,否,否,否,否,否,否,否,否,否,否,否,否,否,否,否,否,否,否,否,35.0,35,35,35,97.0,100.0,否,否,24293,21074,0.0,2.9,2.9,0.000,0.053,5718,2084,38,0.007,100.0,1066.0,0.0,0.0,0.0,0.0,0.0,0.0,0.0,478,否,否,否,否,否,否,7.476,21.690,52.5,-6.145,25.2,211.8,60.9,61.8,60.1,60.1,60.1,60.1,60.5,61.1,60.0,60.0,60.0,60.0,16.33,16.57,16.09,16.09,16.58,16.58,1.86,13.89,16.06,0.27,0.23,0,0,0.0,0.0,0,0.000,
17.9.2026,23:10:35.311,6068,33444,15.3,5827,10355,36.0,0.0,23329,0,0.766,0.797,0.762,0.752,0.750,0.686,0.738,1100.0,1100.0,1100.0,1100.0,1100.0,100.0,900.0,39.4,135.3,82.5,52.2,12.9,14.0,6.6,4.9,6.6,39.4,3.4,11.9,7.5,4.5,1.0,1.1,0.5,0.3,0.5,11.9,3.4,100.0,1.5,4.8,3.1,2.1,0.5,0.5,0.3,0.2,0.3,1.5,11.0,11.0,11.0,11.0,11.0,9.0,35,33,36,37,34,65,67,64,63,66,38,37,否,否,否,否,否,否,否,否,否,否,否,否,否,否,否,否,否,否,42,42,38,0.250,1.708,0.222,0.008,3.719,0.696,0.233,0.512,35.0,30.0,64.0,64.0,0,17.1,9.2,1.4,1.7,48.7,3.6,13.2,7.6,4.0,1.1,1.2,0.6,0.4,0.6,94.0,82.6,95.6,98.4,99.2,1066.7,10.67,15,15,15,35,74,374,1,2,否,否,否,否,否,否,否,否,否,否,否,否,否,否,否,否,否,否,否,否,否,否,否,否,否,否,否,否,否,否,否,否,否,否,否,否,否,36.0,35,35,37,97.0,100.0,否,否,24293,21074,0.0,1.3,1.3,0.000,0.051,5718,2084,38,0.005,100.0,1066.0,0.0,0.0,0.0,0.0,0.0,0.0,0.0,478,否,否,否,否,否,否,7.436,21.682,52.5,-6.164,25.2,211.1,60.9,61.8,60.1,60.1,60.1,60.1,60.5,61.1,60.0,60.0,60.0,60.0,16.33,16.57,16.09,16.09,16.58,16.58,1.86,13.89,16.06,0.27,0.23,0,0,0.0,0.0,0,0.000,
17.9.2026,23:10:37.316,6077,33435,15.3,5835,10347,36.0,0.0,23329,0,0.866,1.045,0.765,0.750,0.905,0.946,0.693,2275.0,3799.9,1200.0,1200.0,2900.0,100.0,3399.9,71.9,176.9,192.1,93.7,38.1,29.8,33.4,8.1,3.2,71.9,4.6,12.5,11.0,4.6,3.3,2.8,1.9,0.3,0.1,12.5,4.6,100.0,2.8,6.5,7.7,3.8,1.5,1.1,1.4,0.3,0.1,2.8,22.8,38.0,12.0,12.0,29.0,34.0,43,54,38,42,37,57,46,62,58,63,54,54,否,否,否,否,否,否,否,否,否,否,否,否,否,否,否,否,否,否,39,38,39,0.250,2.262,0.625,0.006,4.237,0.735,0.253,0.607,35.0,30.0,64.0,64.0,0,15.7,10.7,1.1,1.7,43.5,4.7,14.7,12.0,5.0,2.0,1.6,1.4,0.5,0.3,92.0,77.9,94.0,96.8,99.2,1066.7,10.67,15,15,15,35,74,374,1,2,是,否,否,否,否,否,否,否,否,否,是,否,否,否,否,否,否,否,否,否,否,否,否,否,否,否,否,否,否,否,否,否,否,否,否,否,否,36.0,35,35,35,97.0,100.0,否,否,24293,21074,0.0,2.5,2.5,0.000,0.036,5718,2084,38,0.008,100.0,1066.0,0.0,0.0,0.0,0.0,0.0,0.0,0.0,478,否,否,否,否,否,否,7.473,21.682,52.5,-6.203,25.2,209.7,60.9,61.8,60.1,60.1,60.1,60.1,60.5,61.1,60.0,60.0,60.0,60.0,16.33,16.57,16.09,16.09,16.58,16.58,1.86,13.89,16.06,0.27,0.23,0,0,0.0,0.0,0,0.000,
17.9.2026,23:10:39.330,6160,33351,15.5,5916,10267,36.5,0.0,23329,0,0.757,0.790,0.750,0.745,0.742,0.676,0.696,1000.0,1000.0,1000.0,1000.0,1000.0,100.0,800.0,300.2,636.6,970.5,407.3,361.1,21.0,1.5,1.0,2.4,300.2,8.8,20.7,27.9,12.0,9.1,0.0,0.0,0.0,0.6,27.9,8.8,100.0,12.3,25.4,40.1,16.7,14.9,0.8,0.0,0.0,0.1,12.3,10.0,10.0,10.0,10.0,10.0,8.0,37,34,39,38,37,63,66,61,62,63,40,39,否,否,否,否,否,否,否,否,否,否,否,否,否,否,否,否,否,否,38,36,38,0.250,6.418,4.289,0.003,10.015,1.048,0.456,0.664,35.0,30.0,64.0,64.0,0,10.4,7.2,1.0,2.4,24.7,9.5,22.6,28.8,12.6,10.3,1.2,0.1,0.1,0.1,82.7,53.1,79.5,98.5,99.7,1066.7,10.67,15,15,15,35,74,374,1,2,是,否,否,否,否,否,否,否,否,否,是,否,否,否,否,否,否,否,否,否,否,否,否,否,否,否,否,否,否,否,否,否,否,否,否,否,否,37.0,35,35,36,97.0,100.0,否,否,24293,21074,0.0,3.1,3.1,0.000,0.232,5718,2084,38,0.006,100.0,1066.0,0.0,0.0,0.0,0.0,0.0,0.0,0.0,478,否,否,否,否,否,否,7.289,21.682,52.5,-6.662,25.2,195.3,60.9,61.8,60.1,60.1,60.1,60.1,60.5,61.1,60.0,60.0,60.0,60.0,16.33,16.57,16.09,16.09,16.58,16.58,1.86,13.89,16.06,0.27,0.23,0,0,0.0,0.0,0,0.000,
17.9.2026,23:10:41.332,6072,33440,15.3,5832,10350,36.0,0.0,23329,0,0.764,0.797,0.762,0.750,0.747,0.686,0.696,1100.0,1100.0,1100.0,1100.0,1100.0,100.0,900.0,50.5,146.1,145.3,49.7,30.4,1.7,12.3,18.4,0.4,50.5,3.5,11.1,10.6,1.9,1.0,0.0,0.5,3.0,0.1,11.1,3.5,100.0,1.9,5.2,5.7,2.0,1.2,0.1,0.5,0.8,0.0,1.9,11.0,11.0,11.0,11.0,11.0,9.0,36,33,37,38,35,64,67,63,62,65,39,38,否,否,否,否,否,否,否,否,否,否,否,否,否,否,否,否,否,否,40,36,40,0.250,1.802,0.370,0.005,3.210,0.708,0.266,0.434,35.0,30.0,64.0,64.0,0,17.1,4.8,1.6,2.4,50.8,3.6,13.0,11.3,2.0,1.0,0.2,0.5,0.7,0.0,94.0,79.8,97.6,99.3,99.2,1066.7,10.67,15,15,15,35,74,374,1,2,是,否,否,否,否,否,否,否,否,否,是,否,否,否,否,否,否,否,否,否,否,否,否,否,否,否,否,否,否,否,否,否,否,否,否,否,否,37.0,35,35,35,97.0,100.0,否,否,24293,21074,0.0,2.0,2.0,0.000,0.018,5718,2084,39,0.003,100.0,1066.0,0.0,0.0,0.0,0.0,0.0,0.0,0.0,478,否,否,否,否,否,否,7.473,21.682,52.5,-6.883,25.2,189.0,60.9,61.8,60.1,60.1,60.1,60.1,60.5,61.1,60.0,60.0,60.0,60.0,16.33,16.57,16.09,16.09,16.58,16.58,1.86,13.89,16.06,0.27,0.23,0,0,0.0,0.0,0,0.000,
17.9.2026,23:10:43.349,6071,33441,15.3,5828,10354,36.0,0.0,23329,0,0.761,0.795,0.755,0.747,0.745,0.678,0.736,1000.0,1000.0,1000.0,1000.0,1000.0,100.0,800.0,41.2,163.5,114.9,39.2,9.2,2.5,0.2,0.3,0.2,41.2,3.7,12.7,9.0,3.0,0.5,3.7,0.0,0.5,0.0,12.7,3.7,100.0,1.6,6.0,4.4,1.6,0.4,0.1,0.0,0.0,0.0,1.6,10.0,10.0,10.0,10.0,10.0,8.0,35,32,36,37,36,65,68,64,63,64,38,37,否,否,否,否,否,否,否,否,否,否,否,否,否,否,否,否,否,否,38,37,38,0.250,1.995,0.222,0.007,4.097,0.762,0.238,0.717,35.0,30.0,64.0,64.0,0,16.4,14.8,1.5,1.6,40.5,3.7,15.0,10.0,3.4,0.8,0.2,0.0,0.0,0.0,93.6,78.7,95.9,99.7,99.9,1066.7,10.67,15,15,15,35,74,374,1,2,否,否,否,否,否,否,否,否,否,否,否,否,否,否,否,否,否,否,否,否,否,否,否,否,否,否,否,否,否,否,否,否,否,否,否,否,否,35.0,35,35,35,97.0,100.0,否,否,24293,21074,0.0,2.9,2.9,0.000,0.059,5718,2084,38,0.005,100.0,1066.0,0.0,0.0,0.0,0.0,0.0,0.0,0.0,478,否,否,否,否,否,否,7.464,21.675,52.5,-6.800,25.2,191.2,60.9,61.8,60.1,60.1,60.1,60.1,60.5,61.1,60.0,60.0,60.0,60.0,16.33,16.57,16.09,16.09,16.58,16.58,1.86,13.89,16.06,0.27,0.23,0,0,0.0,0.0,0,0.000,
17.9.2026,23:10:45.354,6071,33441,15.3,5827,10356,36.0,0.0,23329,0,0.760,0.795,0.752,0.747,0.745,0.678,0.696,1000.0,1000.0,1000.0,1000.0,1000.0,100.0,800.0,32.1,128.6,83.5,30.6,5.9,1.5,0.2,6.3,0.2,32.1,2.8,11.2,7.7,2.7,0.4,0.0,0.0,0.4,0.0,11.2,2.8,100.0,1.2,4.5,3.2,1.2,0.2,0.1,0.0,0.3,0.0,1.2,10.0,10.0,10.0,10.0,10.0,8.0,35,34,36,36,35,65,66,64,64,65,38,36,否,否,否,否,否,否,否,否,否,否,否,否,否,否,否,否,否,否,38,36,38,0.250,1.631,0.182,0.006,3.087,0.675,0.222,0.502,35.0,30.0,64.0,64.0,0,17.7,8.9,1.6,1.9,49.5,3.0,12.6,7.9,2.3,0.6,0.2,0.0,0.5,0.0,94.8,82.8,97.2,99.8,99.4,1066.7,10.67,15,15,15,35,74,374,1,2,否,否,否,否,否,否,否,否,否,否,否,否,否,否,否,否,否,否,否,否,否,否,否,否,否,否,否,否,否,否,否,否,否,否,否,否,否,35.0,35,35,35,97.0,100.0,否,否,24293,21074,0.0,4.0,4.0,0.000,0.231,5718,2085,39,0.007,100.0,1066.0,0.0,0.0,0.0,0.0,0.0,0.0,0.0,427,否,否,否,否,否,否,7.457,21.675,52.5,-6.652,25.2,195.5,60.9,61.8,60.1,60.1,60.1,60.1,60.5,61.1,60.0,60.0,60.0,60.0,16.33,16.57,16.09,16.09,16.58,16.58,1.86,13.89,16.06,0.27,0.23,0,0,0.0,0.0,0,0.000,
17.9.2026,23:10:47.347,6070,33441,15.3,5830,10352,36.0,0.0,23329,0,0.760,0.792,0.755,0.747,0.745,0.678,0.696,1000.0,1000.0,1000.0,1000.0,1000.0,100.0,800.0,37.3,141.6,99.3,43.6,9.3,2.7,0.9,0.6,0.3,37.3,3.6,11.5,8.3,3.0,1.2,3.6,0.5,0.4,0.4,11.5,3.6,100.0,1.4,5.0,3.8,1.7,0.3,0.1,0.0,0.0,0.0,1.4,10.0,10.0,10.0,10.0,10.0,8.0,36,32,39,37,35,64,68,61,63,65,39,39,否,否,否,否,否,否,否,否,否,否,否,否,否,否,否,否,否,否,38,36,38,0.500,1.763,0.193,0.008,3.549,0.704,0.225,0.590,35.0,30.0,64.0,64.0,0,17.2,12.7,1.5,2.0,44.2,3.6,14.0,9.4,3.6,0.9,0.3,0.1,0.1,0.0,94.1,81.0,96.0,99.6,99.9,1066.7,10.67,15,15,15,35,74,374,1,2,否,否,否,否,否,否,否,否,否,否,否,否,否,否,否,否,否,否,否,否,否,否,否,否,否,否,否,否,否,否,否,否,否,否,否,否,否,36.0,35,35,35,97.0,100.0,否,否,24293,21074,0.0,3.9,3.9,0.000,0.034,5718,2085,38,0.006,100.0,1066.0,0.0,0.0,0.0,0.0,0.0,0.0,0.0,427,否,否,否,否,否,否,7.456,21.667,52.5,-6.546,25.2,198.6,60.9,61.8,60.1,60.1,60.1,60.1,60.5,61.1,60.0,60.0,60.0,60.0,16.33,16.57,16.09,16.09,16.58,16.58,1.86,13.89,16.06,0.27,0.23,0,0,0.0,0.0,0,0.000,
17.9.2026,23:10:49.358,6070,33441,15.3,5829,10353,36.0,0.0,23329,0,0.751,0.795,0.715,0.747,0.747,0.678,0.698,875.0,1000.0,400.0,1000.0,1100.0,100.0,800.0,31.8,129.3,100.0,14.6,4.6,2.6,2.1,0.9,0.6,31.8,2.5,10.2,7.9,1.1,0.2,0.8,0.0,0.0,0.0,10.2,2.5,100.0,1.2,4.5,3.8,0.5,0.2,0.1,0.1,0.0,0.0,1.2,8.8,10.0,4.0,10.0,11.0,8.0,35,32,36,37,35,65,68,64,63,65,38,37,否,否,否,否,否,否,否,否,否,否,否,否,否,否,否,否,否,否,38,37,38,0.250,1.636,0.174,0.007,3.250,0.695,0.233,0.494,35.0,30.0,64.0,64.0,0,17.7,9.3,1.9,1.8,49.1,3.0,12.5,8.9,1.4,0.5,0.3,0.2,0.1,0.1,94.9,82.1,98.2,99.5,99.8,1066.7,10.67,15,15,15,35,74,374,1,2,否,否,否,否,否,否,否,否,否,否,否,否,否,否,否,否,否,否,否,否,否,否,否,否,否,否,否,否,否,否,否,否,否,否,否,否,否,36.0,35,35,35,97.0,100.0,否,否,24293,21074,0.0,1.8,1.8,0.000,0.116,5718,2085,40,0.008,100.0,1066.0,0.0,0.0,0.0,0.0,0.0,0.0,0.0,427,否,否,否,否,否,否,7.434,21.667,52.5,-6.445,25.2,201.7,60.9,61.8,60.1,60.1,60.1,60.1,60.5,61.1,60.0,60.0,60.0,60.0,16.33,16.57,16.09,16.09,16.58,16.58,1.86,13.89,16.06,0.27,0.23,0,0,0.0,0.0,0,0.000,
17.9.2026,23:10:51.367,6071,33440,15.3,5828,10355,36.0,0.0,23329,0,0.760,0.792,0.755,0.745,0.747,0.678,0.736,1025.0,1000.0,1000.0,1000.0,1100.0,100.0,800.0,31.0,131.8,83.6,26.5,2.8,2.2,0.5,0.6,0.3,31.0,2.3,10.8,7.1,0.0,0.2,0.0,0.0,0.0,0.0,10.8,2.3,100.0,1.1,4.7,3.2,1.0,0.1,0.1,0.0,0.0,0.0,1.1,10.2,10.0,10.0,10.0,11.0,8.0,36,34,36,37,36,64,66,64,63,64,38,37,否,否,否,否,否,否,否,否,否,否,否,否,否,否,否,否,否,否,39,38,39,0.250,1.701,0.189,0.006,3.654,0.698,0.229,0.541,35.0,30.0,64.0,64.0,0,17.5,11.4,1.3,2.0,48.1,2.9,12.8,7.8,1.8,0.3,0.2,0.1,0.1,0.0,95.1,82.8,97.9,99.7,99.9,1066.7,10.67,15,15,15,35,74,374,1,2,否,否,否,否,否,否,否,否,否,否,否,否,否,否,否,否,否,否,否,否,否,否,否,否,否,否,否,否,否,否,否,否,否,否,否,否,否,36.0,35,35,36,97.0,100.0,否,否,24293,21074,0.0,2.1,2.1,0.000,0.020,5718,2085,38,0.007,100.0,1066.0,0.0,0.0,0.0,0.0,0.0,0.0,0.0,427,否,否,否,否,否,否,7.433,21.659,52.4,-6.496,25.2,200.1,60.9,61.8,60.1,60.1,60.1,60.1,60.5,61.1,60.0,60.0,60.0,60.0,16.33,16.57,16.09,16.09,16.58,16.58,1.86,13.89,16.06,0.27,0.23,0,0,0.0,0.0,0,0.000,
17.9.2026,23:10:53.360,6071,33441,15.3,5826,10357,36.0,0.0,23329,0,0.759,0.792,0.752,0.747,0.745,0.678,0.696,1000.0,1000.0,1000.0,1000.0,1000.0,100.0,800.0,31.4,129.7,87.3,31.3,0.5,1.1,0.5,0.5,0.4,31.4,3.4,11.2,7.9,4.6,0.5,1.3,0.5,0.5,0.5,11.2,3.4,100.0,1.2,4.6,3.3,1.3,0.0,0.0,0.0,0.0,0.0,1.2,10.0,10.0,10.0,10.0,10.0,8.0,35,32,36,36,35,65,68,64,64,65,38,36,否,否,否,否,否,否,否,否,否,否,否,否,否,否,否,否,否,否,38,37,38,0.250,1.558,0.182,0.005,2.822,0.671,0.235,0.432,35.0,30.0,64.0,64.0,0,17.5,5.8,1.7,2.1,52.3,2.9,12.7,8.2,2.0,0.1,0.1,0.1,0.1,0.0,95.1,82.7,97.9,99.8,99.9,1066.7,10.67,15,15,15,35,74,374,1,2,否,否,否,否,否,否,否,否,否,否,否,否,否,否,否,否,否,否,否,否,否,否,否,否,否,否,否,否,否,否,否,否,否,否,否,否,否,35.0,35,35,35,97.0,100.0,否,否,24293,21074,0.0,0.5,0.5,0.000,0.010,5718,2085,38,0.006,100.0,1066.0,0.0,0.0,0.0,0.0,0.0,0.0,0.0,427,否,否,否,否,否,否,7.466,21.659,52.4,-6.495,25.2,200.1,60.9,61.8,60.1,60.1,60.1,60.1,60.5,61.1,60.0,60.0,60.0,60.0,16.33,16.57,16.09,16.09,16.58,16.58,1.86,13.89,16.06,0.27,0.23,0,0,0.0,0.0,0,0.000,
17.9.2026,23:10:55.364,6070,33442,15.3,5824,10359,35.9,0.0,23329,0,0.761,0.792,0.757,0.745,0.747,0.678,0.696,1000.0,1000.0,1000.0,1000.0,1000.0,100.0,800.0,36.0,148.6,113.2,15.4,6.7,2.0,0.9,0.8,0.2,36.0,2.6,11.2,8.2,1.0,0.0,0.0,0.0,0.0,0.0,11.2,2.6,100.0,1.3,5.3,4.4,0.6,0.3,0.1,0.0,0.0,0.0,1.3,10.0,10.0,10.0,10.0,10.0,8.0,35,33,36,36,35,65,67,64,64,65,38,36,否,否,否,否,否,否,否,否,否,否,否,否,否,否,否,否,否,否,38,36,38,0.250,1.830,0.227,0.004,3.568,0.719,0.233,0.608,35.0,30.0,64.0,64.0,0,17.4,12.8,1.8,1.9,44.8,3.1,13.4,9.1,1.3,0.6,0.2,0.1,0.1,0.0,94.6,80.8,98.0,99.7,99.9,1066.7,10.67,15,15,15,35,74,374,1,2,是,否,否,否,否,否,否,否,否,否,是,否,否,否,否,否,否,否,否,否,否,否,否,否,否,否,否,否,否,否,否,否,否,否,否,否,否,36.0,35,35,35,97.0,100.0,否,否,24293,21074,0.0,2.9,2.9,0.000,0.059,5718,2085,38,0.005,100.0,1066.0,0.0,0.0,0.0,0.0,0.0,0.0,0.0,427,否,否,否,否,否,否,7.459,21.652,52.4,-6.407,25.2,202.8,60.9,61.8,60.1,60.1,60.1,60.1,60.5,61.1,60.0,60.0,60.0,60.0,16.33,16.57,16.09,16.09,16.58,16.58,1.86,13.89,16.06,0.27,0.23,0,0,0.0,0.0,0,0.000,
17.9.2026,23:10:57.364,6069,33442,15.3,5822,10360,35.9,0.0,23329,0,0.767,0.800,0.762,0.752,0.752,0.683,0.693,1100.0,1100.0,1100.0,1100.0,1100.0,100.0,900.0,31.7,127.4,94.1,30.9,0.2,0.4,0.2,0.3,0.2,31.7,2.5,10.2,7.7,0.0,0.5,0.5,0.5,0.5,0.5,10.2,2.5,100.0,1.2,4.5,3.6,1.3,0.0,0.0,0.0,0.0,0.0,1.2,11.0,11.0,11.0,11.0,11.0,9.0,34,32,35,36,34,66,68,65,64,66,38,36,否,否,否,否,否,否,否,否,否,否,否,否,否,否,否,否,否,否,38,36,38,0.250,1.563,0.186,0.005,2.874,0.672,0.233,0.435,35.0,30.0,64.0,64.0,0,17.4,6.6,2.0,2.3,50.8,2.9,12.5,8.8,1.9,0.0,0.1,0.0,0.0,0.0,95.0,82.2,98.0,99.9,99.9,1066.7,10.67,15,15,15,35,74,374,1,2,否,否,否,否,否,否,否,否,否,否,否,否,否,否,否,否,否,否,否,否,否,否,否,否,否,否,否,否,否,否,否,否,否,否,否,否,否,35.0,35,35,35,97.0,100.0,否,否,24293,21074,0.0,1.0,1.0,0.000,0.022,5718,2085,39,0.004,100.0,1066.0,0.0,0.0,0.0,0.0,0.0,0.0,0.0,427,否,否,否,否,否,否,7.471,21.652,52.4,-6.328,25.2,205.3,60.9,61.8,60.1,60.1,60.1,60.1,60.5,61.1,60.0,60.0,60.0,60.0,16.33,16.57,16.09,16.09,16.58,16.58,1.86,13.89,16.06,0.27,0.23,0,0,0.0,0.0,0,0.000,
17.9.2026,23:10:59.371,6070,33442,15.3,5821,10362,35.9,0.0,23329,0,0.761,0.792,0.757,0.747,0.745,0.678,0.696,1000.0,1000.0,1000.0,1000.0,1000.0,100.0,800.0,30.8,131.7,103.3,8.2,1.4,1.2,0.2,0.3,0.2,30.8,3.0,10.5,8.5,5.1,0.0,0.1,0.0,0.0,0.0,10.5,3.0,100.0,1.1,4.6,4.0,0.3,0.0,0.0,0.0,0.0,0.0,1.1,10.0,10.0,10.0,10.0,10.0,8.0,34,32,35,36,34,66,68,65,64,66,38,36,否,否,否,否,否,否,否,否,否,否,否,否,否,否,否,否,否,否,39,36,39,0.250,1.755,0.181,0.007,3.374,0.709,0.232,0.587,35.0,30.0,64.0,64.0,0,17.6,11.2,1.8,2.3,46.8,2.9,12.6,9.2,0.8,0.1,0.1,0.0,0.0,0.0,95.1,81.6,99.0,99.8,99.9,1066.7,10.67,15,15,15,35,74,374,1,2,否,否,否,否,否,否,否,否,否,否,否,否,否,否,否,否,否,否,否,否,否,否,否,否,否,否,否,否,否,否,否,否,否,否,否,否,否,35.0,35,35,36,97.0,100.0,否,否,24293,21074,0.0,2.9,2.9,0.000,0.077,5718,2085,38,0.005,100.0,1066.0,0.0,0.0,0.0,0.0,0.0,0.0,0.0,427,否,否,否,否,否,否,7.450,21.652,52.4,-6.198,25.2,209.6,60.9,61.8,60.1,60.1,60.1,60.1,60.5,61.1,60.0,60.0,60.0,60.0,16.33,16.57,16.09,16.09,16.58,16.58,1.86,13.89,16.06,0.27,0.23,0,0,0.0,0.0,0,0.000,
17.9.2026,23:11:1.385,6070,33441,15.3,5820,10363,35.9,0.0,23329,0,0.766,0.797,0.762,0.752,0.750,0.686,0.696,1100.0,1100.0,1100.0,1100.0,1100.0,100.0,900.0,31.3,118.1,93.9,20.9,15.9,1.0,0.2,0.3,0.2,31.3,3.0,10.2,8.6,3.4,1.8,0.0,0.0,0.0,0.0,10.2,3.0,100.0,1.1,4.1,3.6,0.8,0.6,0.0,0.0,0.0,0.0,1.1,11.0,11.0,11.0,11.0,11.0,9.0,35,32,35,36,36,65,68,65,64,64,38,36,否,否,否,否,否,否,否,否,否,否,否,否,否,否,否,否,否,否,38,36,38,0.250,1.658,0.189,0.007,3.093,0.697,0.234,0.497,35.0,30.0,64.0,64.0,0,17.6,9.2,1.6,2.0,49.5,2.9,11.6,8.7,1.4,1.2,0.1,0.0,0.0,0.0,95.1,83.0,97.5,99.8,99.9,1066.7,10.67,15,15,15,35,74,374,1,2,否,否,否,否,否,否,否,否,否,否,否,否,否,否,否,否,否,否,否,否,否,否,否,否,否,否,否,否,否,否,否,否,否,否,否,否,否,36.0,35,35,35,97.0,100.0,否,否,24293,21074,0.0,3.5,3.5,0.000,0.118,5718,2086,38,0.007,100.0,1066.0,0.0,0.0,0.0,0.0,0.0,0.0,0.0,427,否,否,否,否,否,否,7.466,21.644,52.4,-6.174,25.2,210.3,60.9,61.8,60.1,60.1,60.1,60.1,60.5,61.1,60.0,60.0,60.0,60.0,16.33,16.57,16.09,16.09,16.58,16.58,1.86,13.89,16.06,0.27,0.23,0,0,0.0,0.0,0,0.000,
17.9.2026,23:11:3.376,6074,33438,15.3,5829,10354,36.0,0.0,23329,0,0.987,1.127,1.165,0.902,0.752,0.966,0.736,3125.0,4199.9,4199.9,2900.0,1200.0,100.0,3599.9,62.1,202.8,170.0,65.5,49.2,5.8,1.5,1.6,0.7,62.1,5.4,15.5,12.3,3.3,3.6,4.5,1.2,1.2,1.1,15.5,5.4,100.0,2.4,7.6,6.7,2.6,2.0,0.2,0.1,0.1,0.0,2.4,31.2,42.0,42.0,29.0,12.0,36.0,40,40,44,39,39,60,60,56,61,61,41,44,否,否,否,否,否,否,否,否,否,否,否,否,否,否,否,否,否,否,38,35,38,0.250,1.904,0.372,0.007,3.738,0.740,0.275,0.488,35.0,30.0,64.0,64.0,0,15.8,7.4,1.4,1.7,44.4,4.9,17.8,13.5,4.0,2.7,0.6,0.2,0.2,0.1,91.8,74.1,94.0,99.3,99.7,1600.0,16.00,22,22,22,52,74,560,1,2,是,否,否,否,否,否,否,否,否,否,是,否,否,否,否,否,否,否,否,否,否,否,否,否,否,否,否,否,否,否,否,否,否,否,否,否,否,36.0,35,35,35,97.0,100.0,否,否,24293,21074,0.0,1.9,1.9,0.000,0.018,5718,2086,38,0.007,100.0,1066.0,0.0,0.0,0.0,0.0,0.0,0.0,0.0,427,否,否,否,否,否,否,7.418,21.644,52.4,-6.075,25.2,213.8,60.9,61.8,60.1,60.1,60.1,60.1,60.5,61.1,60.0,60.0,60.0,60.0,16.33,16.57,16.09,16.09,16.58,16.58,1.86,13.89,16.06,0.27,0.23,0,0,0.0,0.0,0,0.000,
17.9.2026,23:11:5.383,6072,33440,15.3,5822,10360,35.9,0.0,23329,0,0.765,0.797,0.760,0.752,0.750,0.683,0.696,1100.0,1100.0,1100.0,1100.0,1100.0,100.0,900.0,59.5,168.1,122.1,86.9,85.0,5.7,0.8,6.8,0.6,59.5,3.1,11.0,8.0,4.1,1.7,0.0,0.0,0.0,0.0,11.0,3.1,100.0,2.3,6.1,4.7,3.6,3.5,0.2,0.0,0.3,0.0,2.3,11.0,11.0,11.0,11.0,11.0,9.0,34,32,36,36,34,66,68,64,64,66,38,36,否,否,否,否,否,否,否,否,否,否,否,否,否,否,否,否,否,否,38,36,38,0.250,2.172,0.570,0.006,3.882,0.756,0.267,0.552,35.0,30.0,64.0,64.0,0,17.1,10.8,2.0,2.0,45.1,3.7,13.0,8.9,4.3,2.6,0.3,0.1,0.5,0.1,93.8,81.8,94.2,99.6,99.4,1066.7,10.67,15,15,15,35,74,374,1,2,是,否,否,否,否,否,否,否,否,否,是,否,否,否,否,否,否,否,否,否,否,否,否,否,否,否,否,否,否,否,否,否,否,否,否,否,否,35.0,35,35,35,97.0,100.0,否,否,24293,21074,0.0,3.4,3.4,0.000,0.071,5718,2086,38,0.007,100.0,1599.0,0.0,0.0,0.0,0.0,0.0,0.0,0.0,427,否,否,否,否,否,否,7.462,21.644,52.4,-6.201,25.2,209.4,60.9,61.8,60.1,60.1,60.1,60.1,60.5,61.1,60.0,60.0,60.0,60.0,16.33,16.57,16.09,16.09,16.58,16.58,1.86,13.89,16.06,0.27,0.23,0,0,0.0,0.0,0,0.000,
17.9.2026,23:11:7.387,6072,33440,15.3,5823,10359,35.9,0.0,23329,0,0.764,0.795,0.760,0.752,0.747,0.678,0.696,1050.0,1000.0,1100.0,1100.0,1000.0,100.0,800.0,46.3,180.2,178.3,10.4,0.3,0.6,0.2,0.3,0.3,46.3,3.9,14.1,14.1,1.2,0.3,0.4,0.3,0.3,0.3,14.1,3.9,100.0,1.8,6.7,7.1,0.4,0.0,0.0,0.0,0.0,0.0,1.8,10.5,10.0,11.0,11.0,10.0,8.0,35,32,36,37,36,65,68,64,63,64,37,37,否,否,否,否,否,否,否,否,否,否,否,否,否,否,否,否,否,否,37,36,38,0.250,1.692,0.224,0.005,3.348,0.735,0.257,0.438,35.0,30.0,64.0,64.0,0,16.2,6.5,2.2,3.4,43.4,3.9,15.7,14.5,1.0,0.0,0.1,0.0,0.0,0.0,93.0,73.3,98.9,99.9,99.9,1066.7,10.67,15,15,15,35,74,374,1,2,否,否,否,否,否,否,否,否,否,否,否,否,否,否,否,否,否,否,否,否,否,否,否,否,否,否,否,否,否,否,否,否,否,否,否,否,否,34.0,35,35,34,97.0,100.0,否,否,24293,21074,0.0,1.6,1.6,0.000,0.018,5718,2086,38,0.006,100.0,1066.0,0.0,0.0,0.0,0.0,0.0,0.0,0.0,427,否,否,否,否,否,否,7.452,21.636,52.4,-6.103,25.2,212.7,60.9,61.8,60.1,60.1,60.1,60.1,60.5,61.1,60.0,60.0,60.0,60.0,16.33,16.57,16.09,16.09,16.58,16.58,1.86,13.89,16.06,0.27,0.23,0,0,0.0,0.0,0,0.000,
17.9.2026,23:11:9.376,6071,33441,15.3,5822,10361,35.9,0.0,23329,0,0.760,0.792,0.755,0.747,0.745,0.678,0.693,1000.0,1000.0,1000.0,1000.0,1000.0,100.0,800.0,30.5,138.2,93.6,10.9,0.3,0.4,0.2,0.3,0.2,30.5,2.8,10.6,7.5,0.9,0.7,0.7,0.7,0.7,0.7,10.6,2.8,100.0,1.1,4.9,3.6,0.4,0.0,0.0,0.0,0.0,0.0,1.1,10.0,10.0,10.0,10.0,10.0,8.0,35,32,38,35,35,65,68,62,65,65,38,38,否,否,否,否,否,否,否,否,否,否,否,否,否,否,否,否,否,否,38,36,38,0.250,1.704,0.186,0.009,3.418,0.692,0.216,0.554,35.0,30.0,64.0,64.0,0,17.9,11.9,1.8,2.1,46.9,2.8,12.8,8.4,1.1,0.0,0.1,0.0,0.0,0.0,95.4,82.9,98.8,99.9,99.9,1066.7,10.67,15,15,15,35,74,374,1,2,否,否,否,否,否,否,否,否,否,否,否,否,否,否,否,否,否,否,否,否,否,否,否,否,否,否,否,否,否,否,否,否,否,否,否,否,否,36.0,35,35,35,97.0,100.0,否,否,24293,21074,0.0,2.5,2.5,0.000,0.075,5718,2086,38,0.005,100.0,1066.0,0.0,0.0,0.0,0.0,0.0,0.0,0.0,427,否,否,否,否,否,否,7.472,21.636,52.4,-6.097,25.2,212.9,60.9,61.8,60.1,60.1,60.1,60.1,60.5,61.1,60.0,60.0,60.0,60.0,16.33,16.57,16.09,16.09,16.58,16.58,1.86,13.89,16.06,0.27,0.23,0,0,0.0,0.0,0,0.000,
17.9.2026,23:11:11.377,6070,33441,15.3,5832,10350,36.0,0.0,23329,0,0.760,0.792,0.755,0.747,0.745,0.678,0.738,1000.0,1000.0,1000.0,1000.0,1000.0,100.0,800.0,31.2,126.4,71.7,37.4,10.0,2.7,0.2,0.9,0.2,31.2,2.4,10.5,6.1,2.6,0.0,0.0,0.0,0.0,0.0,10.5,2.4,100.0,1.1,4.4,2.7,1.5,0.4,0.1,0.0,0.0,0.0,1.1,10.0,10.0,10.0,10.0,10.0,8.0,34,32,36,35,35,66,68,64,65,65,38,36,否,否,否,否,否,否,否,否,否,否,否,否,否,否,否,否,否,否,38,36,37,0.250,1.538,0.183,0.005,3.003,0.665,0.226,0.423,35.0,30.0,64.0,64.0,0,17.8,6.9,2.3,1.8,51.4,2.9,12.5,6.8,2.7,1.0,0.3,0.0,0.1,0.0,94.9,83.9,96.4,99.6,99.9,1066.7,10.67,15,15,15,35,74,374,1,2,否,否,否,否,否,否,否,否,否,否,否,否,否,否,否,否,否,否,否,否,否,否,否,否,否,否,否,否,否,否,否,否,否,否,否,否,否,35.0,35,35,37,97.0,100.0,否,否,24293,21074,0.0,0.4,0.4,0.000,0.080,5718,2086,38,0.009,100.0,1066.0,0.0,0.0,0.0,0.0,0.0,0.0,0.0,427,否,否,否,否,否,否,7.473,21.629,52.4,-6.135,25.2,211.5,60.9,61.8,60.1,60.1,60.1,60.1,60.5,61.1,60.0,60.0,60.0,60.0,16.33,16.57,16.09,16.09,16.58,16.58,1.86,13.89,16.06,0.27,0.23,0,0,0.0,0.0,0,0.000,
17.9.2026,23:11:13.393,6071,33441,15.3,5831,10352,36.0,0.0,23329,0,0.761,0.792,0.757,0.750,0.745,0.676,0.696,1000.0,1000.0,1000.0,1000.0,1000.0,100.0,800.0,31.8,116.7,96.2,36.3,2.3,1.7,0.2,0.4,0.2,31.8,2.5,9.3,7.9,2.0,0.0,0.0,0.0,0.5,0.0,9.3,2.5,100.0,1.2,4.0,3.7,1.5,0.1,0.1,0.0,0.0,0.0,1.2,10.0,10.0,10.0,10.0,10.0,8.0,34,32,35,35,35,66,68,65,65,65,38,35,否,否,否,否,否,否,否,否,否,否,否,否,否,否,否,否,否,否,38,36,38,0.250,1.669,0.198,0.007,3.228,0.675,0.215,0.528,35.0,30.0,64.0,64.0,0,17.6,10.5,2.2,1.8,47.4,2.9,11.7,9.0,2.4,0.2,0.2,0.0,0.1,0.0,95.0,82.8,97.4,99.8,99.9,1066.7,10.67,15,15,15,35,74,374,1,2,否,否,否,否,否,否,否,否,否,否,否,否,否,否,否,否,否,否,否,否,否,否,否,否,否,否,否,否,否,否,否,否,否,否,否,否,否,35.0,35,35,35,97.0,100.0,否,否,24293,21074,0.0,1.9,1.9,0.000,0.038,5718,2086,38,0.005,100.0,1066.0,0.0,0.0,0.0,0.0,0.0,0.0,0.0,427,否,否,否,否,否,否,7.469,21.629,52.4,-6.080,25.2,213.4,60.9,61.8,60.1,60.1,60.1,60.1,60.5,61.1,60.0,60.0,60.0,60.0,16.33,16.57,16.09,16.09,16.58,16.58,1.86,13.89,16.06,0.27,0.23,0,0,0.0,0.0,0,0.000,
17.9.2026,23:11:15.399,6072,33440,15.3,5830,10353,36.0,0.0,23329,0,0.762,0.797,0.757,0.747,0.745,0.683,0.738,1025.0,1100.0,1000.0,1000.0,1000.0,100.0,900.0,30.5,123.5,91.7,21.7,1.0,5.4,0.2,0.6,0.2,30.5,2.8,10.2,7.9,1.3,0.9,0.5,0.8,0.1,0.8,10.2,2.8,100.0,1.1,4.3,3.5,0.9,0.0,0.2,0.0,0.0,0.0,1.1,10.2,11.0,10.0,10.0,10.0,9.0,34,33,35,36,34,66,67,65,64,66,38,36,否,否,否,否,否,否,否,否,否,否,否,否,否,否,否,否,否,否,37,36,38,0.250,1.549,0.178,0.007,2.833,0.663,0.225,0.439,35.0,30.0,64.0,64.0,0,18.0,6.8,2.2,2.3,51.1,2.9,12.1,8.7,1.3,0.1,0.5,0.0,0.1,0.0,95.1,82.6,98.5,99.4,99.9,1066.7,10.67,15,15,15,35,74,374,1,2,否,否,否,否,否,否,否,否,否,否,否,否,否,否,否,否,否,否,否,否,否,否,否,否,否,否,否,否,否,否,否,否,否,否,否,否,否,35.0,35,35,35,97.0,100.0,否,否,24293,21074,0.0,1.9,1.9,0.000,0.094,5718,2086,38,0.007,100.0,1066.0,0.0,0.0,0.0,0.0,0.0,0.0,0.0,427,否,否,否,否,否,否,7.475,21.621,52.3,-6.032,25.2,215.1,60.9,61.8,60.1,60.1,60.1,60.1,60.5,61.1,60.0,60.0,60.0,60.0,16.33,16.57,16.09,16.09,16.58,16.58,1.86,13.89,16.06,0.27,0.23,0,0,0.0,0.0,0,0.000,
17.9.2026,23:11:17.400,6071,33441,15.3,5828,10355,36.0,0.0,23329,0,0.761,0.792,0.757,0.747,0.745,0.678,0.696,1000.0,1000.0,1000.0,1000.0,1000.0,100.0,800.0,31.4,127.1,99.2,21.4,1.1,1.5,0.2,0.6,0.2,31.4,2.5,10.5,8.4,1.3,0.1,0.0,0.0,0.0,0.0,10.5,2.5,100.0,1.2,4.5,3.8,0.8,0.0,0.1,0.0,0.0,0.0,1.2,10.0,10.0,10.0,10.0,10.0,8.0,35,34,36,35,35,65,66,64,65,65,38,36,否,否,否,否,否,否,否,否,否,否,否,否,否,否,否,否,否,否,38,36,38,0.250,1.705,0.187,0.007,3.307,0.689,0.222,0.556,35.0,30.0,64.0,64.0,0,17.6,11.0,1.9,1.8,47.2,2.9,12.6,9.2,1.4,0.1,0.2,0.0,0.1,0.0,94.9,81.7,98.4,99.8,99.9,1066.7,10.67,15,15,15,35,74,374,1,2,否,否,否,否,否,否,否,否,否,否,否,否,否,否,否,否,否,否,否,否,否,否,否,否,否,否,否,否,否,否,否,否,否,否,否,否,否,35.0,35,35,35,97.0,100.0,否,否,24293,21074,0.0,1.9,1.9,0.000,0.018,5718,2087,38,0.007,100.0,1066.0,0.0,0.0,0.0,0.0,0.0,0.0,0.0,427,否,否,否,否,否,否,7.479,21.621,52.3,-5.991,25.2,216.5,60.9,61.8,60.1,60.1,60.1,60.1,60.5,61.1,60.0,60.0,60.0,60.0,16.33,16.57,16.09,16.09,16.58,16.58,1.86,13.89,16.06,0.27,0.23,0,0,0.0,0.0,0,0.000,
17.9.2026,23:11:19.392,6070,33441,15.3,5825,10357,35.9,0.0,23329,0,0.762,0.797,0.757,0.747,0.745,0.686,0.698,1025.0,1100.0,1000.0,1000.0,1000.0,100.0,900.0,31.6,141.0,92.4,14.5,1.9,1.0,0.6,0.8,0.2,31.6,2.8,10.9,7.7,1.2,0.1,0.8,0.7,0.0,0.7,10.9,2.8,100.0,1.2,5.1,3.5,0.6,0.1,0.0,0.0,0.0,0.0,1.2,10.2,11.0,10.0,10.0,10.0,9.0,34,31,35,35,35,66,69,65,65,65,38,35,否,否,否,否,否,否,否,否,否,否,否,否,否,否,否,否,否,否,38,36,38,0.250,1.616,0.172,0.006,3.076,0.675,0.222,0.499,35.0,30.0,64.0,64.0,0,17.7,9.3,2.3,2.2,48.3,2.9,13.0,8.6,1.4,0.2,0.1,0.1,0.1,0.0,95.1,82.1,98.4,99.8,99.9,1066.7,10.67,15,15,15,35,74,374,1,2,否,否,否,否,否,否,否,否,否,否,否,否,否,否,否,否,否,否,否,否,否,否,否,否,否,否,否,否,否,否,否,否,否,否,否,否,否,35.0,35,35,34,97.0,100.0,否,否,24293,21074,0.0,1.5,1.5,0.000,0.016,5718,2087,38,0.007,100.0,1066.0,0.0,0.0,0.0,0.0,0.0,0.0,0.0,427,否,否,否,否,否,否,7.480,21.621,52.3,-5.947,25.2,218.1,60.9,61.8,60.1,60.1,60.1,60.1,60.5,61.1,60.0,60.0,60.0,60.0,16.33,16.57,16.09,16.09,16.58,16.58,1.86,13.89,16.06,0.27,0.23,0,0,0.0,0.0,0,0.000,
17.9.2026,23:11:21.414,6070,33442,15.3,5824,10358,35.9,0.0,23329,0,0.760,0.792,0.755,0.747,0.745,0.678,0.736,1000.0,1000.0,1000.0,1000.0,1000.0,100.0,800.0,30.4,116.3,92.7,32.2,0.9,0.5,0.2,0.3,0.2,30.4,5.9,10.1,8.2,2.8,0.0,2.1,0.0,23.7,0.0,23.7,5.9,100.0,1.1,4.0,3.5,1.3,0.0,0.0,0.0,0.0,0.0,1.1,10.0,10.0,10.0,10.0,10.0,8.0,35,34,36,36,34,65,66,64,64,66,38,36,否,否,否,否,否,否,否,否,否,否,否,否,否,否,否,否,否,否,37,36,38,0.250,1.626,0.183,0.005,3.057,0.678,0.224,0.495,35.0,30.0,64.0,64.0,0,17.8,9.1,2.6,2.0,48.5,2.8,11.6,8.5,2.4,0.1,0.1,0.0,0.0,0.0,95.1,83.2,97.5,99.9,99.9,1066.7,10.67,15,15,15,35,74,374,1,2,否,否,否,否,否,否,否,否,否,否,否,否,否,否,否,否,否,否,否,否,否,否,否,否,否,否,否,否,否,否,否,否,否,否,否,否,否,34.0,35,35,34,97.0,100.0,否,否,24293,21074,0.0,2.5,2.5,0.000,0.018,5718,2087,38,0.006,100.0,1066.0,0.0,0.0,0.0,0.0,0.0,0.0,0.0,427,否,否,否,否,否,否,7.478,21.614,52.3,-5.908,25.2,219.5,60.9,61.8,60.1,60.1,60.1,60.1,60.5,61.1,60.0,60.0,60.0,60.0,16.33,16.57,16.09,16.09,16.58,16.58,1.86,13.89,16.06,0.27,0.23,0,0,0.0,0.0,0,0.000,
17.9.2026,23:11:23.426,6070,33442,15.3,5822,10361,35.9,0.0,23329,0,0.761,0.795,0.757,0.747,0.745,0.678,0.696,1000.0,1000.0,1000.0,1000.0,1000.0,100.0,800.0,32.1,133.5,112.3,8.1,1.5,0.5,0.2,0.3,0.2,32.1,5.4,10.6,8.8,0.4,0.0,23.2,0.0,0.0,0.0,23.2,5.4,100.0,1.2,4.7,4.4,0.3,0.0,0.0,0.0,0.0,0.0,1.2,10.0,10.0,10.0,10.0,10.0,8.0,34,31,36,36,35,66,69,64,64,65,37,36,否,否,否,否,否,否,否,否,否,否,否,否,否,否,否,否,否,否,38,36,38,0.250,1.559,0.170,0.007,2.903,0.678,0.233,0.436,35.0,30.0,64.0,64.0,0,18.0,6.4,2.2,2.4,49.8,3.0,12.9,9.8,0.8,0.2,0.1,0.0,0.0,0.0,94.9,80.8,99.0,99.9,99.9,1066.7,10.67,15,15,15,35,74,374,1,2,否,否,否,否,否,否,否,否,否,否,否,否,否,否,否,否,否,否,否,否,否,否,否,否,否,否,否,否,否,否,否,否,否,否,否,否,否,35.0,35,35,34,97.0,100.0,否,否,24293,21074,0.0,1.0,1.0,0.000,0.012,5718,2087,38,0.005,100.0,1066.0,0.0,0.0,0.0,0.0,0.0,0.0,0.0,427,否,否,否,否,否,否,7.478,21.614,52.3,-5.878,25.2,220.6,60.9,61.8,60.1,60.1,60.1,60.1,60.5,61.1,60.0,60.0,60.0,60.0,16.33,16.57,16.09,16.09,16.58,16.58,1.86,13.89,16.06,0.27,0.23,0,0,0.0,0.0,0,0.000,
17.9.2026,23:11:25.433,6071,33441,15.3,5819,10363,35.9,0.0,23329,0,0.760,0.792,0.755,0.747,0.745,0.678,0.696,1000.0,1000.0,1000.0,1000.0,1000.0,100.0,800.0,37.6,156.9,118.7,20.8,1.7,1.7,0.2,0.4,0.2,37.6,3.1,12.2,9.4,1.7,0.9,0.0,0.0,0.8,0.0,12.2,3.1,100.0,1.4,5.7,4.6,0.8,0.1,0.1,0.0,0.0,0.0,1.4,10.0,10.0,10.0,10.0,10.0,8.0,34,32,35,36,35,66,68,65,64,65,38,36,否,否,否,否,否,否,否,否,否,否,否,否,否,否,否,否,否,否,38,37,38,0.250,1.892,0.210,0.008,3.817,0.730,0.230,0.667,35.0,30.0,64.0,64.0,0,17.0,13.8,1.3,2.6,42.2,3.3,14.3,10.2,1.8,0.2,0.2,0.0,0.1,0.0,94.3,79.7,97.9,99.8,99.9,1066.7,10.67,15,15,15,35,74,374,1,2,否,否,否,否,否,否,否,否,否,否,否,否,否,否,否,否,否,否,否,否,否,否,否,否,否,否,否,否,否,否,否,否,否,否,否,否,否,35.0,35,35,35,97.0,100.0,否,否,24293,21074,0.0,3.2,3.2,0.000,0.172,5718,2087,38,0.007,100.0,1066.0,0.0,0.0,0.0,0.0,0.0,0.0,0.0,427,否,否,否,否,否,否,7.458,21.614,52.3,-5.862,25.2,221.2,60.9,61.8,60.1,60.1,60.1,60.1,60.5,61.1,60.0,60.0,60.0,60.0,16.33,16.57,16.09,16.09,16.58,16.58,1.86,13.89,16.06,0.27,0.23,0,0,0.0,0.0,0,0.000,
17.9.2026,23:11:27.456,6070,33442,15.3,5819,10364,35.9,0.0,23329,0,0.761,0.795,0.755,0.750,0.745,0.678,0.696,1000.0,1000.0,1000.0,1000.0,1000.0,100.0,800.0,31.5,128.9,100.2,19.4,1.3,0.8,0.4,0.5,0.4,31.5,2.4,10.0,8.0,1.4,0.0,0.0,0.0,0.0,0.0,10.0,2.4,100.0,1.2,4.5,3.8,0.8,0.0,0.0,0.0,0.0,0.0,1.2,10.0,10.0,10.0,10.0,10.0,8.0,34,32,35,35,34,66,68,65,65,66,37,35,否,否,否,否,否,否,否,否,否,否,否,否,否,否,否,否,否,否,38,35,38,0.250,1.636,0.184,0.008,3.103,0.678,0.222,0.500,35.0,30.0,64.0,64.0,0,18.0,9.4,2.4,2.2,47.9,2.9,12.2,8.9,1.6,0.1,0.1,0.0,0.1,0.0,95.0,82.2,98.2,99.8,99.9,1066.7,10.67,15,15,15,35,74,374,1,2,否,否,否,否,否,否,否,否,否,否,否,否,否,否,否,否,否,否,否,否,否,否,否,否,否,否,否,否,否,否,否,否,否,否,否,否,否,34.0,35,35,34,97.0,100.0,否,否,24293,21074,0.0,1.5,1.5,0.000,0.038,5718,2087,38,0.008,100.0,1066.0,0.0,0.0,0.0,0.0,0.0,0.0,0.0,427,否,否,否,否,否,否,7.468,21.614,52.3,-5.855,25.2,221.5,60.9,61.8,60.1,60.1,60.1,60.1,60.5,61.1,60.0,60.0,60.0,60.0,16.33,16.57,16.09,16.09,16.58,16.58,1.86,13.89,16.06,0.27,0.23,0,0,0.0,0.0,0,0.000,
17.9.2026,23:11:29.459,6070,33441,15.3,5818,10364,35.9,0.0,23329,0,0.761,0.795,0.757,0.747,0.745,0.681,0.696,1000.0,1000.0,1000.0,1000.0,1000.0,100.0,800.0,31.3,125.9,99.3,22.5,1.7,0.4,0.2,0.3,0.2,31.3,4.0,10.9,9.1,1.7,0.0,9.6,0.5,0.0,0.5,10.9,4.0,100.0,1.2,4.4,3.8,0.9,0.1,0.0,0.0,0.0,0.0,1.2,10.0,10.0,10.0,10.0,10.0,8.0,35,34,35,35,35,65,66,65,65,65,38,35,否,否,否,否,否,否,否,否,否,否,否,否,否,否,否,否,否,否,38,37,38,0.250,1.906,0.208,0.007,3.828,0.721,0.214,0.705,35.0,30.0,64.0,64.0,0,17.1,17.4,1.8,1.5,42.4,2.9,12.5,9.5,1.3,0.1,0.1,0.0,0.0,0.0,95.1,82.0,98.5,99.9,99.9,1066.7,10.67,15,15,15,35,74,374,1,2,否,否,否,否,否,否,否,否,否,否,否,否,否,否,否,否,否,否,否,否,否,否,否,否,否,否,否,否,否,否,否,否,否,否,否,否,否,35.0,35,35,34,97.0,100.0,否,否,24293,21074,0.0,4.1,4.1,0.000,0.100,5718,2087,38,0.008,100.0,1066.0,0.0,0.0,0.0,0.0,0.0,0.0,0.0,427,否,否,否,否,否,否,7.476,21.606,52.3,-5.891,25.2,220.1,60.9,61.8,60.1,60.1,60.1,60.1,60.5,61.1,60.0,60.0,60.0,60.0,16.33,16.57,16.09,16.09,16.58,16.58,1.86,13.89,16.06,0.27,0.23,0,0,0.0,0.0,0,0.000,
17.9.2026,23:11:31.463,6070,33442,15.3,5820,10363,35.9,0.0,23329,0,0.761,0.795,0.757,0.747,0.745,0.678,0.696,1000.0,1000.0,1000.0,1000.0,1000.0,100.0,800.0,29.8,114.9,101.1,19.7,1.8,0.5,0.2,0.3,0.2,29.8,2.3,9.1,7.7,1.1,0.0,0.4,0.0,0.0,0.0,9.1,2.3,100.0,1.1,4.0,3.9,0.8,0.1,0.0,0.0,0.0,0.0,1.1,10.0,10.0,10.0,10.0,10.0,8.0,35,32,36,36,35,65,68,64,64,65,37,36,否,否,否,否,否,否,否,否,否,否,否,否,否,否,否,否,否,否,37,35,38,0.250,1.635,0.182,0.006,3.030,0.691,0.234,0.487,35.0,30.0,64.0,64.0,0,18.2,9.0,2.7,2.1,48.4,2.8,11.5,8.9,1.6,0.2,0.1,0.0,0.0,0.0,95.2,82.7,98.2,99.9,99.9,1066.7,10.67,15,15,15,35,74,374,1,2,否,否,否,否,否,否,否,否,否,否,否,否,否,否,否,否,否,否,否,否,否,否,否,否,否,否,否,否,否,否,否,否,否,否,否,否,否,35.0,35,35,35,97.0,100.0,否,否,24293,21074,0.0,1.0,1.0,0.000,0.024,5718,2087,38,0.007,100.0,1066.0,0.0,0.0,0.0,0.0,0.0,0.0,0.0,427,否,否,否,否,否,否,7.463,21.606,52.3,-5.881,25.2,220.4,60.9,61.8,60.1,60.1,60.1,60.1,60.5,61.1,60.0,60.0,60.0,60.0,16.33,16.57,16.09,16.09,16.58,16.58,1.86,13.89,16.06,0.27,0.23,0,0,0.0,0.0,0,0.000,
17.9.2026,23:11:33.470,6067,33444,15.3,5821,10361,35.9,0.0,23329,0,0.761,0.795,0.755,0.747,0.745,0.678,0.696,1000.0,1000.0,1000.0,1000.0,1000.0,100.0,800.0,32.4,137.3,88.0,30.7,2.3,0.4,0.2,0.3,0.2,32.4,2.9,11.1,7.4,1.9,1.5,0.0,0.5,0.5,0.5,11.1,2.9,100.0,1.2,4.9,3.3,1.2,0.1,0.0,0.0,0.0,0.0,1.2,10.0,10.0,10.0,10.0,10.0,8.0,34,31,35,36,36,66,69,65,64,64,37,36,否,否,否,否,否,否,否,否,否,否,否,否,否,否,否,否,否,否,38,36,38,0.250,1.683,0.176,0.008,3.266,0.686,0.224,0.546,35.0,30.0,64.0,64.0,0,17.5,10.1,1.7,1.9,47.8,3.1,13.4,8.4,2.3,0.3,0.0,0.0,0.0,0.0,94.8,81.8,97.4,99.9,99.9,1066.7,10.67,15,15,15,35,74,374,1,2,否,否,否,否,否,否,否,否,否,否,否,否,否,否,否,否,否,否,否,否,否,否,否,否,否,否,否,否,否,否,否,否,否,否,否,否,否,35.0,35,35,34,97.0,100.0,否,否,24293,21074,0.0,2.0,2.0,0.000,0.026,5718,2087,38,0.006,100.0,1066.0,0.0,0.0,0.0,0.0,0.0,0.0,0.0,427,否,否,否,否,否,否,7.479,21.606,52.3,-5.864,25.2,221.1,60.9,61.8,60.1,60.1,60.1,60.1,60.5,61.1,60.0,60.0,60.0,60.0,16.33,16.57,16.09,16.09,16.58,16.58,1.86,13.89,16.06,0.27,0.23,0,0,0.0,0.0,0,0.000,
17.9.2026,23:11:35.485,6065,33446,15.3,5821,10362,35.9,0.0,23329,0,0.767,0.797,0.765,0.755,0.752,0.686,0.698,1100.0,1100.0,1100.0,1100.0,1100.0,100.0,900.0,33.2,137.3,100.1,22.4,2.6,2.3,0.2,0.4,0.2,33.2,5.0,11.0,8.6,2.0,0.0,18.6,0.0,0.0,0.0,18.6,5.0,100.0,1.2,4.9,3.8,0.9,0.1,0.1,0.0,0.0,0.0,1.2,11.0,11.0,11.0,11.0,11.0,9.0,34,32,35,35,34,66,68,65,65,66,37,35,否,否,否,否,否,否,否,否,否,否,否,否,否,否,否,否,否,否,37,36,37,0.250,1.703,0.189,0.005,3.313,0.693,0.222,0.553,35.0,30.0,64.0,64.0,0,17.3,11.6,1.7,1.8,46.7,3.1,13.0,9.3,2.1,0.3,0.2,0.0,0.0,0.0,94.7,81.5,97.6,99.7,99.9,1066.7,10.67,15,15,15,35,74,374,1,2,否,否,否,否,否,否,否,否,否,否,否,否,否,否,否,否,否,否,否,否,否,否,否,否,否,否,否,否,否,否,否,否,否,否,否,否,否,34.0,35,35,34,97.0,100.0,否,否,24293,21074,0.0,1.6,1.6,0.000,0.096,5718,2087,38,0.008,100.0,1066.0,0.0,0.0,0.0,0.0,0.0,0.0,0.0,427,否,否,否,否,否,否,7.475,21.598,52.3,-5.860,25.2,221.1,60.9,61.8,60.1,60.1,60.1,60.1,60.5,61.1,60.0,60.0,60.0,60.0,16.33,16.57,16.09,16.09,16.58,16.58,1.86,13.89,16.06,0.27,0.23,0,0,0.0,0.0,0,0.000,
17.9.2026,23:11:37.498,6065,33447,15.3,5825,10357,35.9,0.0,23329,0,0.761,0.792,0.757,0.747,0.747,0.681,0.698,1000.0,1000.0,1000.0,1000.0,1000.0,100.0,800.0,34.7,136.5,100.0,21.2,9.7,6.0,1.8,1.4,1.1,34.7,2.9,11.2,8.8,2.2,0.4,0.1,0.0,0.5,0.0,11.2,2.9,100.0,1.3,4.9,3.8,0.8,0.4,0.2,0.1,0.1,0.0,1.3,10.0,10.0,10.0,10.0,10.0,8.0,34,31,36,36,34,66,69,64,64,66,38,36,否,否,否,否,否,否,否,否,否,否,否,否,否,否,否,否,否,否,38,36,38,0.250,1.779,0.186,0.008,3.512,0.712,0.230,0.603,35.0,30.0,64.0,64.0,0,17.2,12.1,2.0,1.6,45.4,3.3,12.9,9.3,2.1,0.9,0.6,0.2,0.2,0.1,94.4,81.5,97.1,99.2,99.8,1066.7,10.67,15,15,15,35,74,374,1,2,否,否,否,否,否,否,否,否,否,否,否,否,否,否,否,否,否,否,否,否,否,否,否,否,否,否,否,否,否,否,否,否,否,否,否,否,否,34.0,35,35,34,97.0,100.0,否,否,24293,21074,0.0,2.4,2.4,0.000,0.046,5718,2088,38,0.008,100.0,1066.0,0.0,0.0,0.0,0.0,0.0,0.0,0.0,427,否,否,否,否,否,否,7.471,21.598,52.3,-5.842,25.2,221.8,60.9,61.8,60.1,60.1,60.1,60.1,60.5,61.1,60.0,60.0,60.0,60.0,16.33,16.57,16.09,16.09,16.58,16.58,1.86,13.89,16.06,0.27,0.23,0,0,0.0,0.0,0,0.000,
17.9.2026,23:11:39.516,6064,33448,15.3,5824,10359,35.9,0.0,23329,0,0.762,0.795,0.755,0.750,0.747,0.678,0.698,1000.0,1000.0,1000.0,1000.0,1000.0,100.0,800.0,31.5,139.8,85.8,20.0,2.9,2.0,0.2,1.0,0.2,31.5,2.6,11.5,7.2,1.4,0.8,0.0,0.0,0.0,0.0,11.5,2.6,100.0,1.2,5.0,3.3,0.8,0.1,0.1,0.0,0.0,0.0,1.2,10.0,10.0,10.0,10.0,10.0,8.0,35,32,36,36,35,65,68,64,64,65,38,36,否,否,否,否,否,否,否,否,否,否,否,否,否,否,否,否,否,否,38,36,38,0.250,1.667,0.162,0.007,3.283,0.685,0.216,0.550,35.0,30.0,64.0,64.0,0,17.3,11.3,1.9,2.0,46.5,3.0,13.8,8.1,1.7,0.3,0.2,0.0,0.1,0.0,94.8,81.7,97.9,99.7,99.8,1066.7,10.67,15,15,15,35,74,374,1,2,否,否,否,否,否,否,否,否,否,否,否,否,否,否,否,否,否,否,否,否,否,否,否,否,否,否,否,否,否,否,否,否,否,否,否,否,否,36.0,35,35,35,97.0,100.0,否,否,24293,21074,0.0,1.5,1.5,0.000,0.028,5718,2088,38,0.007,100.0,1066.0,0.0,0.0,0.0,0.0,0.0,0.0,0.0,427,否,否,否,否,否,否,7.473,21.591,52.3,-5.836,25.2,222.0,60.9,61.8,60.1,60.1,60.1,60.1,60.5,61.1,60.0,60.0,60.0,60.0,16.33,16.57,16.09,16.09,16.58,16.58,1.86,13.89,16.06,0.27,0.23,0,0,0.0,0.0,0,0.000,
17.9.2026,23:11:41.533,6063,33448,15.3,5822,10360,35.9,0.0,23329,0,0.761,0.795,0.755,0.747,0.745,0.678,0.696,1000.0,1000.0,1000.0,1000.0,1000.0,100.0,800.0,29.8,127.7,87.0,22.2,0.2,0.4,0.2,0.3,0.2,29.8,3.3,10.8,7.6,1.8,0.0,5.5,0.3,0.0,0.3,10.8,3.3,100.0,1.1,4.5,3.3,0.9,0.0,0.0,0.0,0.0,0.0,1.1,10.0,10.0,10.0,10.0,10.0,8.0,34,31,36,36,35,66,69,64,64,65,37,36,否,否,否,否,否,否,否,否,否,否,否,否,否,否,否,否,否,否,38,36,38,0.250,1.565,0.166,0.007,2.955,0.650,0.212,0.487,35.0,30.0,64.0,64.0,0,17.4,8.0,1.5,2.2,50.8,2.8,12.6,8.1,1.6,0.0,0.1,0.0,0.0,0.0,95.2,82.6,98.3,99.9,99.9,1066.7,10.67,15,15,15,35,74,374,1,2,否,否,否,否,否,否,否,否,否,否,否,否,否,否,否,否,否,否,否,否,否,否,否,否,否,否,否,否,否,否,否,否,否,否,否,否,否,35.0,35,35,34,97.0,100.0,否,否,24293,21074,0.0,1.5,1.5,0.000,0.018,5718,2088,38,0.007,100.0,1066.0,0.0,0.0,0.0,0.0,0.0,0.0,0.0,427,否,否,否,否,否,否,7.480,21.591,52.3,-5.827,25.2,222.3,60.9,61.8,60.1,60.1,60.1,60.1,60.5,61.1,60.0,60.0,60.0,60.0,16.33,16.57,16.09,16.09,16.58,16.58,1.86,13.89,16.06,0.27,0.23,0,0,0.0,0.0,0,0.000,
17.9.2026,23:11:43.542,6063,33448,15.3,5820,10362,35.9,0.0,23329,0,0.762,0.795,0.757,0.747,0.747,0.678,0.698,1000.0,1000.0,1000.0,1000.0,1000.0,100.0,800.0,31.9,133.2,89.9,28.3,1.1,1.9,0.2,0.7,0.2,31.9,2.7,10.9,7.6,2.2,0.0,0.0,0.5,0.0,0.5,10.9,2.7,100.0,1.2,4.7,3.4,1.1,0.0,0.1,0.0,0.0,0.0,1.2,10.0,10.0,10.0,10.0,10.0,8.0,34,32,34,36,36,66,68,66,64,64,38,36,否,否,否,否,否,否,否,否,否,否,否,否,否,否,否,否,否,否,38,36,38,0.250,1.757,0.170,0.007,3.542,0.701,0.212,0.616,35.0,30.0,64.0,64.0,0,17.0,13.9,1.3,1.4,44.7,3.1,13.2,8.6,2.5,0.1,0.2,0.0,0.1,0.0,94.6,81.7,97.2,99.7,99.9,1066.7,10.67,15,15,15,35,74,374,1,2,否,否,否,否,否,否,否,否,否,否,否,否,否,否,否,否,否,否,否,否,否,否,否,否,否,否,否,否,否,否,否,否,否,否,否,否,否,35.0,35,35,35,97.0,100.0,否,否,24293,21074,0.0,2.4,2.4,0.000,0.134,5718,2088,38,0.007,100.0,1066.0,0.0,0.0,0.0,0.0,0.0,0.0,0.0,427,否,否,否,否,否,否,7.466,21.583,52.2,-5.823,25.2,222.4,60.9,61.8,60.1,60.1,60.1,60.1,60.5,61.1,60.0,60.0,60.0,60.0,16.33,16.57,16.09,16.09,16.58,16.58,1.86,13.89,16.06,0.27,0.23,0,0,0.0,0.0,0,0.000,
17.9.2026,23:11:45.558,6063,33449,15.3,5819,10363,35.9,0.0,23329,0,0.762,0.797,0.755,0.750,0.747,0.678,0.698,1000.0,1000.0,1000.0,1000.0,1000.0,100.0,800.0,30.5,121.1,91.7,28.1,1.3,1.1,0.2,0.3,0.2,30.5,2.7,9.7,7.6,2.3,0.7,0.7,0.0,0.6,0.0,9.7,2.7,100.0,1.1,4.2,3.5,1.1,0.0,0.0,0.0,0.0,0.0,1.1,10.0,10.0,10.0,10.0,10.0,8.0,34,31,36,35,35,66,69,64,65,65,38,36,否,否,否,否,否,否,否,否,否,否,否,否,否,否,否,否,否,否,38,36,37,0.250,1.739,0.169,0.005,3.385,0.713,0.227,0.583,35.0,30.0,64.0,64.0,0,17.5,12.7,1.6,1.6,46.0,2.9,11.9,8.5,2.6,0.1,0.1,0.0,0.0,0.0,94.9,82.8,97.2,99.8,99.9,1066.7,10.67,15,15,15,35,74,374,1,2,否,否,否,否,否,否,否,否,否,否,否,否,否,否,否,否,否,否,否,否,否,否,否,否,否,否,否,否,否,否,否,否,否,否,否,否,否,35.0,35,35,34,97.0,100.0,否,否,24293,21074,0.0,1.6,1.6,0.000,0.136,5718,2088,37,0.005,100.0,1066.0,0.0,0.0,0.0,0.0,0.0,0.0,0.0,427,否,否,否,否,否,否,7.477,21.583,52.2,-5.832,25.2,222.0,60.9,61.8,60.1,60.1,60.1,60.1,60.5,61.1,60.0,60.0,60.0,60.0,16.33,16.57,16.09,16.09,16.58,16.58,1.86,13.89,16.06,0.27,0.23,0,0,0.0,0.0,0,0.000,
17.9.2026,23:11:47.579,6062,33450,15.3,5817,10365,35.9,0.0,23329,0,0.764,0.800,0.757,0.747,0.752,0.683,0.698,1050.0,1100.0,1000.0,1000.0,1100.0,100.0,900.0,31.3,131.5,82.8,31.9,1.8,1.0,0.2,0.9,0.2,31.3,2.9,11.5,7.6,2.9,0.0,1.4,0.0,0.0,0.0,11.5,2.9,100.0,1.1,4.7,3.1,1.3,0.1,0.0,0.0,0.0,0.0,1.1,10.5,11.0,10.0,10.0,11.0,9.0,34,32,35,36,34,66,68,65,64,66,38,36,否,否,否,否,否,否,否,否,否,否,否,否,否,否,否,否,否,否,37,35,37,0.250,1.608,0.165,0.007,3.062,0.682,0.226,0.487,35.0,30.0,64.0,64.0,0,17.4,8.9,1.4,1.9,49.2,3.0,13.1,7.9,2.5,0.2,0.1,0.0,0.1,0.0,94.8,82.4,97.3,99.8,99.9,1066.7,10.67,15,15,15,35,74,374,1,2,否,否,否,否,否,否,否,否,否,否,否,否,否,否,否,否,否,否,否,否,否,否,否,否,否,否,否,否,否,否,否,否,否,否,否,否,否,34.0,35,35,34,97.0,100.0,否,否,24293,21074,0.0,1.0,1.0,0.000,0.016,5718,2088,38,0.007,100.0,1066.0,0.0,0.0,0.0,0.0,0.0,0.0,0.0,427,否,否,否,否,否,否,7.467,21.583,52.2,-5.779,25.2,224.1,60.9,61.8,60.1,60.1,60.1,60.1,60.5,61.1,60.0,60.0,60.0,60.0,16.33,16.57,16.09,16.09,16.58,16.58,1.86,13.89,16.06,0.27,0.23,0,0,0.0,0.0,0,0.000,
17.9.2026,23:11:49.571,6062,33450,15.3,5815,10367,35.9,0.0,23329,0,0.765,0.797,0.762,0.750,0.750,0.686,0.738,1075.0,1100.0,1100.0,1000.0,1100.0,100.0,900.0,31.1,123.4,83.0,29.3,4.1,8.0,0.2,0.3,0.2,31.1,2.6,10.0,6.9,2.3,0.1,0.0,0.6,0.6,0.6,10.0,2.6,100.0,1.1,4.3,3.1,1.2,0.1,0.3,0.0,0.0,0.0,1.1,10.8,11.0,11.0,10.0,11.0,9.0,34,32,35,35,34,66,68,65,65,66,38,35,否,否,否,否,否,否,否,否,否,否,否,否,否,否,否,否,否,否,38,36,38,0.250,1.657,0.164,0.008,3.214,0.682,0.219,0.540,35.0,30.0,64.0,64.0,0,17.4,10.7,1.1,2.0,48.0,3.0,12.2,7.9,2.7,0.4,0.7,0.0,0.0,0.0,94.8,83.1,96.9,99.2,99.9,1066.7,10.67,15,15,15,35,74,374,1,2,否,否,否,否,否,否,否,否,否,否,否,否,否,否,否,否,否,否,否,否,否,否,否,否,否,否,否,否,否,否,否,否,否,否,否,否,否,35.0,35,35,34,97.0,100.0,否,否,24293,21074,0.0,2.4,2.4,0.000,0.069,5718,2088,39,0.008,100.0,1066.0,0.0,0.0,0.0,0.0,0.0,0.0,0.0,427,否,否,否,否,否,否,7.454,21.575,52.2,-5.769,25.2,224.4,60.9,61.8,60.1,60.1,60.1,60.1,60.5,61.1,60.0,60.0,60.0,60.0,16.33,16.57,16.09,16.09,16.58,16.58,1.86,13.89,16.06,0.27,0.23,0,0,0.0,0.0,0,0.000,
17.9.2026,23:11:51.576,6084,33427,15.3,5846,10336,36.1,0.0,23329,0,0.883,1.130,0.760,0.897,0.745,0.966,0.693,2375.0,4199.9,1200.0,2900.0,1200.0,100.0,2800.0,283.4,743.7,795.0,292.4,369.5,51.8,4.1,9.6,0.8,283.4,9.8,25.2,24.0,10.4,10.4,7.6,0.1,0.5,0.0,25.2,9.8,100.0,11.5,30.0,31.9,11.9,15.3,2.1,0.2,0.4,0.0,11.5,23.8,42.0,12.0,29.0,12.0,28.0,48,64,41,48,40,52,36,59,52,60,64,64,否,否,否,否,否,否,否,否,否,否,否,否,否,否,否,否,否,否,71,71,41,7.750,6.351,4.202,0.005,10.047,1.055,0.476,0.660,35.0,30.0,64.0,64.0,0,9.2,5.0,0.7,0.8,25.5,9.7,26.8,25.2,11.7,10.8,2.0,0.2,0.7,0.1,82.1,52.7,78.6,97.7,99.3,1066.7,10.67,15,15,15,35,74,374,1,2,是,否,否,否,否,否,否,否,否,否,是,否,否,否,否,否,否,否,否,否,否,否,否,否,否,否,否,否,否,否,否,否,否,否,否,否,否,36.0,35,35,34,97.0,100.0,否,否,24293,21074,0.0,1.0,1.0,0.000,0.046,5718,2088,40,0.005,100.0,1066.0,0.0,0.0,0.0,0.0,0.0,0.0,0.0,427,否,否,否,否,否,否,7.223,21.575,52.2,-5.706,25.2,226.8,60.9,61.8,60.1,60.1,60.1,60.1,60.5,61.1,60.0,60.0,60.0,60.0,16.33,16.57,16.09,16.09,16.58,16.58,1.86,13.89,16.06,0.27,0.23,0,0,0.0,0.0,0,0.000,
17.9.2026,23:11:53.586,6078,33434,15.3,5840,10342,36.0,0.0,23329,0,0.762,0.792,0.762,0.750,0.745,0.681,0.693,1100.0,1100.0,1100.0,1100.0,1100.0,100.0,900.0,425.0,1729.8,1060.1,388.0,217.1,2.5,0.5,1.9,0.2,425.0,11.7,45.1,28.7,13.7,5.8,0.3,0.0,0.0,0.0,45.1,11.7,100.0,17.7,71.8,44.6,16.0,8.9,0.1,0.0,0.1,0.0,17.7,11.0,11.0,11.0,11.0,11.0,9.0,37,34,38,39,37,63,66,62,61,63,39,39,否,否,否,否,否,否,否,否,否,否,否,否,否,否,否,否,否,否,39,38,40,0.250,10.091,7.888,0.002,14.927,1.193,0.330,0.551,35.0,30.0,64.0,64.0,0,3.5,3.6,0.1,3.0,4.6,11.7,45.6,28.6,13.2,5.8,0.2,0.0,0.2,0.0,76.0,23.2,81.1,99.7,99.8,1066.7,10.67,15,15,15,35,74,374,1,2,是,否,否,否,否,否,否,否,否,否,是,否,否,否,否,否,否,否,否,否,否,否,否,否,否,否,否,否,否,否,否,否,否,否,否,否,否,37.0,35,35,34,97.0,100.0,否,否,24293,21074,0.0,1.9,1.9,0.000,0.084,5718,2089,38,0.002,100.0,1066.0,0.0,0.0,0.0,0.0,0.0,0.0,0.0,427,否,否,否,否,否,否,7.279,21.568,52.2,-7.446,25.2,173.8,60.9,61.8,60.1,60.1,60.1,60.1,60.5,61.1,60.0,60.0,60.0,60.0,16.33,16.57,16.09,16.09,16.58,16.58,1.86,13.89,16.06,0.27,0.23,0,0,0.0,0.0,0,0.000,
17.9.2026,23:11:55.608,6075,33437,15.3,5838,10345,36.0,0.0,23329,0,0.759,0.792,0.752,0.745,0.745,0.678,0.696,1000.0,1000.0,1000.0,1000.0,1000.0,100.0,800.0,39.3,153.3,122.3,33.3,1.6,2.4,0.4,1.0,0.2,39.3,3.1,11.3,9.1,2.3,0.5,0.5,0.4,0.0,0.3,11.3,3.1,100.0,1.5,5.6,4.8,1.3,0.1,0.1,0.0,0.0,0.0,1.5,10.0,10.0,10.0,10.0,10.0,8.0,35,32,36,36,35,65,68,64,64,65,39,36,否,否,否,否,否,否,否,否,否,否,否,否,否,否,否,否,否,否,38,36,38,0.250,1.768,0.200,0.007,3.514,0.700,0.228,0.592,35.0,30.0,64.0,64.0,0,16.7,10.9,1.7,1.8,46.1,3.4,13.7,10.2,2.9,0.2,0.2,0.0,0.1,0.0,94.2,80.4,96.9,99.7,99.9,1066.7,10.67,15,15,15,35,74,374,1,2,否,否,否,否,否,否,否,否,否,否,否,否,否,否,否,否,否,否,否,否,否,否,否,否,否,否,否,否,否,否,否,否,否,否,否,否,否,36.0,35,35,34,97.0,100.0,否,否,24293,21074,0.0,2.9,2.9,0.000,0.130,5718,2089,38,0.007,100.0,1066.0,0.0,0.0,0.0,0.0,0.0,0.0,0.0,427,否,否,否,否,否,否,7.456,21.560,52.2,-7.680,25.2,168.4,60.9,61.8,60.1,60.1,60.1,60.1,60.5,61.1,60.0,60.0,60.0,60.0,16.33,16.57,16.09,16.09,16.58,16.58,1.86,13.89,16.06,0.27,0.23,0,0,0.0,0.0,0,0.000,
17.9.2026,23:11:57.624,6074,33438,15.3,5836,10347,36.0,0.0,23329,0,0.764,0.797,0.760,0.750,0.750,0.683,0.738,1100.0,1100.0,1100.0,1100.0,1100.0,100.0,900.0,31.0,116.1,102.5,26.1,2.2,0.3,0.2,0.3,0.3,31.0,2.8,10.0,8.7,2.6,0.7,0.0,0.0,0.5,0.0,10.0,2.8,100.0,1.1,4.0,3.9,1.0,0.1,0.0,0.0,0.0,0.0,1.1,11.0,11.0,11.0,11.0,11.0,9.0,36,34,36,37,35,64,66,64,63,65,38,37,否,否,否,否,否,否,否,否,否,否,否,否,否,否,否,否,否,否,38,36,38,0.250,1.593,0.171,0.007,2.966,0.673,0.228,0.477,35.0,30.0,64.0,64.0,0,17.3,8.2,1.7,1.7,51.0,2.9,11.5,9.1,2.2,0.2,0.0,0.0,0.0,0.0,95.1,83.0,97.5,99.9,99.9,1066.7,10.67,15,15,15,35,74,374,1,2,否,否,否,否,否,否,否,否,否,否,否,否,否,否,否,否,否,否,否,否,否,否,否,否,否,否,否,否,否,否,否,否,否,否,否,否,否,36.0,35,35,34,97.0,100.0,否,否,24293,21074,0.0,1.0,1.0,0.000,0.030,5718,2089,38,0.007,100.0,1066.0,0.0,0.0,0.0,0.0,0.0,0.0,0.0,427,否,否,否,否,否,否,7.471,21.552,52.2,-7.441,25.2,173.8,60.9,61.8,60.1,60.1,60.1,60.1,60.5,61.1,60.0,60.0,60.0,60.0,16.33,16.57,16.09,16.09,16.58,16.58,1.86,13.89,16.06,0.27,0.23,0,0,0.0,0.0,0,0.000,
17.9.2026,23:11:59.636,6074,33438,15.3,5833,10349,36.0,0.0,23329,0,0.764,0.797,0.760,0.752,0.747,0.686,0.738,1100.0,1100.0,1100.0,1100.0,1100.0,100.0,900.0,30.9,119.5,85.9,39.1,1.2,0.5,0.2,0.3,0.2,30.9,2.7,9.6,7.1,2.6,0.0,0.6,0.5,0.5,0.5,9.6,2.7,100.0,1.1,4.1,3.2,1.6,0.0,0.0,0.0,0.0,0.0,1.1,11.0,11.0,11.0,11.0,11.0,9.0,34,32,35,36,35,66,68,65,64,65,38,36,否,否,否,否,否,否,否,否,否,否,否,否,否,否,否,否,否,否,38,35,38,0.250,1.701,0.175,0.007,3.276,0.697,0.227,0.553,35.0,30.0,64.0,64.0,0,17.6,10.6,1.6,2.0,48.0,2.9,11.8,8.1,3.0,0.1,0.1,0.0,0.0,0.0,95.0,83.4,96.8,99.9,99.9,1066.7,10.67,15,15,15,35,74,374,1,2,否,否,否,否,否,否,否,否,否,否,否,否,否,否,否,否,否,否,否,否,否,否,否,否,否,否,否,否,否,否,否,否,否,否,否,否,否,36.0,35,35,34,97.0,100.0,否,否,24293,21074,0.0,2.9,2.9,0.000,0.096,5718,2089,38,0.007,100.0,1066.0,0.0,0.0,0.0,0.0,0.0,0.0,0.0,427,否,否,否,否,否,否,7.435,21.552,52.2,-7.175,25.2,180.2,60.9,61.8,60.1,60.1,60.1,60.1,60.5,61.1,60.0,60.0,60.0,60.0,16.33,16.57,16.09,16.09,16.58,16.58,1.86,13.89,16.06,0.27,0.23,0,0,0.0,0.0,0,0.000,
17.9.2026,23:12:1.651,6074,33438,15.3,5831,10351,36.0,0.0,23329,0,0.761,0.795,0.752,0.747,0.750,0.678,0.736,1025.0,1000.0,1000.0,1000.0,1100.0,100.0,800.0,31.0,118.5,104.8,21.2,1.3,0.9,0.2,0.5,0.2,31.0,2.7,10.1,8.9,2.2,0.0,0.4,0.0,0.4,0.0,10.1,2.7,100.0,1.1,4.1,4.0,0.8,0.0,0.0,0.0,0.0,0.0,1.1,10.2,10.0,10.0,10.0,11.0,8.0,34,32,36,35,34,66,68,64,65,66,38,36,否,否,否,否,否,否,否,否,否,否,否,否,否,否,否,否,否,否,38,36,38,0.250,1.514,0.163,0.006,2.805,0.651,0.217,0.434,35.0,30.0,64.0,64.0,0,17.8,5.8,2.0,1.9,51.7,2.9,11.8,9.4,2.0,0.1,0.1,0.0,0.1,0.0,94.9,82.2,97.8,99.8,99.9,1066.7,10.67,15,15,15,35,74,374,1,2,否,否,否,否,否,否,否,否,否,否,否,否,否,否,否,否,否,否,否,否,否,否,否,否,否,否,否,否,否,否,否,否,否,否,否,否,否,35.0,35,35,35,97.0,100.0,否,否,24293,21074,0.0,1.0,1.0,0.000,0.014,5718,2089,38,0.006,100.0,1066.0,0.0,0.0,0.0,0.0,0.0,0.0,0.0,427,否,否,否,否,否,否,7.469,21.545,52.2,-7.013,25.2,184.3,60.9,61.8,60.1,60.1,60.1,60.1,60.5,61.1,60.0,60.0,60.0,60.0,16.33,16.57,16.09,16.09,16.58,16.58,1.86,13.89,16.06,0.27,0.23,0,0,0.0,0.0,0,0.000,
17.9.2026,23:12:3.645,6069,33443,15.3,5830,10353,36.0,0.0,23329,0,0.765,0.797,0.760,0.752,0.750,0.686,0.696,1100.0,1100.0,1100.0,1100.0,1100.0,100.0,900.0,47.5,153.3,133.1,52.6,24.6,5.9,4.5,5.4,0.4,47.5,3.7,11.9,10.6,3.8,2.3,0.0,0.7,0.0,0.4,11.9,3.7,100.0,1.8,5.5,5.2,2.1,1.0,0.2,0.2,0.2,0.0,1.8,11.0,11.0,11.0,11.0,11.0,9.0,35,32,36,36,35,65,68,64,64,65,38,36,否,否,否,否,否,否,否,否,否,否,否,否,否,否,否,否,否,否,38,36,38,0.250,1.795,0.203,0.007,3.712,0.726,0.263,0.570,35.0,30.0,64.0,64.0,0,16.8,7.5,1.5,1.9,46.5,4.2,14.3,11.8,4.4,2.0,0.5,0.4,0.5,0.1,92.9,78.7,94.4,99.0,99.4,1066.7,10.67,15,15,15,35,74,374,1,2,否,否,否,否,否,否,否,否,否,否,否,否,否,否,否,否,否,否,否,否,否,否,否,否,否,否,否,否,否,否,否,否,否,否,否,否,否,36.0,35,35,34,97.0,100.0,否,否,24293,21074,0.0,2.1,2.1,0.000,0.291,5718,2090,38,0.007,100.0,1066.0,0.0,0.0,0.0,0.0,0.0,0.0,0.0,427,否,否,否,否,否,否,7.427,21.545,52.2,-6.870,25.2,188.2,60.9,61.8,60.1,60.1,60.1,60.1,60.5,61.1,60.0,60.0,60.0,60.0,16.33,16.57,16.09,16.09,16.58,16.58,1.86,13.89,16.06,0.27,0.23,0,0,0.0,0.0,0,0.000,
17.9.2026,23:12:5.650,6068,33443,15.3,5828,10354,36.0,0.0,23329,0,0.764,0.797,0.760,0.750,0.750,0.683,0.698,1100.0,1100.0,1100.0,1100.0,1100.0,100.0,900.0,30.8,109.5,83.4,45.9,3.5,1.5,0.6,2.1,0.2,30.8,2.6,9.1,7.5,3.8,0.0,0.0,0.0,0.5,0.0,9.1,2.6,100.0,1.1,3.7,3.2,1.9,0.1,0.1,0.0,0.1,0.0,1.1,11.0,11.0,11.0,11.0,11.0,9.0,34,31,36,36,34,66,69,64,64,66,38,36,否,否,否,否,否,否,否,否,否,否,否,否,否,否,否,否,否,否,38,37,38,0.250,1.626,0.174,0.007,3.066,0.680,0.223,0.502,35.0,30.0,64.0,64.0,0,17.7,8.8,1.7,1.9,49.9,2.9,10.9,7.9,3.6,0.3,0.2,0.1,0.2,0.0,95.0,84.4,96.1,99.8,99.7,1066.7,10.67,15,15,15,35,74,374,1,2,否,否,否,否,否,否,否,否,否,否,否,否,否,否,否,否,否,否,否,否,否,否,否,否,否,否,否,否,否,否,否,否,否,否,否,否,否,35.0,35,35,34,97.0,100.0,否,否,24293,21074,0.0,1.0,1.0,0.000,0.065,5718,2090,38,0.007,100.0,1066.0,0.0,0.0,0.0,0.0,0.0,0.0,0.0,427,否,否,否,否,否,否,7.468,21.545,52.2,-6.766,25.2,191.1,60.9,61.8,60.1,60.1,60.1,60.1,60.5,61.1,60.0,60.0,60.0,60.0,16.33,16.57,16.09,16.09,16.58,16.58,1.86,13.89,16.06,0.27,0.23,0,0,0.0,0.0,0,0.000,
17.9.2026,23:12:7.651,6069,33443,15.3,5827,10355,36.0,0.0,23329,0,0.766,0.797,0.762,0.752,0.752,0.683,0.696,1100.0,1100.0,1100.0,1100.0,1100.0,100.0,900.0,31.6,129.3,115.3,5.9,1.2,0.6,0.2,0.3,0.2,31.6,2.6,10.8,9.5,0.0,0.1,0.1,0.0,0.0,0.0,10.8,2.6,100.0,1.2,4.6,4.5,0.2,0.0,0.0,0.0,0.0,0.0,1.2,11.0,11.0,11.0,11.0,11.0,9.0,35,34,35,36,34,65,66,65,64,66,37,36,否,否,否,否,否,否,否,否,否,否,否,否,否,否,否,否,否,否,37,36,38,0.250,1.679,0.165,0.009,3.290,0.690,0.230,0.545,35.0,30.0,64.0,64.0,0,17.3,9.5,1.4,2.3,48.6,3.0,12.7,10.2,0.6,0.1,0.1,0.0,0.0,0.0,94.9,80.7,99.2,99.9,99.9,1066.7,10.67,15,15,15,35,74,374,1,2,否,否,否,否,否,否,否,否,否,否,否,否,否,否,否,否,否,否,否,否,否,否,否,否,否,否,否,否,否,否,否,否,否,否,否,否,否,35.0,35,35,34,97.0,100.0,否,否,24293,21074,0.0,2.0,2.0,0.000,0.020,5718,2090,38,0.009,100.0,1066.0,0.0,0.0,0.0,0.0,0.0,0.0,0.0,427,否,否,否,否,否,否,7.467,21.545,52.2,-6.631,25.2,194.9,60.9,61.8,60.1,60.1,60.1,60.1,60.5,61.1,60.0,60.0,60.0,60.0,16.33,16.57,16.09,16.09,16.58,16.58,1.86,13.89,16.06,0.27,0.23,0,0,0.0,0.0,0,0.000,
17.9.2026,23:12:9.659,6067,33445,15.3,5824,10358,35.9,0.0,23329,0,0.759,0.795,0.752,0.745,0.745,0.678,0.696,1000.0,1000.0,1000.0,1000.0,1000.0,100.0,800.0,30.8,130.4,85.8,25.3,0.6,1.8,0.5,1.4,0.5,30.8,3.2,10.5,7.0,6.2,0.4,0.5,0.4,0.5,0.4,10.5,3.2,100.0,1.1,4.6,3.3,1.0,0.0,0.1,0.0,0.1,0.0,1.1,10.0,10.0,10.0,10.0,10.0,8.0,35,33,36,36,34,65,67,64,64,66,38,36,否,否,否,否,否,否,否,否,否,否,否,否,否,否,否,否,否,否,38,35,38,0.250,1.564,0.148,0.007,2.962,0.677,0.237,0.466,35.0,30.0,64.0,64.0,0,17.7,6.6,1.4,2.2,51.6,3.0,12.9,8.2,2.3,0.1,0.2,0.1,0.2,0.1,95.0,82.7,97.6,99.7,99.8,1066.7,10.67,15,15,15,35,74,374,1,2,否,否,否,否,否,否,否,否,否,否,否,否,否,否,否,否,否,否,否,否,否,否,否,否,否,否,否,否,否,否,否,否,否,否,否,否,否,35.0,35,35,37,97.0,100.0,否,否,24293,21074,0.0,1.0,1.0,0.000,0.063,5718,2090,38,0.007,100.0,1066.0,0.0,0.0,0.0,0.0,0.0,0.0,0.0,427,否,否,否,否,否,否,7.474,21.545,52.2,-6.607,25.2,195.7,60.9,61.8,60.1,60.1,60.1,60.1,60.5,61.1,60.0,60.0,60.0,60.0,16.33,16.57,16.09,16.09,16.58,16.58,1.86,13.89,16.06,0.27,0.23,0,0,0.0,0.0,0,0.000,
17.9.2026,23:12:11.653,6067,33445,15.3,5823,10359,35.9,0.0,23329,0,0.764,0.792,0.762,0.752,0.750,0.686,0.738,1100.0,1100.0,1100.0,1100.0,1100.0,100.0,900.0,30.7,121.8,95.3,22.4,2.8,2.5,0.2,0.4,0.2,30.7,2.5,10.1,7.6,1.9,0.1,0.0,0.0,0.0,0.0,10.1,2.5,100.0,1.1,4.3,3.6,0.9,0.1,0.1,0.0,0.0,0.0,1.1,11.0,11.0,11.0,11.0,11.0,9.0,35,34,35,36,35,65,66,65,64,65,38,36,否,否,否,否,否,否,否,否,否,否,否,否,否,否,否,否,否,否,38,36,38,0.250,1.736,0.179,0.006,3.949,0.697,0.221,0.587,35.0,30.0,64.0,64.0,0,17.3,12.2,1.6,1.8,46.7,2.9,12.1,8.5,2.1,0.3,0.3,0.0,0.0,0.0,95.0,82.7,97.6,99.7,99.9,1066.7,10.67,15,15,15,35,74,374,1,2,否,否,否,否,否,否,否,否,否,否,否,否,否,否,否,否,否,否,否,否,否,否,否,否,否,否,否,否,否,否,否,否,否,否,否,否,否,35.0,35,35,35,97.0,100.0,否,否,24293,21074,0.0,2.1,2.1,0.000,0.128,5718,2090,38,0.006,100.0,1066.0,0.0,0.0,0.0,0.0,0.0,0.0,0.0,427,否,否,否,否,否,否,7.441,21.537,52.1,-6.533,25.2,197.8,60.9,61.8,60.1,60.1,60.1,60.1,60.5,61.1,60.0,60.0,60.0,60.0,16.33,16.57,16.09,16.09,16.58,16.58,1.86,13.89,16.06,0.27,0.23,0,0,0.0,0.0,0,0.000,
17.9.2026,23:12:13.665,6067,33445,15.3,5821,10361,35.9,0.0,23329,0,0.761,0.795,0.757,0.747,0.745,0.681,0.696,1000.0,1000.0,1000.0,1000.0,1000.0,100.0,800.0,32.2,137.5,95.6,18.6,3.2,1.3,0.2,0.9,0.2,32.2,3.0,11.9,8.2,2.0,0.7,0.5,0.5,0.0,0.5,11.9,3.0,100.0,1.2,4.9,3.7,0.7,0.1,0.0,0.0,0.0,0.0,1.2,10.0,10.0,10.0,10.0,10.0,8.0,34,32,35,35,35,66,68,65,65,65,37,35,否,否,否,否,否,否,否,否,否,否,否,否,否,否,否,否,否,否,38,36,38,0.250,1.639,0.173,0.006,3.144,0.680,0.228,0.512,35.0,30.0,64.0,64.0,0,17.3,9.1,1.2,1.8,49.2,3.1,13.6,8.6,1.8,0.3,0.1,0.0,0.1,0.0,94.7,81.4,97.9,99.8,99.9,1066.7,10.67,15,15,15,35,74,374,1,2,否,否,否,否,否,否,否,否,否,否,否,否,否,否,否,否,否,否,否,否,否,否,否,否,否,否,否,否,否,否,否,否,否,否,否,否,否,35.0,35,35,35,97.0,100.0,否,否,24293,21074,0.0,4.9,4.9,0.000,0.134,5718,2090,38,0.006,100.0,1066.0,0.0,0.0,0.0,0.0,0.0,0.0,0.0,370,否,否,否,否,否,否,7.463,21.537,52.1,-6.500,25.2,198.8,60.9,61.8,60.1,60.1,60.1,60.1,60.5,61.1,60.0,60.0,60.0,60.0,16.33,16.57,16.09,16.09,16.58,16.58,1.86,13.89,16.06,0.27,0.23,0,0,0.0,0.0,0,0.000,
17.9.2026,23:12:15.664,6066,33445,15.3,5820,10363,35.9,0.0,23329,0,0.762,0.795,0.757,0.750,0.745,0.678,0.738,1000.0,1000.0,1000.0,1000.0,1000.0,100.0,800.0,30.7,130.2,81.3,31.1,1.6,0.5,0.2,0.3,0.2,30.7,2.7,10.8,6.9,2.3,0.1,0.7,0.0,0.7,0.0,10.8,2.7,100.0,1.1,4.6,3.1,1.3,0.1,0.0,0.0,0.0,0.0,1.1,10.0,10.0,10.0,10.0,10.0,8.0,34,32,35,35,34,66,68,65,65,66,38,35,否,否,否,否,否,否,否,否,否,否,否,否,否,否,否,否,否,否,37,35,37,0.250,1.609,0.166,0.005,3.099,0.667,0.216,0.510,35.0,30.0,64.0,64.0,0,17.5,8.8,1.1,2.0,49.7,2.9,12.9,7.8,2.5,0.2,0.1,0.0,0.0,0.0,94.9,82.4,97.3,99.9,99.9,1066.7,10.67,15,15,15,35,74,374,1,2,否,否,否,否,否,否,否,否,否,否,否,否,否,否,否,否,否,否,否,否,否,否,否,否,否,否,否,否,否,否,否,否,否,否,否,否,否,35.0,35,35,34,97.0,100.0,否,否,24293,21074,0.0,2.0,2.0,0.000,0.051,5718,2091,38,0.005,100.0,1066.0,0.0,0.0,0.0,0.0,0.0,0.0,0.0,370,否,否,否,否,否,否,7.470,21.530,52.1,-6.394,25.2,202.0,60.9,61.8,60.1,60.1,60.1,60.1,60.5,61.1,60.0,60.0,60.0,60.0,16.33,16.57,16.09,16.09,16.58,16.58,1.86,13.89,16.06,0.27,0.23,0,0,0.0,0.0,0,0.000,
17.9.2026,23:12:17.665,6066,33446,15.3,5818,10364,35.9,0.0,23329,0,0.763,0.800,0.757,0.747,0.747,0.686,0.738,1025.0,1100.0,1000.0,1000.0,1000.0,100.0,900.0,31.4,124.9,103.6,9.7,8.7,3.2,0.2,1.0,0.3,31.4,2.4,10.2,8.4,0.8,0.0,0.0,0.0,0.0,0.0,10.2,2.4,100.0,1.1,4.4,4.0,0.3,0.3,0.1,0.0,0.0,0.0,1.1,10.2,11.0,10.0,10.0,10.0,9.0,34,32,36,35,33,66,68,64,65,67,37,36,否,否,否,否,否,否,否,否,否,否,否,否,否,否,否,否,否,否,38,36,38,0.250,1.604,0.168,0.006,3.007,0.673,0.226,0.491,35.0,30.0,64.0,64.0,0,17.8,8.2,1.8,2.2,50.0,3.0,12.3,9.2,1.0,0.8,0.3,0.0,0.1,0.0,94.9,81.9,98.3,99.6,99.8,1066.7,10.67,15,15,15,35,74,374,1,2,否,否,否,否,否,否,否,否,否,否,否,否,否,否,否,否,否,否,否,否,否,否,否,否,否,否,否,否,否,否,否,否,否,否,否,否,否,35.0,35,35,34,97.0,100.0,否,否,24293,21074,0.0,1.4,1.4,0.000,0.045,5718,2091,38,0.006,100.0,1066.0,0.0,0.0,0.0,0.0,0.0,0.0,0.0,370,否,否,否,否,否,否,7.464,21.530,52.1,-6.329,25.2,204.1,60.9,61.8,60.1,60.1,60.1,60.1,60.5,61.1,60.0,60.0,60.0,60.0,16.33,16.57,16.09,16.09,16.58,16.58,1.86,13.89,16.06,0.27,0.23,0,0,0.0,0.0,0,0.000,
17.9.2026,23:12:19.665,6066,33446,15.3,5817,10365,35.9,0.0,23329,0,0.762,0.795,0.755,0.750,0.747,0.678,0.696,1000.0,1000.0,1000.0,1000.0,1000.0,100.0,800.0,31.1,138.3,83.5,19.0,5.1,1.8,0.2,0.3,0.2,31.1,2.6,10.6,6.7,1.2,0.8,0.0,0.4,0.4,0.4,10.6,2.6,100.0,1.1,4.9,3.2,0.7,0.2,0.1,0.0,0.0,0.0,1.1,10.0,10.0,10.0,10.0,10.0,8.0,34,32,35,34,35,66,68,65,66,65,38,35,否,否,否,否,否,否,否,否,否,否,否,否,否,否,否,否,否,否,38,36,38,0.250,1.596,0.171,0.007,2.996,0.671,0.223,0.484,35.0,30.0,64.0,64.0,0,17.6,8.1,1.8,2.1,50.1,2.9,13.0,7.8,1.8,0.5,0.2,0.0,0.0,0.0,94.9,82.2,97.8,99.7,99.9,1066.7,10.67,15,15,15,35,74,374,1,2,否,否,否,否,否,否,否,否,否,否,否,否,否,否,否,否,否,否,否,否,否,否,否,否,否,否,否,否,否,否,否,否,否,否,否,否,否,35.0,35,35,34,97.0,100.0,否,否,24293,21074,0.0,1.0,1.0,0.000,0.016,5718,2091,37,0.007,100.0,1066.0,0.0,0.0,0.0,0.0,0.0,0.0,0.0,370,否,否,否,否,否,否,7.477,21.522,52.1,-6.243,25.2,206.8,60.9,61.8,60.1,60.1,60.1,60.1,60.5,61.1,60.0,60.0,60.0,60.0,16.33,16.57,16.09,16.09,16.58,16.58,1.86,13.89,16.06,0.27,0.23,0,0,0.0,0.0,0,0.000,
17.9.2026,23:12:21.673,6066,33446,15.3,5818,10364,35.9,0.0,23329,0,0.767,0.797,0.765,0.752,0.752,0.683,0.738,1100.0,1100.0,1100.0,1100.0,1100.0,100.0,900.0,30.8,125.4,101.3,16.3,1.6,0.7,0.2,0.3,0.2,30.8,2.8,10.9,8.7,1.8,0.0,1.4,0.0,0.0,0.0,10.9,2.8,100.0,1.1,4.4,3.9,0.6,0.1,0.0,0.0,0.0,0.0,1.1,11.0,11.0,11.0,11.0,11.0,9.0,34,31,34,36,33,66,69,66,64,67,38,36,否,否,否,否,否,否,否,否,否,否,否,否,否,否,否,否,否,否,37,36,37,0.250,1.696,0.182,0.006,3.258,0.689,0.225,0.551,35.0,30.0,64.0,64.0,0,17.5,10.5,1.4,2.3,47.9,2.9,12.4,9.0,1.3,0.2,0.1,0.0,0.0,0.0,95.0,81.9,98.4,99.9,99.9,1066.7,10.67,15,15,15,35,74,374,1,2,否,否,否,否,否,否,否,否,否,否,否,否,否,否,否,否,否,否,否,否,否,否,否,否,否,否,否,否,否,否,否,否,否,否,否,否,否,35.0,35,35,35,97.0,100.0,否,否,24293,21074,0.0,2.0,2.0,0.000,0.073,5718,2091,38,0.006,100.0,1066.0,0.0,0.0,0.0,0.0,0.0,0.0,0.0,370,否,否,否,否,否,否,7.477,21.522,52.1,-6.183,25.2,208.8,60.9,61.8,60.1,60.1,60.1,60.1,60.5,61.1,60.0,60.0,60.0,60.0,16.33,16.57,16.09,16.09,16.58,16.58,1.86,13.89,16.06,0.27,0.23,0,0,0.0,0.0,0,0.000,
17.9.2026,23:12:23.681,6060,33451,15.3,5821,10361,35.9,0.0,23329,0,0.765,0.795,0.762,0.752,0.750,0.686,0.696,1100.0,1100.0,1100.0,1100.0,1100.0,100.0,900.0,38.3,154.4,115.0,26.1,4.2,4.8,0.6,0.9,0.2,38.3,2.8,11.7,9.3,0.0,0.1,1.0,0.0,0.0,0.0,11.7,2.8,100.0,1.4,5.6,4.5,1.0,0.1,0.2,0.0,0.0,0.0,1.4,11.0,11.0,11.0,11.0,11.0,9.0,34,32,35,35,34,66,68,65,65,66,37,35,否,否,否,否,否,否,否,否,否,否,否,否,否,否,否,否,否,否,37,36,38,0.250,1.758,0.192,0.007,3.453,0.724,0.247,0.552,35.0,30.0,64.0,64.0,0,17.2,9.4,1.4,2.1,46.3,3.5,13.9,10.2,2.5,0.4,0.4,0.1,0.1,0.0,93.9,79.3,97.1,99.5,99.9,1066.7,10.67,15,15,15,35,74,374,1,2,否,否,否,否,否,否,否,否,否,否,否,否,否,否,否,否,否,否,否,否,否,否,否,否,否,否,否,否,否,否,否,否,否,否,否,否,否,35.0,35,35,35,97.0,100.0,否,否,24293,21074,0.0,2.3,2.3,0.000,0.057,5718,2091,37,0.007,100.0,1066.0,0.0,0.0,0.0,0.0,0.0,0.0,0.0,370,否,否,否,否,否,否,7.475,21.522,52.1,-6.115,25.2,211.2,60.9,61.8,60.1,60.1,60.1,60.1,60.5,61.1,60.0,60.0,60.0,60.0,16.33,16.57,16.09,16.09,16.58,16.58,1.86,13.89,16.06,0.27,0.23,0,0,0.0,0.0,0,0.000,
17.9.2026,23:12:25.669,6060,33452,15.3,5819,10363,35.9,0.0,23329,0,0.762,0.797,0.757,0.750,0.745,0.686,0.698,1025.0,1100.0,1000.0,1000.0,1000.0,100.0,900.0,31.0,131.8,81.6,30.3,2.9,1.0,0.2,0.3,0.2,31.0,3.2,10.6,7.3,6.4,0.6,0.0,0.4,0.4,0.4,10.6,3.2,100.0,1.1,4.6,3.1,1.2,0.1,0.0,0.0,0.0,0.0,1.1,10.2,11.0,10.0,10.0,10.0,9.0,34,31,35,36,35,66,69,65,64,65,38,36,否,否,否,否,否,否,否,否,否,否,否,否,否,否,否,否,否,否,37,35,37,0.250,1.646,0.179,0.009,3.106,0.674,0.222,0.523,35.0,30.0,64.0,64.0,0,17.6,8.9,2.2,1.8,49.2,2.9,12.4,7.7,2.6,0.3,0.1,0.0,0.0,0.0,95.0,83.1,97.1,99.8,99.9,1066.7,10.67,15,15,15,35,74,374,1,2,否,否,否,否,否,否,否,否,否,否,否,否,否,否,否,否,否,否,否,否,否,否,否,否,否,否,否,否,否,否,否,否,否,否,否,否,否,36.0,35,35,35,97.0,100.0,否,否,24293,21074,0.0,1.5,1.5,0.000,0.046,5718,2091,38,0.009,100.0,1066.0,0.0,0.0,0.0,0.0,0.0,0.0,0.0,370,否,否,否,否,否,否,7.475,21.514,52.1,-6.107,25.2,211.4,60.9,61.8,60.1,60.1,60.1,60.1,60.5,61.1,60.0,60.0,60.0,60.0,16.33,16.57,16.09,16.09,16.58,16.58,1.86,13.89,16.06,0.27,0.23,0,0,0.0,0.0,0,0.000,
17.9.2026,23:12:27.681,6059,33452,15.3,5818,10364,35.9,0.0,23329,0,0.766,0.797,0.762,0.750,0.752,0.683,0.696,1100.0,1100.0,1100.0,1100.0,1100.0,100.0,900.0,31.8,124.7,102.8,21.3,3.9,0.6,0.3,0.3,0.3,31.8,2.6,10.2,8.3,1.8,0.2,0.0,0.0,0.0,0.0,10.2,2.6,100.0,1.2,4.3,4.0,0.8,0.1,0.0,0.0,0.0,0.0,1.2,11.0,11.0,11.0,11.0,11.0,9.0,34,32,36,36,34,66,68,64,64,66,37,36,否,否,否,否,否,否,否,否,否,否,否,否,否,否,否,否,否,否,38,36,38,0.250,1.677,0.174,0.009,3.223,0.700,0.233,0.523,35.0,30.0,64.0,64.0,0,17.9,9.7,1.7,2.3,47.5,3.0,12.4,9.2,2.0,0.4,0.1,0.0,0.0,0.0,94.7,81.6,97.6,99.9,99.9,1066.7,10.67,15,15,15,35,74,374,1,2,否,否,否,否,否,否,否,否,否,否,否,否,否,否,否,否,否,否,否,否,否,否,否,否,否,否,否,否,否,否,否,否,否,否,否,否,否,35.0,35,35,34,97.0,100.0,否,否,24293,21074,0.0,2.0,2.0,0.000,0.040,5718,2091,38,0.009,100.0,1066.0,0.0,0.0,0.0,0.0,0.0,0.0,0.0,370,否,否,否,否,否,否,7.472,21.514,52.1,-6.037,25.2,213.8,60.9,61.8,60.1,60.1,60.1,60.1,60.5,61.1,60.0,60.0,60.0,60.0,16.33,16.57,16.09,16.09,16.58,16.58,1.86,13.89,16.06,0.27,0.23,0,0,0.0,0.0,0,0.000,
17.9.2026,23:12:29.695,6059,33452,15.3,5816,10366,35.9,0.0,23329,0,0.766,0.797,0.760,0.755,0.750,0.686,0.696,1100.0,1100.0,1100.0,1100.0,1100.0,100.0,900.0,49.1,171.1,154.3,58.7,5.1,2.2,0.5,0.9,0.4,49.1,4.2,13.5,12.3,4.0,1.0,0.8,0.6,0.7,0.6,13.5,4.2,100.0,1.9,6.3,6.1,2.4,0.2,0.1,0.0,0.0,0.0,1.9,11.0,11.0,11.0,11.0,11.0,9.0,34,31,36,36,34,66,69,64,64,66,38,36,否,否,否,否,否,否,否,否,否,否,否,否,否,否,否,否,否,否,38,36,38,0.250,1.838,0.258,0.009,3.792,0.749,0.233,0.534,35.0,30.0,64.0,64.0,0,15.8,9.1,1.6,3.4,40.2,4.2,15.6,13.2,4.3,0.5,0.2,0.1,0.1,0.0,91.9,73.1,95.1,99.7,99.9,1066.7,10.67,15,15,15,35,74,374,1,2,否,否,否,否,否,否,否,否,否,否,否,否,否,否,否,否,否,否,否,否,否,否,否,否,否,否,否,否,否,否,否,否,否,否,否,否,否,34.0,35,35,34,97.0,100.0,否,否,24293,21074,0.0,4.6,4.6,0.000,0.167,5718,2091,37,0.009,100.0,1066.0,0.0,0.0,0.0,0.0,0.0,0.0,0.0,370,否,否,否,否,否,否,7.472,21.514,52.1,-6.045,25.2,213.5,60.9,61.8,60.1,60.1,60.1,60.1,60.5,61.1,60.0,60.0,60.0,60.0,16.33,16.57,16.09,16.09,16.58,16.58,1.86,13.89,16.06,0.27,0.23,0,0,0.0,0.0,0,0.000,
17.9.2026,23:12:31.687,6057,33455,15.3,5813,10369,35.9,0.0,23329,0,0.762,0.797,0.757,0.750,0.745,0.678,0.741,1000.0,1000.0,1000.0,1000.0,1000.0,100.0,800.0,31.2,137.1,91.0,11.9,8.0,1.4,0.2,0.2,0.2,31.2,2.8,10.7,7.5,0.7,1.1,0.6,0.5,0.5,0.5,10.7,2.8,100.0,1.1,4.9,3.5,0.4,0.3,0.0,0.0,0.0,0.0,1.1,10.0,10.0,10.0,10.0,10.0,8.0,34,31,35,35,33,66,69,65,65,67,37,35,否,否,否,否,否,否,否,否,否,否,否,否,否,否,否,否,否,否,37,35,37,0.250,1.621,0.174,0.005,3.055,0.679,0.227,0.498,35.0,30.0,64.0,64.0,0,17.9,8.2,1.5,2.1,49.8,3.0,13.1,8.5,1.2,0.8,0.1,0.0,0.0,0.0,94.8,81.6,98.1,99.8,99.9,1066.7,10.67,15,15,15,35,74,374,1,2,否,否,否,否,否,否,否,否,否,否,否,否,否,否,否,否,否,否,否,否,否,否,否,否,否,否,否,否,否,否,否,否,否,否,否,否,否,34.0,35,35,34,97.0,100.0,否,否,24293,21074,0.0,1.5,1.5,0.000,0.075,5718,2092,38,0.005,100.0,1066.0,0.0,0.0,0.0,0.0,0.0,0.0,0.0,370,否,否,否,否,否,否,7.471,21.507,52.1,-6.029,25.2,214.0,60.9,61.8,60.1,60.1,60.1,60.1,60.5,61.1,60.0,60.0,60.0,60.0,16.33,16.57,16.09,16.09,16.58,16.58,1.86,13.89,16.06,0.27,0.23,0,0,0.0,0.0,0,0.000,
17.9.2026,23:12:33.697,6056,33455,15.3,5811,10371,35.9,0.0,23329,0,0.763,0.795,0.762,0.750,0.745,0.678,0.698,1050.0,1000.0,1100.0,1100.0,1000.0,100.0,800.0,32.6,127.4,96.1,30.6,3.8,1.5,0.4,0.5,0.2,32.6,2.7,10.6,8.5,2.2,0.0,0.0,0.0,0.0,0.0,10.6,2.7,100.0,1.2,4.5,3.7,1.2,0.1,0.1,0.0,0.0,0.0,1.2,10.5,10.0,11.0,11.0,10.0,8.0,34,31,35,36,35,66,69,65,64,65,38,36,否,否,否,否,否,否,否,否,否,否,否,否,否,否,否,否,否,否,38,36,38,0.500,1.707,0.184,0.009,3.294,0.697,0.228,0.548,35.0,30.0,64.0,64.0,0,17.7,10.6,1.6,2.0,47.2,3.1,12.6,9.2,2.3,0.4,0.2,0.0,0.1,0.0,94.8,82.1,97.3,99.8,99.9,1066.7,10.67,15,15,15,35,74,374,1,2,否,否,否,否,否,否,否,否,否,否,否,否,否,否,否,否,否,否,否,否,否,否,否,否,否,否,否,否,否,否,否,否,否,否,否,否,否,35.0,35,35,34,97.0,100.0,否,否,24293,21074,0.0,2.9,2.9,0.000,0.024,5718,2092,38,0.009,100.0,1066.0,0.0,0.0,0.0,0.0,0.0,0.0,0.0,370,否,否,否,否,否,否,7.475,21.507,52.1,-6.002,25.2,215.0,60.9,61.8,60.1,60.1,60.1,60.1,60.5,61.1,60.0,60.0,60.0,60.0,16.33,16.57,16.09,16.09,16.58,16.58,1.86,13.89,16.06,0.27,0.23,0,0,0.0,0.0,0,0.000,
17.9.2026,23:12:35.702,6056,33455,15.3,5810,10372,35.9,0.0,23329,0,0.762,0.795,0.757,0.747,0.747,0.678,0.698,1000.0,1000.0,1000.0,1000.0,1000.0,100.0,800.0,30.1,141.1,82.2,13.8,1.8,0.9,0.2,0.3,0.2,30.1,2.4,11.1,6.7,0.0,0.6,0.6,0.0,0.0,0.0,11.1,2.4,100.0,1.1,5.1,3.1,0.5,0.1,0.0,0.0,0.0,0.0,1.1,10.0,10.0,10.0,10.0,10.0,8.0,34,31,34,36,35,66,69,66,64,65,38,36,否,否,否,否,否,否,否,否,否,否,否,否,否,否,否,否,否,否,38,35,38,0.250,1.580,0.163,0.010,2.954,0.670,0.225,0.473,35.0,30.0,64.0,64.0,0,18.0,7.3,1.7,2.8,49.9,2.8,13.3,7.7,1.3,0.2,0.1,0.0,0.0,0.0,95.1,82.2,98.4,99.8,99.9,1066.7,10.67,15,15,15,35,74,374,1,2,否,否,否,否,否,否,否,否,否,否,否,否,否,否,否,否,否,否,否,否,否,否,否,否,否,否,否,否,否,否,否,否,否,否,否,否,否,34.0,35,35,34,97.0,100.0,否,否,24293,21074,0.0,1.1,1.1,0.000,0.042,5718,2092,38,0.010,100.0,1066.0,0.0,0.0,0.0,0.0,0.0,0.0,0.0,370,否,否,否,否,否,否,7.468,21.499,52.0,-5.937,25.2,217.3,60.9,61.8,60.1,60.1,60.1,60.1,60.5,61.1,60.0,60.0,60.0,60.0,16.33,16.57,16.09,16.09,16.58,16.58,1.86,13.89,16.06,0.27,0.23,0,0,0.0,0.0,0,0.000,
17.9.2026,23:12:37.704,6056,33455,15.3,5809,10373,35.8,0.0,23329,0,0.763,0.795,0.757,0.747,0.752,0.678,0.698,1025.0,1000.0,1000.0,1000.0,1100.0,100.0,800.0,32.7,120.4,104.9,25.5,9.1,1.2,0.3,0.3,0.3,32.7,3.4,10.1,8.9,6.8,1.1,0.5,0.0,0.0,0.0,10.1,3.4,100.0,1.2,4.1,4.1,1.0,0.3,0.0,0.0,0.0,0.0,1.2,10.2,10.0,10.0,10.0,11.0,8.0,34,31,35,36,34,66,69,65,64,66,38,36,否,否,否,否,否,否,否,否,否,否,否,否,否,否,否,否,否,否,37,35,37,0.250,1.809,0.185,0.009,3.569,0.731,0.234,0.610,35.0,30.0,64.0,64.0,0,17.9,13.2,1.2,2.6,44.1,3.1,11.9,9.3,2.3,0.9,0.1,0.0,0.0,0.0,94.7,81.9,97.2,99.8,99.9,1066.7,10.67,15,15,15,35,74,374,1,2,否,否,否,否,否,否,否,否,否,否,否,否,否,否,否,否,否,否,否,否,否,否,否,否,否,否,否,否,否,否,否,否,否,否,否,否,否,35.0,35,35,34,97.0,100.0,否,否,24293,21074,0.0,2.5,2.5,0.000,0.028,5718,2092,37,0.009,100.0,1066.0,0.0,0.0,0.0,0.0,0.0,0.0,0.0,370,否,否,否,否,否,否,7.468,21.499,52.0,-5.922,25.2,217.8,60.9,61.8,60.1,60.1,60.1,60.1,60.5,61.1,60.0,60.0,60.0,60.0,16.33,16.57,16.09,16.09,16.58,16.58,1.86,13.89,16.06,0.27,0.23,0,0,0.0,0.0,0,0.000,
17.9.2026,23:12:39.722,6056,33455,15.3,5818,10365,35.9,0.0,23329,0,0.761,0.795,0.755,0.747,0.747,0.678,0.698,1000.0,1000.0,1000.0,1000.0,1000.0,100.0,800.0,30.7,128.7,84.5,29.6,1.2,0.4,0.2,0.3,0.3,30.7,2.7,10.4,6.9,2.3,0.0,0.0,0.6,0.6,0.6,10.4,2.7,100.0,1.1,4.5,3.2,1.2,0.0,0.0,0.0,0.0,0.0,1.1,10.0,10.0,10.0,10.0,10.0,8.0,34,31,35,36,33,66,69,65,64,67,38,36,否,否,否,否,否,否,否,否,否,否,否,否,否,否,否,否,否,否,37,35,37,0.250,1.527,0.142,0.008,2.828,0.676,0.234,0.434,35.0,30.0,64.0,64.0,0,18.0,5.9,2.3,2.3,50.7,2.9,12.6,7.9,2.6,0.1,0.0,0.0,0.0,0.0,94.9,82.6,97.2,99.9,99.9,1066.7,10.67,15,15,15,35,74,374,1,2,否,否,否,否,否,否,否,否,否,否,否,否,否,否,否,否,否,否,否,否,否,否,否,否,否,否,否,否,否,否,否,否,否,否,否,否,否,35.0,35,35,34,97.0,100.0,否,否,24293,21074,0.0,1.0,1.0,0.000,0.014,5718,2092,38,0.008,100.0,1066.0,0.0,0.0,0.0,0.0,0.0,0.0,0.0,370,否,否,否,否,否,否,7.466,21.491,52.0,-5.891,25.2,218.9,60.9,61.8,60.1,60.1,60.1,60.1,60.5,61.1,60.0,60.0,60.0,60.0,16.33,16.57,16.09,16.09,16.58,16.58,1.86,13.89,16.06,0.27,0.23,0,0,0.0,0.0,0,0.000,
17.9.2026,23:12:41.729,6056,33455,15.3,5817,10366,35.9,0.0,23329,0,0.766,0.797,0.762,0.752,0.750,0.686,0.738,1100.0,1100.0,1100.0,1100.0,1100.0,100.0,900.0,30.5,128.6,87.9,23.4,2.2,1.0,0.2,0.3,0.2,30.5,2.2,10.4,6.8,0.0,0.1,0.0,0.0,0.0,0.0,10.4,2.2,100.0,1.1,4.5,3.3,0.9,0.1,0.0,0.0,0.0,0.0,1.1,11.0,11.0,11.0,11.0,11.0,9.0,34,32,34,35,34,66,68,66,65,66,38,35,否,否,否,否,否,否,否,否,否,否,否,否,否,否,否,否,否,否,38,36,38,0.250,1.764,0.185,0.008,3.424,0.705,0.223,0.600,35.0,30.0,64.0,64.0,0,17.8,12.5,1.5,2.4,46.0,2.8,12.5,7.7,1.9,0.2,0.1,0.0,0.0,0.0,95.1,82.8,97.8,99.8,99.9,1066.7,10.67,15,15,15,35,74,374,1,2,否,否,否,否,否,否,否,否,否,否,否,否,否,否,否,否,否,否,否,否,否,否,否,否,否,否,否,否,否,否,否,否,否,否,否,否,否,35.0,35,35,34,97.0,100.0,否,否,24293,21074,0.0,2.9,2.9,0.000,0.075,5718,2092,38,0.008,100.0,1066.0,0.0,0.0,0.0,0.0,0.0,0.0,0.0,370,否,否,否,否,否,否,7.478,21.491,52.0,-5.908,25.2,218.2,60.9,61.8,60.1,60.1,60.1,60.1,60.5,61.1,60.0,60.0,60.0,60.0,16.33,16.57,16.09,16.09,16.58,16.58,1.86,13.89,16.06,0.27,0.23,0,0,0.0,0.0,0,0.000,
17.9.2026,23:12:43.725,6056,33456,15.3,5815,10368,35.9,0.0,23329,0,0.761,0.795,0.757,0.747,0.745,0.678,0.698,1000.0,1000.0,1000.0,1000.0,1000.0,100.0,800.0,31.9,139.6,79.0,27.9,6.4,1.4,0.2,0.3,0.2,31.9,2.5,11.9,7.1,0.0,0.1,0.5,0.4,0.0,0.4,11.9,2.5,100.0,1.2,5.0,2.9,1.1,0.2,0.0,0.0,0.0,0.0,1.2,10.0,10.0,10.0,10.0,10.0,8.0,34,32,35,35,36,66,68,65,65,64,38,36,否,否,否,否,否,否,否,否,否,否,否,否,否,否,否,否,否,否,37,35,38,0.250,1.662,0.185,0.008,3.130,0.697,0.237,0.500,35.0,30.0,64.0,64.0,0,18.0,8.5,2.0,2.6,47.9,3.0,13.7,7.6,1.8,0.6,0.2,0.0,0.0,0.0,94.8,82.1,97.5,99.8,99.9,1066.7,10.67,15,15,15,35,74,374,1,2,否,否,否,否,否,否,否,否,否,否,否,否,否,否,否,否,否,否,否,否,否,否,否,否,否,否,否,否,否,否,否,否,否,否,否,否,否,35.0,35,35,34,97.0,100.0,否,否,24293,21074,0.0,1.5,1.5,0.000,0.040,5718,2092,37,0.008,100.0,1066.0,0.0,0.0,0.0,0.0,0.0,0.0,0.0,370,否,否,否,否,否,否,7.467,21.491,52.0,-5.847,25.2,220.5,60.9,61.8,60.1,60.1,60.1,60.1,60.5,61.1,60.0,60.0,60.0,60.0,16.33,16.57,16.09,16.09,16.58,16.58,1.86,13.89,16.06,0.27,0.23,0,0,0.0,0.0,0,0.000,
17.9.2026,23:12:45.729,6054,33458,15.3,5816,10366,35.9,0.0,23329,0,0.766,0.795,0.762,0.755,0.752,0.678,0.736,1075.0,1000.0,1100.0,1100.0,1100.0,100.0,800.0,31.3,119.3,93.8,27.7,5.4,1.1,0.5,1.8,0.4,31.3,3.3,9.3,7.2,8.3,1.0,0.0,0.0,0.7,0.0,9.3,3.3,100.0,1.1,4.1,3.6,1.1,0.2,0.0,0.0,0.1,0.0,1.1,10.8,10.0,11.0,11.0,11.0,8.0,34,32,35,35,34,66,68,65,65,66,37,35,否,否,否,否,否,否,否,否,否,否,否,否,否,否,否,否,否,否,38,35,37,0.250,1.760,0.183,0.009,3.361,0.717,0.236,0.577,35.0,30.0,64.0,64.0,0,17.9,11.5,1.4,2.4,46.8,2.9,11.6,8.2,2.3,0.5,0.1,0.1,0.2,0.0,94.9,83.0,97.2,99.8,99.8,1066.7,10.67,15,15,15,35,74,374,1,2,否,否,否,否,否,否,否,否,否,否,否,否,否,否,否,否,否,否,否,否,否,否,否,否,否,否,否,否,否,否,否,否,否,否,否,否,否,35.0,35,35,35,97.0,100.0,否,否,24293,21074,0.0,4.6,4.6,0.000,0.081,5718,2092,38,0.009,100.0,1066.0,0.0,0.0,0.0,0.0,0.0,0.0,0.0,370,否,否,否,否,否,否,7.430,21.484,52.0,-5.840,25.2,220.7,60.9,61.8,60.1,60.1,60.1,60.1,60.5,61.1,60.0,60.0,60.0,60.0,16.33,16.57,16.09,16.09,16.58,16.58,1.86,13.89,16.06,0.27,0.23,0,0,0.0,0.0,0,0.000,
17.9.2026,23:12:47.732,6055,33457,15.3,5814,10368,35.9,0.0,23329,0,0.762,0.795,0.757,0.747,0.747,0.678,0.698,1000.0,1000.0,1000.0,1000.0,1000.0,100.0,800.0,39.9,138.8,120.0,37.1,11.6,5.1,0.7,5.7,0.6,39.9,3.5,11.7,10.2,3.6,0.8,1.0,0.0,0.3,0.0,11.7,3.5,100.0,1.5,4.9,4.6,1.5,0.5,0.2,0.0,0.2,0.0,1.5,10.0,10.0,10.0,10.0,10.0,8.0,34,32,35,35,34,66,68,65,65,66,37,35,否,否,否,否,否,否,否,否,否,否,否,否,否,否,否,否,否,否,38,35,38,0.250,1.784,0.207,0.009,3.521,0.712,0.245,0.579,35.0,30.0,64.0,64.0,0,17.5,10.2,1.8,2.1,45.8,3.7,13.3,10.5,3.2,1.0,0.5,0.1,0.6,0.1,93.9,80.7,96.2,99.4,99.4,1066.7,10.67,15,15,15,35,74,374,1,2,否,否,否,否,否,否,否,否,否,否,否,否,否,否,否,否,否,否,否,否,否,否,否,否,否,否,否,否,否,否,否,否,否,否,否,否,否,35.0,35,35,34,97.0,100.0,否,否,24293,21074,0.0,1.7,1.7,0.000,0.223,5718,2093,38,0.009,100.0,1066.0,0.0,0.0,0.0,0.0,0.0,0.0,0.0,370,否,否,否,否,否,否,7.437,21.484,52.0,-5.831,25.2,221.1,60.9,61.8,60.1,60.1,60.1,60.1,60.5,61.1,60.0,60.0,60.0,60.0,16.33,16.57,16.09,16.09,16.58,16.58,1.86,13.89,16.06,0.27,0.23,0,0,0.0,0.0,0,0.000,
17.9.2026,23:12:49.753,6054,33457,15.3,5812,10370,35.9,0.0,23329,0,0.767,0.797,0.762,0.755,0.752,0.683,0.736,1100.0,1100.0,1100.0,1100.0,1100.0,100.0,900.0,30.4,136.3,84.5,17.9,2.2,1.7,0.2,0.3,0.2,30.4,2.4,10.7,7.2,1.5,0.1,0.0,0.0,0.0,0.0,10.7,2.4,100.0,1.1,4.8,3.2,0.7,0.1,0.1,0.0,0.0,0.0,1.1,11.0,11.0,11.0,11.0,11.0,9.0,34,32,34,36,34,66,68,66,64,66,37,36,否,否,否,否,否,否,否,否,否,否,否,否,否,否,否,否,否,否,37,35,38,0.250,1.614,0.167,0.006,3.050,0.684,0.228,0.489,35.0,30.0,64.0,64.0,0,18.1,8.5,1.9,2.9,48.0,2.9,12.9,8.0,1.8,0.2,0.2,0.0,0.0,0.0,94.9,82.0,98.0,99.8,99.9,1066.7,10.67,15,15,15,35,74,374,1,2,否,否,否,否,否,否,否,否,否,否,否,否,否,否,否,否,否,否,否,否,否,否,否,否,否,否,否,否,否,否,否,否,否,否,否,否,否,35.0,35,35,34,97.0,100.0,否,否,24293,21074,0.0,1.5,1.5,0.000,0.055,5718,2093,37,0.006,100.0,1066.0,0.0,0.0,0.0,0.0,0.0,0.0,0.0,370,否,否,否,否,否,否,7.474,21.476,52.0,-5.890,25.2,218.8,60.9,61.8,60.1,60.1,60.1,60.1,60.5,61.1,60.0,60.0,60.0,60.0,16.33,16.57,16.09,16.09,16.58,16.58,1.86,13.89,16.06,0.27,0.23,0,0,0.0,0.0,0,0.000,
17.9.2026,23:12:51.760,6054,33457,15.3,5811,10371,35.9,0.0,23329,0,0.762,0.795,0.757,0.750,0.747,0.678,0.696,1000.0,1000.0,1000.0,1000.0,1000.0,100.0,800.0,29.6,116.1,84.4,34.6,1.1,0.4,0.2,0.2,0.2,29.6,2.4,9.3,7.1,2.6,0.0,0.0,0.0,0.0,0.0,9.3,2.4,100.0,1.1,4.0,3.2,1.4,0.0,0.0,0.0,0.0,0.0,1.1,10.0,10.0,10.0,10.0,10.0,8.0,34,32,35,36,34,66,68,65,64,66,37,36,否,否,否,否,否,否,否,否,否,否,否,否,否,否,否,否,否,否,37,35,37,0.250,1.612,0.158,0.009,3.014,0.682,0.226,0.497,35.0,30.0,64.0,64.0,0,17.8,8.2,1.6,2.3,49.9,2.8,11.5,8.0,2.8,0.1,0.0,0.0,0.0,0.0,95.1,83.5,97.1,99.9,99.9,1066.7,10.67,15,15,15,35,74,374,1,2,否,否,否,否,否,否,否,否,否,否,否,否,否,否,否,否,否,否,否,否,否,否,否,否,否,否,否,否,否,否,否,否,否,否,否,否,否,35.0,35,35,34,97.0,100.0,否,否,24293,21074,0.0,1.5,1.5,0.000,0.059,5718,2093,38,0.009,100.0,1066.0,0.0,0.0,0.0,0.0,0.0,0.0,0.0,370,否,否,否,否,否,否,7.467,21.476,52.0,-5.839,25.2,220.7,60.9,61.8,60.1,60.1,60.1,60.1,60.5,61.1,60.0,60.0,60.0,60.0,16.33,16.57,16.09,16.09,16.58,16.58,1.86,13.89,16.06,0.27,0.23,0,0,0.0,0.0,0,0.000,
17.9.2026,23:12:53.749,6054,33458,15.3,5809,10374,35.8,0.0,23329,0,0.762,0.797,0.755,0.747,0.747,0.678,0.738,1000.0,1000.0,1000.0,1000.0,1000.0,100.0,800.0,31.4,126.9,89.7,33.3,0.2,0.5,0.2,0.2,0.2,31.4,2.9,10.2,7.4,2.2,0.4,1.2,0.4,0.4,0.4,10.2,2.9,100.0,1.2,4.4,3.4,1.4,0.0,0.0,0.0,0.0,0.0,1.2,10.0,10.0,10.0,10.0,10.0,8.0,34,32,34,37,34,66,68,66,63,66,38,37,否,否,否,否,否,否,否,否,否,否,否,否,否,否,否,否,否,否,38,35,38,0.250,1.667,0.167,0.006,3.279,0.675,0.212,0.556,35.0,30.0,64.0,64.0,0,17.5,10.4,1.5,2.5,46.8,3.0,12.6,8.6,2.6,0.0,0.1,0.0,0.0,0.0,94.9,82.5,97.3,99.9,99.9,1066.7,10.67,15,15,15,35,74,374,1,2,否,否,否,否,否,否,否,否,否,否,否,否,否,否,否,否,否,否,否,否,否,否,否,否,否,否,否,否,否,否,否,否,否,否,否,否,否,36.0,35,35,33,97.0,100.0,否,否,24293,21074,0.0,2.0,2.0,0.000,0.063,5718,2093,37,0.006,100.0,1066.0,0.0,0.0,0.0,0.0,0.0,0.0,0.0,370,否,否,否,否,否,否,7.458,21.476,52.0,-5.817,25.2,221.5,60.9,61.8,60.1,60.1,60.1,60.1,60.5,61.1,60.0,60.0,60.0,60.0,16.33,16.57,16.09,16.09,16.58,16.58,1.86,13.89,16.06,0.27,0.23,0,0,0.0,0.0,0,0.000,
17.9.2026,23:12:55.762,6054,33457,15.3,5815,10368,35.9,0.0,23329,0,0.762,0.792,0.757,0.750,0.747,0.681,0.696,1000.0,1000.0,1000.0,1000.0,1000.0,100.0,800.0,35.1,132.9,96.5,41.8,4.9,3.5,0.2,0.6,0.2,35.1,2.9,10.9,8.2,3.7,0.1,0.0,0.0,0.5,0.0,10.9,2.9,100.0,1.3,4.7,3.7,1.7,0.2,0.1,0.0,0.0,0.0,1.3,10.0,10.0,10.0,10.0,10.0,8.0,34,32,35,35,33,66,68,65,65,67,37,35,否,否,否,否,否,否,否,否,否,否,否,否,否,否,否,否,否,否,38,35,38,0.250,1.616,0.194,0.009,3.253,0.670,0.226,0.478,35.0,30.0,64.0,64.0,0,17.6,8.0,1.4,4.2,47.9,3.2,12.5,8.5,3.4,0.4,0.3,0.0,0.1,0.0,94.6,82.8,96.2,99.7,99.9,1066.7,10.67,15,15,15,35,74,374,1,2,否,否,否,否,否,否,否,否,否,否,否,否,否,否,否,否,否,否,否,否,否,否,否,否,否,否,否,否,否,否,否,否,否,否,否,否,否,35.0,35,35,35,97.0,100.0,否,否,24293,21074,0.0,0.8,0.8,0.000,0.083,5718,2093,38,0.009,100.0,1066.0,0.0,0.0,0.0,0.0,0.0,0.0,0.0,370,否,否,否,否,否,否,7.439,21.476,52.0,-5.773,25.2,223.2,60.9,61.8,60.1,60.1,60.1,60.1,60.5,61.1,60.0,60.0,60.0,60.0,16.33,16.57,16.09,16.09,16.58,16.58,1.86,13.89,16.06,0.27,0.23,0,0,0.0,0.0,0,0.000,
17.9.2026,23:12:57.760,6054,33458,15.3,5813,10369,35.9,0.0,23329,0,0.765,0.797,0.765,0.750,0.747,0.683,0.696,1050.0,1100.0,1100.0,1000.0,1000.0,100.0,900.0,29.8,135.2,84.7,14.5,2.0,1.0,0.2,0.4,0.2,29.8,2.3,10.7,7.0,1.1,0.0,0.0,0.0,0.0,0.0,10.7,2.3,100.0,1.1,4.8,3.2,0.6,0.1,0.0,0.0,0.0,0.0,1.1,10.5,11.0,11.0,10.0,10.0,9.0,34,32,34,34,34,66,68,66,66,66,38,34,否,否,否,否,否,否,否,否,否,否,否,否,否,否,否,否,否,否,37,35,37,0.250,1.634,0.169,0.006,3.451,0.681,0.220,0.511,35.0,30.0,64.0,64.0,0,17.6,9.6,1.7,2.5,48.2,2.8,13.0,7.9,1.4,0.2,0.1,0.0,0.1,0.0,95.1,82.2,98.4,99.8,99.9,1066.7,10.67,15,15,15,35,74,374,1,2,否,否,否,否,否,否,否,否,否,否,否,否,否,否,否,否,否,否,否,否,否,否,否,否,否,否,否,否,否,否,否,否,否,否,否,否,否,35.0,35,35,34,97.0,100.0,否,否,24293,21074,0.0,0.7,0.7,0.000,0.022,5718,2093,37,0.006,100.0,1066.0,0.0,0.0,0.0,0.0,0.0,0.0,0.0,370,否,否,否,否,否,否,7.473,21.476,52.0,-5.919,25.2,217.7,60.9,61.8,60.1,60.1,60.1,60.1,60.5,61.1,60.0,60.0,60.0,60.0,16.33,16.57,16.09,16.09,16.58,16.58,1.86,13.89,16.06,0.27,0.23,0,0,0.0,0.0,0,0.000,
17.9.2026,23:12:59.756,6053,33458,15.3,5812,10371,35.9,0.0,23329,0,0.763,0.797,0.757,0.750,0.747,0.686,0.696,1025.0,1100.0,1000.0,1000.0,1000.0,100.0,900.0,29.1,135.8,86.9,7.7,1.2,0.3,0.2,0.2,0.2,29.1,2.5,11.1,7.7,0.2,0.4,0.0,0.3,0.3,0.3,11.1,2.5,100.0,1.1,4.8,3.3,0.3,0.0,0.0,0.0,0.0,0.0,1.1,10.2,11.0,10.0,10.0,10.0,9.0,33,31,34,34,34,67,69,66,66,66,37,34,否,否,否,否,否,否,否,否,否,否,否,否,否,否,否,否,否,否,37,36,37,0.250,1.461,0.153,0.007,2.580,0.650,0.229,0.387,35.0,30.0,64.0,64.0,0,18.1,3.7,2.0,2.5,53.7,2.8,12.8,8.3,0.8,0.1,0.0,0.0,0.0,0.0,95.2,82.0,99.0,99.9,99.9,1066.7,10.67,15,15,15,35,74,374,1,2,否,否,否,否,否,否,否,否,否,否,否,否,否,否,否,否,否,否,否,否,否,否,否,否,否,否,否,否,否,否,否,否,否,否,否,否,否,36.0,35,35,34,97.0,100.0,否,否,24293,21074,0.0,0.5,0.5,0.000,0.010,5718,2093,38,0.007,100.0,1066.0,0.0,0.0,0.0,0.0,0.0,0.0,0.0,370,否,否,否,否,否,否,7.472,21.468,52.0,-5.895,25.2,218.5,60.9,61.8,60.1,60.1,60.1,60.1,60.5,61.1,60.0,60.0,60.0,60.0,16.33,16.57,16.09,16.09,16.58,16.58,1.86,13.89,16.06,0.27,0.23,0,0,0.0,0.0,0,0.000,
17.9.2026,23:13:1.762,6053,33458,15.3,5810,10372,35.9,0.0,23329,0,0.765,0.792,0.762,0.755,0.750,0.678,0.696,1050.0,1000.0,1100.0,1100.0,1000.0,100.0,800.0,29.3,122.6,90.8,20.3,0.2,0.2,0.2,0.2,0.2,29.3,3.0,9.8,7.5,0.9,0.0,6.3,0.0,0.0,0.0,9.8,3.0,100.0,1.1,4.3,3.4,0.8,0.0,0.0,0.0,0.0,0.0,1.1,10.5,10.0,11.0,11.0,10.0,8.0,34,31,36,36,33,66,69,64,64,67,37,36,否,否,否,否,否,否,否,否,否,否,否,否,否,否,否,否,否,否,37,36,37,0.250,1.622,0.175,0.007,3.098,0.669,0.216,0.511,35.0,30.0,64.0,64.0,0,17.8,9.2,1.5,2.1,49.3,2.8,12.2,8.6,1.3,0.0,0.0,0.0,0.0,0.0,95.2,82.4,98.6,99.9,99.9,1066.7,10.67,15,15,15,35,74,374,1,2,否,否,否,否,否,否,否,否,否,否,否,否,否,否,否,否,否,否,否,否,否,否,否,否,否,否,否,否,否,否,否,否,否,否,否,否,否,36.0,35,35,34,97.0,100.0,否,否,24293,21074,0.0,2.0,2.0,0.000,0.077,5718,2093,37,0.007,100.0,1066.0,0.0,0.0,0.0,0.0,0.0,0.0,0.0,370,否,否,否,否,否,否,7.472,21.468,52.0,-5.821,25.2,221.3,60.9,61.8,60.1,60.1,60.1,60.1,60.5,61.1,60.0,60.0,60.0,60.0,16.33,16.57,16.09,16.09,16.58,16.58,1.86,13.89,16.06,0.27,0.23,0,0,0.0,0.0,0,0.000,
17.9.2026,23:13:3.751,6054,33458,15.3,5813,10369,35.9,0.0,23329,0,0.762,0.795,0.757,0.747,0.747,0.678,0.696,1000.0,1000.0,1000.0,1000.0,1000.0,100.0,800.0,34.1,140.4,76.9,43.9,9.9,1.1,0.3,0.3,0.3,34.1,3.0,11.0,6.0,4.1,1.2,0.0,0.4,0.4,0.4,11.0,3.0,100.0,1.3,5.0,2.9,1.8,0.4,0.0,0.0,0.0,0.0,1.3,10.0,10.0,10.0,10.0,10.0,8.0,34,32,35,34,34,66,68,65,66,66,38,35,否,否,否,否,否,否,否,否,否,否,否,否,否,否,否,否,否,否,36,35,36,0.250,1.503,0.145,0.009,2.784,0.662,0.235,0.419,35.0,30.0,64.0,64.0,0,17.8,4.4,1.9,2.1,52.1,3.2,13.4,7.1,3.8,0.9,0.1,0.0,0.0,0.0,94.5,82.8,95.5,99.8,99.9,1066.7,10.67,15,15,15,35,74,374,1,2,否,否,否,否,否,否,否,否,否,否,否,否,否,否,否,否,否,否,否,否,否,否,否,否,否,否,否,否,否,否,否,否,否,否,否,否,否,35.0,35,35,34,97.0,100.0,否,否,24293,21074,0.0,0.5,0.5,0.000,0.010,5718,2093,37,0.009,100.0,1066.0,0.0,0.0,0.0,0.0,0.0,0.0,0.0,370,否,否,否,否,否,否,7.477,21.461,52.0,-5.787,25.2,222.5,60.9,61.8,60.1,60.1,60.1,60.1,60.5,61.1,60.0,60.0,60.0,60.0,16.33,16.57,16.09,16.09,16.58,16.58,1.86,13.89,16.06,0.27,0.23,0,0,0.0,0.0,0,0.000,
17.9.2026,23:13:5.761,6054,33458,15.3,5812,10370,35.9,0.0,23329,0,0.767,0.797,0.765,0.752,0.752,0.678,0.741,1075.0,1000.0,1100.0,1100.0,1100.0,100.0,800.0,28.9,126.1,79.2,25.1,0.2,0.2,0.2,0.2,0.2,28.9,2.4,10.5,6.7,2.1,0.0,0.0,0.0,0.0,0.0,10.5,2.4,100.0,1.1,4.4,3.0,1.0,0.0,0.0,0.0,0.0,0.0,1.1,10.8,10.0,11.0,11.0,11.0,8.0,33,31,33,36,33,67,69,67,64,67,36,36,否,否,否,否,否,否,否,否,否,否,否,否,否,否,否,否,否,否,37,34,37,0.250,1.534,0.143,0.006,2.806,0.678,0.231,0.439,35.0,30.0,64.0,64.0,0,18.2,6.0,1.6,2.3,51.8,2.8,12.6,7.5,2.1,0.0,0.0,0.0,0.0,0.0,95.2,83.3,97.8,99.9,99.9,1066.7,10.67,15,15,15,35,74,374,1,2,否,否,否,否,否,否,否,否,否,否,否,否,否,否,否,否,否,否,否,否,否,否,否,否,否,否,否,否,否,否,否,否,否,否,否,否,否,34.0,35,35,34,97.0,100.0,否,否,24293,21074,0.0,1.9,1.9,0.000,0.047,5718,2093,37,0.006,100.0,1066.0,0.0,0.0,0.0,0.0,0.0,0.0,0.0,370,否,否,否,否,否,否,7.473,21.461,52.0,-5.747,25.2,224.1,60.9,61.8,60.1,60.1,60.1,60.1,60.5,61.1,60.0,60.0,60.0,60.0,16.33,16.57,16.09,16.09,16.58,16.58,1.86,13.89,16.06,0.27,0.23,0,0,0.0,0.0,0,0.000,
17.9.2026,23:13:7.768,6054,33458,15.3,5811,10371,35.9,0.0,23329,0,0.762,0.795,0.757,0.747,0.747,0.678,0.696,1000.0,1000.0,1000.0,1000.0,1000.0,100.0,800.0,30.6,120.8,83.8,35.8,2.7,0.9,0.2,0.8,0.2,30.6,5.6,10.2,7.5,3.2,0.7,22.7,0.0,0.5,0.0,22.7,5.6,100.0,1.1,4.2,3.2,1.5,0.1,0.0,0.0,0.0,0.0,1.1,10.0,10.0,10.0,10.0,10.0,8.0,34,32,35,35,34,66,68,65,65,66,37,35,否,否,否,否,否,否,否,否,否,否,否,否,否,否,否,否,否,否,37,36,37,0.250,1.536,0.159,0.007,2.842,0.670,0.225,0.434,35.0,30.0,64.0,64.0,0,18.1,6.4,2.2,2.3,50.5,2.9,11.9,7.9,2.9,0.2,0.1,0.0,0.1,0.0,95.0,83.4,97.0,99.9,99.9,1066.7,10.67,15,15,15,35,74,374,1,2,否,否,否,否,否,否,否,否,否,否,否,否,否,否,否,否,否,否,否,否,否,否,否,否,否,否,否,否,否,否,否,否,否,否,否,否,否,35.0,35,35,34,97.0,100.0,否,否,24293,21074,0.0,1.0,1.0,0.000,0.014,5718,2093,38,0.007,100.0,1066.0,0.0,0.0,0.0,0.0,0.0,0.0,0.0,370,否,否,否,否,否,否,7.477,21.453,51.9,-5.742,25.2,224.2,60.9,61.8,60.1,60.1,60.1,60.1,60.5,61.1,60.0,60.0,60.0,60.0,16.33,16.57,16.09,16.09,16.58,16.58,1.86,13.89,16.06,0.27,0.23,0,0,0.0,0.0,0,0.000,
17.9.2026,23:13:9.771,6054,33458,15.3,5809,10373,35.8,0.0,23329,0,0.762,0.795,0.757,0.747,0.747,0.678,0.698,1000.0,1000.0,1000.0,1000.0,1000.0,100.0,800.0,29.3,112.3,98.3,18.9,3.5,0.9,0.2,0.2,0.2,29.3,2.3,8.8,8.0,1.4,0.0,0.6,0.0,0.0,0.0,8.8,2.3,100.0,1.1,3.9,3.8,0.7,0.1,0.0,0.0,0.0,0.0,1.1,10.0,10.0,10.0,10.0,10.0,8.0,34,31,34,35,35,66,69,66,65,65,37,35,否,否,否,否,否,否,否,否,否,否,否,否,否,否,否,否,否,否,37,35,37,0.250,1.489,0.159,0.007,2.757,0.636,0.208,0.433,35.0,30.0,64.0,64.0,0,18.0,6.2,2.4,1.9,51.8,2.8,11.1,9.0,1.8,0.3,0.1,0.0,0.0,0.0,95.2,83.0,97.9,99.9,99.9,1066.7,10.67,15,15,15,35,74,374,1,2,否,否,否,否,否,否,否,否,否,否,否,否,否,否,否,否,否,否,否,否,否,否,否,否,否,否,否,否,否,否,否,否,否,否,否,否,否,35.0,35,35,35,97.0,100.0,否,否,24293,21074,0.0,1.0,1.0,0.000,0.010,5718,2093,37,0.007,100.0,1066.0,0.0,0.0,0.0,0.0,0.0,0.0,0.0,370,否,否,否,否,否,否,7.476,21.453,51.9,-5.697,25.2,225.9,60.9,61.8,60.1,60.1,60.1,60.1,60.5,61.1,60.0,60.0,60.0,60.0,16.33,16.57,16.09,16.09,16.58,16.58,1.86,13.89,16.06,0.27,0.23,0,0,0.0,0.0,0,0.000,
17.9.2026,23:13:11.780,6066,33445,15.3,5826,10356,36.0,0.0,23329,0,0.961,1.130,0.925,0.885,0.905,0.966,0.736,3225.0,4199.9,2900.0,2900.0,2900.0,100.0,3599.9,149.8,552.0,473.2,75.2,91.5,5.4,0.2,0.7,0.2,149.8,5.6,20.5,16.2,3.4,2.5,0.0,0.4,1.2,0.4,20.5,5.6,100.0,6.1,22.2,19.3,3.0,3.7,0.2,0.0,0.0,0.0,6.1,32.2,42.0,29.0,29.0,29.0,36.0,47,64,38,50,36,53,36,62,50,64,64,64,否,否,否,否,否,否,否,否,否,否,否,否,否,否,否,否,否,否,76,76,40,7.750,4.029,2.208,0.004,6.528,0.864,0.379,0.605,35.0,30.0,64.0,64.0,0,13.9,6.8,1.3,1.7,38.8,5.7,21.9,16.6,3.3,3.0,0.4,0.0,0.1,0.0,89.8,66.1,93.9,99.5,99.9,1600.0,16.00,22,22,22,52,74,560,1,2,是,否,否,否,否,否,否,否,否,否,是,否,否,否,否,否,否,否,否,否,否,否,否,否,否,否,否,否,否,否,否,否,否,否,否,否,否,35.0,35,35,34,97.0,100.0,否,否,24293,21074,0.0,4.8,4.8,0.000,0.137,5718,2094,39,0.004,100.0,1599.0,0.0,0.0,0.0,0.0,0.0,0.0,0.0,370,否,否,否,否,否,否,7.477,21.453,51.9,-5.683,25.2,226.5,60.9,61.8,60.1,60.1,60.1,60.1,60.5,61.1,60.0,60.0,60.0,60.0,16.33,16.57,16.09,16.09,16.58,16.58,1.86,13.89,16.06,0.27,0.23,0,0,0.0,0.0,0,0.000,
17.9.2026,23:13:13.787,6064,33448,15.3,5820,10362,35.9,0.0,23329,0,0.849,1.130,0.767,0.745,0.752,0.966,0.736,1950.0,4199.9,1200.0,1200.0,1200.0,100.0,3599.9,490.3,2096.8,1318.0,416.4,61.8,25.1,1.4,2.4,0.6,490.3,13.4,52.9,34.0,13.5,2.1,3.4,0.6,0.0,0.5,52.9,13.4,100.0,20.4,87.2,54.7,17.2,2.5,1.0,0.1,0.1,0.0,20.4,19.5,42.0,12.0,12.0,12.0,36.0,48,64,39,50,37,52,36,61,50,63,64,64,否,否,否,否,否,否,否,否,否,否,否,否,否,否,否,否,否,否,38,36,38,0.250,11.394,9.060,0.001,16.746,1.251,0.348,0.598,35.0,30.0,64.0,64.0,0,1.4,1.5,0.2,1.7,0.4,13.3,53.4,34.5,14.0,2.5,1.4,0.1,0.2,0.1,72.8,8.7,84.4,98.4,99.7,1600.0,16.00,22,22,22,52,74,560,1,2,是,否,否,否,否,否,否,否,否,否,是,否,否,否,否,否,否,否,否,否,否,否,否,否,否,否,否,否,否,否,否,否,否,否,否,否,否,35.0,35,35,34,97.0,100.0,否,否,24293,21074,0.0,1.0,1.0,0.000,0.110,5718,2094,39,0.001,100.0,1599.0,0.0,0.0,0.0,0.0,0.0,0.0,0.0,370,否,否,否,否,否,否,7.212,21.445,51.9,-6.563,25.2,196.1,60.9,61.8,60.1,60.1,60.1,60.1,60.5,61.1,60.0,60.0,60.0,60.0,16.33,16.57,16.09,16.09,16.58,16.58,1.86,13.89,16.06,0.27,0.23,0,0,0.0,0.0,0,0.000,
17.9.2026,23:13:15.784,6052,33460,15.3,5817,10365,35.9,0.0,23329,0,0.765,0.797,0.762,0.750,0.750,0.683,0.696,1100.0,1100.0,1100.0,1100.0,1100.0,100.0,900.0,50.6,186.4,177.2,38.3,1.5,0.9,0.2,0.5,0.2,50.6,3.4,12.1,9.4,2.8,0.9,1.6,0.0,0.0,0.0,12.1,3.4,100.0,2.0,6.9,7.1,1.6,0.0,0.0,0.0,0.0,0.0,2.0,11.0,11.0,11.0,11.0,11.0,9.0,34,32,35,36,35,66,68,65,64,65,38,36,否,否,否,否,否,否,否,否,否,否,否,否,否,否,否,否,否,否,38,36,38,0.250,1.935,0.448,0.006,3.524,0.699,0.247,0.504,35.0,30.0,64.0,64.0,0,17.0,6.6,1.9,2.3,48.5,3.4,14.0,10.2,2.9,0.1,0.1,0.0,0.1,0.0,94.1,79.5,97.0,99.9,99.9,1066.7,10.67,15,15,15,35,74,374,1,2,是,否,否,否,否,否,否,否,否,否,是,否,否,否,否,否,否,否,否,否,否,否,否,否,否,否,否,否,否,否,否,否,否,否,否,否,否,36.0,35,35,33,97.0,100.0,否,否,24293,21074,0.0,1.5,1.5,0.000,0.185,5718,2094,38,0.006,100.0,1066.0,0.0,0.0,0.0,0.0,0.0,0.0,0.0,370,否,否,否,否,否,否,7.464,21.430,51.9,-7.464,25.2,172.3,60.9,61.8,60.1,60.1,60.1,60.1,60.5,61.1,60.0,60.0,60.0,60.0,16.33,16.57,16.09,16.09,16.58,16.58,1.86,13.89,16.06,0.27,0.23,0,0,0.0,0.0,0,0.000,
17.9.2026,23:13:17.777,6051,33461,15.3,5816,10367,35.9,0.0,23329,0,0.761,0.795,0.757,0.747,0.745,0.678,0.696,1000.0,1000.0,1000.0,1000.0,1000.0,100.0,800.0,29.6,125.2,88.5,19.7,0.3,2.2,0.2,0.4,0.2,29.6,2.8,10.6,7.8,2.0,0.0,1.3,0.3,0.0,0.3,10.6,2.8,100.0,1.1,4.4,3.4,0.8,0.0,0.1,0.0,0.0,0.0,1.1,10.0,10.0,10.0,10.0,10.0,8.0,35,32,35,37,35,65,68,65,63,65,39,37,否,否,否,否,否,否,否,否,否,否,否,否,否,否,否,否,否,否,38,35,38,0.250,1.517,0.145,0.006,2.806,0.669,0.226,0.434,35.0,30.0,64.0,64.0,0,17.8,6.5,2.2,2.0,51.2,2.8,12.3,8.3,1.8,0.0,0.2,0.0,0.1,0.0,95.1,82.7,98.1,99.7,99.9,1066.7,10.67,15,15,15,35,74,374,1,2,否,否,否,否,否,否,否,否,否,否,否,否,否,否,否,否,否,否,否,否,否,否,否,否,否,否,否,否,否,否,否,否,否,否,否,否,否,35.0,35,35,33,97.0,100.0,否,否,24293,21074,0.0,1.0,1.0,0.000,0.010,5718,2094,38,0.006,100.0,1066.0,0.0,0.0,0.0,0.0,0.0,0.0,0.0,370,否,否,否,否,否,否,7.462,21.430,51.9,-7.208,25.2,178.4,60.9,61.8,60.1,60.1,60.1,60.1,60.5,61.1,60.0,60.0,60.0,60.0,16.33,16.57,16.09,16.09,16.58,16.58,1.86,13.89,16.06,0.27,0.23,0,0,0.0,0.0,0,0.000,
17.9.2026,23:13:19.791,6050,33461,15.3,5814,10368,35.9,0.0,23329,0,0.762,0.797,0.757,0.747,0.747,0.686,0.738,1025.0,1100.0,1000.0,1000.0,1000.0,100.0,900.0,29.4,111.9,84.4,35.1,2.5,0.4,0.2,0.2,0.2,29.4,2.5,9.1,7.1,2.6,0.9,0.0,0.0,0.0,0.0,9.1,2.5,100.0,1.1,3.9,3.2,1.4,0.1,0.0,0.0,0.0,0.0,1.1,10.2,11.0,10.0,10.0,10.0,9.0,35,32,36,37,34,65,68,64,63,66,38,37,否,否,否,否,否,否,否,否,否,否,否,否,否,否,否,否,否,否,38,36,38,0.250,1.531,0.152,0.008,2.774,0.672,0.230,0.434,35.0,30.0,64.0,64.0,0,17.9,6.2,1.9,2.3,52.1,2.8,11.1,7.9,2.8,0.2,0.1,0.0,0.0,0.0,95.2,84.1,96.9,99.9,99.9,1066.7,10.67,15,15,15,35,74,374,1,2,否,否,否,否,否,否,否,否,否,否,否,否,否,否,否,否,否,否,否,否,否,否,否,否,否,否,否,否,否,否,否,否,否,否,否,否,否,35.0,35,35,34,97.0,100.0,否,否,24293,21074,0.0,1.0,1.0,0.000,0.014,5718,2094,38,0.008,100.0,1066.0,0.0,0.0,0.0,0.0,0.0,0.0,0.0,370,否,否,否,否,否,否,7.472,21.430,51.9,-6.994,25.2,183.8,60.9,61.8,60.1,60.1,60.1,60.1,60.5,61.1,60.0,60.0,60.0,60.0,16.33,16.57,16.09,16.09,16.58,16.58,1.86,13.89,16.06,0.27,0.23,0,0,0.0,0.0,0,0.000,
17.9.2026,23:13:21.783,6052,33460,15.3,5813,10370,35.9,0.0,23329,0,0.766,0.797,0.762,0.752,0.752,0.686,0.738,1100.0,1100.0,1100.0,1100.0,1100.0,100.0,900.0,29.6,114.9,77.7,34.5,4.2,5.3,0.2,0.2,0.2,29.6,2.1,8.9,6.1,0.0,0.0,0.8,0.4,0.4,0.4,8.9,2.1,100.0,1.1,4.0,2.9,1.4,0.1,0.2,0.0,0.0,0.0,1.1,11.0,11.0,11.0,11.0,11.0,9.0,34,31,35,36,34,66,69,65,64,66,38,36,否,否,否,否,否,否,否,否,否,否,否,否,否,否,否,否,否,否,38,35,38,0.250,1.594,0.162,0.008,3.363,0.675,0.222,0.486,35.0,30.0,64.0,64.0,0,17.7,8.3,1.7,2.1,50.5,2.8,11.3,7.3,2.8,0.3,0.5,0.0,0.0,0.0,95.2,84.3,97.0,99.5,99.9,1066.7,10.67,15,15,15,35,74,374,1,2,否,否,否,否,否,否,否,否,否,否,否,否,否,否,否,否,否,否,否,否,否,否,否,否,否,否,否,否,否,否,否,否,否,否,否,否,否,35.0,35,35,35,97.0,100.0,否,否,24293,21074,0.0,1.3,1.3,0.000,0.016,5718,2094,37,0.008,100.0,1066.0,0.0,0.0,0.0,0.0,0.0,0.0,0.0,370,否,否,否,否,否,否,7.440,21.423,51.9,-6.897,25.2,186.4,60.9,61.8,60.1,60.1,60.1,60.1,60.5,61.1,60.0,60.0,60.0,60.0,16.33,16.57,16.09,16.09,16.58,16.58,1.86,13.89,16.06,0.27,0.23,0,0,0.0,0.0,0,0.000,
17.9.2026,23:13:23.793,6051,33460,15.3,5810,10372,35.9,0.0,23329,0,0.762,0.792,0.757,0.750,0.747,0.678,0.696,1000.0,1000.0,1000.0,1000.0,1000.0,100.0,800.0,30.4,128.0,75.1,19.9,18.4,0.8,0.2,0.5,0.2,30.4,3.3,10.6,6.4,8.2,1.2,0.1,0.0,0.0,0.0,10.6,3.3,100.0,1.1,4.5,2.8,0.8,0.8,0.0,0.0,0.0,0.0,1.1,10.0,10.0,10.0,10.0,10.0,8.0,34,32,34,36,34,66,68,66,64,66,37,36,否,否,否,否,否,否,否,否,否,否,否,否,否,否,否,否,否,否,37,35,38,0.250,1.414,0.152,0.005,2.730,0.629,0.214,0.372,35.0,30.0,64.0,64.0,0,17.8,3.6,2.2,1.9,54.1,2.9,12.6,7.2,1.9,1.3,0.1,0.0,0.1,0.0,95.0,83.6,96.8,99.9,99.9,1066.7,10.67,15,15,15,35,74,374,1,2,否,否,否,否,否,否,否,否,否,否,否,否,否,否,否,否,否,否,否,否,否,否,否,否,否,否,否,否,否,否,否,否,否,否,否,否,否,36.0,35,35,34,97.0,100.0,否,否,24293,21074,0.0,0.5,0.5,0.000,0.010,5718,2094,37,0.005,100.0,1066.0,0.0,0.0,0.0,0.0,0.0,0.0,0.0,370,否,否,否,否,否,否,7.475,21.423,51.9,-6.780,25.2,189.6,60.9,61.8,60.1,60.1,60.1,60.1,60.5,61.1,60.0,60.0,60.0,60.0,16.33,16.57,16.09,16.09,16.58,16.58,1.86,13.89,16.06,0.27,0.23,0,0,0.0,0.0,0,0.000,
17.9.2026,23:13:25.808,6051,33461,15.3,5809,10373,35.8,0.0,23329,0,0.761,0.795,0.757,0.747,0.745,0.678,0.736,1000.0,1000.0,1000.0,1000.0,1000.0,100.0,800.0,29.7,127.9,81.5,12.0,12.3,3.7,0.2,0.2,0.2,29.7,2.4,10.4,7.3,1.4,0.5,0.0,0.0,0.0,0.0,10.4,2.4,100.0,1.1,4.5,3.1,0.4,0.5,0.1,0.0,0.0,0.0,1.1,10.0,10.0,10.0,10.0,10.0,8.0,34,31,35,35,35,66,69,65,65,65,38,35,否,否,否,否,否,否,否,否,否,否,否,否,否,否,否,否,否,否,36,35,38,0.250,1.511,0.169,0.006,2.753,0.642,0.214,0.440,35.0,30.0,64.0,64.0,0,17.7,6.0,2.0,1.8,53.0,2.8,12.0,7.7,1.2,1.0,0.4,0.0,0.0,0.0,95.2,83.3,97.8,99.6,99.9,1066.7,10.67,15,15,15,35,74,374,1,2,否,否,否,否,否,否,否,否,否,否,否,否,否,否,否,否,否,否,否,否,否,否,否,否,否,否,否,否,否,否,否,否,否,否,否,否,否,35.0,35,35,34,97.0,100.0,否,否,24293,21074,0.0,1.5,1.5,0.000,0.093,5718,2095,37,0.006,100.0,1066.0,0.0,0.0,0.0,0.0,0.0,0.0,0.0,370,否,否,否,否,否,否,7.450,21.415,51.8,-6.593,25.2,194.9,60.9,61.8,60.1,60.1,60.1,60.1,60.5,61.1,60.0,60.0,60.0,60.0,16.33,16.57,16.09,16.09,16.58,16.58,1.86,13.89,16.06,0.27,0.23,0,0,0.0,0.0,0,0.000,
17.9.2026,23:13:27.801,6050,33462,15.3,5807,10375,35.8,0.0,23329,0,0.767,0.797,0.762,0.755,0.752,0.686,0.738,1100.0,1100.0,1100.0,1100.0,1100.0,100.0,900.0,30.7,141.2,88.5,9.9,2.8,2.2,0.3,0.4,0.3,30.7,2.7,11.1,7.3,0.8,0.2,0.2,0.8,0.8,0.8,11.1,2.7,100.0,1.1,5.1,3.4,0.3,0.1,0.1,0.0,0.0,0.0,1.1,11.0,11.0,11.0,11.0,11.0,9.0,34,32,36,35,34,66,68,64,65,66,37,36,否,否,否,否,否,否,否,否,否,否,否,否,否,否,否,否,否,否,38,35,38,0.250,1.622,0.167,0.006,3.029,0.681,0.228,0.504,35.0,30.0,64.0,64.0,0,17.8,8.3,2.3,2.0,49.7,2.9,13.1,8.1,1.0,0.3,0.2,0.0,0.0,0.0,95.1,82.1,98.7,99.7,99.9,1066.7,10.67,15,15,15,35,74,374,1,2,否,否,否,否,否,否,否,否,否,否,否,否,否,否,否,否,否,否,否,否,否,否,否,否,否,否,否,否,否,否,否,否,否,否,否,否,否,35.0,35,35,34,97.0,100.0,否,否,24293,21074,0.0,3.4,3.4,0.000,0.100,5718,2095,37,0.006,100.0,1066.0,0.0,0.0,0.0,0.0,0.0,0.0,0.0,370,否,否,否,否,否,否,7.436,21.415,51.8,-6.447,25.2,199.3,60.9,61.8,60.1,60.1,60.1,60.1,60.5,61.1,60.0,60.0,60.0,60.0,16.33,16.57,16.09,16.09,16.58,16.58,1.86,13.89,16.06,0.27,0.23,0,0,0.0,0.0,0,0.000,
17.9.2026,23:13:29.801,6050,33461,15.3,5805,10377,35.8,0.0,23329,0,0.762,0.795,0.757,0.750,0.747,0.678,0.696,1000.0,1000.0,1000.0,1000.0,1000.0,100.0,800.0,29.3,115.4,77.3,22.5,18.4,0.6,0.2,0.2,0.2,29.3,2.4,9.4,6.5,1.7,1.2,0.0,0.0,0.0,0.0,9.4,2.4,100.0,1.1,4.0,2.9,0.9,0.8,0.0,0.0,0.0,0.0,1.1,10.0,10.0,10.0,10.0,10.0,8.0,34,32,35,35,35,66,68,65,65,65,38,35,否,否,否,否,否,否,否,否,否,否,否,否,否,否,否,否,否,否,38,36,38,0.250,1.535,0.164,0.007,2.778,0.666,0.232,0.433,35.0,30.0,64.0,64.0,0,18.2,5.8,1.6,2.2,52.5,2.8,11.5,7.3,1.9,1.3,0.1,0.0,0.0,0.0,95.2,84.1,96.8,99.9,99.9,1066.7,10.67,15,15,15,35,74,374,1,2,否,否,否,否,否,否,否,否,否,否,否,否,否,否,否,否,否,否,否,否,否,否,否,否,否,否,否,否,否,否,否,否,否,否,否,否,否,35.0,35,35,34,97.0,100.0,否,否,24293,21074,0.0,1.0,1.0,0.000,0.014,5718,2095,38,0.007,100.0,1066.0,0.0,0.0,0.0,0.0,0.0,0.0,0.0,370,否,否,否,否,否,否,7.420,21.415,51.8,-6.322,25.2,203.2,60.9,61.8,60.1,60.1,60.1,60.1,60.5,61.1,60.0,60.0,60.0,60.0,16.33,16.57,16.09,16.09,16.58,16.58,1.86,13.89,16.06,0.27,0.23,0,0,0.0,0.0,0,0.000,
17.9.2026,23:13:31.802,6050,33462,15.3,5804,10379,35.8,0.0,23329,0,0.761,0.792,0.755,0.747,0.747,0.678,0.696,1000.0,1000.0,1000.0,1000.0,1000.0,100.0,800.0,28.5,122.6,80.7,23.6,0.2,0.3,0.2,0.2,0.2,28.5,2.2,9.6,6.6,1.7,0.0,0.0,0.0,0.0,0.0,9.6,2.2,100.0,1.0,4.3,3.0,1.0,0.0,0.0,0.0,0.0,0.0,1.0,10.0,10.0,10.0,10.0,10.0,8.0,34,32,36,36,33,66,68,64,64,67,38,36,否,否,否,否,否,否,否,否,否,否,否,否,否,否,否,否,否,否,38,35,38,0.250,1.630,0.162,0.006,3.105,0.665,0.213,0.539,35.0,30.0,64.0,64.0,0,17.5,9.9,1.2,1.6,50.3,2.7,11.8,7.6,2.0,0.0,0.0,0.0,0.0,0.0,95.3,83.5,97.9,99.9,99.9,1066.7,10.67,15,15,15,35,74,374,1,2,否,否,否,否,否,否,否,否,否,否,否,否,否,否,否,否,否,否,否,否,否,否,否,否,否,否,否,否,否,否,否,否,否,否,否,否,否,34.0,35,35,34,97.0,100.0,否,否,24293,21074,0.0,1.5,1.5,0.000,0.095,5718,2095,37,0.006,100.0,1066.0,0.0,0.0,0.0,0.0,0.0,0.0,0.0,370,否,否,否,否,否,否,7.428,21.407,51.8,-6.240,25.2,205.8,60.9,61.8,60.1,60.1,60.1,60.1,60.5,61.1,60.0,60.0,60.0,60.0,16.33,16.57,16.09,16.09,16.58,16.58,1.86,13.89,16.06,0.27,0.23,0,0,0.0,0.0,0,0.000,
17.9.2026,23:13:33.802,6050,33461,15.3,5803,10379,35.8,0.0,23329,0,0.762,0.795,0.757,0.750,0.747,0.678,0.696,1000.0,1000.0,1000.0,1000.0,1000.0,100.0,800.0,30.2,123.1,102.1,12.4,1.4,0.9,0.2,1.6,0.2,30.2,2.8,9.9,8.1,0.9,0.7,0.7,0.6,0.8,0.6,9.9,2.8,100.0,1.1,4.3,3.9,0.5,0.0,0.0,0.0,0.1,0.0,1.1,10.0,10.0,10.0,10.0,10.0,8.0,34,32,35,35,34,66,68,65,65,66,37,35,否,否,否,否,否,否,否,否,否,否,否,否,否,否,否,否,否,否,37,36,37,0.250,1.600,0.160,0.008,2.991,0.679,0.230,0.485,35.0,30.0,64.0,64.0,0,17.8,7.6,1.8,2.3,50.1,2.8,12.1,9.0,1.2,0.1,0.1,0.0,0.2,0.0,95.1,82.0,98.6,99.9,99.8,1066.7,10.67,15,15,15,35,74,374,1,2,否,否,否,否,否,否,否,否,否,否,否,否,否,否,否,否,否,否,否,否,否,否,否,否,否,否,否,否,否,否,否,否,否,否,否,否,否,34.0,34,34,34,97.0,100.0,否,否,24293,21074,0.0,1.9,1.9,0.000,0.018,5718,2095,37,0.008,100.0,1066.0,0.0,0.0,0.0,0.0,0.0,0.0,0.0,370,否,否,否,否,否,否,7.425,21.407,51.8,-6.155,25.2,208.7,60.9,61.8,60.1,60.1,60.1,60.1,60.5,61.1,60.0,60.0,60.0,60.0,16.33,16.57,16.09,16.09,16.58,16.58,1.86,13.89,16.06,0.27,0.23,0,0,0.0,0.0,0,0.000,
17.9.2026,23:13:35.794,6050,33461,15.3,5806,10376,35.8,0.0,23329,0,0.763,0.797,0.757,0.750,0.747,0.678,0.696,1000.0,1000.0,1000.0,1000.0,1000.0,100.0,800.0,28.5,106.9,99.3,19.1,1.1,0.9,0.2,0.7,0.2,28.5,2.7,9.0,8.4,2.0,0.4,0.4,0.4,0.4,0.4,9.0,2.7,100.0,1.0,3.7,3.8,0.8,0.0,0.0,0.0,0.0,0.0,1.0,10.0,10.0,10.0,10.0,10.0,8.0,33,31,34,35,33,67,69,66,65,67,37,35,否,否,否,否,否,否,否,否,否,否,否,否,否,否,否,否,否,否,38,35,38,0.250,1.613,0.162,0.007,2.985,0.681,0.230,0.500,35.0,30.0,64.0,64.0,0,17.8,8.2,1.4,2.2,50.9,2.7,10.7,8.8,1.8,0.1,0.1,0.0,0.1,0.0,95.3,83.5,98.0,99.9,99.9,1066.7,10.67,15,15,15,35,74,374,1,2,否,否,否,否,否,否,否,否,否,否,否,否,否,否,否,否,否,否,否,否,否,否,否,否,否,否,否,否,否,否,否,否,否,否,否,否,否,35.0,34,34,33,97.0,100.0,否,否,24293,21074,0.0,1.6,1.6,0.000,0.075,5718,2095,37,0.007,100.0,1066.0,0.0,0.0,0.0,0.0,0.0,0.0,0.0,370,否,否,否,否,否,否,7.435,21.407,51.8,-6.089,25.2,210.9,60.9,61.8,60.1,60.1,60.1,60.1,60.5,61.1,60.0,60.0,60.0,60.0,16.33,16.57,16.09,16.09,16.58,16.58,1.86,13.89,16.06,0.27,0.23,0,0,0.0,0.0,0,0.000,
17.9.2026,23:13:37.806,6050,33462,15.3,5809,10374,35.8,0.0,23329,0,0.762,0.795,0.757,0.747,0.747,0.681,0.698,1000.0,1000.0,1000.0,1000.0,1000.0,100.0,800.0,30.9,121.3,109.7,7.3,6.2,1.6,0.4,0.7,0.2,30.9,2.3,9.5,8.4,0.3,0.2,0.0,0.0,0.0,0.0,9.5,2.3,100.0,1.1,4.2,4.2,0.3,0.2,0.1,0.0,0.0,0.0,1.1,10.0,10.0,10.0,10.0,10.0,8.0,34,32,35,36,33,66,68,65,64,67,37,36,否,否,否,否,否,否,否,否,否,否,否,否,否,否,否,否,否,否,38,36,37,0.250,1.563,0.168,0.008,2.876,0.666,0.226,0.460,35.0,30.0,64.0,64.0,0,17.9,6.2,1.5,2.4,51.7,2.8,11.7,9.5,0.7,0.5,0.1,0.0,0.1,0.0,95.1,81.9,98.8,99.8,99.9,1066.7,10.67,15,15,15,35,74,374,1,2,否,否,否,否,否,否,否,否,否,否,否,否,否,否,否,否,否,否,否,否,否,否,否,否,否,否,否,否,否,否,否,否,否,否,否,否,否,34.0,34,34,33,97.0,100.0,否,否,24293,21074,0.0,1.4,1.4,0.000,0.020,5718,2095,38,0.008,100.0,1066.0,0.0,0.0,0.0,0.0,0.0,0.0,0.0,370,否,否,否,否,否,否,7.459,21.407,51.8,-6.034,25.2,212.8,60.9,61.8,60.1,60.1,60.1,60.1,60.5,61.1,60.0,60.0,60.0,60.0,16.33,16.57,16.09,16.09,16.58,16.58,1.86,13.89,16.06,0.27,0.23,0,0,0.0,0.0,0,0.000,
17.9.2026,23:13:39.809,6049,33462,15.3,5809,10373,35.9,0.0,23329,0,0.762,0.792,0.757,0.750,0.747,0.678,0.696,1000.0,1000.0,1000.0,1000.0,1000.0,100.0,800.0,29.3,114.1,97.2,15.6,5.9,0.6,0.2,0.4,0.2,29.3,2.7,9.7,8.1,1.6,0.2,0.5,0.4,0.5,0.4,9.7,2.7,100.0,1.1,3.9,3.7,0.6,0.2,0.0,0.0,0.0,0.0,1.1,10.0,10.0,10.0,10.0,10.0,8.0,34,34,35,35,33,66,66,65,65,67,38,35,否,否,否,否,否,否,否,否,否,否,否,否,否,否,否,否,否,否,38,35,38,0.250,1.418,0.158,0.007,2.525,0.625,0.216,0.377,35.0,30.0,64.0,64.0,0,18.0,3.5,1.7,2.3,54.9,2.7,11.3,8.5,1.3,0.6,0.1,0.0,0.1,0.0,95.3,83.2,98.1,99.9,99.9,1066.7,10.67,15,15,15,35,74,374,1,2,是,否,否,否,否,否,否,否,否,否,是,否,否,否,否,否,否,否,否,否,否,否,否,否,否,否,否,否,否,否,否,否,否,否,否,否,否,34.0,34,34,33,97.0,100.0,否,否,24293,21074,0.0,1.0,1.0,0.000,0.010,5718,2095,38,0.007,100.0,1066.0,0.0,0.0,0.0,0.0,0.0,0.0,0.0,370,否,否,否,否,否,否,7.463,21.400,51.8,-5.985,25.2,214.5,60.9,61.8,60.1,60.1,60.1,60.1,60.5,61.1,60.0,60.0,60.0,60.0,16.33,16.57,16.09,16.09,16.58,16.58,1.86,13.89,16.06,0.27,0.23,0,0,0.0,0.0,0,0.000,
17.9.2026,23:13:41.821,6049,33462,15.3,5810,10373,35.9,0.0,23329,0,0.762,0.795,0.757,0.750,0.747,0.681,0.698,1000.0,1000.0,1000.0,1000.0,1000.0,100.0,800.0,29.6,115.9,90.6,17.0,4.7,5.2,0.5,1.9,1.0,29.6,2.3,9.5,7.2,0.0,1.2,0.5,0.1,0.2,0.1,9.5,2.3,100.0,1.1,4.0,3.4,0.7,0.2,0.2,0.0,0.1,0.0,1.1,10.0,10.0,10.0,10.0,10.0,8.0,34,32,34,35,33,66,68,66,65,67,37,35,否,否,否,否,否,否,否,否,否,否,否,否,否,否,否,否,否,否,37,35,37,0.250,1.523,0.167,0.007,2.739,0.651,0.224,0.435,35.0,30.0,64.0,64.0,0,18.2,5.9,2.0,2.1,53.0,2.8,11.5,8.0,1.6,0.4,0.5,0.0,0.2,0.1,95.2,83.6,98.2,99.5,99.8,1066.7,10.67,15,15,15,35,74,374,1,2,否,否,否,否,否,否,否,否,否,否,否,否,否,否,否,否,否,否,否,否,否,否,否,否,否,否,否,否,否,否,否,否,否,否,否,否,否,35.0,34,34,33,97.0,100.0,否,否,24293,21074,0.0,1.9,1.9,0.000,0.065,5718,2095,38,0.007,100.0,1066.0,0.0,0.0,0.0,0.0,0.0,0.0,0.0,370,否,否,否,否,否,否,7.463,21.400,51.8,-5.896,25.2,217.8,60.9,61.8,60.1,60.1,60.1,60.1,60.5,61.1,60.0,60.0,60.0,60.0,16.33,16.57,16.09,16.09,16.58,16.58,1.86,13.89,16.06,0.27,0.23,0,0,0.0,0.0,0,0.000,
17.9.2026,23:13:43.824,6045,33467,15.2,5802,10380,35.8,0.0,23329,0,0.761,0.795,0.755,0.747,0.747,0.678,0.696,1000.0,1000.0,1000.0,1000.0,1000.0,100.0,800.0,35.3,109.0,92.0,55.3,19.5,2.4,0.2,3.8,0.2,35.3,2.9,8.8,7.8,5.4,0.3,1.0,0.0,0.0,0.0,8.8,2.9,100.0,1.3,3.7,3.5,2.2,0.8,0.1,0.0,0.2,0.0,1.3,10.0,10.0,10.0,10.0,10.0,8.0,34,31,36,35,36,66,69,64,65,64,38,36,否,否,否,否,否,否,否,否,否,否,否,否,否,否,否,否,否,否,37,35,37,0.250,1.658,0.199,0.007,3.142,0.676,0.232,0.509,35.0,30.0,64.0,64.0,0,17.5,7.7,2.0,2.0,49.3,3.2,10.9,8.7,4.1,1.2,0.2,0.0,0.3,0.0,94.5,83.4,95.1,99.7,99.6,1066.7,10.67,15,15,15,35,74,374,1,2,否,否,否,否,否,否,否,否,否,否,否,否,否,否,否,否,否,否,否,否,否,否,否,否,否,否,否,否,否,否,否,否,否,否,否,否,否,35.0,34,34,33,97.0,100.0,否,否,24293,21074,0.0,1.1,1.1,0.000,0.061,5718,2095,37,0.007,100.0,1066.0,0.0,0.0,0.0,0.0,0.0,0.0,0.0,317,否,否,否,否,否,否,7.464,21.400,51.8,-5.859,25.2,219.2,60.9,61.8,60.1,60.1,60.1,60.1,60.5,61.1,60.0,60.0,60.0,60.0,16.33,16.57,16.09,16.09,16.58,16.58,1.86,13.89,16.06,0.27,0.23,0,0,0.0,0.0,0,0.000,
17.9.2026,23:13:45.832,6044,33468,15.2,5800,10382,35.8,0.0,23329,0,0.761,0.792,0.755,0.750,0.747,0.678,0.738,1000.0,1000.0,1000.0,1000.0,1000.0,100.0,800.0,29.7,120.9,87.4,26.1,1.3,0.9,0.2,0.2,0.2,29.7,2.1,9.7,7.2,0.0,0.0,0.0,0.0,0.0,0.0,9.7,2.1,100.0,1.1,4.2,3.3,1.1,0.0,0.0,0.0,0.0,0.0,1.1,10.0,10.0,10.0,10.0,10.0,8.0,34,32,34,36,33,66,68,66,64,67,38,36,否,否,否,否,否,否,否,否,否,否,否,否,否,否,否,否,否,否,37,35,37,0.250,1.470,0.180,0.005,2.615,0.640,0.222,0.391,35.0,30.0,64.0,64.0,0,17.9,4.8,1.7,2.3,53.8,2.8,12.0,8.3,1.5,0.1,0.1,0.0,0.0,0.0,95.3,83.1,98.3,99.9,99.9,1066.7,10.67,15,15,15,35,74,374,1,2,否,否,否,否,否,否,否,否,否,否,否,否,否,否,否,否,否,否,否,否,否,否,否,否,否,否,否,否,否,否,否,否,否,否,否,否,否,35.0,34,34,33,97.0,100.0,否,否,24293,21074,0.0,0.6,0.6,0.000,0.130,5718,2096,37,0.005,100.0,1066.0,0.0,0.0,0.0,0.0,0.0,0.0,0.0,317,否,否,否,否,否,否,7.433,21.392,51.8,-5.798,25.2,221.4,60.9,61.8,60.1,60.1,60.1,60.1,60.5,61.1,60.0,60.0,60.0,60.0,16.33,16.57,16.09,16.09,16.58,16.58,1.86,13.89,16.06,0.27,0.23,0,0,0.0,0.0,0,0.000,
17.9.2026,23:13:47.844,6055,33457,15.3,5816,10367,35.9,0.0,23329,0,0.779,0.797,0.765,0.795,0.757,0.708,0.696,1400.0,1200.0,1200.0,2000.0,1200.0,100.0,1300.0,68.5,164.5,133.0,118.0,64.3,30.5,26.0,5.3,6.2,68.5,6.7,13.3,10.8,15.3,5.6,3.8,2.8,1.2,0.6,15.3,6.7,100.0,2.7,6.0,5.2,4.8,2.6,1.2,1.1,0.2,0.3,2.7,14.0,12.0,12.0,20.0,12.0,13.0,37,35,40,38,34,63,65,60,62,66,40,40,否,否,否,否,否,否,否,否,否,否,否,否,否,否,否,否,否,否,40,39,40,0.250,1.906,0.389,0.005,3.687,0.714,0.265,0.508,35.0,30.0,64.0,64.0,0,16.2,5.9,1.8,1.9,46.7,5.7,15.3,11.6,8.9,4.3,2.5,2.1,0.5,0.5,90.9,78.2,90.5,96.0,99.0,1066.7,10.67,15,15,15,35,74,374,1,2,是,否,否,否,否,否,否,否,否,否,是,否,否,否,否,否,否,否,否,否,否,否,否,否,否,否,否,否,否,否,否,否,否,否,否,否,否,35.0,34,34,33,97.0,100.0,否,否,24293,21074,0.0,1.5,1.5,0.000,0.043,5718,2096,39,0.005,100.0,1066.0,0.0,0.0,0.0,0.0,0.0,0.0,0.0,317,否,否,否,否,否,否,7.474,21.392,51.8,-5.785,25.2,221.9,60.9,61.8,60.1,60.1,60.1,60.1,60.5,61.1,60.0,60.0,60.0,60.0,16.33,16.57,16.09,16.09,16.58,16.58,1.86,13.89,16.06,0.27,0.23,0,0,0.0,0.0,0,0.000,
17.9.2026,23:13:49.858,6092,33419,15.4,5858,10324,36.2,0.0,23329,0,0.763,0.797,0.765,0.745,0.745,0.691,0.696,1100.0,1200.0,1200.0,1000.0,1000.0,100.0,1000.0,344.1,529.4,605.4,703.5,672.7,178.4,38.7,8.6,16.4,344.1,26.6,38.5,44.9,56.5,53.4,14.4,2.9,0.0,2.0,56.5,26.6,100.0,14.2,21.5,25.0,29.2,27.9,7.3,1.5,0.3,0.7,14.2,11.0,12.0,12.0,10.0,10.0,10.0,36,35,38,38,34,64,65,62,62,66,39,38,否,否,否,否,否,否,否,否,否,否,否,否,否,否,否,否,否,否,37,36,38,0.250,3.907,1.384,0.000,9.588,1.355,0.753,0.592,35.0,30.0,64.0,64.0,0,0.0,0.0,0.0,0.0,0.0,27.1,39.6,45.5,57.0,54.2,15.0,3.2,0.7,1.4,54.8,27.5,11.7,82.3,97.6,1066.7,10.67,15,15,15,35,74,374,1,2,是,否,否,否,否,否,否,否,否,否,是,否,否,否,否,否,否,否,否,否,否,否,否,否,否,否,否,否,否,否,否,否,否,否,否,否,否,36.0,34,34,33,97.0,100.0,否,否,24293,21074,0.0,2.2,2.2,0.000,0.285,5718,2096,38,0.000,100.0,1066.0,0.0,0.0,0.0,0.0,0.0,0.0,0.0,317,否,否,否,否,否,否,7.374,21.392,51.8,-6.128,25.2,209.4,60.9,61.8,60.1,60.1,60.1,60.1,60.5,61.1,60.0,60.0,60.0,60.0,16.33,16.57,16.09,16.09,16.58,16.58,1.86,13.89,16.06,0.27,0.23,0,0,0.0,0.0,0,0.000,
17.9.2026,23:13:51.875,6052,33460,15.3,5774,10408,35.6,0.0,23329,0,0.766,0.797,0.762,0.752,0.752,0.686,0.698,1100.0,1100.0,1100.0,1100.0,1100.0,100.0,900.0,50.8,167.1,144.5,33.1,35.4,9.0,1.8,12.7,2.6,50.8,4.6,12.8,10.7,2.4,3.5,0.6,0.8,5.2,0.9,12.8,4.6,100.0,1.9,6.2,5.7,1.3,1.4,0.3,0.1,0.5,0.1,1.9,11.0,11.0,11.0,11.0,11.0,9.0,34,32,36,36,34,66,68,64,64,66,38,36,否,否,否,否,否,否,否,否,否,否,否,否,否,否,否,否,否,否,38,36,38,0.250,1.872,0.277,0.009,3.923,0.752,0.274,0.541,35.0,30.0,64.0,64.0,0,16.6,9.2,2.0,2.1,43.6,4.3,14.8,11.4,2.7,2.9,0.8,0.2,1.0,0.3,92.5,77.5,94.5,99.0,98.8,1066.7,10.67,15,15,15,35,74,374,1,2,是,否,否,否,否,否,否,否,否,否,是,否,否,否,否,否,否,否,否,否,否,否,否,否,否,否,否,否,否,否,否,否,否,否,否,否,否,35.0,34,34,35,97.0,100.0,否,否,24293,21074,0.0,1.8,1.8,0.000,0.102,5718,2097,38,0.009,100.0,1066.0,0.0,0.0,0.0,0.0,0.0,0.0,0.0,317,否,否,否,否,否,否,7.462,21.384,51.8,-6.387,25.2,200.9,60.9,61.8,60.1,60.1,60.1,60.1,60.5,61.1,60.0,60.0,60.0,60.0,16.33,16.57,16.09,16.09,16.58,16.58,1.86,13.89,16.06,0.27,0.23,0,0,0.0,0.0,0,0.000,
17.9.2026,23:13:53.877,6052,33460,15.3,5772,10410,35.6,0.0,23329,0,0.762,0.792,0.757,0.750,0.750,0.678,0.698,1000.0,1000.0,1000.0,1000.0,1000.0,100.0,800.0,63.9,221.0,180.5,88.1,4.7,2.3,1.2,2.9,10.6,63.9,4.9,17.1,14.2,7.6,0.0,0.0,0.0,0.0,0.0,17.1,4.9,100.0,2.5,8.5,7.2,3.6,0.2,0.1,0.0,0.1,0.4,2.5,10.0,10.0,10.0,10.0,10.0,8.0,34,32,34,35,33,66,68,66,65,67,37,35,否,否,否,否,否,否,否,否,否,否,否,否,否,否,否,否,否,否,37,36,37,0.250,2.010,0.298,0.007,4.798,0.802,0.260,0.592,35.0,30.0,64.0,64.0,0,14.1,7.7,1.4,1.9,37.6,5.3,18.4,14.5,7.5,0.4,0.2,0.1,0.2,0.8,90.3,70.5,91.8,99.6,99.1,1066.7,10.67,15,15,15,35,74,374,1,2,是,否,否,否,否,否,否,否,否,否,是,否,否,否,否,否,否,否,否,否,否,否,否,否,否,否,否,否,否,否,否,否,否,否,否,否,否,34.0,34,34,34,97.0,100.0,否,否,24293,21074,0.0,0.2,0.2,0.000,0.012,5718,2097,37,0.007,100.0,1066.0,0.0,0.0,0.0,0.0,0.0,0.0,0.0,317,否,否,否,否,否,否,7.440,21.377,51.7,-6.540,25.2,196.1,60.9,61.8,60.1,60.1,60.1,60.1,60.5,61.1,60.0,60.0,60.0,60.0,16.33,16.57,16.09,16.09,16.58,16.58,1.86,13.89,16.06,0.27,0.23,0,0,0.0,0.0,0,0.000,
17.9.2026,23:13:55.884,6051,33461,15.3,5770,10412,35.6,0.0,23329,0,0.769,0.802,0.765,0.755,0.752,0.691,0.696,1125.0,1200.0,1100.0,1100.0,1100.0,100.0,1000.0,35.5,146.9,92.3,39.2,4.7,0.4,0.2,0.2,0.2,35.5,2.8,10.6,6.0,2.4,0.7,1.2,0.4,0.4,0.4,10.6,2.8,100.0,1.3,5.3,3.5,1.5,0.2,0.0,0.0,0.0,0.0,1.3,11.2,12.0,11.0,11.0,11.0,10.0,34,32,34,35,34,66,68,66,65,66,38,35,否,否,否,否,否,否,否,否,否,否,否,否,否,否,否,否,否,否,37,36,38,0.250,1.690,0.224,0.012,3.106,0.697,0.238,0.486,35.0,30.0,64.0,64.0,0,17.9,8.4,2.4,3.7,47.4,2.9,12.8,7.1,3.0,0.5,0.0,0.0,0.0,0.0,94.9,83.3,96.5,99.9,99.9,1066.7,10.67,15,15,15,35,74,374,1,2,否,否,否,否,否,否,否,否,否,否,否,否,否,否,否,否,否,否,否,否,否,否,否,否,否,否,否,否,否,否,否,否,否,否,否,否,否,35.0,34,34,34,97.0,100.0,否,否,24293,21074,0.0,1.0,1.0,0.000,0.026,5718,2097,38,0.012,100.0,1066.0,0.0,0.0,0.0,0.0,0.0,0.0,0.0,317,否,否,否,否,否,否,7.461,21.377,51.7,-6.454,25.2,198.7,60.9,61.8,60.1,60.1,60.1,60.1,60.5,61.1,60.0,60.0,60.0,60.0,16.33,16.57,16.09,16.09,16.58,16.58,1.86,13.89,16.06,0.27,0.23,0,0,0.0,0.0,0,0.000,
17.9.2026,23:13:57.890,6051,33461,15.3,5768,10414,35.6,0.0,23329,0,0.762,0.795,0.757,0.750,0.745,0.678,0.738,1000.0,1000.0,1000.0,1000.0,1000.0,100.0,800.0,30.3,140.2,86.5,11.1,3.0,0.9,0.2,0.2,0.2,30.3,3.3,11.8,7.1,1.5,1.6,0.6,1.3,1.3,1.3,11.8,3.3,100.0,1.1,5.1,3.3,0.4,0.1,0.0,0.0,0.0,0.0,1.1,10.0,10.0,10.0,10.0,10.0,8.0,34,33,35,36,34,66,67,65,64,66,38,36,否,否,否,否,否,否,否,否,否,否,否,否,否,否,否,否,否,否,37,35,38,0.250,1.704,0.188,0.007,3.231,0.690,0.224,0.555,35.0,30.0,64.0,64.0,0,17.7,11.2,2.3,1.9,47.5,2.7,13.2,7.3,1.0,0.3,0.1,0.0,0.0,0.0,95.3,82.7,98.7,99.9,99.9,1066.7,10.67,15,15,15,35,74,374,1,2,否,否,否,否,否,否,否,否,否,否,否,否,否,否,否,否,否,否,否,否,否,否,否,否,否,否,否,否,否,否,否,否,否,否,否,否,否,35.0,34,34,34,97.0,100.0,否,否,24293,21074,0.0,1.3,1.3,0.000,0.046,5718,2097,38,0.007,100.0,1066.0,0.0,0.0,0.0,0.0,0.0,0.0,0.0,317,否,否,否,否,否,否,7.474,21.369,51.7,-6.353,25.2,201.8,60.9,61.8,60.1,60.1,60.1,60.1,60.5,61.1,60.0,60.0,60.0,60.0,16.33,16.57,16.09,16.09,16.58,16.58,1.86,13.89,16.06,0.27,0.23,0,0,0.0,0.0,0,0.000,
17.9.2026,23:13:59.897,6051,33461,15.3,5766,10416,35.6,0.0,23329,0,0.764,0.800,0.762,0.745,0.747,0.686,0.698,1050.0,1100.0,1100.0,1000.0,1000.0,100.0,900.0,30.2,135.0,75.3,21.7,6.8,2.5,0.2,0.2,0.2,30.2,2.3,10.6,6.0,1.7,0.0,0.0,0.0,0.0,0.0,10.6,2.3,100.0,1.1,4.8,2.8,0.8,0.2,0.1,0.0,0.0,0.0,1.1,10.5,11.0,11.0,10.0,10.0,9.0,34,31,35,37,35,66,69,65,63,65,38,37,否,否,否,否,否,否,否,否,否,否,否,否,否,否,否,否,否,否,38,35,38,0.250,1.626,0.177,0.009,2.985,0.689,0.233,0.484,35.0,30.0,64.0,64.0,0,17.8,9.2,2.4,2.1,49.7,2.8,12.6,6.7,2.0,0.7,0.3,0.0,0.0,0.0,95.2,83.9,97.5,99.7,99.9,1066.7,10.67,15,15,15,35,74,374,1,2,否,否,否,否,否,否,否,否,否,否,否,否,否,否,否,否,否,否,否,否,否,否,否,否,否,否,否,否,否,否,否,否,否,否,否,否,否,35.0,34,34,33,97.0,100.0,否,否,24293,21074,0.0,1.0,1.0,0.000,0.026,5718,2097,37,0.009,100.0,1066.0,0.0,0.0,0.0,0.0,0.0,0.0,0.0,317,否,否,否,否,否,否,7.472,21.369,51.7,-6.276,25.2,204.3,60.9,61.8,60.1,60.1,60.1,60.1,60.5,61.1,60.0,60.0,60.0,60.0,16.33,16.57,16.09,16.09,16.58,16.58,1.86,13.89,16.06,0.27,0.23,0,0,0.0,0.0,0,0.000,
17.9.2026,23:14:1.901,6052,33460,15.3,5766,10417,35.6,0.0,23329,0,0.767,0.800,0.762,0.755,0.752,0.686,0.696,1100.0,1100.0,1100.0,1100.0,1100.0,100.0,900.0,32.0,129.0,108.5,12.3,0.7,4.8,0.3,0.3,0.3,32.0,3.5,10.2,8.8,1.1,0.8,7.0,0.0,0.0,0.0,10.2,3.5,100.0,1.2,4.6,4.2,0.5,0.0,0.2,0.0,0.0,0.0,1.2,11.0,11.0,11.0,11.0,11.0,9.0,34,31,35,36,34,66,69,65,64,66,38,36,否,否,否,否,否,否,否,否,否,否,否,否,否,否,否,否,否,否,37,36,37,0.250,1.637,0.179,0.008,3.058,0.692,0.234,0.489,35.0,30.0,64.0,64.0,0,17.7,9.0,2.0,2.1,49.2,2.9,12.1,9.5,1.2,0.1,0.4,0.0,0.0,0.0,95.0,82.0,98.7,99.5,99.9,1066.7,10.67,15,15,15,35,74,374,1,2,否,否,否,否,否,否,否,否,否,否,否,否,否,否,否,否,否,否,否,否,否,否,否,否,否,否,否,否,否,否,否,否,否,否,否,否,否,35.0,34,34,34,97.0,100.0,否,否,24293,21074,0.0,1.0,1.0,0.000,0.104,5718,2097,38,0.008,100.0,1066.0,0.0,0.0,0.0,0.0,0.0,0.0,0.0,317,否,否,否,否,否,否,7.471,21.369,51.7,-6.171,25.2,207.8,60.9,61.8,60.1,60.1,60.1,60.1,60.5,61.1,60.0,60.0,60.0,60.0,16.33,16.57,16.09,16.09,16.58,16.58,1.86,13.89,16.06,0.27,0.23,0,0,0.0,0.0,0,0.000,
17.9.2026,23:14:3.906,6050,33462,15.3,5764,10418,35.6,0.0,23329,0,0.765,0.800,0.757,0.750,0.752,0.686,0.736,1050.0,1100.0,1000.0,1000.0,1100.0,100.0,900.0,30.9,135.5,70.5,36.0,3.6,1.3,0.2,0.2,0.2,30.9,2.7,11.0,5.7,2.9,0.0,0.0,0.7,0.7,0.7,11.0,2.7,100.0,1.1,4.8,2.6,1.4,0.1,0.0,0.0,0.0,0.0,1.1,10.5,11.0,10.0,10.0,11.0,9.0,34,31,35,35,34,66,69,65,65,66,37,35,否,否,否,否,否,否,否,否,否,否,否,否,否,否,否,否,否,否,37,35,37,0.250,1.570,0.166,0.007,2.886,0.692,0.238,0.436,35.0,30.0,64.0,64.0,0,17.9,7.2,2.7,2.3,49.4,2.9,13.1,6.5,3.1,0.3,0.1,0.0,0.0,0.0,94.9,83.3,96.7,99.8,99.9,1066.7,10.67,15,15,15,35,74,374,1,2,否,否,否,否,否,否,否,否,否,否,否,否,否,否,否,否,否,否,否,否,否,否,否,否,否,否,否,否,否,否,否,否,否,否,否,否,否,35.0,34,34,33,97.0,100.0,否,否,24293,21074,0.0,1.0,1.0,0.000,0.010,5718,2097,37,0.007,100.0,1066.0,0.0,0.0,0.0,0.0,0.0,0.0,0.0,317,否,否,否,否,否,否,7.467,21.361,51.7,-6.101,25.2,210.1,60.9,61.8,60.1,60.1,60.1,60.1,60.5,61.1,60.0,60.0,60.0,60.0,16.33,16.57,16.09,16.09,16.58,16.58,1.86,13.89,16.06,0.27,0.23,0,0,0.0,0.0,0,0.000,
17.9.2026,23:14:5.902,6050,33462,15.3,5765,10417,35.6,0.0,23329,0,0.762,0.795,0.757,0.750,0.747,0.678,0.696,1000.0,1000.0,1000.0,1000.0,1000.0,100.0,800.0,28.0,129.0,72.3,21.9,0.2,0.4,0.2,0.2,0.2,28.0,2.4,10.7,5.9,1.7,0.0,0.6,0.0,0.0,0.0,10.7,2.4,100.0,1.0,4.6,2.7,0.9,0.0,0.0,0.0,0.0,0.0,1.0,10.0,10.0,10.0,10.0,10.0,8.0,34,32,35,36,34,66,68,65,64,66,38,36,否,否,否,否,否,否,否,否,否,否,否,否,否,否,否,否,否,否,37,35,37,0.250,1.532,0.141,0.008,2.799,0.681,0.230,0.433,35.0,30.0,64.0,64.0,0,18.0,7.0,2.3,2.1,50.9,2.7,12.7,6.8,2.0,0.0,0.0,0.0,0.0,0.0,95.3,83.4,98.0,99.9,99.9,1066.7,10.67,15,15,15,35,74,374,1,2,否,否,否,否,否,否,否,否,否,否,否,否,否,否,否,否,否,否,否,否,否,否,否,否,否,否,否,否,否,否,否,否,否,否,否,否,否,35.0,34,34,33,97.0,100.0,否,否,24293,21074,0.0,0.9,0.9,0.000,0.010,5718,2097,37,0.008,100.0,1066.0,0.0,0.0,0.0,0.0,0.0,0.0,0.0,317,否,否,否,否,否,否,7.468,21.361,51.7,-6.019,25.2,212.9,60.9,61.8,60.1,60.1,60.1,60.1,60.5,61.1,60.0,60.0,60.0,60.0,16.33,16.57,16.09,16.09,16.58,16.58,1.86,13.89,16.06,0.27,0.23,0,0,0.0,0.0,0,0.000,
17.9.2026,23:14:7.912,6050,33462,15.3,5769,10414,35.6,0.0,23329,0,0.761,0.792,0.757,0.750,0.745,0.678,0.698,1000.0,1000.0,1000.0,1000.0,1000.0,100.0,800.0,30.4,121.1,67.5,50.1,3.2,0.6,0.2,0.6,0.2,30.4,2.7,9.9,5.5,3.8,0.8,0.0,0.6,0.6,0.6,9.9,2.7,100.0,1.1,4.2,2.5,2.1,0.1,0.0,0.0,0.0,0.0,1.1,10.0,10.0,10.0,10.0,10.0,8.0,34,32,35,35,35,66,68,65,65,65,38,35,否,否,否,否,否,否,否,否,否,否,否,否,否,否,否,否,否,否,37,35,37,0.250,1.611,0.164,0.007,3.066,0.678,0.219,0.498,35.0,30.0,64.0,64.0,0,17.9,8.7,2.1,2.3,48.4,2.9,12.1,6.4,4.1,0.3,0.1,0.0,0.1,0.0,95.0,84.4,95.6,99.9,99.9,1066.7,10.67,15,15,15,35,74,374,1,2,否,否,否,否,否,否,否,否,否,否,否,否,否,否,否,否,否,否,否,否,否,否,否,否,否,否,否,否,否,否,否,否,否,否,否,否,否,34.0,34,34,33,97.0,100.0,否,否,24293,21074,0.0,1.6,1.6,0.000,0.020,5718,2097,37,0.007,100.0,1066.0,0.0,0.0,0.0,0.0,0.0,0.0,0.0,317,否,否,否,否,否,否,7.471,21.354,51.7,-5.969,25.2,214.6,60.9,61.8,60.1,60.1,60.1,60.1,60.5,61.1,60.0,60.0,60.0,60.0,16.33,16.57,16.09,16.09,16.58,16.58,1.86,13.89,16.06,0.27,0.23,0,0,0.0,0.0,0,0.000,
17.9.2026,23:14:9.913,6050,33462,15.3,5775,10407,35.6,0.0,23329,0,0.763,0.795,0.757,0.747,0.752,0.678,0.696,1025.0,1000.0,1000.0,1000.0,1100.0,100.0,400.0,29.7,142.0,69.3,21.1,2.3,1.3,0.2,1.0,0.2,29.7,2.6,12.0,5.9,2.2,0.5,0.0,0.0,0.0,0.0,12.0,2.6,100.0,1.1,5.1,2.6,0.8,0.1,0.0,0.0,0.0,0.0,1.1,10.2,10.0,10.0,10.0,11.0,4.0,34,32,35,35,35,66,68,65,65,65,37,35,否,否,否,否,否,否,否,否,否,否,否,否,否,否,否,否,否,否,37,35,37,0.250,1.551,0.161,0.007,2.854,0.688,0.236,0.424,35.0,30.0,64.0,64.0,0,18.2,6.9,2.6,2.6,49.6,2.8,13.7,6.3,2.0,0.2,0.1,0.0,0.1,0.0,95.1,82.9,97.8,99.8,99.9,1066.7,10.67,15,15,15,35,74,374,1,2,否,否,否,否,否,否,否,否,否,否,否,否,否,否,否,否,否,否,否,否,否,否,否,否,否,否,否,否,否,否,否,否,否,否,否,否,否,35.0,34,34,33,97.0,100.0,否,否,24293,21074,0.0,1.0,1.0,0.000,0.010,5718,2097,37,0.007,100.0,1066.0,0.0,0.0,0.0,0.0,0.0,0.0,0.0,317,否,否,否,否,否,否,7.475,21.354,51.7,-5.905,25.2,217.0,60.9,61.8,60.1,60.1,60.1,60.1,60.5,61.1,60.0,60.0,60.0,60.0,16.33,16.57,16.09,16.09,16.58,16.58,1.86,13.89,16.06,0.27,0.23,0,0,0.0,0.0,0,0.000,
17.9.2026,23:14:11.915,6050,33462,15.3,5774,10408,35.6,0.0,23329,0,0.767,0.797,0.762,0.755,0.752,0.683,0.738,1100.0,1100.0,1100.0,1100.0,1100.0,100.0,500.0,29.8,150.2,70.6,15.4,1.0,0.3,0.2,0.2,0.2,29.8,2.8,12.3,5.6,1.4,0.1,0.0,0.9,0.9,0.9,12.3,2.8,100.0,1.1,5.5,2.6,0.6,0.0,0.0,0.0,0.0,0.0,1.1,11.0,11.0,11.0,11.0,11.0,5.0,34,32,35,36,33,66,68,65,64,67,38,36,否,否,否,否,否,否,否,否,否,否,否,否,否,否,否,否,否,否,37,35,37,0.250,1.713,0.173,0.007,3.269,0.710,0.227,0.555,35.0,30.0,64.0,64.0,0,17.8,11.2,2.2,1.9,46.6,2.8,14.2,6.2,1.5,0.1,0.0,0.0,0.0,0.0,95.2,82.4,98.3,99.9,99.9,1066.7,10.67,15,15,15,35,74,374,1,2,否,否,否,否,否,否,否,否,否,否,否,否,否,否,否,否,否,否,否,否,否,否,否,否,否,否,否,否,否,否,否,否,否,否,否,否,否,35.0,34,34,33,97.0,100.0,否,否,24293,21074,0.0,4.5,4.5,0.000,0.248,5718,2097,37,0.007,100.0,1066.0,0.0,0.0,0.0,0.0,0.0,0.0,0.0,317,否,否,否,否,否,否,7.450,21.346,51.7,-5.863,25.2,218.4,60.9,61.8,60.1,60.1,60.1,60.1,60.5,61.1,60.0,60.0,60.0,60.0,16.33,16.57,16.09,16.09,16.58,16.58,1.86,13.89,16.06,0.27,0.23,0,0,0.0,0.0,0,0.000,
17.9.2026,23:14:13.934,6050,33462,15.3,5773,10409,35.6,0.0,23329,0,0.764,0.797,0.757,0.750,0.750,0.686,0.696,1025.0,1100.0,1000.0,1000.0,1000.0,100.0,700.0,30.3,135.3,68.5,35.0,1.7,1.1,0.2,0.2,0.2,30.3,3.6,11.1,5.6,2.3,0.0,9.9,0.0,0.0,0.0,11.1,3.6,100.0,1.1,4.8,2.6,1.4,0.1,0.0,0.0,0.0,0.0,1.1,10.2,11.0,10.0,10.0,10.0,7.0,34,32,35,34,33,66,68,65,66,67,37,35,否,否,否,否,否,否,否,否,否,否,否,否,否,否,否,否,否,否,37,35,37,0.250,1.664,0.190,0.007,3.099,0.692,0.233,0.507,35.0,30.0,64.0,64.0,0,18.0,8.5,2.1,2.6,48.8,2.8,13.2,6.4,2.5,0.2,0.1,0.0,0.0,0.0,95.1,83.3,97.3,99.8,99.9,1066.7,10.67,15,15,15,35,74,374,1,2,否,否,否,否,否,否,否,否,否,否,否,否,否,否,否,否,否,否,否,否,否,否,否,否,否,否,否,否,否,否,否,否,否,否,否,否,否,34.0,34,34,33,97.0,100.0,否,否,24293,21074,0.0,1.5,1.5,0.000,0.040,5718,2098,36,0.007,100.0,1066.0,0.0,0.0,0.0,0.0,0.0,0.0,0.0,317,否,否,否,否,否,否,7.473,21.346,51.7,-5.874,25.2,218.0,60.9,61.8,60.1,60.1,60.1,60.1,60.5,61.1,60.0,60.0,60.0,60.0,16.33,16.57,16.09,16.09,16.58,16.58,1.86,13.89,16.06,0.27,0.23,0,0,0.0,0.0,0,0.000,
17.9.2026,23:14:15.949,6049,33463,15.3,5771,10411,35.6,0.0,23329,0,0.767,0.797,0.765,0.752,0.752,0.683,0.696,1100.0,1100.0,1100.0,1100.0,1100.0,100.0,900.0,29.0,123.6,57.9,27.7,2.2,19.5,0.2,0.6,0.2,29.0,2.6,10.2,4.7,2.1,0.9,1.4,0.7,0.0,0.7,10.2,2.6,100.0,1.1,4.4,2.1,1.1,0.1,0.8,0.0,0.0,0.0,1.1,11.0,11.0,11.0,11.0,11.0,9.0,34,32,35,36,33,66,68,65,64,67,37,36,否,否,否,否,否,否,否,否,否,否,否,否,否,否,否,否,否,否,37,35,37,0.250,1.641,0.207,0.006,2.931,0.683,0.236,0.480,35.0,30.0,64.0,64.0,0,18.2,7.8,2.1,2.6,50.9,2.6,12.2,5.5,2.3,0.2,0.8,0.0,0.1,0.0,95.3,84.9,97.4,99.2,99.9,1066.7,10.67,15,15,15,35,74,374,1,2,否,否,否,否,否,否,否,否,否,否,否,否,否,否,否,否,否,否,否,否,否,否,否,否,否,否,否,否,否,否,否,否,否,否,否,否,否,35.0,34,34,33,97.0,100.0,否,否,24293,21074,0.0,1.4,1.4,0.000,0.045,5718,2098,37,0.006,100.0,1066.0,0.0,0.0,0.0,0.0,0.0,0.0,0.0,317,否,否,否,否,否,否,7.467,21.346,51.7,-5.847,25.2,219.0,60.9,61.8,60.1,60.1,60.1,60.1,60.5,61.1,60.0,60.0,60.0,60.0,16.33,16.57,16.09,16.09,16.58,16.58,1.86,13.89,16.06,0.27,0.23,0,0,0.0,0.0,0,0.000,
17.9.2026,23:14:17.958,6049,33463,15.3,5770,10413,35.6,0.0,23329,0,0.764,0.795,0.762,0.755,0.745,0.686,0.738,1075.0,1100.0,1100.0,1100.0,1000.0,100.0,900.0,29.7,125.3,77.2,14.4,2.1,18.0,0.2,0.2,0.2,29.7,5.6,10.5,6.5,1.3,0.1,0.0,0.0,26.4,0.0,26.4,5.6,100.0,1.1,4.4,2.9,0.6,0.1,0.7,0.0,0.0,0.0,1.1,10.8,11.0,11.0,11.0,10.0,9.0,34,32,35,34,34,66,68,65,66,66,37,35,否,否,否,否,否,否,否,否,否,否,否,否,否,否,否,否,否,否,38,35,38,0.250,1.691,0.195,0.006,3.176,0.686,0.225,0.544,35.0,30.0,64.0,64.0,0,17.7,10.3,2.3,2.0,48.3,2.8,12.5,7.2,1.4,0.2,0.7,0.0,0.0,0.0,95.3,83.6,98.4,99.3,99.9,1066.7,10.67,15,15,15,35,74,374,1,2,否,否,否,否,否,否,否,否,否,否,否,否,否,否,否,否,否,否,否,否,否,否,否,否,否,否,否,否,否,否,否,否,否,否,否,否,否,35.0,34,34,33,97.0,100.0,否,否,24293,21074,0.0,1.0,1.0,0.000,0.106,5718,2098,37,0.006,100.0,1066.0,0.0,0.0,0.0,0.0,0.0,0.0,0.0,317,否,否,否,否,否,否,7.477,21.339,51.7,-5.840,25.2,219.2,60.9,61.8,60.1,60.1,60.1,60.1,60.5,61.1,60.0,60.0,60.0,60.0,16.33,16.57,16.09,16.09,16.58,16.58,1.86,13.89,16.06,0.27,0.23,0,0,0.0,0.0,0,0.000,
17.9.2026,23:14:19.959,6049,33462,15.3,5768,10414,35.6,0.0,23329,0,0.767,0.797,0.765,0.755,0.752,0.686,0.738,1100.0,1100.0,1100.0,1100.0,1100.0,100.0,900.0,29.1,121.5,92.2,17.5,0.2,0.7,0.2,0.4,0.2,29.1,2.7,10.1,8.0,1.8,0.4,0.4,0.4,0.4,0.4,10.1,2.7,100.0,1.1,4.3,3.5,0.7,0.0,0.0,0.0,0.0,0.0,1.1,11.0,11.0,11.0,11.0,11.0,9.0,34,34,34,34,34,66,66,66,66,66,37,34,否,否,否,否,否,否,否,否,否,否,否,否,否,否,否,否,否,否,37,36,37,0.250,1.544,0.159,0.006,2.779,0.680,0.237,0.432,35.0,30.0,64.0,64.0,0,18.1,6.3,2.7,2.4,51.2,2.7,11.6,8.4,1.5,0.0,0.1,0.0,0.0,0.0,95.4,83.3,98.4,99.9,99.9,1066.7,10.67,15,15,15,35,74,374,1,2,否,否,否,否,否,否,否,否,否,否,否,否,否,否,否,否,否,否,否,否,否,否,否,否,否,否,否,否,否,否,否,否,否,否,否,否,否,35.0,34,34,33,97.0,100.0,否,否,24293,21074,0.0,1.0,1.0,0.000,0.010,5718,2098,37,0.006,100.0,1066.0,0.0,0.0,0.0,0.0,0.0,0.0,0.0,317,否,否,否,否,否,否,7.472,21.339,51.7,-5.791,25.2,221.1,60.9,61.8,60.1,60.1,60.1,60.1,60.5,61.1,60.0,60.0,60.0,60.0,16.33,16.57,16.09,16.09,16.58,16.58,1.86,13.89,16.06,0.27,0.23,0,0,0.0,0.0,0,0.000,
17.9.2026,23:14:21.958,6049,33463,15.3,5767,10415,35.6,0.0,23329,0,0.761,0.792,0.757,0.747,0.745,0.678,0.698,1000.0,1000.0,1000.0,1000.0,1000.0,100.0,800.0,29.1,123.0,83.1,24.3,1.0,0.7,0.2,0.2,0.2,29.1,2.3,10.1,6.7,1.3,0.0,0.0,0.0,0.0,0.0,10.1,2.3,100.0,1.1,4.3,3.1,1.0,0.0,0.0,0.0,0.0,0.0,1.1,10.0,10.0,10.0,10.0,10.0,8.0,34,34,34,35,35,66,66,66,65,65,38,35,否,否,否,否,否,否,否,否,否,否,否,否,否,否,否,否,否,否,37,35,37,0.250,1.683,0.188,0.008,3.192,0.689,0.221,0.532,35.0,30.0,64.0,64.0,0,17.8,11.0,2.2,1.8,47.5,2.7,12.2,7.7,1.6,0.1,0.1,0.0,0.0,0.0,95.3,83.0,98.2,99.9,99.9,1066.7,10.67,15,15,15,35,74,374,1,2,是,否,否,否,否,否,否,否,否,否,是,否,否,否,否,否,否,否,否,否,否,否,否,否,否,否,否,否,否,否,否,否,否,否,否,否,否,35.0,34,34,33,97.0,100.0,否,否,24293,21074,0.0,2.0,2.0,0.000,0.024,5718,2098,37,0.008,100.0,1066.0,0.0,0.0,0.0,0.0,0.0,0.0,0.0,317,否,否,否,否,否,否,7.438,21.339,51.7,-5.720,25.2,223.8,60.9,61.8,60.1,60.1,60.1,60.1,60.5,61.1,60.0,60.0,60.0,60.0,16.33,16.57,16.09,16.09,16.58,16.58,1.86,13.89,16.06,0.27,0.23,0,0,0.0,0.0,0,0.000,
17.9.2026,23:14:23.953,6049,33462,15.3,5765,10417,35.6,0.0,23329,0,0.764,0.797,0.757,0.750,0.752,0.678,0.696,1050.0,1100.0,1000.0,1000.0,1100.0,100.0,800.0,30.0,126.6,93.2,18.3,1.1,0.4,0.2,0.2,0.2,30.0,2.4,10.3,7.7,0.6,0.0,0.4,0.0,0.0,0.0,10.3,2.4,100.0,1.1,4.5,3.6,0.7,0.0,0.0,0.0,0.0,0.0,1.1,10.5,11.0,10.0,10.0,11.0,8.0,34,32,34,34,34,66,68,66,66,66,37,34,否,否,否,否,否,否,否,否,否,否,否,否,否,否,否,否,否,否,37,35,37,0.250,1.460,0.166,0.007,2.615,0.641,0.221,0.389,35.0,30.0,64.0,64.0,0,17.5,4.8,2.3,1.8,53.5,2.8,12.5,8.8,1.1,0.1,0.0,0.0,0.0,0.0,95.1,82.0,98.7,99.9,99.9,1066.7,10.67,15,15,15,35,74,374,1,2,否,否,否,否,否,否,否,否,否,否,否,否,否,否,否,否,否,否,否,否,否,否,否,否,否,否,否,否,否,否,否,否,否,否,否,否,否,35.0,34,34,33,97.0,100.0,否,否,24293,21074,0.0,0.0,0.0,0.000,0.008,5718,2098,37,0.007,100.0,1066.0,0.0,0.0,0.0,0.0,0.0,0.0,0.0,317,否,否,否,否,否,否,7.477,21.339,51.7,-5.727,25.2,223.6,60.9,61.8,60.1,60.1,60.1,60.1,60.5,61.1,60.0,60.0,60.0,60.0,16.33,16.57,16.09,16.09,16.58,16.58,1.86,13.89,16.06,0.27,0.23,0,0,0.0,0.0,0,0.000,
17.9.2026,23:14:25.955,6049,33462,15.3,5764,10418,35.6,0.0,23329,0,0.763,0.795,0.757,0.750,0.750,0.678,0.738,1000.0,1000.0,1000.0,1000.0,1000.0,100.0,800.0,28.7,128.8,82.0,16.0,2.2,0.4,0.2,0.2,0.2,28.7,2.8,11.0,6.9,1.7,0.5,1.1,0.3,0.3,0.3,11.0,2.8,100.0,1.1,4.6,3.1,0.6,0.1,0.0,0.0,0.0,0.0,1.1,10.0,10.0,10.0,10.0,10.0,8.0,33,31,34,35,33,67,69,66,65,67,37,35,否,否,否,否,否,否,否,否,否,否,否,否,否,否,否,否,否,否,37,35,37,0.250,1.533,0.157,0.006,2.797,0.673,0.227,0.434,35.0,30.0,64.0,64.0,0,17.9,7.2,2.3,2.2,50.8,2.7,12.6,7.3,1.6,0.2,0.0,0.0,0.0,0.0,95.2,82.9,98.2,99.9,99.9,1066.7,10.67,15,15,15,35,74,374,1,2,否,否,否,否,否,否,否,否,否,否,否,否,否,否,否,否,否,否,否,否,否,否,否,否,否,否,否,否,否,否,否,否,否,否,否,否,否,35.0,34,34,33,97.0,100.0,否,否,24293,21074,0.0,1.0,1.0,0.000,0.012,5718,2098,37,0.006,100.0,1066.0,0.0,0.0,0.0,0.0,0.0,0.0,0.0,317,否,否,否,否,否,否,7.476,21.339,51.7,-5.697,25.2,224.7,60.9,61.8,60.1,60.1,60.1,60.1,60.5,61.1,60.0,60.0,60.0,60.0,16.33,16.57,16.09,16.09,16.58,16.58,1.86,13.89,16.06,0.27,0.23,0,0,0.0,0.0,0,0.000,
17.9.2026,23:14:27.962,6046,33466,15.3,5759,10423,35.5,0.0,23329,0,0.766,0.795,0.765,0.752,0.752,0.686,0.738,1100.0,1100.0,1100.0,1100.0,1100.0,100.0,900.0,32.6,131.9,98.9,24.3,3.8,0.9,0.3,0.3,0.3,32.6,2.6,10.3,8.1,2.1,0.3,0.0,0.0,0.0,0.0,10.3,2.6,100.0,1.2,4.7,3.8,1.0,0.1,0.0,0.0,0.0,0.0,1.2,11.0,11.0,11.0,11.0,11.0,9.0,34,32,34,35,34,66,68,66,65,66,37,35,否,否,否,否,否,否,否,否,否,否,否,否,否,否,否,否,否,否,37,35,37,0.250,1.709,0.179,0.006,3.305,0.707,0.228,0.549,35.0,30.0,64.0,64.0,0,17.3,11.1,1.9,1.9,46.6,3.0,12.3,8.9,2.2,0.4,0.1,0.0,0.0,0.0,94.8,82.1,97.5,99.8,99.9,1066.7,10.67,15,15,15,35,74,374,1,2,否,否,否,否,否,否,否,否,否,否,否,否,否,否,否,否,否,否,否,否,否,否,否,否,否,否,否,否,否,否,否,否,否,否,否,否,否,34.0,34,34,33,97.0,100.0,否,否,24293,21074,0.0,3.4,3.4,0.000,0.129,5718,2098,37,0.006,100.0,1066.0,0.0,0.0,0.0,0.0,0.0,0.0,0.0,317,否,否,否,否,否,否,7.476,21.331,51.6,-5.697,25.2,224.7,60.9,61.8,60.1,60.1,60.1,60.1,60.5,61.1,60.0,60.0,60.0,60.0,16.33,16.57,16.09,16.09,16.58,16.58,1.86,13.89,16.06,0.27,0.23,0,0,0.0,0.0,0,0.000,
17.9.2026,23:14:29.949,6045,33466,15.3,5760,10422,35.5,0.0,23329,0,0.766,0.797,0.762,0.752,0.752,0.686,0.738,1100.0,1100.0,1100.0,1100.0,1100.0,100.0,900.0,28.4,128.4,86.3,7.6,1.3,1.6,0.2,1.5,0.2,28.4,2.7,10.3,7.1,0.5,0.0,3.7,0.0,0.0,0.0,10.3,2.7,100.0,1.0,4.6,3.3,0.3,0.0,0.1,0.0,0.1,0.0,1.0,11.0,11.0,11.0,11.0,11.0,9.0,34,32,35,35,34,66,68,65,65,66,37,35,否,否,否,否,否,否,否,否,否,否,否,否,否,否,否,否,否,否,37,36,37,0.250,1.500,0.159,0.005,2.760,0.646,0.212,0.433,35.0,30.0,64.0,64.0,0,18.0,6.9,2.9,2.4,50.4,2.7,12.4,7.9,0.8,0.1,0.2,0.0,0.1,0.0,95.3,82.5,99.0,99.8,99.8,1066.7,10.67,15,15,15,35,74,374,1,2,否,否,否,否,否,否,否,否,否,否,否,否,否,否,否,否,否,否,否,否,否,否,否,否,否,否,否,否,否,否,否,否,否,否,否,否,否,34.0,34,34,33,97.0,100.0,否,否,24293,21074,0.0,1.0,1.0,0.000,0.014,5718,2098,37,0.005,100.0,1066.0,0.0,0.0,0.0,0.0,0.0,0.0,0.0,317,否,否,否,否,否,否,7.479,21.331,51.6,-5.669,25.2,225.8,60.9,61.8,60.1,60.1,60.1,60.1,60.5,61.1,60.0,60.0,60.0,60.0,16.33,16.57,16.09,16.09,16.58,16.58,1.86,13.89,16.06,0.27,0.23,0,0,0.0,0.0,0,0.000,
17.9.2026,23:14:31.967,6045,33467,15.3,5762,10421,35.6,0.0,23329,0,0.767,0.800,0.762,0.755,0.752,0.686,0.738,1100.0,1100.0,1100.0,1100.0,1100.0,100.0,900.0,28.7,126.7,74.4,25.8,1.6,0.3,0.2,0.2,0.2,28.7,2.4,10.7,6.3,1.9,0.1,0.0,0.0,0.0,0.0,10.7,2.4,100.0,1.1,4.5,2.8,1.0,0.1,0.0,0.0,0.0,0.0,1.1,11.0,11.0,11.0,11.0,11.0,9.0,33,31,34,34,34,67,69,66,66,66,37,34,否,否,否,否,否,否,否,否,否,否,否,否,否,否,否,否,否,否,38,35,38,0.250,1.574,0.160,0.006,3.009,0.656,0.207,0.498,35.0,30.0,64.0,64.0,0,17.5,9.2,1.8,2.4,49.3,2.8,12.6,7.1,2.1,0.2,0.0,0.0,0.0,0.0,95.2,83.3,97.7,99.9,99.9,1066.7,10.67,15,15,15,35,74,374,1,2,否,否,否,否,否,否,否,否,否,否,否,否,否,否,否,否,否,否,否,否,否,否,否,否,否,否,否,否,否,否,否,否,否,否,否,否,否,34.0,34,34,33,97.0,100.0,否,否,24293,21074,0.0,2.3,2.3,0.000,0.131,5718,2098,37,0.006,100.0,1066.0,0.0,0.0,0.0,0.0,0.0,0.0,0.0,317,否,否,否,否,否,否,7.465,21.323,51.6,-5.636,25.2,227.0,60.9,61.8,60.1,60.1,60.1,60.1,60.5,61.1,60.0,60.0,60.0,60.0,16.33,16.57,16.09,16.09,16.58,16.58,1.86,13.89,16.06,0.27,0.23,0,0,0.0,0.0,0,0.000,
17.9.2026,23:14:33.966,6045,33466,15.3,5767,10416,35.6,0.0,23329,0,0.762,0.795,0.757,0.750,0.747,0.678,0.696,1000.0,1000.0,1000.0,1000.0,1000.0,100.0,800.0,47.9,196.1,144.4,41.2,0.2,0.8,0.2,0.2,0.2,47.9,4.7,15.0,11.2,2.8,0.7,7.9,0.0,0.0,0.0,15.0,4.7,100.0,1.9,7.4,5.7,1.7,0.0,0.0,0.0,0.0,0.0,1.9,10.0,10.0,10.0,10.0,10.0,8.0,34,32,35,36,34,66,68,65,64,66,37,36,否,否,否,否,否,否,否,否,否,否,否,否,否,否,否,否,否,否,37,36,36,0.250,1.727,0.274,0.007,3.428,0.722,0.231,0.440,35.0,30.0,64.0,64.0,0,16.0,6.7,1.8,3.7,42.9,4.0,16.9,12.0,3.0,0.0,0.1,0.0,0.0,0.0,92.8,74.8,96.8,99.8,99.9,1066.7,10.67,15,15,15,35,74,374,1,2,否,否,否,否,否,否,否,否,否,否,否,否,否,否,否,否,否,否,否,否,否,否,否,否,否,否,否,否,否,否,否,否,否,否,否,否,否,34.0,34,34,33,97.0,100.0,否,否,24293,21074,0.0,1.4,1.4,0.000,0.020,5718,2099,38,0.007,100.0,1066.0,0.0,0.0,0.0,0.0,0.0,0.0,0.0,317,否,否,否,否,否,否,7.466,21.323,51.6,-5.644,25.2,226.7,60.9,61.8,60.1,60.1,60.1,60.1,60.5,61.1,60.0,60.0,60.0,60.0,16.33,16.57,16.09,16.09,16.58,16.58,1.86,13.89,16.06,0.27,0.23,0,0,0.0,0.0,0,0.000,
17.9.2026,23:14:35.971,6046,33466,15.3,5768,10415,35.6,0.0,23329,0,0.763,0.797,0.757,0.750,0.747,0.678,0.696,1000.0,1000.0,1000.0,1000.0,1000.0,100.0,800.0,29.5,141.1,71.0,20.8,1.1,1.4,0.2,0.2,0.2,29.5,2.4,11.5,5.9,1.8,0.1,0.0,0.0,0.0,0.0,11.5,2.4,100.0,1.1,5.1,2.7,0.8,0.0,0.1,0.0,0.0,0.0,1.1,10.0,10.0,10.0,10.0,10.0,8.0,34,32,35,35,34,66,68,65,65,66,37,35,否,否,否,否,否,否,否,否,否,否,否,否,否,否,否,否,否,否,37,35,37,0.250,1.519,0.159,0.008,2.822,0.659,0.215,0.433,35.0,30.0,64.0,64.0,0,17.9,6.7,2.1,2.2,50.7,2.8,13.5,6.7,1.9,0.1,0.1,0.0,0.0,0.0,95.0,82.5,97.9,99.8,99.9,1066.7,10.67,15,15,15,35,74,374,1,2,否,否,否,否,否,否,否,否,否,否,否,否,否,否,否,否,否,否,否,否,否,否,否,否,否,否,否,否,否,否,否,否,否,否,否,否,否,34.0,34,34,33,97.0,100.0,否,否,24293,21074,0.0,1.0,1.0,0.000,0.012,5718,2099,37,0.008,100.0,1066.0,0.0,0.0,0.0,0.0,0.0,0.0,0.0,317,否,否,否,否,否,否,7.467,21.316,51.6,-5.638,25.2,226.8,60.9,61.8,60.1,60.1,60.1,60.1,60.5,61.1,60.0,60.0,60.0,60.0,16.33,16.57,16.09,16.09,16.58,16.58,1.86,13.89,16.06,0.27,0.23,0,0,0.0,0.0,0,0.000,
17.9.2026,23:14:37.974,6046,33466,15.3,5768,10414,35.6,0.0,23329,0,0.768,0.800,0.765,0.755,0.752,0.686,0.698,1100.0,1100.0,1100.0,1100.0,1100.0,100.0,900.0,30.4,134.6,99.6,5.8,0.2,2.2,0.2,0.3,0.2,30.4,3.0,11.6,8.4,1.0,0.5,0.7,0.5,0.5,0.5,11.6,3.0,100.0,1.1,4.8,3.8,0.2,0.0,0.1,0.0,0.0,0.0,1.1,11.0,11.0,11.0,11.0,11.0,9.0,33,31,34,34,33,67,69,66,66,67,37,34,否,否,否,否,否,否,否,否,否,否,否,否,否,否,否,否,否,否,38,35,37,0.250,1.647,0.175,0.007,3.156,0.682,0.220,0.520,35.0,30.0,64.0,64.0,0,17.7,9.4,1.8,2.5,47.9,2.8,13.1,8.8,0.6,0.0,0.2,0.0,0.0,0.0,95.1,81.3,99.3,99.7,99.9,1066.7,10.67,15,15,15,35,74,374,1,2,否,否,否,否,否,否,否,否,否,否,否,否,否,否,否,否,否,否,否,否,否,否,否,否,否,否,否,否,否,否,否,否,否,否,否,否,否,34.0,34,34,33,97.0,100.0,否,否,24293,21074,0.0,1.5,1.5,0.000,0.053,5718,2099,37,0.007,100.0,1066.0,0.0,0.0,0.0,0.0,0.0,0.0,0.0,317,否,否,否,否,否,否,7.472,21.316,51.6,-5.641,25.2,226.7,60.9,61.8,60.1,60.1,60.1,60.1,60.5,61.1,60.0,60.0,60.0,60.0,16.33,16.57,16.09,16.09,16.58,16.58,1.86,13.89,16.06,0.27,0.23,0,0,0.0,0.0,0,0.000,
17.9.2026,23:14:39.987,6046,33466,15.3,5767,10416,35.6,0.0,23329,0,0.766,0.797,0.762,0.750,0.752,0.686,0.741,1100.0,1100.0,1100.0,1100.0,1100.0,100.0,900.0,29.8,135.3,90.5,6.8,1.3,4.2,0.2,0.2,0.2,29.8,2.4,11.2,7.5,0.5,0.0,0.0,0.0,0.0,0.0,11.2,2.4,100.0,1.1,4.9,3.4,0.2,0.0,0.2,0.0,0.0,0.0,1.1,11.0,11.0,11.0,11.0,11.0,9.0,34,32,35,36,33,66,68,65,64,67,37,36,否,否,否,否,否,否,否,否,否,否,否,否,否,否,否,否,否,否,37,34,37,0.250,1.583,0.166,0.006,3.032,0.659,0.207,0.495,35.0,30.0,64.0,64.0,0,17.7,8.8,1.5,2.2,49.3,2.9,13.2,8.4,0.7,0.1,0.4,0.0,0.0,0.0,95.1,81.7,99.1,99.5,99.9,1066.7,10.67,15,15,15,35,74,374,1,2,否,否,否,否,否,否,否,否,否,否,否,否,否,否,否,否,否,否,否,否,否,否,否,否,否,否,否,否,否,否,否,否,否,否,否,否,否,34.0,34,34,33,97.0,100.0,否,否,24293,21074,0.0,1.5,1.5,0.000,0.012,5718,2099,37,0.006,100.0,1066.0,0.0,0.0,0.0,0.0,0.0,0.0,0.0,317,否,否,否,否,否,否,7.462,21.316,51.6,-5.626,25.2,227.3,60.9,61.8,60.1,60.1,60.1,60.1,60.5,61.1,60.0,60.0,60.0,60.0,16.33,16.57,16.09,16.09,16.58,16.58,1.86,13.89,16.06,0.27,0.23,0,0,0.0,0.0,0,0.000,
17.9.2026,23:14:41.993,6046,33466,15.3,5766,10417,35.6,0.0,23329,0,0.764,0.797,0.757,0.750,0.750,0.686,0.738,1025.0,1100.0,1000.0,1000.0,1000.0,100.0,900.0,28.2,121.2,77.5,24.1,1.2,1.2,0.2,0.2,0.2,28.2,3.3,10.0,6.4,2.0,0.8,5.2,0.7,0.7,0.7,10.0,3.3,100.0,1.0,4.3,2.9,1.0,0.0,0.0,0.0,0.0,0.0,1.0,10.2,11.0,10.0,10.0,10.0,9.0,34,31,35,35,33,66,69,65,65,67,37,35,否,否,否,否,否,否,否,否,否,否,否,否,否,否,否,否,否,否,36,35,36,0.250,1.604,0.148,0.007,2.979,0.694,0.232,0.487,35.0,30.0,64.0,64.0,0,17.8,8.5,1.5,2.3,50.2,2.7,12.0,7.3,2.2,0.1,0.1,0.0,0.0,0.0,95.2,83.6,97.6,99.8,99.9,1066.7,10.67,15,15,15,35,74,374,1,2,否,否,否,否,否,否,否,否,否,否,否,否,否,否,否,否,否,否,否,否,否,否,否,否,否,否,否,否,否,否,否,否,否,否,否,否,否,34.0,34,34,33,97.0,100.0,否,否,24293,21074,0.0,1.0,1.0,0.000,0.063,5718,2099,38,0.007,100.0,1066.0,0.0,0.0,0.0,0.0,0.0,0.0,0.0,317,否,否,否,否,否,否,7.473,21.308,51.6,-5.627,25.2,227.2,60.9,61.8,60.1,60.1,60.1,60.1,60.5,61.1,60.0,60.0,60.0,60.0,16.33,16.57,16.09,16.09,16.58,16.58,1.86,13.89,16.06,0.27,0.23,0,0,0.0,0.0,0,0.000,
17.9.2026,23:14:43.983,6046,33466,15.3,5764,10418,35.6,0.0,23329,0,0.767,0.797,0.765,0.755,0.752,0.686,0.696,1100.0,1100.0,1100.0,1100.0,1100.0,100.0,900.0,29.3,135.2,71.3,26.0,0.2,0.8,0.2,0.2,0.2,29.3,2.5,11.5,6.2,2.1,0.0,0.1,0.0,0.0,0.0,11.5,2.5,100.0,1.1,4.8,2.7,1.1,0.0,0.0,0.0,0.0,0.0,1.1,11.0,11.0,11.0,11.0,11.0,9.0,34,32,34,35,34,66,68,66,65,66,37,35,否,否,否,否,否,否,否,否,否,否,否,否,否,否,否,否,否,否,37,34,37,0.250,1.634,0.160,0.007,3.073,0.696,0.228,0.502,35.0,30.0,64.0,64.0,0,17.7,9.4,1.9,2.1,48.8,2.8,13.4,6.8,2.1,0.0,0.1,0.0,0.0,0.0,95.2,83.0,97.8,99.9,99.9,1066.7,10.67,15,15,15,35,74,374,1,2,否,否,否,否,否,否,否,否,否,否,否,否,否,否,否,否,否,否,否,否,否,否,否,否,否,否,否,否,否,否,否,否,否,否,否,否,否,35.0,34,34,33,97.0,100.0,否,否,24293,21074,0.0,2.9,2.9,0.000,0.069,5718,2099,37,0.007,100.0,1066.0,0.0,0.0,0.0,0.0,0.0,0.0,0.0,317,否,否,否,否,否,否,7.466,21.308,51.6,-5.622,25.2,227.4,60.9,61.8,60.1,60.1,60.1,60.1,60.5,61.1,60.0,60.0,60.0,60.0,16.33,16.57,16.09,16.09,16.58,16.58,1.86,13.89,16.06,0.27,0.23,0,0,0.0,0.0,0,0.000,
17.9.2026,23:14:45.991,6045,33466,15.3,5763,10420,35.6,0.0,23329,0,0.769,0.802,0.767,0.755,0.752,0.688,0.698,1100.0,1100.0,1100.0,1100.0,1100.0,100.0,900.0,28.7,132.4,84.5,8.6,1.0,0.8,0.2,1.6,0.2,28.7,2.6,10.8,6.8,0.7,0.7,0.0,0.7,0.8,0.7,10.8,2.6,100.0,1.1,4.7,3.2,0.3,0.0,0.0,0.0,0.1,0.0,1.1,11.0,11.0,11.0,11.0,11.0,9.0,33,31,33,35,33,67,69,67,65,67,37,35,否,否,否,否,否,否,否,否,否,否,否,否,否,否,否,否,否,否,37,34,37,0.250,1.513,0.153,0.009,2.831,0.656,0.218,0.434,35.0,30.0,64.0,64.0,0,17.7,7.2,1.4,2.3,51.9,2.7,12.8,7.7,0.9,0.1,0.1,0.0,0.2,0.0,95.3,82.6,99.0,99.9,99.8,1066.7,10.67,15,15,15,35,74,374,1,2,否,否,否,否,否,否,否,否,否,否,否,否,否,否,否,否,否,否,否,否,否,否,否,否,否,否,否,否,否,否,否,否,否,否,否,否,否,34.0,34,34,33,97.0,100.0,否,否,24293,21074,0.0,1.0,1.0,0.000,0.012,5718,2099,38,0.009,100.0,1066.0,0.0,0.0,0.0,0.0,0.0,0.0,0.0,317,否,否,否,否,否,否,7.474,21.300,51.6,-5.613,25.2,227.7,60.9,61.8,60.1,60.1,60.1,60.1,60.5,61.1,60.0,60.0,60.0,60.0,16.33,16.57,16.09,16.09,16.58,16.58,1.86,13.89,16.06,0.27,0.23,0,0,0.0,0.0,0,0.000,
17.9.2026,23:14:47.981,6045,33467,15.2,5761,10421,35.6,0.0,23329,0,0.762,0.795,0.757,0.747,0.747,0.681,0.698,1000.0,1000.0,1000.0,1000.0,1000.0,100.0,800.0,29.6,131.6,69.5,32.1,2.0,1.4,0.2,0.2,0.2,29.6,2.7,11.4,6.2,3.0,0.7,0.6,0.0,0.0,0.0,11.4,2.7,100.0,1.1,4.7,2.6,1.3,0.1,0.0,0.0,0.0,0.0,1.1,10.0,10.0,10.0,10.0,10.0,8.0,34,32,34,35,34,66,68,66,65,66,37,35,否,否,否,否,否,否,否,否,否,否,否,否,否,否,否,否,否,否,37,34,37,0.250,1.623,0.161,0.009,3.071,0.692,0.231,0.496,35.0,30.0,64.0,64.0,0,17.6,9.3,1.7,1.9,49.4,2.8,13.0,6.5,2.6,0.2,0.1,0.0,0.0,0.0,95.1,83.3,97.2,99.8,99.9,1066.7,10.67,15,15,15,35,74,374,1,2,否,否,否,否,否,否,否,否,否,否,否,否,否,否,否,否,否,否,否,否,否,否,否,否,否,否,否,否,否,否,否,否,否,否,否,否,否,34.0,34,34,33,97.0,100.0,否,否,24293,21074,0.0,2.0,2.0,0.000,0.128,5718,2099,38,0.009,100.0,1066.0,0.0,0.0,0.0,0.0,0.0,0.0,0.0,317,否,否,否,否,否,否,7.453,21.300,51.6,-5.590,25.2,228.6,60.9,61.8,60.1,60.1,60.1,60.1,60.5,61.1,60.0,60.0,60.0,60.0,16.33,16.57,16.09,16.09,16.58,16.58,1.86,13.89,16.06,0.27,0.23,0,0,0.0,0.0,0,0.000,
17.9.2026,23:14:49.992,6039,33473,15.2,5751,10431,35.5,0.0,23329,0,0.765,0.800,0.757,0.750,0.752,0.686,0.698,1050.0,1100.0,1000.0,1000.0,1100.0,100.0,900.0,31.1,131.3,69.0,26.3,1.4,18.7,0.2,1.5,0.2,31.1,2.4,10.9,5.6,2.0,0.0,0.5,0.0,0.0,0.0,10.9,2.4,100.0,1.1,4.7,2.6,1.1,0.0,0.8,0.0,0.1,0.0,1.1,10.5,11.0,10.0,10.0,11.0,9.0,33,31,33,35,33,67,69,67,65,67,37,35,否,否,否,否,否,否,否,否,否,否,否,否,否,否,否,否,否,否,36,35,36,0.250,1.644,0.207,0.005,3.075,0.676,0.223,0.495,35.0,30.0,64.0,64.0,0,17.8,9.2,1.9,2.1,49.1,2.8,13.0,6.5,2.2,0.1,0.7,0.0,0.2,0.0,95.1,83.7,97.5,99.3,99.8,1066.7,10.67,15,15,15,35,74,374,1,2,否,否,否,否,否,否,否,否,否,否,否,否,否,否,否,否,否,否,否,否,否,否,否,否,否,否,否,否,否,否,否,否,否,否,否,否,否,35.0,34,34,32,97.0,100.0,否,否,24293,21074,0.0,1.4,1.4,0.000,0.044,5718,2099,37,0.005,100.0,1066.0,0.0,0.0,0.0,0.0,0.0,0.0,0.0,317,否,否,否,否,否,否,7.465,21.300,51.6,-5.621,25.2,227.3,60.9,61.8,60.1,60.1,60.1,60.1,60.5,61.1,60.0,60.0,60.0,60.0,16.33,16.57,16.09,16.09,16.58,16.58,1.86,13.89,16.06,0.27,0.23,0,0,0.0,0.0,0,0.000,
17.9.2026,23:14:51.992,6039,33473,15.2,5751,10432,35.5,0.0,23329,0,0.764,0.800,0.757,0.750,0.750,0.686,0.698,1025.0,1100.0,1000.0,1000.0,1000.0,100.0,900.0,28.8,131.2,73.7,21.4,1.7,1.3,0.2,0.9,0.2,28.8,2.5,10.9,6.0,1.7,0.7,0.0,0.0,0.7,0.0,10.9,2.5,100.0,1.1,4.7,2.8,0.9,0.1,0.0,0.0,0.0,0.0,1.1,10.2,11.0,10.0,10.0,10.0,9.0,34,32,34,35,34,66,68,66,65,66,37,35,否,否,否,否,否,否,否,否,否,否,否,否,否,否,否,否,否,否,36,35,36,0.250,1.539,0.149,0.005,2.799,0.678,0.229,0.440,35.0,30.0,64.0,64.0,0,17.9,7.2,1.8,2.2,50.7,2.8,13.0,6.9,2.0,0.2,0.1,0.0,0.1,0.0,95.1,82.9,97.8,99.8,99.9,1066.7,10.67,15,15,15,35,74,374,1,2,否,否,否,否,否,否,否,否,否,否,否,否,否,否,否,否,否,否,否,否,否,否,否,否,否,否,否,否,否,否,否,否,否,否,否,否,否,35.0,34,34,33,97.0,100.0,否,否,24293,21074,0.0,1.1,1.1,0.000,0.018,5718,2099,37,0.005,100.0,1066.0,0.0,0.0,0.0,0.0,0.0,0.0,0.0,317,否,否,否,否,否,否,7.452,21.293,51.5,-5.582,25.2,228.9,60.9,61.8,60.1,60.1,60.1,60.1,60.5,61.1,60.0,60.0,60.0,60.0,16.33,16.57,16.09,16.09,16.58,16.58,1.86,13.89,16.06,0.27,0.23,0,0,0.0,0.0,0,0.000,
17.9.2026,23:14:53.984,6039,33473,15.2,5754,10429,35.5,0.0,23329,0,0.769,0.802,0.765,0.752,0.755,0.693,0.741,1125.0,1200.0,1100.0,1100.0,1100.0,100.0,1000.0,35.3,149.6,106.5,22.0,1.6,1.7,0.2,0.3,0.2,35.3,3.1,11.9,8.4,1.8,0.9,1.7,0.0,0.0,0.0,11.9,3.1,100.0,1.3,5.5,4.1,0.9,0.0,0.1,0.0,0.0,0.0,1.3,11.2,12.0,11.0,11.0,11.0,10.0,34,32,34,36,33,66,68,66,64,67,37,36,否,否,否,否,否,否,否,否,否,否,否,否,否,否,否,否,否,否,37,35,37,0.250,1.594,0.187,0.006,2.892,0.693,0.242,0.437,35.0,30.0,64.0,64.0,0,17.2,7.2,1.4,2.0,50.8,3.1,13.8,9.1,1.9,0.2,0.2,0.0,0.0,0.0,94.6,80.9,97.9,99.8,99.9,1066.7,10.67,15,15,15,35,74,374,1,2,否,否,否,否,否,否,否,否,否,否,否,否,否,否,否,否,否,否,否,否,否,否,否,否,否,否,否,否,否,否,否,否,否,否,否,否,否,34.0,34,34,33,97.0,100.0,否,否,24293,21074,0.0,1.0,1.0,0.000,0.079,5718,2099,37,0.006,100.0,1066.0,0.0,0.0,0.0,0.0,0.0,0.0,0.0,317,否,否,否,否,否,否,7.454,21.293,51.5,-5.561,25.2,229.7,60.9,61.8,60.1,60.1,60.1,60.1,60.5,61.1,60.0,60.0,60.0,60.0,16.33,16.57,16.09,16.09,16.58,16.58,1.86,13.89,16.06,0.27,0.23,0,0,0.0,0.0,0,0.000,
17.9.2026,23:14:56.000,6039,33473,15.2,5753,10429,35.5,0.0,23329,0,0.763,0.795,0.757,0.750,0.750,0.678,0.698,1000.0,1000.0,1000.0,1000.0,1000.0,100.0,800.0,29.5,125.0,62.3,40.7,4.8,1.3,0.4,1.0,0.2,29.5,2.4,10.2,4.9,2.3,0.0,0.0,0.5,0.5,0.5,10.2,2.4,100.0,1.1,4.4,2.3,1.6,0.2,0.0,0.0,0.0,0.0,1.1,10.0,10.0,10.0,10.0,10.0,8.0,33,32,33,34,33,67,68,67,66,67,36,34,否,否,否,否,否,否,否,否,否,否,否,否,否,否,否,否,否,否,36,35,37,0.250,1.610,0.194,0.009,2.934,0.666,0.217,0.487,35.0,30.0,64.0,64.0,0,17.6,9.3,1.5,2.0,50.4,2.7,12.5,5.9,2.8,0.4,0.1,0.0,0.1,0.0,95.2,84.3,97.0,99.8,99.9,1066.7,10.67,15,15,15,35,74,374,1,2,否,否,否,否,否,否,否,否,否,否,否,否,否,否,否,否,否,否,否,否,否,否,否,否,否,否,否,否,否,否,否,否,否,否,否,否,否,34.0,34,34,34,97.0,100.0,否,否,24293,21074,0.0,1.0,1.0,0.000,0.040,5718,2100,36,0.009,100.0,1066.0,0.0,0.0,0.0,0.0,0.0,0.0,0.0,317,否,否,否,否,否,否,7.434,21.285,51.5,-5.538,25.2,230.6,60.9,61.8,60.1,60.1,60.1,60.1,60.5,61.1,60.0,60.0,60.0,60.0,16.33,16.57,16.09,16.09,16.58,16.58,1.86,13.89,16.06,0.27,0.23,0,0,0.0,0.0,0,0.000,
17.9.2026,23:14:58.014,6037,33475,15.2,5754,10428,35.5,0.0,23329,0,0.767,0.797,0.765,0.755,0.752,0.686,0.741,1100.0,1100.0,1100.0,1100.0,1100.0,100.0,900.0,30.3,133.5,75.5,25.8,6.5,0.4,0.2,0.2,0.2,30.3,2.3,11.1,6.3,0.5,0.5,0.0,0.0,0.0,0.0,11.1,2.3,100.0,1.1,4.7,2.8,1.0,0.2,0.0,0.0,0.0,0.0,1.1,11.0,11.0,11.0,11.0,11.0,9.0,34,33,34,35,33,66,67,66,65,67,37,35,否,否,否,否,否,否,否,否,否,否,否,否,否,否,否,否,否,否,37,35,37,0.250,1.644,0.165,0.005,3.025,0.703,0.238,0.496,35.0,30.0,64.0,64.0,0,17.7,9.0,1.6,2.3,49.1,2.9,13.2,7.0,2.2,0.6,0.0,0.0,0.0,0.0,94.9,82.8,97.2,99.9,99.9,1066.7,10.67,15,15,15,35,74,374,1,2,否,否,否,否,否,否,否,否,否,否,否,否,否,否,否,否,否,否,否,否,否,否,否,否,否,否,否,否,否,否,否,否,否,否,否,否,否,34.0,34,34,33,97.0,100.0,否,否,24293,21074,0.0,1.4,1.4,0.000,0.081,5718,2100,37,0.005,100.0,1066.0,0.0,0.0,0.0,0.0,0.0,0.0,0.0,317,否,否,否,否,否,否,7.433,21.285,51.5,-5.538,25.2,230.6,60.9,61.8,60.1,60.1,60.1,60.1,60.5,61.1,60.0,60.0,60.0,60.0,16.33,16.57,16.09,16.09,16.58,16.58,1.86,13.89,16.06,0.27,0.23,0,0,0.0,0.0,0,0.000,
17.9.2026,23:15:0.022,6036,33475,15.2,5755,10428,35.5,0.0,23329,0,0.767,0.797,0.765,0.755,0.752,0.686,0.696,1100.0,1100.0,1100.0,1100.0,1100.0,100.0,900.0,28.5,116.4,83.8,25.8,1.1,0.5,0.2,0.2,0.2,28.5,2.7,9.5,7.1,3.8,0.0,0.8,0.0,0.0,0.0,9.5,2.7,100.0,1.0,4.1,3.2,1.0,0.0,0.0,0.0,0.0,0.0,1.0,11.0,11.0,11.0,11.0,11.0,9.0,34,32,34,35,34,66,68,66,65,66,37,35,否,否,否,否,否,否,否,否,否,否,否,否,否,否,否,否,否,否,37,34,37,0.250,1.651,0.149,0.007,3.161,0.706,0.235,0.516,35.0,30.0,64.0,64.0,0,17.7,9.7,1.5,2.1,49.2,2.7,11.4,7.9,2.3,0.1,0.1,0.0,0.0,0.0,95.2,83.4,97.5,99.9,99.9,1066.7,10.67,15,15,15,35,74,374,1,2,否,否,否,否,否,否,否,否,否,否,否,否,否,否,否,否,否,否,否,否,否,否,否,否,否,否,否,否,否,否,否,否,否,否,否,否,否,34.0,34,34,33,97.0,100.0,否,否,24293,21074,0.0,1.5,1.5,0.000,0.055,5718,2100,37,0.007,100.0,1066.0,0.0,0.0,0.0,0.0,0.0,0.0,0.0,317,否,否,否,否,否,否,7.442,21.285,51.5,-5.582,25.2,228.8,60.9,61.8,60.1,60.1,60.1,60.1,60.5,61.1,60.0,60.0,60.0,60.0,16.33,16.57,16.09,16.09,16.58,16.58,1.86,13.89,16.06,0.27,0.23,0,0,0.0,0.0,0,0.000,
17.9.2026,23:15:2.036,6037,33475,15.2,5755,10427,35.5,0.0,23329,0,0.769,0.802,0.765,0.755,0.752,0.686,0.698,1100.0,1100.0,1100.0,1100.0,1100.0,100.0,900.0,32.0,125.3,75.3,39.2,12.0,1.5,1.4,0.7,0.3,32.0,2.6,10.4,6.4,1.8,1.9,0.1,0.1,0.1,0.0,10.4,2.6,100.0,1.2,4.4,2.8,1.6,0.5,0.1,0.1,0.0,0.0,1.2,11.0,11.0,11.0,11.0,11.0,9.0,33,31,34,34,34,67,69,66,66,66,36,34,否,否,否,否,否,否,否,否,否,否,否,否,否,否,否,否,否,否,37,35,37,0.250,1.709,0.190,0.006,3.181,0.704,0.238,0.538,35.0,30.0,64.0,64.0,0,17.4,10.7,1.6,2.0,48.1,3.0,12.4,7.1,2.7,1.1,0.2,0.1,0.1,0.0,95.0,83.6,96.7,99.7,99.9,1066.7,10.67,15,15,15,35,74,374,1,2,否,否,否,否,否,否,否,否,否,否,否,否,否,否,否,否,否,否,否,否,否,否,否,否,否,否,否,否,否,否,否,否,否,否,否,否,否,34.0,34,34,33,97.0,100.0,否,否,24293,21074,0.0,1.4,1.4,0.000,0.053,5718,2100,38,0.006,100.0,1066.0,0.0,0.0,0.0,0.0,0.0,0.0,0.0,317,否,否,否,否,否,否,7.471,21.277,51.5,-5.611,25.2,227.5,60.9,61.8,60.1,60.1,60.1,60.1,60.5,61.1,60.0,60.0,60.0,60.0,16.33,16.57,16.09,16.09,16.58,16.58,1.86,13.89,16.06,0.27,0.23,0,0,0.0,0.0,0,0.000,
17.9.2026,23:15:4.028,6036,33476,15.2,5759,10423,35.5,0.0,23329,0,0.757,0.800,0.720,0.755,0.752,0.686,0.696,925.0,1100.0,400.0,1100.0,1100.0,100.0,900.0,33.3,131.3,92.0,34.6,6.6,1.3,0.2,0.2,0.2,33.3,3.1,11.3,8.2,3.7,0.9,0.0,0.3,0.3,0.3,11.3,3.1,100.0,1.2,4.7,3.5,1.4,0.3,0.0,0.0,0.0,0.0,1.2,9.2,11.0,4.0,11.0,11.0,9.0,34,31,35,35,33,66,69,65,65,67,37,35,否,否,否,否,否,否,否,否,否,否,否,否,否,否,否,否,否,否,37,36,37,0.250,1.448,0.164,0.006,2.627,0.644,0.226,0.373,35.0,30.0,64.0,64.0,0,17.5,4.6,1.3,2.0,53.0,3.2,13.0,8.7,2.7,0.6,0.1,0.0,0.0,0.0,94.5,81.7,96.6,99.8,99.9,1066.7,10.67,15,15,15,35,74,374,1,2,否,否,否,否,否,否,否,否,否,否,否,否,否,否,否,否,否,否,否,否,否,否,否,否,否,否,否,否,否,否,否,否,否,否,否,否,否,34.0,34,34,33,97.0,100.0,否,否,24293,21074,0.0,0.5,0.5,0.000,0.008,5718,2100,37,0.006,100.0,1066.0,0.0,0.0,0.0,0.0,0.0,0.0,0.0,317,否,否,否,否,否,否,7.477,21.277,51.5,-5.615,25.2,227.3,60.9,61.8,60.1,60.1,60.1,60.1,60.5,61.1,60.0,60.0,60.0,60.0,16.33,16.57,16.09,16.09,16.58,16.58,1.86,13.89,16.06,0.27,0.23,0,0,0.0,0.0,0,0.000,
17.9.2026,23:15:6.039,6035,33477,15.2,5758,10424,35.5,0.0,23329,0,0.769,0.800,0.767,0.755,0.752,0.686,0.738,1100.0,1100.0,1100.0,1100.0,1100.0,100.0,900.0,29.2,125.5,69.1,34.8,2.9,0.5,0.2,0.2,0.2,29.2,2.7,10.4,5.6,0.2,0.0,5.6,0.0,0.0,0.0,10.4,2.7,100.0,1.1,4.4,2.6,1.4,0.1,0.0,0.0,0.0,0.0,1.1,11.0,11.0,11.0,11.0,11.0,9.0,33,31,33,35,33,67,69,67,65,67,37,35,否,否,否,否,否,否,否,否,否,否,否,否,否,否,否,否,否,否,36,35,36,0.250,1.548,0.185,0.009,2.757,0.658,0.223,0.436,35.0,30.0,64.0,64.0,0,17.9,7.0,1.5,1.8,52.3,2.7,12.6,6.6,2.2,0.3,0.1,0.0,0.0,0.0,95.3,83.7,97.4,99.9,99.9,1066.7,10.67,15,15,15,35,74,374,1,2,否,否,否,否,否,否,否,否,否,否,否,否,否,否,否,否,否,否,否,否,否,否,否,否,否,否,否,否,否,否,否,否,否,否,否,否,否,35.0,34,34,33,97.0,100.0,否,否,24293,21074,0.0,1.0,1.0,0.000,0.014,5718,2100,37,0.009,100.0,1066.0,0.0,0.0,0.0,0.0,0.0,0.0,0.0,317,否,否,否,否,否,否,7.470,21.277,51.5,-5.565,25.2,229.4,60.9,61.8,60.1,60.1,60.1,60.1,60.5,61.1,60.0,60.0,60.0,60.0,16.33,16.57,16.09,16.09,16.58,16.58,1.86,13.89,16.06,0.27,0.23,0,0,0.0,0.0,0,0.000,
17.9.2026,23:15:8.037,6035,33477,15.2,5754,10428,35.5,0.0,23329,0,0.764,0.797,0.757,0.750,0.750,0.686,0.696,1025.0,1100.0,1000.0,1000.0,1000.0,100.0,900.0,45.2,149.9,96.7,47.3,7.3,17.7,11.2,13.9,17.2,45.2,4.1,12.8,8.5,5.3,0.9,2.6,0.6,0.8,1.1,12.8,4.1,100.0,1.7,5.5,3.7,1.9,0.3,0.7,0.5,0.5,0.7,1.7,10.2,11.0,10.0,10.0,10.0,9.0,34,32,36,34,34,66,68,64,66,66,37,36,否,否,否,否,否,否,否,否,否,否,否,否,否,否,否,否,否,否,37,34,36,0.250,1.647,0.239,0.006,3.039,0.662,0.235,0.476,35.0,30.0,64.0,64.0,0,17.2,6.6,1.2,2.8,50.3,4.1,14.3,8.9,3.6,0.6,1.5,1.0,1.2,1.5,93.5,81.7,96.1,98.0,98.3,1066.7,10.67,15,15,15,35,74,374,1,2,否,否,否,否,否,否,否,否,否,否,否,否,否,否,否,否,否,否,否,否,否,否,否,否,否,否,否,否,否,否,否,否,否,否,否,否,否,35.0,34,34,32,97.0,100.0,否,否,24293,21074,0.0,1.5,1.5,0.000,0.106,5718,2100,38,0.006,100.0,1066.0,0.0,0.0,0.0,0.0,0.0,0.0,0.0,317,否,否,否,否,否,否,7.475,21.270,51.5,-5.606,25.2,227.6,60.9,61.8,60.1,60.1,60.1,60.1,60.5,61.1,60.0,60.0,60.0,60.0,16.33,16.57,16.09,16.09,16.58,16.58,1.86,13.89,16.06,0.27,0.23,0,0,0.0,0.0,0,0.000,
17.9.2026,23:15:10.044,6034,33477,15.2,5753,10430,35.5,0.0,23329,0,0.768,0.800,0.765,0.755,0.752,0.686,0.698,1100.0,1100.0,1100.0,1100.0,1100.0,100.0,900.0,28.8,129.8,69.9,25.5,3.0,1.4,0.2,0.8,0.2,28.8,2.4,10.4,5.5,1.6,0.0,0.4,0.3,0.4,0.3,10.4,2.4,100.0,1.1,4.6,2.6,1.0,0.1,0.0,0.0,0.0,0.0,1.1,11.0,11.0,11.0,11.0,11.0,9.0,33,31,34,34,34,67,69,66,66,66,36,34,否,否,否,否,否,否,否,否,否,否,否,否,否,否,否,否,否,否,37,35,37,0.250,1.519,0.154,0.007,2.727,0.662,0.225,0.433,35.0,30.0,64.0,64.0,0,17.7,6.8,1.8,2.1,51.9,2.8,12.7,6.6,2.2,0.3,0.1,0.0,0.1,0.0,95.2,83.5,97.5,99.8,99.9,1066.7,10.67,15,15,15,35,74,374,1,2,否,否,否,否,否,否,否,否,否,否,否,否,否,否,否,否,否,否,否,否,否,否,否,否,否,否,否,否,否,否,否,否,否,否,否,否,否,34.0,34,34,33,97.0,100.0,否,否,24293,21074,0.0,1.0,1.0,0.000,0.012,5718,2100,37,0.007,100.0,1066.0,0.0,0.0,0.0,0.0,0.0,0.0,0.0,317,否,否,否,否,否,否,7.475,21.270,51.5,-5.561,25.2,229.5,60.9,61.8,60.1,60.1,60.1,60.1,60.5,61.1,60.0,60.0,60.0,60.0,16.33,16.57,16.09,16.09,16.58,16.58,1.86,13.89,16.06,0.27,0.23,0,0,0.0,0.0,0,0.000,
17.9.2026,23:15:12.052,6035,33477,15.2,5751,10431,35.5,0.0,23329,0,0.765,0.797,0.757,0.750,0.755,0.686,0.696,1050.0,1100.0,1000.0,1000.0,1100.0,100.0,900.0,30.7,125.8,87.3,24.9,3.1,3.3,0.2,0.5,0.2,30.7,3.0,10.8,7.5,2.2,0.6,1.4,0.4,0.4,0.4,10.8,3.0,100.0,1.1,4.4,3.3,1.0,0.1,0.1,0.0,0.0,0.0,1.1,10.5,11.0,10.0,10.0,11.0,9.0,33,31,34,34,33,67,69,66,66,67,36,34,否,否,否,否,否,否,否,否,否,否,否,否,否,否,否,否,否,否,37,35,38,0.250,1.766,0.191,0.007,3.393,0.712,0.224,0.585,35.0,30.0,64.0,64.0,0,17.7,13.1,1.6,2.2,45.2,2.9,12.5,7.9,1.9,0.3,0.3,0.0,0.1,0.0,95.0,82.7,97.7,99.7,99.9,1066.7,10.67,15,15,15,35,74,374,1,2,否,否,否,否,否,否,否,否,否,否,否,否,否,否,否,否,否,否,否,否,否,否,否,否,否,否,否,否,否,否,否,否,否,否,否,否,否,35.0,34,34,33,97.0,100.0,否,否,24293,21074,0.0,2.6,2.6,0.000,0.116,5718,2100,38,0.007,100.0,1066.0,0.0,0.0,0.0,0.0,0.0,0.0,0.0,317,否,否,否,否,否,否,7.472,21.270,51.5,-5.574,25.2,228.9,60.9,61.8,60.1,60.1,60.1,60.1,60.5,61.1,60.0,60.0,60.0,60.0,16.33,16.57,16.09,16.09,16.58,16.58,1.86,13.89,16.06,0.27,0.23,0,0,0.0,0.0,0,0.000,
17.9.2026,23:15:14.052,6034,33477,15.2,5750,10432,35.5,0.0,23329,0,0.767,0.800,0.762,0.755,0.752,0.686,0.698,1100.0,1100.0,1100.0,1100.0,1100.0,100.0,900.0,29.9,130.6,78.7,27.6,1.0,0.4,0.2,0.2,0.2,29.9,2.4,11.0,6.7,1.9,0.0,0.0,0.0,0.0,0.0,11.0,2.4,100.0,1.1,4.6,3.0,1.1,0.0,0.0,0.0,0.0,0.0,1.1,11.0,11.0,11.0,11.0,11.0,9.0,34,31,35,34,34,66,69,65,66,66,36,35,否,否,否,否,否,否,否,否,否,否,否,否,否,否,否,否,否,否,37,34,37,0.250,1.564,0.158,0.006,2.851,0.671,0.226,0.466,35.0,30.0,64.0,64.0,0,17.9,7.0,1.8,2.5,50.5,2.9,13.1,7.5,2.1,0.1,0.1,0.0,0.0,0.0,95.0,82.6,97.7,99.9,99.9,1066.7,10.67,15,15,15,35,74,374,1,2,否,否,否,否,否,否,否,否,否,否,否,否,否,否,否,否,否,否,否,否,否,否,否,否,否,否,否,否,否,否,否,否,否,否,否,否,否,34.0,34,34,33,97.0,100.0,否,否,24293,21074,0.0,1.0,1.0,0.000,0.032,5718,2100,36,0.006,100.0,1066.0,0.0,0.0,0.0,0.0,0.0,0.0,0.0,317,否,否,否,否,否,否,7.472,21.270,51.5,-5.582,25.2,228.6,60.9,61.8,60.1,60.1,60.1,60.1,60.5,61.1,60.0,60.0,60.0,60.0,16.33,16.57,16.09,16.09,16.58,16.58,1.86,13.89,16.06,0.27,0.23,0,0,0.0,0.0,0,0.000,
17.9.2026,23:15:16.051,6036,33476,15.2,5749,10434,35.5,0.0,23329,0,0.767,0.797,0.765,0.755,0.752,0.686,0.698,1100.0,1100.0,1100.0,1100.0,1100.0,100.0,900.0,30.0,127.5,70.2,37.4,2.5,0.9,0.5,0.5,0.2,30.0,2.9,10.6,5.8,2.8,0.9,0.7,0.7,0.7,0.7,10.6,2.9,100.0,1.1,4.5,2.6,1.5,0.1,0.0,0.0,0.0,0.0,1.1,11.0,11.0,11.0,11.0,11.0,9.0,34,32,35,35,34,66,68,65,65,66,36,35,否,否,否,否,否,否,否,否,否,否,否,否,否,否,否,否,否,否,37,35,37,0.250,1.533,0.159,0.006,2.816,0.667,0.220,0.438,35.0,30.0,64.0,64.0,0,17.9,7.2,1.8,2.1,50.6,2.9,12.7,6.6,3.1,0.3,0.1,0.1,0.1,0.0,94.9,83.4,96.6,99.8,99.9,1066.7,10.67,15,15,15,35,74,374,1,2,否,否,否,否,否,否,否,否,否,否,否,否,否,否,否,否,否,否,否,否,否,否,否,否,否,否,否,否,否,否,否,否,否,否,否,否,否,35.0,34,34,33,97.0,100.0,否,否,24293,21074,0.0,1.5,1.5,0.000,0.018,5718,2101,37,0.006,100.0,1066.0,0.0,0.0,0.0,0.0,0.0,0.0,0.0,317,否,否,否,否,否,否,7.467,21.262,51.5,-5.541,25.2,230.2,60.9,61.8,60.1,60.1,60.1,60.1,60.5,61.1,60.0,60.0,60.0,60.0,16.33,16.57,16.09,16.09,16.58,16.58,1.86,13.89,16.06,0.27,0.23,0,0,0.0,0.0,0,0.000,
17.9.2026,23:15:18.048,6036,33475,15.2,5759,10423,35.5,0.0,23329,0,0.768,0.800,0.765,0.755,0.752,0.686,0.696,1100.0,1100.0,1100.0,1100.0,1100.0,100.0,900.0,32.2,124.0,85.3,40.3,6.2,0.9,0.2,0.2,0.2,32.2,2.7,10.6,7.5,3.3,0.0,0.0,0.0,0.0,0.0,10.6,2.7,100.0,1.2,4.4,3.2,1.6,0.2,0.0,0.0,0.0,0.0,1.2,11.0,11.0,11.0,11.0,11.0,9.0,34,31,34,36,34,66,69,66,64,66,37,36,否,否,否,否,否,否,否,否,否,否,否,否,否,否,否,否,否,否,37,35,37,0.250,1.740,0.187,0.006,3.315,0.695,0.221,0.589,35.0,30.0,64.0,64.0,0,17.3,11.4,1.2,1.9,47.5,3.0,12.3,7.9,3.2,0.6,0.1,0.0,0.0,0.0,94.8,83.1,96.3,99.9,99.9,1066.7,10.67,15,15,15,35,74,374,1,2,否,否,否,否,否,否,否,否,否,否,否,否,否,否,否,否,否,否,否,否,否,否,否,否,否,否,否,否,否,否,否,否,否,否,否,否,否,34.0,34,34,33,97.0,100.0,否,否,24293,21074,0.0,1.9,1.9,0.000,0.065,5718,2101,37,0.006,100.0,1066.0,0.0,0.0,0.0,0.0,0.0,0.0,0.0,317,否,否,否,否,否,否,7.477,21.262,51.5,-5.585,25.2,228.4,60.9,61.8,60.1,60.1,60.1,60.1,60.5,61.1,60.0,60.0,60.0,60.0,16.33,16.57,16.09,16.09,16.58,16.58,1.86,13.89,16.06,0.27,0.23,0,0,0.0,0.0,0,0.000,
17.9.2026,23:15:20.068,6042,33470,15.2,5761,10422,35.5,0.0,23329,0,0.771,0.802,0.770,0.757,0.755,0.691,0.698,1200.0,1200.0,1200.0,1200.0,1200.0,100.0,1000.0,36.2,155.2,98.7,18.7,4.0,11.3,1.4,0.3,0.2,36.2,3.4,12.3,6.6,1.3,1.5,2.1,1.3,1.2,1.2,12.3,3.4,100.0,1.4,5.7,3.8,0.7,0.1,0.4,0.0,0.0,0.0,1.4,12.0,12.0,12.0,12.0,12.0,10.0,34,30,35,37,34,66,70,65,63,66,37,37,否,否,否,否,否,否,否,否,否,否,否,否,否,否,否,否,否,否,37,35,37,0.250,1.681,0.218,0.006,3.085,0.691,0.237,0.495,35.0,30.0,64.0,64.0,0,17.4,8.2,1.5,1.9,49.9,3.2,14.5,7.6,1.8,0.4,1.0,0.1,0.0,0.0,94.7,82.0,97.9,98.8,99.9,1066.7,10.67,15,15,15,35,74,374,1,2,是,否,否,否,否,否,否,否,否,否,是,否,否,否,否,否,否,否,否,否,否,否,否,否,否,否,否,否,否,否,否,否,否,否,否,否,否,34.0,34,34,33,97.0,100.0,否,否,24293,21074,0.1,1.0,1.0,0.093,0.012,5718,2101,36,0.006,100.0,1066.0,0.0,0.0,0.0,0.0,0.0,0.0,0.0,317,否,否,否,否,否,否,7.465,21.262,51.5,-5.554,25.2,229.7,60.9,61.8,60.1,60.1,60.1,60.1,60.5,61.1,60.0,60.0,60.0,60.0,16.33,16.57,16.09,16.09,16.58,16.58,1.86,13.89,16.06,0.27,0.23,0,0,0.0,0.0,0,0.000,
17.9.2026,23:15:22.084,6040,33471,15.2,5758,10425,35.5,0.0,23329,0,0.763,0.795,0.757,0.750,0.750,0.678,0.698,1000.0,1000.0,1000.0,1000.0,1000.0,100.0,800.0,29.2,129.9,66.2,33.3,2.9,0.9,0.1,0.4,0.1,29.2,2.3,10.7,5.4,2.6,0.0,0.0,0.0,0.0,0.0,10.7,2.3,100.0,1.1,4.6,2.4,1.3,0.1,0.0,0.0,0.0,0.0,1.1,10.0,10.0,10.0,10.0,10.0,8.0,34,31,35,34,34,66,69,65,66,66,37,35,否,否,否,否,否,否,否,否,否,否,否,否,否,否,否,否,否,否,36,34,37,0.250,1.706,0.176,0.008,3.215,0.697,0.222,0.561,35.0,30.0,64.0,64.0,0,18.0,11.3,1.4,2.1,47.7,2.8,12.8,6.2,2.7,0.3,0.1,0.0,0.0,0.0,95.2,83.8,97.0,99.9,99.9,1066.7,10.67,15,15,15,35,74,374,1,2,否,否,否,否,否,否,否,否,否,否,否,否,否,否,否,否,否,否,否,否,否,否,否,否,否,否,否,否,否,否,否,否,否,否,否,否,否,34.0,34,34,32,97.0,100.0,否,否,24293,21074,0.0,2.4,2.4,0.000,0.083,5718,2101,36,0.008,100.0,1066.0,0.0,0.0,0.0,0.0,0.0,0.0,0.0,317,否,否,否,否,否,否,7.477,21.254,51.5,-5.615,25.2,227.1,60.9,61.8,60.1,60.1,60.1,60.1,60.5,61.1,60.0,60.0,60.0,60.0,16.33,16.57,16.09,16.09,16.58,16.58,1.86,13.89,16.06,0.27,0.23,0,0,0.0,0.0,0,0.000,
17.9.2026,23:15:24.079,6040,33471,15.2,5754,10428,35.5,0.0,23329,0,0.768,0.800,0.765,0.755,0.752,0.686,0.698,1100.0,1100.0,1100.0,1100.0,1100.0,100.0,900.0,40.3,177.9,103.0,37.1,3.2,0.5,0.2,0.2,0.2,40.3,3.6,14.5,8.1,2.9,0.8,0.6,0.6,0.6,0.6,14.5,3.6,100.0,1.5,6.7,4.0,1.5,0.1,0.0,0.0,0.0,0.0,1.5,11.0,11.0,11.0,11.0,11.0,9.0,33,31,33,34,34,67,69,67,66,66,36,34,否,否,否,否,否,否,否,否,否,否,否,否,否,否,否,否,否,否,36,34,37,0.250,1.531,0.182,0.006,2.902,0.689,0.234,0.378,35.0,30.0,64.0,64.0,0,16.9,4.8,1.5,4.1,47.1,3.7,16.6,9.0,3.2,0.3,0.1,0.0,0.0,0.0,93.5,77.9,96.4,99.9,99.9,1066.7,10.67,15,15,15,35,74,374,1,2,否,否,否,否,否,否,否,否,否,否,否,否,否,否,否,否,否,否,否,否,否,否,否,否,否,否,否,否,否,否,否,否,否,否,否,否,否,34.0,34,34,33,97.0,100.0,否,否,24293,21074,0.0,0.5,0.5,0.000,0.010,5718,2101,37,0.006,100.0,1066.0,0.0,0.0,0.0,0.0,0.0,0.0,0.0,317,否,否,否,否,否,否,7.476,21.254,51.5,-5.614,25.2,227.2,60.9,61.8,60.1,60.1,60.1,60.1,60.5,61.1,60.0,60.0,60.0,60.0,16.33,16.57,16.09,16.09,16.58,16.58,1.86,13.89,16.06,0.27,0.23,0,0,0.0,0.0,0,0.000,
17.9.2026,23:15:26.078,6040,33471,15.2,5754,10429,35.5,0.0,23329,0,0.769,0.800,0.767,0.755,0.752,0.686,0.738,1100.0,1100.0,1100.0,1100.0,1100.0,100.0,900.0,29.8,129.3,79.0,29.5,0.2,0.2,0.2,0.2,0.2,29.8,2.3,11.3,7.3,0.0,0.0,0.0,0.0,0.0,0.0,11.3,2.3,100.0,1.1,4.6,3.0,1.2,0.0,0.0,0.0,0.0,0.0,1.1,11.0,11.0,11.0,11.0,11.0,9.0,33,31,33,34,33,67,69,67,66,67,37,34,否,否,否,否,否,否,否,否,否,否,否,否,否,否,否,否,否,否,36,34,36,0.250,1.547,0.154,0.005,2.771,0.683,0.236,0.434,35.0,30.0,64.0,64.0,0,17.7,6.9,1.5,2.7,50.7,2.8,12.6,7.4,2.3,0.0,0.0,0.0,0.0,0.0,95.1,83.0,97.6,99.9,99.9,1066.7,10.67,15,15,15,35,74,374,1,2,否,否,否,否,否,否,否,否,否,否,否,否,否,否,否,否,否,否,否,否,否,否,否,否,否,否,否,否,否,否,否,否,否,否,否,否,否,34.0,34,34,33,97.0,100.0,否,否,24293,21074,0.0,1.0,1.0,0.000,0.010,5718,2101,36,0.005,100.0,1066.0,0.0,0.0,0.0,0.0,0.0,0.0,0.0,317,否,否,否,否,否,否,7.474,21.247,51.4,-5.576,25.2,228.6,60.9,61.8,60.1,60.1,60.1,60.1,60.5,61.1,60.0,60.0,60.0,60.0,16.33,16.57,16.09,16.09,16.58,16.58,1.86,13.89,16.06,0.27,0.23,0,0,0.0,0.0,0,0.000,
17.9.2026,23:15:28.087,6038,33474,15.2,5751,10432,35.5,0.0,23329,0,0.769,0.800,0.765,0.755,0.755,0.686,0.698,1100.0,1100.0,1100.0,1100.0,1100.0,100.0,900.0,32.6,138.2,86.7,31.2,2.2,1.5,0.3,0.4,0.3,32.6,3.2,11.3,7.3,6.5,0.1,0.1,0.0,0.0,0.0,11.3,3.2,100.0,1.2,4.9,3.3,1.2,0.1,0.1,0.0,0.0,0.0,1.2,11.0,11.0,11.0,11.0,11.0,9.0,33,31,34,35,33,67,69,66,65,67,36,35,否,否,否,否,否,否,否,否,否,否,否,否,否,否,否,否,否,否,37,35,37,0.250,1.799,0.194,0.008,3.506,0.712,0.226,0.615,35.0,30.0,64.0,64.0,0,17.5,13.4,1.4,2.1,44.3,3.0,13.3,8.0,2.3,0.2,0.2,0.0,0.0,0.0,94.8,82.1,97.4,99.8,99.9,1066.7,10.67,15,15,15,35,74,374,1,2,否,否,否,否,否,否,否,否,否,否,否,否,否,否,否,否,否,否,否,否,否,否,否,否,否,否,否,否,否,否,否,否,否,否,否,否,否,34.0,34,34,33,97.0,100.0,否,否,24293,21074,0.0,5.3,5.3,0.000,0.133,5718,2101,37,0.008,100.0,1066.0,0.0,0.0,0.0,0.0,0.0,0.0,0.0,317,否,否,否,否,否,否,7.467,21.247,51.4,-5.585,25.2,228.2,60.9,61.8,60.1,60.1,60.1,60.1,60.5,61.1,60.0,60.0,60.0,60.0,16.33,16.57,16.09,16.09,16.58,16.58,1.86,13.89,16.06,0.27,0.23,0,0,0.0,0.0,0,0.000,
17.9.2026,23:15:30.085,6037,33475,15.2,5751,10432,35.5,0.0,23329,0,0.763,0.795,0.757,0.750,0.750,0.681,0.698,1000.0,1000.0,1000.0,1000.0,1000.0,100.0,800.0,31.4,138.6,88.2,21.8,1.0,0.5,0.2,0.7,0.2,31.4,2.5,11.5,7.5,1.2,0.0,0.0,0.0,0.0,0.0,11.5,2.5,100.0,1.2,4.9,3.4,0.9,0.0,0.0,0.0,0.0,0.0,1.2,10.0,10.0,10.0,10.0,10.0,8.0,33,31,35,34,33,67,69,65,66,67,37,35,否,否,否,否,否,否,否,否,否,否,否,否,否,否,否,否,否,否,37,35,37,0.250,1.723,0.184,0.006,3.266,0.713,0.231,0.549,35.0,30.0,64.0,64.0,0,17.5,11.5,1.2,2.3,46.4,3.0,13.7,8.4,1.4,0.1,0.1,0.0,0.1,0.0,94.9,81.4,98.4,99.9,99.9,1066.7,10.67,15,15,15,35,74,374,1,2,否,否,否,否,否,否,否,否,否,否,否,否,否,否,否,否,否,否,否,否,否,否,否,否,否,否,否,否,否,否,否,否,否,否,否,否,否,34.0,34,34,33,97.0,100.0,否,否,24293,21074,0.0,3.4,3.4,0.000,0.020,5718,2101,36,0.006,100.0,1066.0,0.0,0.0,0.0,0.0,0.0,0.0,0.0,317,否,否,否,否,否,否,7.470,21.247,51.4,-5.595,25.2,227.8,60.9,61.8,60.1,60.1,60.1,60.1,60.5,61.1,60.0,60.0,60.0,60.0,16.33,16.57,16.09,16.09,16.58,16.58,1.86,13.89,16.06,0.27,0.23,0,0,0.0,0.0,0,0.000,
17.9.2026,23:15:32.089,6037,33474,15.2,5752,10430,35.5,0.0,23329,0,0.768,0.800,0.762,0.755,0.755,0.686,0.738,1100.0,1100.0,1100.0,1100.0,1100.0,100.0,900.0,31.9,126.7,90.4,30.0,1.7,3.6,0.8,1.8,0.3,31.9,2.8,10.1,7.3,2.1,1.2,0.6,0.4,0.5,0.4,10.1,2.8,100.0,1.2,4.5,3.5,1.2,0.1,0.1,0.0,0.1,0.0,1.2,11.0,11.0,11.0,11.0,11.0,9.0,33,31,34,34,33,67,69,66,66,67,36,34,否,否,否,否,否,否,否,否,否,否,否,否,否,否,否,否,否,否,37,35,37,0.250,1.781,0.169,0.007,3.476,0.724,0.228,0.610,35.0,30.0,64.0,64.0,0,17.4,13.1,1.6,2.1,44.2,3.1,12.5,8.5,2.6,0.2,0.3,0.1,0.2,0.0,94.6,82.1,97.1,99.5,99.8,1066.7,10.67,15,15,15,35,74,374,1,2,否,否,否,否,否,否,否,否,否,否,否,否,否,否,否,否,否,否,否,否,否,否,否,否,否,否,否,否,否,否,否,否,否,否,否,否,否,34.0,34,34,33,97.0,100.0,否,否,24293,21074,0.0,2.4,2.4,0.000,0.104,5718,2101,37,0.007,100.0,1066.0,0.0,0.0,0.0,0.0,0.0,0.0,0.0,317,否,否,否,否,否,否,7.467,21.239,51.4,-5.623,25.2,226.6,60.9,61.8,60.1,60.1,60.1,60.1,60.5,61.1,60.0,60.0,60.0,60.0,16.33,16.57,16.09,16.09,16.58,16.58,1.86,13.89,16.06,0.27,0.23,0,0,0.0,0.0,0,0.000,
17.9.2026,23:15:34.085,6038,33473,15.2,5754,10428,35.5,0.0,23329,0,0.767,0.795,0.765,0.755,0.752,0.678,0.698,1075.0,1000.0,1100.0,1100.0,1100.0,100.0,800.0,30.2,133.5,74.1,30.1,2.9,0.7,0.2,0.2,0.2,30.2,3.0,11.7,6.9,2.8,0.0,0.6,0.6,0.6,0.6,11.7,3.0,100.0,1.1,4.8,2.8,1.2,0.1,0.0,0.0,0.0,0.0,1.1,10.8,10.0,11.0,11.0,11.0,8.0,33,32,33,34,34,67,68,67,66,66,37,34,否,否,否,否,否,否,否,否,否,否,否,否,否,否,否,否,否,否,36,34,36,0.250,1.560,0.162,0.005,2.826,0.689,0.234,0.435,35.0,30.0,64.0,64.0,0,18.0,7.0,1.7,2.5,50.2,2.9,13.2,7.1,2.4,0.3,0.1,0.0,0.0,0.0,94.9,82.6,97.3,99.9,99.9,1066.7,10.67,15,15,15,35,74,374,1,2,否,否,否,否,否,否,否,否,否,否,否,否,否,否,否,否,否,否,否,否,否,否,否,否,否,否,否,否,否,否,否,否,否,否,否,否,否,35.0,34,34,33,97.0,100.0,否,否,24293,21074,0.0,1.0,1.0,0.000,0.010,5718,2101,37,0.005,100.0,1066.0,0.0,0.0,0.0,0.0,0.0,0.0,0.0,317,否,否,否,否,否,否,7.476,21.239,51.4,-5.644,25.2,225.8,60.9,61.8,60.1,60.1,60.1,60.1,60.5,61.1,60.0,60.0,60.0,60.0,16.33,16.57,16.09,16.09,16.58,16.58,1.86,13.89,16.06,0.27,0.23,0,0,0.0,0.0,0,0.000,
17.9.2026,23:15:36.080,6039,33473,15.2,5755,10427,35.5,0.0,23329,0,0.767,0.800,0.762,0.755,0.752,0.686,0.741,1100.0,1100.0,1100.0,1100.0,1100.0,100.0,900.0,30.2,143.9,70.4,23.0,1.3,1.1,0.1,1.6,0.1,30.2,2.1,11.6,5.5,0.0,0.0,0.0,0.0,0.0,0.0,11.6,2.1,100.0,1.1,5.2,2.6,0.9,0.0,0.0,0.0,0.1,0.0,1.1,11.0,11.0,11.0,11.0,11.0,9.0,34,31,34,35,34,66,69,66,65,66,37,35,否,否,否,否,否,否,否,否,否,否,否,否,否,否,否,否,否,否,37,34,37,0.250,1.663,0.181,0.007,3.064,0.702,0.234,0.505,35.0,30.0,64.0,64.0,0,17.9,9.2,1.9,2.6,48.3,2.8,13.8,6.5,1.5,0.1,0.1,0.0,0.2,0.0,95.1,82.7,98.2,99.8,99.8,1066.7,10.67,15,15,15,35,74,374,1,2,否,否,否,否,否,否,否,否,否,否,否,否,否,否,否,否,否,否,否,否,否,否,否,否,否,否,否,否,否,否,否,否,否,否,否,否,否,34.0,34,34,34,97.0,100.0,否,否,24293,21074,0.0,1.5,1.5,0.000,0.069,5718,2101,36,0.007,100.0,1066.0,0.0,0.0,0.0,0.0,0.0,0.0,0.0,317,否,否,否,否,否,否,7.463,21.232,51.4,-5.605,25.2,227.3,60.9,61.8,60.1,60.1,60.1,60.1,60.5,61.1,60.0,60.0,60.0,60.0,16.33,16.57,16.09,16.09,16.58,16.58,1.86,13.89,16.06,0.27,0.23,0,0,0.0,0.0,0,0.000,
17.9.2026,23:15:38.080,6037,33475,15.2,5752,10430,35.5,0.0,23329,0,0.763,0.795,0.757,0.750,0.750,0.681,0.698,1000.0,1000.0,1000.0,1000.0,1000.0,100.0,800.0,34.4,145.2,82.4,45.1,1.2,0.9,0.2,0.2,0.2,34.4,3.2,11.9,6.7,5.5,0.7,0.7,0.0,0.0,0.0,11.9,3.2,100.0,1.3,5.2,3.1,1.8,0.0,0.0,0.0,0.0,0.0,1.3,10.0,10.0,10.0,10.0,10.0,8.0,33,30,33,35,33,67,70,67,65,67,36,35,否,否,否,否,否,否,否,否,否,否,否,否,否,否,否,否,否,否,36,35,35,0.250,1.896,0.208,0.006,3.712,0.751,0.240,0.655,35.0,30.0,64.0,64.0,0,17.2,14.6,1.5,2.2,42.6,3.2,14.0,7.5,3.5,0.1,0.1,0.0,0.0,0.0,94.5,81.7,96.3,99.8,99.9,1066.7,10.67,15,15,15,35,74,374,1,2,否,否,否,否,否,否,否,否,否,否,否,否,否,否,否,否,否,否,否,否,否,否,否,否,否,否,否,否,否,否,否,否,否,否,否,否,否,34.0,34,34,33,97.0,100.0,否,否,24293,21074,0.0,1.6,1.6,0.000,0.057,5718,2102,36,0.006,100.0,1066.0,0.0,0.0,0.0,0.0,0.0,0.0,0.0,317,否,否,否,否,否,否,7.474,21.232,51.4,-5.695,25.2,223.7,60.9,61.8,60.1,60.1,60.1,60.1,60.5,61.1,60.0,60.0,60.0,60.0,16.33,16.57,16.09,16.09,16.58,16.58,1.86,13.89,16.06,0.27,0.23,0,0,0.0,0.0,0,0.000,
17.9.2026,23:15:40.093,6038,33474,15.2,5758,10424,35.5,0.0,23329,0,0.765,0.800,0.760,0.750,0.750,0.686,0.698,1025.0,1100.0,1000.0,1000.0,1000.0,100.0,900.0,36.8,143.9,101.1,34.5,7.6,6.2,0.2,0.5,0.2,36.8,2.7,11.6,7.2,0.0,0.0,0.4,0.7,0.7,0.7,11.6,2.7,100.0,1.4,5.2,3.9,1.4,0.3,0.2,0.0,0.0,0.0,1.4,10.2,11.0,10.0,10.0,10.0,9.0,33,31,33,34,34,67,69,67,66,66,36,34,否,否,否,否,否,否,否,否,否,否,否,否,否,否,否,否,否,否,36,35,36,0.250,1.756,0.216,0.007,3.343,0.725,0.245,0.529,35.0,30.0,64.0,64.0,0,17.8,10.5,2.0,2.8,44.7,3.2,13.7,8.1,3.1,0.4,0.6,0.0,0.1,0.0,94.2,81.0,96.5,99.4,99.9,1066.7,10.67,15,15,15,35,74,374,1,2,是,否,否,否,否,否,否,否,否,否,是,否,否,否,否,否,否,否,否,否,否,否,否,否,否,否,否,否,否,否,否,否,否,否,否,否,否,34.0,34,34,33,97.0,100.0,否,否,24293,21074,0.0,2.0,2.0,0.000,0.028,5718,2102,37,0.007,100.0,1066.0,0.0,0.0,0.0,0.0,0.0,0.0,0.0,317,否,否,否,否,否,否,7.471,21.224,51.4,-5.678,25.2,224.3,60.9,61.8,60.1,60.1,60.1,60.1,60.5,61.1,60.0,60.0,60.0,60.0,16.33,16.57,16.09,16.09,16.58,16.58,1.86,13.89,16.06,0.27,0.23,0,0,0.0,0.0,0,0.000,
17.9.2026,23:15:42.104,6037,33474,15.2,5757,10425,35.5,0.0,23329,0,0.764,0.795,0.757,0.750,0.752,0.678,0.698,1025.0,1000.0,1000.0,1000.0,1100.0,100.0,800.0,29.0,127.0,78.5,24.5,0.9,0.8,0.2,0.2,0.2,29.0,2.8,10.7,6.6,4.5,0.8,0.1,0.0,0.0,0.0,10.7,2.8,100.0,1.1,4.5,3.0,1.0,0.0,0.0,0.0,0.0,0.0,1.1,10.2,10.0,10.0,10.0,11.0,8.0,33,31,34,34,34,67,69,66,66,66,37,34,否,否,否,否,否,否,否,否,否,否,否,否,否,否,否,否,否,否,36,35,36,0.250,1.659,0.177,0.007,3.096,0.679,0.218,0.532,35.0,30.0,64.0,64.0,0,18.0,9.2,1.9,2.3,48.7,2.8,12.7,7.4,1.7,0.1,0.1,0.0,0.0,0.0,95.2,83.0,98.2,99.9,99.9,1066.7,10.67,15,15,15,35,74,374,1,2,否,否,否,否,否,否,否,否,否,否,否,否,否,否,否,否,否,否,否,否,否,否,否,否,否,否,否,否,否,否,否,否,否,否,否,否,否,34.0,34,34,33,97.0,100.0,否,否,24293,21074,0.0,1.5,1.5,0.000,0.073,5718,2102,36,0.007,100.0,1066.0,0.0,0.0,0.0,0.0,0.0,0.0,0.0,317,否,否,否,否,否,否,7.477,21.224,51.4,-5.690,25.2,223.8,60.9,61.8,60.1,60.1,60.1,60.1,60.5,61.1,60.0,60.0,60.0,60.0,16.33,16.57,16.09,16.09,16.58,16.58,1.86,13.89,16.06,0.27,0.23,0,0,0.0,0.0,0,0.000,
17.9.2026,23:15:44.121,6037,33475,15.2,5756,10426,35.5,0.0,23329,0,0.764,0.797,0.757,0.750,0.750,0.686,0.741,1025.0,1100.0,1000.0,1000.0,1000.0,100.0,900.0,29.5,134.8,70.2,27.9,1.2,1.1,0.2,0.2,0.2,29.5,2.6,11.7,6.1,2.2,0.4,0.0,0.0,0.0,0.0,11.7,2.6,100.0,1.1,4.8,2.6,1.1,0.0,0.0,0.0,0.0,0.0,1.1,10.2,11.0,10.0,10.0,10.0,9.0,33,31,34,34,33,67,69,66,66,67,37,34,否,否,否,否,否,否,否,否,否,否,否,否,否,否,否,否,否,否,37,35,36,0.250,1.570,0.180,0.005,2.840,0.667,0.226,0.454,35.0,30.0,64.0,64.0,0,17.9,7.1,1.7,2.8,50.4,2.8,13.4,6.5,1.9,0.1,0.1,0.0,0.0,0.0,95.2,83.0,97.9,99.8,99.9,1066.7,10.67,15,15,15,35,74,374,1,2,否,否,否,否,否,否,否,否,否,否,否,否,否,否,否,否,否,否,否,否,否,否,否,否,否,否,否,否,否,否,否,否,否,否,否,否,否,34.0,34,34,33,97.0,100.0,否,否,24293,21074,0.0,3.4,3.4,0.000,0.108,5718,2102,36,0.005,100.0,1066.0,0.0,0.0,0.0,0.0,0.0,0.0,0.0,317,否,否,否,否,否,否,7.470,21.224,51.4,-5.655,25.2,225.2,60.9,61.8,60.1,60.1,60.1,60.1,60.5,61.1,60.0,60.0,60.0,60.0,16.33,16.57,16.09,16.09,16.58,16.58,1.86,13.89,16.06,0.27,0.23,0,0,0.0,0.0,0,0.000,
17.9.2026,23:15:46.125,6037,33475,15.2,5754,10428,35.5,0.0,23329,0,0.768,0.800,0.765,0.755,0.752,0.686,0.741,1100.0,1100.0,1100.0,1100.0,1100.0,100.0,900.0,29.1,125.8,71.8,29.9,1.8,0.9,0.2,2.0,0.2,29.1,3.0,10.3,6.1,2.5,0.0,5.2,0.0,0.2,0.0,10.3,3.0,100.0,1.1,4.4,2.7,1.2,0.1,0.0,0.0,0.1,0.0,1.1,11.0,11.0,11.0,11.0,11.0,9.0,33,31,33,34,34,67,69,67,66,66,37,34,否,否,否,否,否,否,否,否,否,否,否,否,否,否,否,否,否,否,37,33,36,0.250,1.479,0.149,0.007,2.611,0.665,0.231,0.393,35.0,30.0,64.0,64.0,0,18.0,5.4,1.6,2.8,52.3,2.8,12.3,6.8,2.7,0.2,0.1,0.0,0.2,0.0,95.1,83.8,97.1,99.9,99.7,1066.7,10.67,15,15,15,35,74,374,1,2,否,否,否,否,否,否,否,否,否,否,否,否,否,否,否,否,否,否,否,否,否,否,否,否,否,否,否,否,否,否,否,否,否,否,否,否,否,34.0,34,34,33,97.0,100.0,否,否,24293,21074,0.0,0.5,0.5,0.000,0.014,5718,2102,36,0.007,100.0,1066.0,0.0,0.0,0.0,0.0,0.0,0.0,0.0,317,否,否,否,否,否,否,7.477,21.216,51.4,-5.630,25.2,226.1,60.9,61.8,60.1,60.1,60.1,60.1,60.5,61.1,60.0,60.0,60.0,60.0,16.33,16.57,16.09,16.09,16.58,16.58,1.86,13.89,16.06,0.27,0.23,0,0,0.0,0.0,0,0.000,
17.9.2026,23:15:48.131,6036,33476,15.2,5759,10424,35.5,0.0,23329,0,0.768,0.797,0.765,0.757,0.752,0.686,0.696,1100.0,1100.0,1100.0,1100.0,1100.0,100.0,900.0,32.1,138.3,80.8,30.9,3.4,2.2,0.2,0.6,0.2,32.1,2.8,11.4,6.7,2.0,0.1,1.6,0.0,0.7,0.0,11.4,2.8,100.0,1.2,4.9,3.1,1.2,0.1,0.1,0.0,0.0,0.0,1.2,11.0,11.0,11.0,11.0,11.0,9.0,33,31,34,34,33,67,69,66,66,67,36,34,否,否,否,否,否,否,否,否,否,否,否,否,否,否,否,否,否,否,37,35,37,0.250,1.740,0.190,0.006,3.420,0.676,0.207,0.610,35.0,30.0,64.0,64.0,0,17.3,12.6,1.3,1.9,45.9,3.0,13.6,7.6,2.3,0.3,0.2,0.0,0.1,0.0,94.8,82.1,97.3,99.7,99.9,1066.7,10.67,15,15,15,35,74,374,1,2,否,否,否,否,否,否,否,否,否,否,否,否,否,否,否,否,否,否,否,否,否,否,否,否,否,否,否,否,否,否,否,否,否,否,否,否,否,34.0,34,34,33,97.0,100.0,否,否,24293,21074,0.0,2.1,2.1,0.000,0.128,5718,2102,37,0.006,100.0,1066.0,0.0,0.0,0.0,0.0,0.0,0.0,0.0,317,否,否,否,否,否,否,7.476,21.216,51.4,-5.637,25.2,225.8,60.9,61.8,60.1,60.1,60.1,60.1,60.5,61.1,60.0,60.0,60.0,60.0,16.33,16.57,16.09,16.09,16.58,16.58,1.86,13.89,16.06,0.27,0.23,0,0,0.0,0.0,0,0.000,
17.9.2026,23:15:50.128,6037,33475,15.2,5757,10425,35.5,0.0,23329,0,0.767,0.797,0.765,0.755,0.752,0.686,0.738,1100.0,1100.0,1100.0,1100.0,1100.0,100.0,900.0,28.3,129.0,64.1,31.3,0.3,0.9,0.2,0.5,0.2,28.3,2.6,10.8,5.2,1.8,0.6,1.4,0.6,0.0,0.6,10.8,2.6,100.0,1.0,4.6,2.4,1.3,0.0,0.0,0.0,0.0,0.0,1.0,11.0,11.0,11.0,11.0,11.0,9.0,33,31,33,34,34,67,69,67,66,66,36,34,否,否,否,否,否,否,否,否,否,否,否,否,否,否,否,否,否,否,36,34,36,0.250,1.639,0.188,0.006,2.945,0.692,0.233,0.487,35.0,30.0,64.0,64.0,0,18.0,8.5,1.4,2.6,50.3,2.7,12.9,6.1,2.0,0.0,0.1,0.0,0.1,0.0,95.4,83.8,97.9,99.9,99.9,1066.7,10.67,15,15,15,35,74,374,1,2,是,否,否,否,否,否,否,否,否,否,是,否,否,否,否,否,否,否,否,否,否,否,否,否,否,否,否,否,否,否,否,否,否,否,否,否,否,34.0,34,34,33,97.0,100.0,否,否,24293,21074,0.0,1.0,1.0,0.000,0.046,5718,2102,37,0.006,100.0,1066.0,0.0,0.0,0.0,0.0,0.0,0.0,0.0,317,否,否,否,否,否,否,7.474,21.209,51.3,-5.613,25.2,226.7,60.9,61.8,60.1,60.1,60.1,60.1,60.5,61.1,60.0,60.0,60.0,60.0,16.33,16.57,16.09,16.09,16.58,16.58,1.86,13.89,16.06,0.27,0.23,0,0,0.0,0.0,0,0.000,
17.9.2026,23:15:52.135,6037,33474,15.2,5758,10424,35.5,0.0,23329,0,0.764,0.797,0.757,0.750,0.750,0.678,0.698,1000.0,1000.0,1000.0,1000.0,1000.0,100.0,800.0,29.2,134.1,68.4,23.7,2.1,4.7,0.2,0.2,0.2,29.2,2.3,10.9,5.7,1.9,0.2,0.0,0.0,0.0,0.0,10.9,2.3,100.0,1.1,4.8,2.5,0.9,0.1,0.2,0.0,0.0,0.0,1.1,10.0,10.0,10.0,10.0,10.0,8.0,33,31,33,35,34,67,69,67,65,66,36,35,否,否,否,否,否,否,否,否,否,否,否,否,否,否,否,否,否,否,36,34,36,0.250,1.599,0.161,0.008,2.977,0.672,0.218,0.497,35.0,30.0,64.0,64.0,0,18.0,8.8,1.5,2.6,49.3,2.8,12.8,6.5,2.1,0.2,0.5,0.0,0.0,0.0,95.2,83.5,97.7,99.5,99.9,1066.7,10.67,15,15,15,35,74,374,1,2,否,否,否,否,否,否,否,否,否,否,否,否,否,否,否,否,否,否,否,否,否,否,否,否,否,否,否,否,否,否,否,否,否,否,否,否,否,34.0,34,34,32,97.0,100.0,否,否,24293,21074,0.0,1.5,1.5,0.000,0.016,5718,2102,37,0.008,100.0,1066.0,0.0,0.0,0.0,0.0,0.0,0.0,0.0,317,否,否,否,否,否,否,7.476,21.209,51.3,-5.607,25.2,226.9,60.9,61.8,60.1,60.1,60.1,60.1,60.5,61.1,60.0,60.0,60.0,60.0,16.33,16.57,16.09,16.09,16.58,16.58,1.86,13.89,16.06,0.27,0.23,0,0,0.0,0.0,0,0.000,
17.9.2026,23:15:54.138,6037,33475,15.2,5758,10425,35.5,0.0,23329,0,0.769,0.800,0.765,0.755,0.755,0.686,0.738,1100.0,1100.0,1100.0,1100.0,1100.0,100.0,900.0,35.6,144.8,110.0,21.6,2.5,5.2,0.2,0.3,0.2,35.6,3.0,12.1,9.1,1.6,0.9,0.3,0.0,0.0,0.0,12.1,3.0,100.0,1.3,5.3,4.3,0.8,0.1,0.2,0.0,0.0,0.0,1.3,11.0,11.0,11.0,11.0,11.0,9.0,33,31,34,35,33,67,69,66,65,67,36,35,否,否,否,否,否,否,否,否,否,否,否,否,否,否,否,否,否,否,37,34,37,0.250,1.484,0.198,0.008,2.617,0.644,0.227,0.373,35.0,30.0,64.0,64.0,0,17.8,4.0,1.3,2.6,53.3,3.2,13.4,9.3,1.9,0.3,0.5,0.0,0.0,0.0,94.6,81.2,97.8,99.5,99.9,1066.7,10.67,15,15,15,35,74,374,1,2,否,否,否,否,否,否,否,否,否,否,否,否,否,否,否,否,否,否,否,否,否,否,否,否,否,否,否,否,否,否,否,否,否,否,否,否,否,34.0,34,34,32,97.0,100.0,否,否,24293,21074,0.0,0.5,0.5,0.000,0.010,5718,2102,37,0.008,100.0,1066.0,0.0,0.0,0.0,0.0,0.0,0.0,0.0,317,否,否,否,否,否,否,7.477,21.209,51.3,-5.585,25.2,227.8,60.9,61.8,60.1,60.1,60.1,60.1,60.5,61.1,60.0,60.0,60.0,60.0,16.33,16.57,16.09,16.09,16.58,16.58,1.86,13.89,16.06,0.27,0.23,0,0,0.0,0.0,0,0.000,
17.9.2026,23:15:56.152,6037,33475,15.2,5755,10427,35.5,0.0,23329,0,0.767,0.800,0.762,0.755,0.752,0.686,0.698,1100.0,1100.0,1100.0,1100.0,1100.0,100.0,900.0,29.1,136.1,68.5,25.1,1.2,0.7,0.2,0.6,0.2,29.1,2.5,11.1,5.3,2.4,0.0,0.0,0.3,0.3,0.3,11.1,2.5,100.0,1.1,4.9,2.5,1.0,0.0,0.0,0.0,0.0,0.0,1.1,11.0,11.0,11.0,11.0,11.0,9.0,33,31,34,34,33,67,69,66,66,67,37,34,否,否,否,否,否,否,否,否,否,否,否,否,否,否,否,否,否,否,36,35,36,0.250,1.458,0.144,0.006,2.639,0.647,0.217,0.403,35.0,30.0,64.0,64.0,0,17.8,5.8,2.0,2.7,51.6,2.8,13.4,6.5,2.3,0.1,0.1,0.0,0.1,0.0,95.1,83.2,97.5,99.9,99.9,1066.7,10.67,15,15,15,35,74,374,1,2,否,否,否,否,否,否,否,否,否,否,否,否,否,否,否,否,否,否,否,否,否,否,否,否,否,否,否,否,否,否,否,否,否,否,否,否,否,34.0,34,34,33,97.0,100.0,否,否,24293,21074,0.0,0.5,0.5,0.000,0.020,5718,2102,37,0.006,100.0,1066.0,0.0,0.0,0.0,0.0,0.0,0.0,0.0,317,否,否,否,否,否,否,7.476,21.201,51.3,-5.555,25.2,229.0,60.9,61.8,60.1,60.1,60.1,60.1,60.5,61.1,60.0,60.0,60.0,60.0,16.33,16.57,16.09,16.09,16.58,16.58,1.86,13.89,16.06,0.27,0.23,0,0,0.0,0.0,0,0.000,
17.9.2026,23:15:58.146,6037,33475,15.2,5754,10428,35.5,0.0,23329,0,0.767,0.797,0.762,0.757,0.752,0.686,0.698,1100.0,1100.0,1100.0,1100.0,1100.0,100.0,900.0,29.4,129.4,79.8,22.9,2.5,0.4,0.2,0.2,0.2,29.4,2.5,10.8,6.8,1.8,0.0,0.8,0.0,0.0,0.0,10.8,2.5,100.0,1.1,4.6,3.0,0.9,0.1,0.0,0.0,0.0,0.0,1.1,11.0,11.0,11.0,11.0,11.0,9.0,33,32,34,34,33,67,68,66,66,67,36,34,否,否,否,否,否,否,否,否,否,否,否,否,否,否,否,否,否,否,36,35,36,0.250,1.594,0.151,0.007,3.017,0.675,0.217,0.499,35.0,30.0,64.0,64.0,0,17.7,9.0,1.7,2.6,48.3,2.8,12.8,7.6,2.0,0.2,0.0,0.0,0.0,0.0,95.0,82.5,97.8,99.9,99.9,1066.7,10.67,15,15,15,35,74,374,1,2,否,否,否,否,否,否,否,否,否,否,否,否,否,否,否,否,否,否,否,否,否,否,否,否,否,否,否,否,否,否,否,否,否,否,否,否,否,32.0,34,34,32,97.0,100.0,否,否,24293,21074,0.0,1.5,1.5,0.000,0.110,5718,2103,36,0.007,100.0,1066.0,0.0,0.0,0.0,0.0,0.0,0.0,0.0,317,否,否,否,否,否,否,7.476,21.201,51.3,-5.547,25.2,229.3,60.9,61.8,60.1,60.1,60.1,60.1,60.5,61.1,60.0,60.0,60.0,60.0,16.33,16.57,16.09,16.09,16.58,16.58,1.86,13.89,16.06,0.27,0.23,0,0,0.0,0.0,0,0.000,
17.9.2026,23:16:0.154,6036,33475,15.2,5752,10430,35.5,0.0,23329,0,0.764,0.795,0.757,0.750,0.752,0.681,0.741,1025.0,1000.0,1000.0,1000.0,1100.0,100.0,800.0,29.2,125.8,74.8,26.8,3.9,1.1,0.3,0.5,0.2,29.2,2.4,10.5,6.3,2.3,0.4,0.0,0.0,0.0,0.0,10.5,2.4,100.0,1.1,4.4,2.8,1.1,0.1,0.0,0.0,0.0,0.0,1.1,10.2,10.0,10.0,10.0,11.0,8.0,33,31,34,34,34,67,69,66,66,66,37,34,否,否,否,否,否,否,否,否,否,否,否,否,否,否,否,否,否,否,37,35,37,0.250,1.415,0.149,0.005,2.520,0.632,0.210,0.373,35.0,30.0,64.0,64.0,0,18.0,4.5,2.1,2.1,53.4,2.8,12.5,7.0,2.4,0.4,0.1,0.0,0.1,0.0,95.1,83.4,97.3,99.8,99.9,1066.7,10.67,15,15,15,35,74,374,1,2,否,否,否,否,否,否,否,否,否,否,否,否,否,否,否,否,否,否,否,否,否,否,否,否,否,否,否,否,否,否,否,否,否,否,否,否,否,34.0,34,34,33,97.0,100.0,否,否,24293,21074,0.0,0.8,0.8,0.000,0.010,5718,2103,37,0.005,100.0,1066.0,0.0,0.0,0.0,0.0,0.0,0.0,0.0,317,否,否,否,否,否,否,7.443,21.201,51.3,-5.478,25.2,232.2,60.9,61.8,60.1,60.1,60.1,60.1,60.5,61.1,60.0,60.0,60.0,60.0,16.33,16.57,16.09,16.09,16.58,16.58,1.86,13.89,16.06,0.27,0.23,0,0,0.0,0.0,0,0.000,
17.9.2026,23:16:2.144,6038,33473,15.2,5752,10431,35.5,0.0,23329,0,0.762,0.795,0.757,0.750,0.747,0.678,0.698,1000.0,1000.0,1000.0,1000.0,1000.0,100.0,800.0,32.6,130.9,101.0,12.0,6.3,3.5,5.3,1.5,0.3,32.6,4.4,10.7,8.3,0.9,1.2,8.1,1.1,4.5,0.7,10.7,4.4,100.0,1.2,4.7,3.9,0.5,0.2,0.1,0.2,0.1,0.0,1.2,10.0,10.0,10.0,10.0,10.0,8.0,33,31,34,34,34,67,69,66,66,66,36,34,否,否,否,否,否,否,否,否,否,否,否,否,否,否,否,否,否,否,36,34,37,0.250,1.728,0.187,0.006,3.255,0.709,0.230,0.558,35.0,30.0,64.0,64.0,0,17.6,10.9,2.0,2.0,46.9,3.1,12.6,9.3,1.1,0.6,0.4,0.5,0.2,0.0,94.7,81.3,98.5,99.3,99.8,1066.7,10.67,15,15,15,35,74,374,1,2,否,否,否,否,否,否,否,否,否,否,否,否,否,否,否,否,否,否,否,否,否,否,否,否,否,否,否,否,否,否,否,否,否,否,否,否,否,34.0,34,34,32,97.0,100.0,否,否,24293,21074,0.0,2.0,2.0,0.000,0.028,5718,2103,37,0.006,100.0,1066.0,0.0,0.0,0.0,0.0,0.0,0.0,0.0,317,否,否,否,否,否,否,7.436,21.201,51.3,-5.480,25.2,232.1,60.9,61.8,60.1,60.1,60.1,60.1,60.5,61.1,60.0,60.0,60.0,60.0,16.33,16.57,16.09,16.09,16.58,16.58,1.86,13.89,16.06,0.27,0.23,0,0,0.0,0.0,0,0.000,
17.9.2026,23:16:4.154,6044,33468,15.2,5752,10430,35.5,0.0,23329,0,0.764,0.795,0.760,0.750,0.750,0.681,0.698,1000.0,1000.0,1000.0,1000.0,1000.0,100.0,800.0,76.5,256.9,225.9,111.1,13.1,1.8,0.3,2.5,0.2,76.5,5.7,19.1,16.7,8.7,0.8,0.0,0.0,0.0,0.0,19.1,5.7,100.0,3.0,9.8,8.9,4.5,0.5,0.1,0.0,0.1,0.0,3.0,10.0,10.0,10.0,10.0,10.0,8.0,34,31,34,35,34,66,69,66,65,66,36,35,否,否,否,否,否,否,否,否,否,否,否,否,否,否,否,否,否,否,36,34,36,0.250,1.906,0.387,0.005,3.940,0.805,0.289,0.385,35.0,30.0,64.0,64.0,0,13.5,4.1,1.5,1.6,39.1,5.9,20.5,17.1,8.4,1.1,0.2,0.0,0.2,0.0,89.2,66.7,90.5,99.8,99.7,1066.7,10.67,15,15,15,35,74,374,1,2,是,否,否,否,否,否,否,否,否,否,是,否,否,否,否,否,否,否,否,否,否,否,否,否,否,否,否,否,否,否,否,否,否,否,否,否,否,35.0,34,34,32,97.0,100.0,否,否,24293,21074,0.0,0.5,0.5,0.000,0.010,5718,2103,36,0.005,100.0,1066.0,0.0,0.0,0.0,0.0,0.0,0.0,0.0,317,否,否,否,否,否,否,7.452,21.201,51.3,-5.529,25.2,230.1,60.9,61.8,60.1,60.1,60.1,60.1,60.5,61.1,60.0,60.0,60.0,60.0,16.33,16.57,16.09,16.09,16.58,16.58,1.86,13.89,16.06,0.27,0.23,0,0,0.0,0.0,0,0.000,
17.9.2026,23:16:6.169,6043,33469,15.2,5752,10430,35.5,0.0,23329,0,0.764,0.795,0.757,0.750,0.752,0.678,0.696,1025.0,1000.0,1000.0,1000.0,1100.0,100.0,800.0,28.8,121.9,75.4,31.9,0.2,0.4,0.2,0.2,0.2,28.8,2.5,9.9,6.1,1.9,0.3,0.4,0.3,0.3,0.3,9.9,2.5,100.0,1.1,4.3,2.8,1.3,0.0,0.0,0.0,0.0,0.0,1.1,10.2,10.0,10.0,10.0,11.0,8.0,33,31,33,34,34,67,69,67,66,66,36,34,否,否,否,否,否,否,否,否,否,否,否,否,否,否,否,否,否,否,36,34,36,0.250,1.536,0.164,0.008,2.830,0.669,0.219,0.436,35.0,30.0,64.0,64.0,0,17.8,8.4,1.8,2.1,49.9,2.8,12.3,7.3,2.4,0.0,0.1,0.0,0.0,0.0,95.2,83.4,97.5,99.9,99.9,1066.7,10.67,15,15,15,35,74,374,1,2,否,否,否,否,否,否,否,否,否,否,否,否,否,否,否,否,否,否,否,否,否,否,否,否,否,否,否,否,否,否,否,否,否,否,否,否,否,34.0,34,34,33,97.0,100.0,否,否,24293,21074,0.0,1.0,1.0,0.000,0.012,5718,2103,37,0.008,100.0,1066.0,0.0,0.0,0.0,0.0,0.0,0.0,0.0,317,否,否,否,否,否,否,7.460,21.193,51.3,-5.573,25.2,228.2,60.9,61.8,60.1,60.1,60.1,60.1,60.5,61.1,60.0,60.0,60.0,60.0,16.33,16.57,16.09,16.09,16.58,16.58,1.86,13.89,16.06,0.27,0.23,0,0,0.0,0.0,0,0.000,
17.9.2026,23:16:8.175,6043,33469,15.2,5763,10419,35.6,0.0,23329,0,0.768,0.797,0.765,0.755,0.755,0.686,0.698,1100.0,1100.0,1100.0,1100.0,1100.0,100.0,900.0,31.8,125.6,82.6,31.1,10.9,3.8,0.2,0.3,0.2,31.8,2.8,10.7,7.3,3.0,0.5,0.7,0.0,0.0,0.0,10.7,2.8,100.0,1.2,4.4,3.1,1.2,0.4,0.2,0.0,0.0,0.0,1.2,11.0,11.0,11.0,11.0,11.0,9.0,33,30,34,35,34,67,70,66,65,66,36,35,否,否,否,否,否,否,否,否,否,否,否,否,否,否,否,否,否,否,36,34,37,0.250,1.701,0.160,0.007,3.236,0.706,0.234,0.558,35.0,30.0,64.0,64.0,0,17.4,10.4,1.6,1.6,48.0,3.0,12.3,7.7,2.8,1.0,0.3,0.0,0.0,0.0,94.7,82.8,96.3,99.6,99.9,1066.7,10.67,15,15,15,35,74,374,1,2,否,否,否,否,否,否,否,否,否,否,否,否,否,否,否,否,否,否,否,否,否,否,否,否,否,否,否,否,否,否,否,否,否,否,否,否,否,34.0,34,34,32,97.0,100.0,否,否,24293,21074,0.0,2.4,2.4,0.000,0.112,5718,2103,36,0.007,100.0,1066.0,0.0,0.0,0.0,0.0,0.0,0.0,0.0,317,否,否,否,否,否,否,7.461,21.193,51.3,-5.588,25.2,227.6,60.9,61.8,60.1,60.1,60.1,60.1,60.5,61.1,60.0,60.0,60.0,60.0,16.33,16.57,16.09,16.09,16.58,16.58,1.86,13.89,16.06,0.27,0.23,0,0,0.0,0.0,0,0.000,
17.9.2026,23:16:10.183,6042,33469,15.2,5763,10419,35.6,0.0,23329,0,0.763,0.795,0.757,0.750,0.750,0.678,0.698,1000.0,1000.0,1000.0,1000.0,1000.0,100.0,800.0,28.4,118.1,80.6,25.9,1.4,0.9,0.2,0.2,0.2,28.4,2.4,9.5,6.6,1.7,0.0,0.4,0.4,0.4,0.4,9.5,2.4,100.0,1.0,4.1,3.1,1.0,0.0,0.0,0.0,0.0,0.0,1.0,10.0,10.0,10.0,10.0,10.0,8.0,33,31,33,34,33,67,69,67,66,67,36,34,否,否,否,否,否,否,否,否,否,否,否,否,否,否,否,否,否,否,37,34,37,0.250,1.492,0.146,0.005,2.691,0.661,0.224,0.422,35.0,30.0,64.0,64.0,0,17.8,6.6,1.7,2.0,51.9,2.8,11.9,7.7,2.2,0.1,0.1,0.0,0.0,0.0,95.2,83.3,97.6,99.9,99.9,1066.7,10.67,15,15,15,35,74,374,1,2,否,否,否,否,否,否,否,否,否,否,否,否,否,否,否,否,否,否,否,否,否,否,否,否,否,否,否,否,否,否,否,否,否,否,否,否,否,34.0,34,34,33,97.0,100.0,否,否,24293,21074,0.0,0.5,0.5,0.000,0.010,5718,2103,37,0.005,100.0,1066.0,0.0,0.0,0.0,0.0,0.0,0.0,0.0,317,否,否,否,否,否,否,7.454,21.186,51.3,-5.546,25.2,229.2,60.9,61.8,60.1,60.1,60.1,60.1,60.5,61.1,60.0,60.0,60.0,60.0,16.33,16.57,16.09,16.09,16.58,16.58,1.86,13.89,16.06,0.27,0.23,0,0,0.0,0.0,0,0.000,
17.9.2026,23:16:12.184,6042,33469,15.2,5763,10420,35.6,0.0,23329,0,0.764,0.797,0.757,0.750,0.750,0.681,0.698,1000.0,1000.0,1000.0,1000.0,1000.0,100.0,800.0,29.0,128.9,82.9,16.9,1.6,1.3,0.2,0.2,0.2,29.0,2.5,10.7,7.2,1.0,1.0,0.0,0.1,0.1,0.1,10.7,2.5,100.0,1.1,4.6,3.2,0.7,0.1,0.0,0.0,0.0,0.0,1.1,10.0,10.0,10.0,10.0,10.0,8.0,33,30,34,35,33,67,70,66,65,67,36,35,否,否,否,否,否,否,否,否,否,否,否,否,否,否,否,否,否,否,37,35,37,0.250,1.694,0.181,0.008,3.241,0.671,0.207,0.575,35.0,30.0,64.0,64.0,0,17.6,11.7,2.0,1.9,47.0,2.7,12.7,7.9,1.0,0.2,0.1,0.0,0.0,0.0,95.3,82.5,98.8,99.8,99.9,1066.7,10.67,15,15,15,35,74,374,1,2,否,否,否,否,否,否,否,否,否,否,否,否,否,否,否,否,否,否,否,否,否,否,否,否,否,否,否,否,否,否,否,否,否,否,否,否,否,34.0,34,34,33,97.0,100.0,否,否,24293,21074,0.0,3.7,3.7,0.000,0.145,5718,2103,37,0.008,100.0,1066.0,0.0,0.0,0.0,0.0,0.0,0.0,0.0,317,否,否,否,否,否,否,7.453,21.186,51.3,-5.545,25.2,229.2,60.9,61.8,60.1,60.1,60.1,60.1,60.5,61.1,60.0,60.0,60.0,60.0,16.33,16.57,16.09,16.09,16.58,16.58,1.86,13.89,16.06,0.27,0.23,0,0,0.0,0.0,0,0.000,
17.9.2026,23:16:14.196,6044,33468,15.2,5761,10421,35.6,0.0,23329,0,0.769,0.802,0.767,0.755,0.752,0.686,0.698,1100.0,1100.0,1100.0,1100.0,1100.0,100.0,900.0,30.4,133.5,84.0,22.1,1.9,1.0,0.2,0.6,0.2,30.4,3.1,11.8,7.8,2.5,0.0,1.4,0.0,1.4,0.0,11.8,3.1,100.0,1.1,4.8,3.2,0.9,0.1,0.0,0.0,0.0,0.0,1.1,11.0,11.0,11.0,11.0,11.0,9.0,33,31,32,34,34,67,69,68,66,66,36,34,否,否,否,否,否,否,否,否,否,否,否,否,否,否,否,否,否,否,35,35,36,0.250,1.562,0.151,0.004,2.926,0.670,0.222,0.470,35.0,30.0,64.0,64.0,0,17.8,7.2,2.2,2.4,49.1,3.0,13.2,8.0,2.0,0.2,0.1,0.0,0.1,0.0,94.8,81.8,97.7,99.8,99.9,1066.7,10.67,15,15,15,35,74,374,1,2,否,否,否,否,否,否,否,否,否,否,否,否,否,否,否,否,否,否,否,否,否,否,否,否,否,否,否,否,否,否,否,否,否,否,否,否,否,34.0,34,34,33,97.0,100.0,否,否,24293,21074,0.0,1.5,1.5,0.000,0.044,5718,2103,36,0.004,100.0,1066.0,0.0,0.0,0.0,0.0,0.0,0.0,0.0,317,否,否,否,否,否,否,7.455,21.186,51.3,-5.547,25.2,229.2,60.9,61.8,60.1,60.1,60.1,60.1,60.5,61.1,60.0,60.0,60.0,60.0,16.33,16.57,16.09,16.09,16.58,16.58,1.86,13.89,16.06,0.27,0.23,0,0,0.0,0.0,0,0.000,
17.9.2026,23:16:16.210,6043,33469,15.2,5759,10423,35.5,0.0,23329,0,0.771,0.805,0.767,0.755,0.755,0.693,0.738,1125.0,1200.0,1100.0,1100.0,1100.0,100.0,1000.0,29.0,130.7,82.3,14.3,1.5,0.9,0.2,1.7,0.2,29.0,2.4,10.8,6.7,0.8,0.0,0.0,0.6,0.0,0.6,10.8,2.4,100.0,1.1,4.7,3.1,0.6,0.0,0.0,0.0,0.1,0.0,1.1,11.2,12.0,11.0,11.0,11.0,10.0,34,30,35,35,34,66,70,65,65,66,36,35,否,否,否,否,否,否,否,否,否,否,否,否,否,否,否,否,否,否,36,35,36,0.250,1.506,0.155,0.006,2.719,0.655,0.221,0.432,35.0,30.0,64.0,64.0,0,17.6,6.9,1.8,1.6,52.4,2.8,12.9,7.6,1.1,0.2,0.1,0.0,0.2,0.0,95.3,82.7,98.7,99.9,99.8,1066.7,10.67,15,15,15,35,74,374,1,2,否,否,否,否,否,否,否,否,否,否,否,否,否,否,否,否,否,否,否,否,否,否,否,否,否,否,否,否,否,否,否,否,否,否,否,否,否,34.0,34,34,32,97.0,100.0,否,否,24293,21074,0.0,0.9,0.9,0.000,0.010,5718,2103,36,0.006,100.0,1066.0,0.0,0.0,0.0,0.0,0.0,0.0,0.0,317,否,否,否,否,否,否,7.457,21.178,51.3,-5.533,25.2,229.7,60.9,61.8,60.1,60.1,60.1,60.1,60.5,61.1,60.0,60.0,60.0,60.0,16.33,16.57,16.09,16.09,16.58,16.58,1.86,13.89,16.06,0.27,0.23,0,0,0.0,0.0,0,0.000,
17.9.2026,23:16:18.212,6042,33470,15.2,5762,10421,35.6,0.0,23329,0,0.769,0.800,0.765,0.760,0.752,0.686,0.701,1100.0,1100.0,1100.0,1100.0,1100.0,100.0,900.0,30.0,134.3,84.4,16.1,1.4,1.7,0.2,1.8,0.2,30.0,2.4,10.9,6.7,0.9,0.5,0.0,0.0,0.0,0.0,10.9,2.4,100.0,1.1,4.8,3.2,0.6,0.0,0.1,0.0,0.1,0.0,1.1,11.0,11.0,11.0,11.0,11.0,9.0,33,31,33,33,34,67,69,67,67,66,36,34,否,否,否,否,否,否,否,否,否,否,否,否,否,否,否,否,否,否,36,35,36,0.250,1.608,0.162,0.006,2.994,0.680,0.225,0.495,35.0,30.0,64.0,64.0,0,17.9,8.6,1.6,2.1,49.5,2.9,13.2,7.8,1.3,0.2,0.2,0.0,0.2,0.0,95.0,82.0,98.5,99.8,99.8,1066.7,10.67,15,15,15,35,74,374,1,2,否,否,否,否,否,否,否,否,否,否,否,否,否,否,否,否,否,否,否,否,否,否,否,否,否,否,否,否,否,否,否,否,否,否,否,否,否,34.0,34,34,33,97.0,100.0,否,否,24293,21074,0.0,1.5,1.5,0.000,0.044,5718,2103,36,0.006,100.0,1066.0,0.0,0.0,0.0,0.0,0.0,0.0,0.0,317,否,否,否,否,否,否,7.463,21.178,51.3,-5.538,25.2,229.4,60.9,61.8,60.1,60.1,60.1,60.1,60.5,61.1,60.0,60.0,60.0,60.0,16.33,16.57,16.09,16.09,16.58,16.58,1.86,13.89,16.06,0.27,0.23,0,0,0.0,0.0,0,0.000,
17.9.2026,23:16:20.222,6042,33470,15.2,5760,10422,35.5,0.0,23329,0,0.768,0.800,0.765,0.755,0.752,0.686,0.698,1100.0,1100.0,1100.0,1100.0,1100.0,100.0,900.0,29.7,123.0,76.9,32.0,3.1,1.4,0.2,0.6,0.2,29.7,3.6,10.6,6.9,2.8,0.6,0.0,0.0,8.2,0.0,10.6,3.6,100.0,1.1,4.3,2.9,1.3,0.1,0.1,0.0,0.0,0.0,1.1,11.0,11.0,11.0,11.0,11.0,9.0,33,30,34,34,33,67,70,66,66,67,36,34,否,否,否,否,否,否,否,否,否,否,否,否,否,否,否,否,否,否,36,34,36,0.250,1.500,0.152,0.008,2.744,0.647,0.218,0.433,35.0,30.0,64.0,64.0,0,17.7,6.6,1.7,2.2,51.6,2.9,12.3,7.4,2.6,0.3,0.2,0.0,0.1,0.0,95.0,83.1,97.0,99.8,99.9,1066.7,10.67,15,15,15,35,74,374,1,2,否,否,否,否,否,否,否,否,否,否,否,否,否,否,否,否,否,否,否,否,否,否,否,否,否,否,否,否,否,否,否,否,否,否,否,否,否,34.0,34,34,32,97.0,100.0,否,否,24293,21074,0.0,0.9,0.9,0.000,0.014,5718,2104,36,0.008,100.0,1066.0,0.0,0.0,0.0,0.0,0.0,0.0,0.0,317,否,否,否,否,否,否,7.461,21.170,51.2,-5.514,25.2,230.3,60.9,61.8,60.1,60.1,60.1,60.1,60.5,61.1,60.0,60.0,60.0,60.0,16.33,16.57,16.09,16.09,16.58,16.58,1.86,13.89,16.06,0.27,0.23,0,0,0.0,0.0,0,0.000,
17.9.2026,23:16:22.237,6042,33470,15.2,5759,10423,35.5,0.0,23329,0,0.767,0.800,0.762,0.755,0.752,0.686,0.698,1100.0,1100.0,1100.0,1100.0,1100.0,100.0,900.0,28.8,130.1,66.1,31.5,2.0,0.3,0.2,0.2,0.2,28.8,2.5,10.8,5.3,2.2,0.0,0.0,0.4,0.4,0.4,10.8,2.5,100.0,1.1,4.6,2.4,1.3,0.1,0.0,0.0,0.0,0.0,1.1,11.0,11.0,11.0,11.0,11.0,9.0,33,31,34,34,34,67,69,66,66,66,36,34,否,否,否,否,否,否,否,否,否,否,否,否,否,否,否,否,否,否,36,35,36,0.250,1.562,0.155,0.006,3.028,0.653,0.213,0.492,35.0,30.0,64.0,64.0,0,17.5,8.4,1.8,2.0,50.3,2.8,13.1,6.3,2.7,0.2,0.0,0.0,0.0,0.0,95.1,83.5,97.1,99.9,99.9,1066.7,10.67,15,15,15,35,74,374,1,2,否,否,否,否,否,否,否,否,否,否,否,否,否,否,否,否,否,否,否,否,否,否,否,否,否,否,否,否,否,否,否,否,否,否,否,否,否,34.0,34,34,35,97.0,100.0,否,否,24293,21074,0.0,1.6,1.6,0.000,0.069,5718,2104,37,0.006,100.0,1066.0,0.0,0.0,0.0,0.0,0.0,0.0,0.0,317,否,否,否,否,否,否,7.476,21.170,51.2,-5.525,25.2,229.9,60.9,61.8,60.1,60.1,60.1,60.1,60.5,61.1,60.0,60.0,60.0,60.0,16.33,16.57,16.09,16.09,16.58,16.58,1.86,13.89,16.06,0.27,0.23,0,0,0.0,0.0,0,0.000,
17.9.2026,23:16:24.251,6042,33470,15.2,5761,10421,35.6,0.0,23329,0,0.769,0.800,0.765,0.755,0.755,0.686,0.698,1100.0,1100.0,1100.0,1100.0,1100.0,100.0,900.0,30.0,128.3,76.3,25.7,7.4,1.1,0.2,0.8,0.2,30.0,2.6,10.9,6.5,2.1,1.4,0.0,0.0,0.0,0.0,10.9,2.6,100.0,1.1,4.6,2.9,1.0,0.3,0.0,0.0,0.0,0.0,1.1,11.0,11.0,11.0,11.0,11.0,9.0,33,30,34,35,32,67,70,66,65,68,36,35,否,否,否,否,否,否,否,否,否,否,否,否,否,否,否,否,否,否,36,35,36,0.250,1.388,0.142,0.005,3.014,0.618,0.209,0.369,35.0,30.0,64.0,64.0,0,17.5,4.5,2.0,2.1,53.2,2.9,12.8,7.3,2.2,0.7,0.1,0.0,0.1,0.0,94.9,82.9,97.1,99.8,99.9,1066.7,10.67,15,15,15,35,74,374,1,2,否,否,否,否,否,否,否,否,否,否,否,否,否,否,否,否,否,否,否,否,否,否,否,否,否,否,否,否,否,否,否,否,否,否,否,否,否,34.0,34,34,33,97.0,100.0,否,否,24293,21074,0.0,0.2,0.2,0.000,0.008,5718,2104,36,0.005,100.0,1066.0,0.0,0.0,0.0,0.0,0.0,0.0,0.0,317,否,否,否,否,否,否,7.459,21.163,51.2,-5.579,25.2,227.6,60.9,61.8,60.1,60.1,60.1,60.1,60.5,61.1,60.0,60.0,60.0,60.0,16.33,16.57,16.09,16.09,16.58,16.58,1.86,13.89,16.06,0.27,0.23,0,0,0.0,0.0,0,0.000,
17.9.2026,23:16:26.260,6041,33470,15.2,5757,10426,35.5,0.0,23329,0,0.769,0.800,0.765,0.755,0.755,0.686,0.738,1100.0,1100.0,1100.0,1100.0,1100.0,100.0,900.0,35.4,153.3,114.8,12.3,1.4,0.6,0.2,0.2,0.2,35.4,4.2,13.0,9.9,1.7,0.0,8.5,0.0,0.0,0.0,13.0,4.2,100.0,1.3,5.6,4.5,0.5,0.0,0.0,0.0,0.0,0.0,1.3,11.0,11.0,11.0,11.0,11.0,9.0,33,30,34,35,33,67,70,66,65,67,36,35,否,否,否,否,否,否,否,否,否,否,否,否,否,否,否,否,否,否,36,35,36,0.250,1.544,0.179,0.006,2.937,0.660,0.218,0.438,35.0,30.0,64.0,64.0,0,17.1,7.1,1.4,3.4,48.1,3.2,14.4,10.1,1.2,0.2,0.1,0.0,0.0,0.0,94.4,79.3,98.6,99.9,99.9,1066.7,10.67,15,15,15,35,74,374,1,2,否,否,否,否,否,否,否,否,否,否,否,否,否,否,否,否,否,否,否,否,否,否,否,否,否,否,否,否,否,否,否,否,否,否,否,否,否,34.0,34,34,33,97.0,100.0,否,否,24293,21074,0.0,1.0,1.0,0.000,0.010,5718,2104,36,0.006,100.0,1066.0,0.0,0.0,0.0,0.0,0.0,0.0,0.0,317,否,否,否,否,否,否,7.463,21.163,51.2,-5.620,25.2,225.9,60.9,61.8,60.1,60.1,60.1,60.1,60.5,61.1,60.0,60.0,60.0,60.0,16.33,16.57,16.09,16.09,16.58,16.58,1.86,13.89,16.06,0.27,0.23,0,0,0.0,0.0,0,0.000,
17.9.2026,23:16:28.270,6041,33471,15.2,5755,10427,35.5,0.0,23329,0,0.772,0.805,0.770,0.757,0.757,0.693,0.698,1200.0,1200.0,1200.0,1200.0,1200.0,100.0,1000.0,29.8,124.8,81.6,30.7,0.3,0.4,0.3,0.3,0.3,29.8,2.4,10.3,6.7,2.2,0.0,0.0,0.0,0.0,0.0,10.3,2.4,100.0,1.1,4.4,3.1,1.3,0.0,0.0,0.0,0.0,0.0,1.1,12.0,12.0,12.0,12.0,12.0,10.0,33,31,34,35,33,67,69,66,65,67,36,35,否,否,否,否,否,否,否,否,否,否,否,否,否,否,否,否,否,否,36,35,36,0.250,1.761,0.178,0.006,3.405,0.696,0.218,0.617,35.0,30.0,64.0,64.0,0,17.4,12.4,1.1,1.5,47.0,2.8,12.5,7.6,2.4,0.0,0.0,0.0,0.0,0.0,95.1,83.0,97.5,99.9,99.9,1066.7,10.67,15,15,15,35,74,374,1,2,否,否,否,否,否,否,否,否,否,否,否,否,否,否,否,否,否,否,否,否,否,否,否,否,否,否,否,否,否,否,否,否,否,否,否,否,否,34.0,34,34,33,97.0,100.0,否,否,24293,21074,0.0,2.6,2.6,0.000,0.104,5718,2104,36,0.006,100.0,1066.0,0.0,0.0,0.0,0.0,0.0,0.0,0.0,317,否,否,否,否,否,否,7.473,21.163,51.2,-5.620,25.2,225.9,60.9,61.8,60.1,60.1,60.1,60.1,60.5,61.1,60.0,60.0,60.0,60.0,16.33,16.57,16.09,16.09,16.58,16.58,1.86,13.89,16.06,0.27,0.23,0,0,0.0,0.0,0,0.000,
17.9.2026,23:16:30.283,6042,33470,15.2,5760,10422,35.5,0.0,23329,0,0.767,0.800,0.762,0.755,0.752,0.688,0.698,1100.0,1100.0,1100.0,1100.0,1100.0,100.0,900.0,28.2,127.5,74.9,17.7,2.8,1.7,0.2,0.2,0.2,28.2,2.9,10.5,6.1,0.0,0.7,4.3,0.5,0.5,0.5,10.5,2.9,100.0,1.0,4.5,2.8,0.7,0.1,0.1,0.0,0.0,0.0,1.0,11.0,11.0,11.0,11.0,11.0,9.0,33,30,35,35,33,67,70,65,65,67,36,35,否,否,否,否,否,否,否,否,否,否,否,否,否,否,否,否,否,否,36,34,36,0.250,1.503,0.169,0.008,2.720,0.642,0.212,0.433,35.0,30.0,64.0,64.0,0,17.8,7.1,1.2,1.9,52.8,2.7,12.7,7.1,1.0,0.3,0.2,0.0,0.0,0.0,95.4,83.1,98.7,99.8,99.9,1066.7,10.67,15,15,15,35,74,374,1,2,否,否,否,否,否,否,否,否,否,否,否,否,否,否,否,否,否,否,否,否,否,否,否,否,否,否,否,否,否,否,否,否,否,否,否,否,否,34.0,34,34,33,97.0,100.0,否,否,24293,21074,0.0,1.0,1.0,0.000,0.010,5718,2104,36,0.008,100.0,1066.0,0.0,0.0,0.0,0.0,0.0,0.0,0.0,317,否,否,否,否,否,否,7.444,21.155,51.2,-5.605,25.2,226.4,60.9,61.8,60.1,60.1,60.1,60.1,60.5,61.1,60.0,60.0,60.0,60.0,16.33,16.57,16.09,16.09,16.58,16.58,1.86,13.89,16.06,0.27,0.23,0,0,0.0,0.0,0,0.000,
17.9.2026,23:16:32.296,6041,33470,15.2,5758,10424,35.5,0.0,23329,0,0.769,0.805,0.762,0.755,0.752,0.691,0.698,1125.0,1200.0,1100.0,1100.0,1100.0,100.0,1000.0,29.4,121.3,91.5,20.1,1.1,0.4,0.2,0.2,0.2,29.4,2.8,10.7,8.5,2.9,0.0,0.0,0.0,0.0,0.0,10.7,2.8,100.0,1.1,4.3,3.5,0.8,0.0,0.0,0.0,0.0,0.0,1.1,11.2,12.0,11.0,11.0,11.0,10.0,34,31,35,34,34,66,69,65,66,66,36,35,否,否,否,否,否,否,否,否,否,否,否,否,否,否,否,否,否,否,36,34,36,0.250,1.606,0.156,0.006,3.019,0.682,0.222,0.498,35.0,30.0,64.0,64.0,0,17.6,9.4,1.7,1.7,48.9,2.9,12.1,8.8,1.8,0.1,0.1,0.0,0.0,0.0,95.0,82.2,98.1,99.9,99.9,1066.7,10.67,15,15,15,35,74,374,1,2,否,否,否,否,否,否,否,否,否,否,否,否,否,否,否,否,否,否,否,否,否,否,否,否,否,否,否,否,否,否,否,否,否,否,否,否,否,34.0,34,34,33,97.0,100.0,否,否,24293,21074,0.0,1.5,1.5,0.000,0.065,5718,2104,36,0.006,100.0,1066.0,0.0,0.0,0.0,0.0,0.0,0.0,0.0,317,否,否,否,否,否,否,7.476,21.155,51.2,-5.614,25.2,226.1,60.9,61.8,60.1,60.1,60.1,60.1,60.5,61.1,60.0,60.0,60.0,60.0,16.33,16.57,16.09,16.09,16.58,16.58,1.86,13.89,16.06,0.27,0.23,0,0,0.0,0.0,0,0.000,
17.9.2026,23:16:34.311,6042,33470,15.2,5756,10426,35.5,0.0,23329,0,0.772,0.802,0.770,0.760,0.757,0.691,0.698,1200.0,1200.0,1200.0,1200.0,1200.0,100.0,1000.0,31.3,131.1,72.0,34.9,4.3,2.8,2.9,1.3,0.9,31.3,2.5,11.0,6.0,2.4,0.2,0.0,0.0,0.0,0.0,11.0,2.5,100.0,1.2,4.7,2.7,1.4,0.2,0.1,0.1,0.0,0.0,1.2,12.0,12.0,12.0,12.0,12.0,10.0,33,31,33,35,32,67,69,67,65,68,37,35,否,否,否,否,否,否,否,否,否,否,否,否,否,否,否,否,否,否,37,36,37,0.250,1.440,0.161,0.005,2.555,0.641,0.222,0.372,35.0,30.0,64.0,64.0,0,17.7,4.6,1.8,2.4,53.1,3.0,13.2,6.9,2.8,0.4,0.3,0.3,0.1,0.1,94.8,83.0,96.9,99.5,99.8,1066.7,10.67,15,15,15,35,74,374,1,2,否,否,否,否,否,否,否,否,否,否,否,否,否,否,否,否,否,否,否,否,否,否,否,否,否,否,否,否,否,否,否,否,否,否,否,否,否,34.0,34,34,33,97.0,100.0,否,否,24293,21074,0.0,0.5,0.5,0.000,0.008,5718,2104,37,0.005,100.0,1066.0,0.0,0.0,0.0,0.0,0.0,0.0,0.0,317,否,否,否,否,否,否,7.477,21.155,51.2,-5.585,25.2,227.3,60.9,61.8,60.1,60.1,60.1,60.1,60.5,61.1,60.0,60.0,60.0,60.0,16.33,16.57,16.09,16.09,16.58,16.58,1.86,13.89,16.06,0.27,0.23,0,0,0.0,0.0,0,0.000,
17.9.2026,23:16:36.321,6041,33470,15.2,5754,10428,35.5,0.0,23329,0,0.773,0.805,0.770,0.760,0.757,0.693,0.698,1200.0,1200.0,1200.0,1200.0,1200.0,100.0,1000.0,28.4,123.5,68.2,31.2,1.0,2.5,0.2,0.2,0.2,28.4,2.1,10.4,5.7,0.8,0.0,0.1,0.0,0.0,0.0,10.4,2.1,100.0,1.0,4.4,2.5,1.3,0.0,0.1,0.0,0.0,0.0,1.0,12.0,12.0,12.0,12.0,12.0,10.0,34,31,35,35,33,66,69,65,65,67,37,35,否,否,否,否,否,否,否,否,否,否,否,否,否,否,否,否,否,否,37,35,37,0.250,1.501,0.151,0.007,2.739,0.649,0.213,0.436,35.0,30.0,64.0,64.0,0,17.9,6.8,1.7,2.5,51.2,2.7,12.5,6.6,2.5,0.1,0.2,0.0,0.0,0.0,95.2,83.7,97.3,99.7,99.9,1066.7,10.67,15,15,15,35,74,374,1,2,否,否,否,否,否,否,否,否,否,否,否,否,否,否,否,否,否,否,否,否,否,否,否,否,否,否,否,否,否,否,否,否,否,否,否,否,否,34.0,34,34,33,97.0,100.0,否,否,24293,21074,0.0,1.0,1.0,0.000,0.012,5718,2104,36,0.007,100.0,1066.0,0.0,0.0,0.0,0.0,0.0,0.0,0.0,317,否,否,否,否,否,否,7.472,21.148,51.2,-5.529,25.2,229.5,60.9,61.8,60.1,60.1,60.1,60.1,60.5,61.1,60.0,60.0,60.0,60.0,16.33,16.57,16.09,16.09,16.58,16.58,1.86,13.89,16.06,0.27,0.23,0,0,0.0,0.0,0,0.000,
17.9.2026,23:16:38.319,6041,33470,15.2,5754,10428,35.5,0.0,23329,0,0.792,0.825,0.802,0.755,0.785,0.723,0.696,1575.0,1700.0,1700.0,1200.0,1700.0,100.0,1500.0,37.0,142.5,90.9,26.7,1.5,21.2,9.8,3.0,0.2,37.0,4.2,12.2,7.8,4.0,1.9,2.7,2.6,2.0,0.3,12.2,4.2,100.0,1.4,5.2,3.5,1.1,0.0,0.9,0.4,0.1,0.0,1.4,15.8,17.0,17.0,12.0,17.0,15.0,35,34,35,37,34,65,66,65,63,66,38,37,否,否,否,否,否,否,否,否,否,否,否,否,否,否,否,否,否,否,36,36,36,0.250,1.675,0.217,0.005,3.173,0.683,0.221,0.506,35.0,30.0,64.0,64.0,0,17.1,9.3,1.3,1.8,48.5,3.4,13.9,8.3,2.4,0.2,1.0,0.8,0.3,0.0,94.2,81.4,97.4,98.2,99.7,1066.7,10.67,15,15,15,35,74,374,1,2,是,否,否,否,否,否,否,否,否,否,是,否,否,否,否,否,否,否,否,否,否,否,否,否,否,否,否,否,否,否,否,否,否,否,否,否,否,34.0,34,34,33,97.0,100.0,否,否,24293,21074,0.0,1.5,1.5,0.000,0.048,5718,2104,36,0.005,100.0,1066.0,0.0,0.0,0.0,0.0,0.0,0.0,0.0,317,否,否,否,否,否,否,7.471,21.148,51.2,-5.536,25.2,229.2,60.9,61.8,60.1,60.1,60.1,60.1,60.5,61.1,60.0,60.0,60.0,60.0,16.33,16.57,16.09,16.09,16.58,16.58,1.86,13.89,16.06,0.27,0.23,0,0,0.0,0.0,0,0.000,
17.9.2026,23:16:40.321,6042,33469,15.2,5752,10431,35.5,0.0,23329,0,0.774,0.810,0.770,0.760,0.755,0.691,0.698,1225.0,1300.0,1200.0,1200.0,1200.0,100.0,1000.0,43.4,174.6,97.4,46.0,24.2,3.2,1.4,0.3,0.2,43.4,3.2,13.5,7.6,3.8,0.3,0.0,0.0,0.0,0.0,13.5,3.2,100.0,1.7,6.5,3.7,1.8,1.0,0.1,0.0,0.0,0.0,1.7,12.2,13.0,12.0,12.0,12.0,10.0,33,31,34,34,34,67,69,66,66,66,36,34,否,否,否,否,否,否,否,否,否,否,否,否,否,否,否,否,否,否,36,35,37,0.250,1.735,0.241,0.006,3.402,0.712,0.225,0.500,35.0,30.0,64.0,64.0,0,16.6,9.2,1.4,2.0,45.1,3.8,15.5,8.5,4.1,2.0,0.3,0.1,0.0,0.0,93.4,79.3,94.8,99.6,99.9,1066.7,10.67,15,15,15,35,74,374,1,2,否,否,否,否,否,否,否,否,否,否,否,否,否,否,否,否,否,否,否,否,否,否,否,否,否,否,否,否,否,否,否,否,否,否,否,否,否,34.0,34,34,33,97.0,100.0,否,否,24293,21074,0.0,2.4,2.4,0.000,0.024,5718,2104,36,0.006,100.0,1066.0,0.0,0.0,0.0,0.0,0.0,0.0,0.0,317,否,否,否,否,否,否,7.459,21.140,51.2,-5.572,25.2,227.6,60.9,61.8,60.1,60.1,60.1,60.1,60.5,61.1,60.0,60.0,60.0,60.0,16.33,16.57,16.09,16.09,16.58,16.58,1.86,13.89,16.06,0.27,0.23,0,0,0.0,0.0,0,0.000,
17.9.2026,23:16:42.318,6042,33470,15.2,5750,10432,35.5,0.0,23329,0,0.769,0.800,0.767,0.755,0.752,0.688,0.701,1100.0,1100.0,1100.0,1100.0,1100.0,100.0,900.0,28.5,119.8,74.3,28.7,2.5,2.3,0.2,0.3,0.2,28.5,3.0,9.7,6.0,1.7,1.4,1.5,1.3,1.3,1.3,9.7,3.0,100.0,1.0,4.2,2.8,1.1,0.1,0.1,0.0,0.0,0.0,1.0,11.0,11.0,11.0,11.0,11.0,9.0,34,32,35,35,34,66,68,65,65,66,36,35,否,否,否,否,否,否,否,否,否,否,否,否,否,否,否,否,否,否,36,35,37,0.250,1.590,0.178,0.006,2.943,0.657,0.207,0.497,35.0,30.0,64.0,64.0,0,17.8,9.4,1.5,2.0,50.3,2.7,11.9,7.1,2.1,0.3,0.2,0.0,0.0,0.0,95.3,83.9,97.6,99.7,99.9,1066.7,10.67,15,15,15,35,74,374,1,2,否,否,否,否,否,否,否,否,否,否,否,否,否,否,否,否,否,否,否,否,否,否,否,否,否,否,否,否,否,否,否,否,否,否,否,否,否,34.0,34,34,33,97.0,100.0,否,否,24293,21074,0.0,1.5,1.5,0.000,0.063,5718,2104,36,0.006,100.0,1066.0,0.0,0.0,0.0,0.0,0.0,0.0,0.0,317,否,否,否,否,否,否,7.477,21.140,51.2,-5.578,25.2,227.4,60.9,61.8,60.1,60.1,60.1,60.1,60.5,61.1,60.0,60.0,60.0,60.0,16.33,16.57,16.09,16.09,16.58,16.58,1.86,13.89,16.06,0.27,0.23,0,0,0.0,0.0,0,0.000,
17.9.2026,23:16:44.325,6042,33469,15.2,5749,10433,35.5,0.0,23329,0,0.772,0.802,0.770,0.760,0.755,0.693,0.698,1200.0,1200.0,1200.0,1200.0,1200.0,100.0,1000.0,30.2,130.5,69.5,37.5,1.7,1.8,0.1,0.2,0.2,30.2,2.6,11.3,6.2,3.3,0.0,0.0,0.0,0.0,0.0,11.3,2.6,100.0,1.1,4.6,2.6,1.5,0.1,0.1,0.0,0.0,0.0,1.1,12.0,12.0,12.0,12.0,12.0,10.0,33,30,34,35,33,67,70,66,65,67,36,35,否,否,否,否,否,否,否,否,否,否,否,否,否,否,否,否,否,否,37,35,36,0.250,1.606,0.165,0.007,3.017,0.672,0.216,0.500,35.0,30.0,64.0,64.0,0,17.8,9.2,1.7,2.0,48.9,2.9,13.0,6.6,3.1,0.2,0.2,0.0,0.0,0.0,95.0,83.6,96.7,99.8,99.9,1066.7,10.67,15,15,15,35,74,374,1,2,否,否,否,否,否,否,否,否,否,否,否,否,否,否,否,否,否,否,否,否,否,否,否,否,否,否,否,否,否,否,否,否,否,否,否,否,否,34.0,34,34,33,97.0,100.0,否,否,24293,21074,0.0,3.5,3.5,0.000,0.069,5718,2104,37,0.007,100.0,1066.0,0.0,0.0,0.0,0.0,0.0,0.0,0.0,317,否,否,否,否,否,否,7.431,21.140,51.2,-5.521,25.2,229.7,60.9,61.8,60.1,60.1,60.1,60.1,60.5,61.1,60.0,60.0,60.0,60.0,16.33,16.57,16.09,16.09,16.58,16.58,1.86,13.89,16.06,0.27,0.23,0,0,0.0,0.0,0,0.000,
17.9.2026,23:16:46.329,6043,33469,15.2,5748,10434,35.5,0.0,23329,0,0.769,0.802,0.765,0.755,0.755,0.686,0.698,1100.0,1100.0,1100.0,1100.0,1100.0,100.0,900.0,28.6,139.8,64.9,21.1,1.2,1.2,0.2,0.2,0.2,28.6,2.2,11.5,5.3,1.1,0.0,0.0,0.0,0.0,0.0,11.5,2.2,100.0,1.0,5.0,2.4,0.8,0.0,0.0,0.0,0.0,0.0,1.0,11.0,11.0,11.0,11.0,11.0,9.0,33,31,34,35,33,67,69,66,65,67,36,35,否,否,否,否,否,否,否,否,否,否,否,否,否,否,否,否,否,否,36,35,36,0.250,1.550,0.164,0.007,2.777,0.676,0.230,0.435,35.0,30.0,64.0,64.0,0,18.1,7.0,1.8,2.4,51.1,2.7,13.7,6.2,1.4,0.1,0.1,0.0,0.0,0.0,95.3,83.0,98.4,99.8,99.9,1066.7,10.67,15,15,15,35,74,374,1,2,否,否,否,否,否,否,否,否,否,否,否,否,否,否,否,否,否,否,否,否,否,否,否,否,否,否,否,否,否,否,否,否,否,否,否,否,否,34.0,34,34,32,97.0,100.0,否,否,24293,21074,0.0,1.0,1.0,0.000,0.010,5718,2104,37,0.007,100.0,1066.0,0.0,0.0,0.0,0.0,0.0,0.0,0.0,317,否,否,否,否,否,否,7.472,21.132,51.2,-5.552,25.2,228.4,60.9,61.8,60.1,60.1,60.1,60.1,60.5,61.1,60.0,60.0,60.0,60.0,16.33,16.57,16.09,16.09,16.58,16.58,1.86,13.89,16.06,0.27,0.23,0,0,0.0,0.0,0,0.000,
17.9.2026,23:16:48.326,6043,33469,15.2,5749,10434,35.5,0.0,23329,0,0.767,0.800,0.762,0.755,0.752,0.686,0.738,1100.0,1100.0,1100.0,1100.0,1100.0,100.0,900.0,30.1,139.7,74.1,23.8,1.4,0.9,0.2,0.2,0.2,30.1,2.8,11.6,6.1,1.3,0.7,0.6,0.6,0.6,0.6,11.6,2.8,100.0,1.1,5.0,2.8,0.9,0.0,0.0,0.0,0.0,0.0,1.1,11.0,11.0,11.0,11.0,11.0,9.0,33,30,34,35,32,67,70,66,65,68,36,35,否,否,否,否,否,否,否,否,否,否,否,否,否,否,否,否,否,否,37,34,37,0.250,1.618,0.177,0.008,3.002,0.673,0.221,0.497,35.0,30.0,64.0,64.0,0,17.7,9.1,1.9,1.9,49.3,2.8,13.7,7.0,1.6,0.2,0.1,0.0,0.0,0.0,95.1,82.4,98.2,99.9,99.9,1066.7,10.67,15,15,15,35,74,374,1,2,否,否,否,否,否,否,否,否,否,否,否,否,否,否,否,否,否,否,否,否,否,否,否,否,否,否,否,否,否,否,否,否,否,否,否,否,否,34.0,34,34,33,97.0,100.0,否,否,24293,21074,0.0,2.0,2.0,0.000,0.087,5718,2105,36,0.008,100.0,1066.0,0.0,0.0,0.0,0.0,0.0,0.0,0.0,317,否,否,否,否,否,否,7.477,21.132,51.2,-5.555,25.2,228.2,60.9,61.8,60.1,60.1,60.1,60.1,60.5,61.1,60.0,60.0,60.0,60.0,16.33,16.57,16.09,16.09,16.58,16.58,1.86,13.89,16.06,0.27,0.23,0,0,0.0,0.0,0,0.000,
17.9.2026,23:16:50.346,6042,33469,15.2,5750,10433,35.5,0.0,23329,0,0.769,0.800,0.767,0.755,0.752,0.686,0.701,1100.0,1100.0,1100.0,1100.0,1100.0,100.0,900.0,28.9,130.0,68.9,29.3,2.5,0.2,0.2,0.2,0.2,28.9,2.5,10.9,6.1,2.4,0.5,0.0,0.0,0.0,0.0,10.9,2.5,100.0,1.1,4.6,2.6,1.2,0.1,0.0,0.0,0.0,0.0,1.1,11.0,11.0,11.0,11.0,11.0,9.0,34,31,35,35,33,66,69,65,65,67,36,35,否,否,否,否,否,否,否,否,否,否,否,否,否,否,否,否,否,否,36,33,36,0.250,1.517,0.167,0.006,2.757,0.652,0.216,0.434,35.0,30.0,64.0,64.0,0,18.1,6.8,2.1,2.4,50.7,2.7,12.7,6.6,2.3,0.3,0.0,0.0,0.0,0.0,95.2,83.5,97.4,99.9,99.9,1066.7,10.67,15,15,15,35,74,374,1,2,否,否,否,否,否,否,否,否,否,否,否,否,否,否,否,否,否,否,否,否,否,否,否,否,否,否,否,否,否,否,否,否,否,否,否,否,否,34.0,34,34,32,97.0,100.0,否,否,24293,21074,0.0,1.0,1.0,0.000,0.014,5718,2105,37,0.006,100.0,1066.0,0.0,0.0,0.0,0.0,0.0,0.0,0.0,317,否,否,否,否,否,否,7.473,21.132,51.2,-5.530,25.2,229.3,60.9,61.8,60.1,60.1,60.1,60.1,60.5,61.1,60.0,60.0,60.0,60.0,16.33,16.57,16.09,16.09,16.58,16.58,1.86,13.89,16.06,0.27,0.23,0,0,0.0,0.0,0,0.000,
17.9.2026,23:16:52.359,6042,33469,15.2,5753,10430,35.5,0.0,23329,0,0.768,0.800,0.762,0.755,0.755,0.688,0.698,1100.0,1100.0,1100.0,1100.0,1100.0,100.0,900.0,29.0,125.4,74.1,28.3,1.4,1.8,0.2,0.6,0.2,29.0,2.4,10.0,5.9,1.2,0.0,0.6,0.4,0.4,0.4,10.0,2.4,100.0,1.1,4.4,2.8,1.1,0.0,0.1,0.0,0.0,0.0,1.1,11.0,11.0,11.0,11.0,11.0,9.0,33,30,34,34,33,67,70,66,66,67,36,34,否,否,否,否,否,否,否,否,否,否,否,否,否,否,否,否,否,否,36,35,36,0.250,1.604,0.186,0.006,2.958,0.665,0.213,0.487,35.0,30.0,64.0,64.0,0,17.8,9.5,1.8,2.4,49.1,2.7,12.4,7.0,1.7,0.2,0.2,0.0,0.1,0.0,95.3,83.6,98.1,99.8,99.9,1066.7,10.67,15,15,15,35,74,374,1,2,否,否,否,否,否,否,否,否,否,否,否,否,否,否,否,否,否,否,否,否,否,否,否,否,否,否,否,否,否,否,否,否,否,否,否,否,否,33.0,34,34,32,97.0,100.0,否,否,24293,21074,0.0,1.5,1.5,0.000,0.016,5718,2105,36,0.006,100.0,1066.0,0.0,0.0,0.0,0.0,0.0,0.0,0.0,317,否,否,否,否,否,否,7.434,21.132,51.2,-5.501,25.2,230.5,60.9,61.8,60.1,60.1,60.1,60.1,60.5,61.1,60.0,60.0,60.0,60.0,16.33,16.57,16.09,16.09,16.58,16.58,1.86,13.89,16.06,0.27,0.23,0,0,0.0,0.0,0,0.000,
17.9.2026,23:16:54.367,6044,33468,15.2,5758,10425,35.5,0.0,23329,0,0.772,0.800,0.772,0.760,0.757,0.693,0.696,1200.0,1200.0,1200.0,1200.0,1200.0,100.0,1000.0,34.9,138.1,93.2,27.5,17.4,1.1,0.2,1.7,0.2,34.9,2.9,11.3,7.8,2.2,1.3,0.1,0.0,0.1,0.0,11.3,2.9,100.0,1.3,4.9,3.6,1.1,0.7,0.0,0.0,0.1,0.0,1.3,12.0,12.0,12.0,12.0,12.0,10.0,34,31,34,35,34,66,69,66,65,66,37,35,否,否,否,否,否,否,否,否,否,否,否,否,否,否,否,否,否,否,37,34,37,0.250,1.455,0.164,0.006,2.660,0.650,0.228,0.374,35.0,30.0,64.0,64.0,0,17.5,4.4,2.5,2.0,51.6,3.3,13.3,8.6,2.4,1.4,0.1,0.0,0.2,0.0,94.5,81.4,96.8,99.8,99.8,1066.7,10.67,15,15,15,35,74,374,1,2,否,否,否,否,否,否,否,否,否,否,否,否,否,否,否,否,否,否,否,否,否,否,否,否,否,否,否,否,否,否,否,否,否,否,否,否,否,34.0,34,34,33,97.0,100.0,否,否,24293,21074,0.0,0.5,0.5,0.000,0.010,5718,2105,36,0.006,100.0,1066.0,0.0,0.0,0.0,0.0,0.0,0.0,0.0,317,否,否,否,否,否,否,7.434,21.125,51.1,-5.479,25.2,231.3,60.9,61.8,60.1,60.1,60.1,60.1,60.5,61.1,60.0,60.0,60.0,60.0,16.33,16.57,16.09,16.09,16.58,16.58,1.86,13.89,16.06,0.27,0.23,0,0,0.0,0.0,0,0.000,
17.9.2026,23:16:56.370,6043,33469,15.2,5756,10426,35.5,0.0,23329,0,0.772,0.802,0.770,0.760,0.757,0.693,0.698,1200.0,1200.0,1200.0,1200.0,1200.0,100.0,1000.0,29.8,132.2,71.1,33.1,1.0,0.5,0.2,0.2,0.2,29.8,2.8,11.9,6.9,3.2,0.0,0.0,0.0,0.0,0.0,11.9,2.8,100.0,1.1,4.7,2.7,1.3,0.0,0.0,0.0,0.0,0.0,1.1,12.0,12.0,12.0,12.0,12.0,10.0,33,31,34,34,34,67,69,66,66,66,37,34,否,否,否,否,否,否,否,否,否,否,否,否,否,否,否,否,否,否,36,35,36,0.250,1.672,0.171,0.006,3.209,0.679,0.213,0.558,35.0,30.0,64.0,64.0,0,17.5,11.3,2.3,1.8,46.7,2.9,13.3,6.9,2.7,0.1,0.1,0.0,0.0,0.0,95.1,83.2,97.2,99.9,99.9,1066.7,10.67,15,15,15,35,74,374,1,2,否,否,否,否,否,否,否,否,否,否,否,否,否,否,否,否,否,否,否,否,否,否,否,否,否,否,否,否,否,否,否,否,否,否,否,否,否,34.0,34,34,33,97.0,100.0,否,否,24293,21074,0.0,2.1,2.1,0.000,0.067,5718,2105,36,0.006,100.0,1066.0,0.0,0.0,0.0,0.0,0.0,0.0,0.0,317,否,否,否,否,否,否,7.428,21.125,51.1,-5.482,25.2,231.2,60.9,61.8,60.1,60.1,60.1,60.1,60.5,61.1,60.0,60.0,60.0,60.0,16.33,16.57,16.09,16.09,16.58,16.58,1.86,13.89,16.06,0.27,0.23,0,0,0.0,0.0,0,0.000,
17.9.2026,23:16:58.360,6043,33469,15.2,5755,10427,35.5,0.0,23329,0,0.767,0.800,0.762,0.752,0.752,0.686,0.698,1100.0,1100.0,1100.0,1100.0,1100.0,100.0,900.0,29.6,135.3,79.3,21.2,0.2,0.6,0.2,0.2,0.2,29.6,2.5,11.5,6.7,0.0,0.0,1.5,0.0,0.0,0.0,11.5,2.5,100.0,1.1,4.8,3.0,0.9,0.0,0.0,0.0,0.0,0.0,1.1,11.0,11.0,11.0,11.0,11.0,9.0,34,31,35,34,34,66,69,65,66,66,36,35,否,否,否,否,否,否,否,否,否,否,否,否,否,否,否,否,否,否,36,34,36,0.250,1.699,0.185,0.005,3.221,0.686,0.220,0.559,35.0,30.0,64.0,64.0,0,17.7,10.9,2.4,2.2,46.6,2.8,13.5,7.5,1.3,0.0,0.1,0.0,0.0,0.0,95.2,82.3,98.6,99.9,99.9,1066.7,10.67,15,15,15,35,74,374,1,2,否,否,否,否,否,否,否,否,否,否,否,否,否,否,否,否,否,否,否,否,否,否,否,否,否,否,否,否,否,否,否,否,否,否,否,否,否,34.0,34,34,33,97.0,100.0,否,否,24293,21074,0.0,2.0,2.0,0.000,0.112,5718,2105,36,0.005,100.0,1066.0,0.0,0.0,0.0,0.0,0.0,0.0,0.0,317,否,否,否,否,否,否,7.415,21.125,51.1,-5.495,25.2,230.7,60.9,61.8,60.1,60.1,60.1,60.1,60.5,61.1,60.0,60.0,60.0,60.0,16.33,16.57,16.09,16.09,16.58,16.58,1.86,13.89,16.06,0.27,0.23,0,0,0.0,0.0,0,0.000,
17.9.2026,23:17:0.365,6043,33469,15.2,5754,10428,35.5,0.0,23329,0,0.769,0.802,0.765,0.755,0.752,0.686,0.698,1100.0,1100.0,1100.0,1100.0,1100.0,100.0,900.0,28.7,127.7,74.5,24.5,1.2,0.9,0.2,0.2,0.2,28.7,2.5,10.6,6.3,2.8,0.0,0.0,0.0,0.0,0.0,10.6,2.5,100.0,1.0,4.5,2.8,1.0,0.0,0.0,0.0,0.0,0.0,1.0,11.0,11.0,11.0,11.0,11.0,9.0,33,31,33,34,33,67,69,67,66,67,36,34,否,否,否,否,否,否,否,否,否,否,否,否,否,否,否,否,否,否,37,34,36,0.250,1.655,0.186,0.006,2.998,0.697,0.238,0.494,35.0,30.0,64.0,64.0,0,18.0,8.8,3.0,2.2,48.4,2.7,12.7,7.2,1.5,0.1,0.1,0.0,0.0,0.0,95.2,82.8,98.3,99.9,99.9,1066.7,10.67,15,15,15,35,74,374,1,2,否,否,否,否,否,否,否,否,否,否,否,否,否,否,否,否,否,否,否,否,否,否,否,否,否,否,否,否,否,否,否,否,否,否,否,否,否,33.0,34,34,32,97.0,100.0,否,否,24293,21074,0.0,1.4,1.4,0.000,0.020,5718,2105,36,0.006,100.0,1066.0,0.0,0.0,0.0,0.0,0.0,0.0,0.0,317,否,否,否,否,否,否,7.427,21.117,51.1,-5.511,25.2,229.9,60.9,61.8,60.1,60.1,60.1,60.1,60.5,61.1,60.0,60.0,60.0,60.0,16.33,16.57,16.09,16.09,16.58,16.58,1.86,13.89,16.06,0.27,0.23,0,0,0.0,0.0,0,0.000,
17.9.2026,23:17:2.358,6044,33468,15.2,5754,10428,35.5,0.0,23329,0,0.773,0.805,0.770,0.760,0.757,0.691,0.696,1200.0,1200.0,1200.0,1200.0,1200.0,100.0,1000.0,32.6,137.4,82.9,29.9,7.2,2.7,0.3,0.3,0.3,32.6,2.8,11.5,7.0,2.3,1.3,0.0,0.0,0.0,0.0,11.5,2.8,100.0,1.2,4.9,3.2,1.2,0.3,0.1,0.0,0.0,0.0,1.2,12.0,12.0,12.0,12.0,12.0,10.0,33,30,33,35,33,67,70,67,65,67,36,35,否,否,否,否,否,否,否,否,否,否,否,否,否,否,否,否,否,否,36,35,36,0.250,1.606,0.171,0.006,3.004,0.683,0.234,0.479,35.0,30.0,64.0,64.0,0,17.5,8.5,2.6,2.0,48.4,3.1,13.5,7.8,2.5,0.7,0.3,0.0,0.0,0.0,94.6,82.1,96.9,99.7,99.9,1066.7,10.67,15,15,15,35,74,374,1,2,否,否,否,否,否,否,否,否,否,否,否,否,否,否,否,否,否,否,否,否,否,否,否,否,否,否,否,否,否,否,否,否,否,否,否,否,否,34.0,34,34,32,97.0,100.0,否,否,24293,21074,0.0,1.0,1.0,0.000,0.018,5718,2105,36,0.006,100.0,1066.0,0.0,0.0,0.0,0.0,0.0,0.0,0.0,317,否,否,否,否,否,否,7.424,21.117,51.1,-5.516,25.2,229.7,60.9,61.8,60.1,60.1,60.1,60.1,60.5,61.1,60.0,60.0,60.0,60.0,16.33,16.57,16.09,16.09,16.58,16.58,1.86,13.89,16.06,0.27,0.23,0,0,0.0,0.0,0,0.000,
17.9.2026,23:17:4.365,6040,33471,15.2,5749,10433,35.5,0.0,23329,0,0.769,0.800,0.765,0.755,0.755,0.686,0.738,1100.0,1100.0,1100.0,1100.0,1100.0,100.0,900.0,29.7,134.3,67.6,31.6,1.6,1.2,0.3,0.6,0.2,29.7,4.3,11.0,5.3,1.5,0.0,15.5,0.3,0.4,0.3,15.5,4.3,100.0,1.1,4.8,2.5,1.3,0.1,0.0,0.0,0.0,0.0,1.1,11.0,11.0,11.0,11.0,11.0,9.0,33,31,35,34,33,67,69,65,66,67,36,35,否,否,否,否,否,否,否,否,否,否,否,否,否,否,否,否,否,否,36,34,36,0.250,1.483,0.179,0.007,2.596,0.657,0.230,0.376,35.0,30.0,64.0,64.0,0,18.1,4.9,2.2,2.3,52.6,2.8,13.4,6.4,2.0,0.2,0.1,0.0,0.1,0.0,95.1,83.0,97.8,99.8,99.9,1066.7,10.67,15,15,15,35,74,374,1,2,否,否,否,否,否,否,否,否,否,否,否,否,否,否,否,否,否,否,否,否,否,否,否,否,否,否,否,否,否,否,否,否,否,否,否,否,否,34.0,34,34,32,97.0,100.0,否,否,24293,21074,0.0,1.0,1.0,0.000,0.022,5718,2105,36,0.007,100.0,1066.0,0.0,0.0,0.0,0.0,0.0,0.0,0.0,317,否,否,否,否,否,否,7.431,21.117,51.1,-5.484,25.2,231.0,60.9,61.8,60.1,60.1,60.1,60.1,60.5,61.1,60.0,60.0,60.0,60.0,16.33,16.57,16.09,16.09,16.58,16.58,1.86,13.89,16.06,0.27,0.23,0,0,0.0,0.0,0,0.000,
17.9.2026,23:17:6.360,6040,33471,15.2,5748,10434,35.5,0.0,23329,0,0.764,0.797,0.757,0.750,0.750,0.681,0.698,1000.0,1000.0,1000.0,1000.0,1000.0,100.0,800.0,28.5,122.8,72.8,22.7,0.2,9.0,0.2,0.4,0.2,28.5,2.4,10.8,6.8,1.7,0.0,0.2,0.0,0.0,0.0,10.8,2.4,100.0,1.0,4.3,2.7,0.9,0.0,0.4,0.0,0.0,0.0,1.0,10.0,10.0,10.0,10.0,10.0,8.0,32,30,33,34,33,68,70,67,66,67,36,34,否,否,否,否,否,否,否,否,否,否,否,否,否,否,否,否,否,否,37,34,37,0.250,1.579,0.200,0.007,2.893,0.630,0.199,0.494,35.0,30.0,64.0,64.0,0,17.8,8.6,2.5,2.2,50.0,2.6,12.3,7.0,1.2,0.0,0.4,0.0,0.0,0.0,95.5,83.8,98.7,99.6,99.9,1066.7,10.67,15,15,15,35,74,374,1,2,否,否,否,否,否,否,否,否,否,否,否,否,否,否,否,否,否,否,否,否,否,否,否,否,否,否,否,否,否,否,否,否,否,否,否,否,否,34.0,34,34,33,97.0,100.0,否,否,24293,21074,0.0,0.9,0.9,0.000,0.014,5718,2105,35,0.007,100.0,1066.0,0.0,0.0,0.0,0.0,0.0,0.0,0.0,317,否,否,否,否,否,否,7.429,21.109,51.1,-5.490,25.2,230.7,60.9,61.8,60.1,60.1,60.1,60.1,60.5,61.1,60.0,60.0,60.0,60.0,16.33,16.57,16.09,16.09,16.58,16.58,1.86,13.89,16.06,0.27,0.23,0,0,0.0,0.0,0,0.000,
17.9.2026,23:17:8.365,6040,33471,15.2,5759,10423,35.5,0.0,23329,0,0.773,0.807,0.770,0.760,0.755,0.701,0.701,1225.0,1300.0,1200.0,1200.0,1200.0,100.0,1100.0,31.6,132.1,82.1,27.9,9.8,0.3,0.2,0.2,0.2,31.6,2.3,10.7,6.7,0.0,1.2,0.0,0.0,0.0,0.0,10.7,2.3,100.0,1.2,4.7,3.1,1.1,0.4,0.0,0.0,0.0,0.0,1.2,12.2,13.0,12.0,12.0,12.0,11.0,33,31,33,34,33,67,69,67,66,67,36,34,否,否,否,否,否,否,否,否,否,否,否,否,否,否,否,否,否,否,36,34,36,0.250,1.696,0.177,0.004,3.305,0.690,0.220,0.560,35.0,30.0,64.0,64.0,0,17.5,11.1,2.2,2.1,45.4,3.0,13.1,7.9,2.0,0.9,0.0,0.0,0.0,0.0,94.7,82.1,97.0,99.9,99.9,1066.7,10.67,15,15,15,35,74,374,1,2,否,否,否,否,否,否,否,否,否,否,否,否,否,否,否,否,否,否,否,否,否,否,否,否,否,否,否,否,否,否,否,否,否,否,否,否,否,34.0,34,34,32,97.0,100.0,否,否,24293,21074,0.0,2.4,2.5,0.024,0.128,5718,2105,36,0.004,100.0,1066.0,0.0,0.0,0.0,0.0,0.0,0.0,0.0,317,否,否,否,否,否,否,7.435,21.109,51.1,-5.524,25.2,229.3,60.9,61.8,60.1,60.1,60.1,60.1,60.5,61.1,60.0,60.0,60.0,60.0,16.33,16.57,16.09,16.09,16.58,16.58,1.86,13.89,16.06,0.27,0.23,0,0,0.0,0.0,0,0.000,
17.9.2026,23:17:10.358,6040,33472,15.2,5758,10425,35.5,0.0,23329,0,0.767,0.797,0.765,0.755,0.752,0.686,0.698,1100.0,1100.0,1100.0,1100.0,1100.0,100.0,900.0,28.0,127.4,63.3,29.9,1.1,1.7,0.2,0.2,0.2,28.0,2.6,11.0,5.5,0.9,0.0,2.0,0.3,0.3,0.3,11.0,2.6,100.0,1.0,4.5,2.3,1.2,0.0,0.1,0.0,0.0,0.0,1.0,11.0,11.0,11.0,11.0,11.0,9.0,33,30,33,35,34,67,70,67,65,66,37,35,否,否,否,否,否,否,否,否,否,否,否,否,否,否,否,否,否,否,36,34,36,0.250,1.521,0.171,0.008,2.721,0.656,0.217,0.426,35.0,30.0,64.0,64.0,0,18.2,6.9,2.7,2.3,50.6,2.7,12.7,6.0,2.2,0.1,0.2,0.0,0.0,0.0,95.4,84.1,97.6,99.8,99.9,1066.7,10.67,15,15,15,35,74,374,1,2,否,否,否,否,否,否,否,否,否,否,否,否,否,否,否,否,否,否,否,否,否,否,否,否,否,否,否,否,否,否,否,否,否,否,否,否,否,34.0,34,34,32,97.0,100.0,否,否,24293,21074,0.0,1.0,1.0,0.000,0.010,5718,2105,36,0.008,100.0,1066.0,0.0,0.0,0.0,0.0,0.0,0.0,0.0,317,否,否,否,否,否,否,7.445,21.102,51.1,-5.509,25.2,229.8,60.9,61.8,60.1,60.1,60.1,60.1,60.5,61.1,60.0,60.0,60.0,60.0,16.33,16.57,16.09,16.09,16.58,16.58,1.86,13.89,16.06,0.27,0.23,0,0,0.0,0.0,0,0.000,
17.9.2026,23:17:12.359,6037,33475,15.2,5755,10427,35.5,0.0,23329,0,0.764,0.797,0.757,0.750,0.750,0.678,0.698,1000.0,1000.0,1000.0,1000.0,1000.0,100.0,800.0,29.4,133.8,73.9,24.7,0.2,1.6,0.2,0.6,0.2,29.4,3.4,10.9,5.8,4.7,0.4,4.2,0.4,0.4,0.4,10.9,3.4,100.0,1.1,4.8,2.8,1.0,0.0,0.1,0.0,0.0,0.0,1.1,10.0,10.0,10.0,10.0,10.0,8.0,32,29,33,33,34,68,71,67,67,66,36,34,否,否,否,否,否,否,否,否,否,否,否,否,否,否,否,否,否,否,35,33,35,0.250,1.612,0.189,0.008,2.967,0.666,0.214,0.488,35.0,30.0,64.0,64.0,0,18.1,9.3,2.0,2.5,48.6,2.7,13.3,6.9,1.4,0.0,0.2,0.0,0.1,0.0,95.3,83.0,98.4,99.8,99.9,1066.7,10.67,15,15,15,35,74,374,1,2,否,否,否,否,否,否,否,否,否,否,否,否,否,否,否,否,否,否,否,否,否,否,否,否,否,否,否,否,否,否,否,否,否,否,否,否,否,34.0,34,34,32,97.0,100.0,否,否,24293,21074,0.0,4.2,4.2,0.000,0.093,5718,2106,36,0.008,100.0,1066.0,0.0,0.0,0.0,0.0,0.0,0.0,0.0,317,否,否,否,否,否,否,7.439,21.102,51.1,-5.497,25.2,230.3,60.9,61.8,60.1,60.1,60.1,60.1,60.5,61.1,60.0,60.0,60.0,60.0,16.33,16.57,16.09,16.09,16.58,16.58,1.86,13.89,16.06,0.27,0.23,0,0,0.0,0.0,0,0.000,
17.9.2026,23:17:14.382,6036,33476,15.2,5753,10429,35.5,0.0,23329,0,0.764,0.797,0.760,0.750,0.750,0.681,0.698,1000.0,1000.0,1000.0,1000.0,1000.0,100.0,800.0,29.3,123.9,76.7,30.4,1.8,1.2,0.2,0.4,0.2,29.3,2.7,11.2,7.3,2.5,0.1,0.0,0.0,0.7,0.0,11.2,2.7,100.0,1.1,4.4,2.9,1.2,0.1,0.0,0.0,0.0,0.0,1.1,10.0,10.0,10.0,10.0,10.0,8.0,32,30,33,33,33,68,70,67,67,67,36,33,否,否,否,否,否,否,否,否,否,否,否,否,否,否,否,否,否,否,37,34,37,0.250,1.539,0.184,0.005,2.746,0.657,0.222,0.431,35.0,30.0,64.0,64.0,0,18.0,6.6,2.6,2.3,50.9,2.8,12.5,7.4,1.9,0.2,0.1,0.0,0.0,0.0,95.2,83.3,97.8,99.8,99.9,1066.7,10.67,15,15,15,35,74,374,1,2,否,否,否,否,否,否,否,否,否,否,否,否,否,否,否,否,否,否,否,否,否,否,否,否,否,否,否,否,否,否,否,否,否,否,否,否,否,33.0,34,34,32,97.0,100.0,否,否,24293,21074,0.0,1.0,1.0,0.000,0.032,5718,2106,36,0.005,100.0,1066.0,0.0,0.0,0.0,0.0,0.0,0.0,0.0,317,否,否,否,否,否,否,7.438,21.094,51.1,-5.482,25.2,230.9,60.9,61.8,60.1,60.1,60.1,60.1,60.5,61.1,60.0,60.0,60.0,60.0,16.33,16.57,16.09,16.09,16.58,16.58,1.86,13.89,16.06,0.27,0.23,0,0,0.0,0.0,0,0.000,
17.9.2026,23:17:16.391,6035,33477,15.2,5751,10431,35.5,0.0,23329,0,0.769,0.800,0.767,0.755,0.752,0.686,0.698,1100.0,1100.0,1100.0,1100.0,1100.0,100.0,900.0,29.4,123.0,69.7,36.7,3.0,1.5,0.5,0.7,0.2,29.4,2.3,10.1,5.7,2.8,0.0,0.0,0.0,0.0,0.0,10.1,2.3,100.0,1.1,4.3,2.6,1.5,0.1,0.1,0.0,0.0,0.0,1.1,11.0,11.0,11.0,11.0,11.0,9.0,33,29,34,34,34,67,71,66,66,66,37,34,否,否,否,否,否,否,否,否,否,否,否,否,否,否,否,否,否,否,36,34,36,0.250,1.566,0.155,0.006,2.855,0.676,0.228,0.466,35.0,30.0,64.0,64.0,0,17.6,8.2,2.2,2.2,50.2,2.9,12.3,6.7,3.2,0.3,0.2,0.1,0.1,0.0,95.0,84.1,96.4,99.8,99.9,1066.7,10.67,15,15,15,35,74,374,1,2,否,否,否,否,否,否,否,否,否,否,否,否,否,否,否,否,否,否,否,否,否,否,否,否,否,否,否,否,否,否,否,否,否,否,否,否,否,34.0,33,33,32,97.0,100.0,否,否,24293,21074,0.0,1.5,1.5,0.000,0.079,5718,2106,35,0.006,100.0,1066.0,0.0,0.0,0.0,0.0,0.0,0.0,0.0,317,否,否,否,否,否,否,7.447,21.094,51.1,-5.481,25.2,230.9,60.9,61.8,60.1,60.1,60.1,60.1,60.5,61.1,60.0,60.0,60.0,60.0,16.33,16.57,16.09,16.09,16.58,16.58,1.86,13.89,16.06,0.27,0.23,0,0,0.0,0.0,0,0.000,
17.9.2026,23:17:18.404,6034,33478,15.2,5749,10433,35.5,0.0,23329,0,0.769,0.802,0.765,0.755,0.752,0.686,0.698,1100.0,1100.0,1100.0,1100.0,1100.0,100.0,900.0,29.2,130.5,83.6,16.4,1.3,1.1,0.2,0.3,0.2,29.2,3.7,11.2,7.4,1.6,0.4,8.2,0.3,0.3,0.3,11.2,3.7,100.0,1.1,4.6,3.2,0.6,0.0,0.0,0.0,0.0,0.0,1.1,11.0,11.0,11.0,11.0,11.0,9.0,32,29,33,34,34,68,71,67,66,66,36,34,否,否,否,否,否,否,否,否,否,否,否,否,否,否,否,否,否,否,36,34,36,0.250,1.537,0.160,0.005,2.813,0.660,0.221,0.452,35.0,30.0,64.0,64.0,0,18.0,7.2,2.5,1.8,50.4,2.8,13.0,7.8,1.5,0.1,0.1,0.0,0.0,0.0,95.1,82.4,98.3,99.8,99.9,1066.7,10.67,15,15,15,35,74,374,1,2,否,否,否,否,否,否,否,否,否,否,否,否,否,否,否,否,否,否,否,否,否,否,否,否,否,否,否,否,否,否,否,否,否,否,否,否,否,34.0,33,33,32,97.0,100.0,否,否,24293,21074,0.0,1.5,1.5,0.000,0.085,5718,2106,36,0.005,100.0,1066.0,0.0,0.0,0.0,0.0,0.0,0.0,0.0,317,否,否,否,否,否,否,7.446,21.094,51.1,-5.473,25.2,231.2,60.9,61.8,60.1,60.1,60.1,60.1,60.5,61.1,60.0,60.0,60.0,60.0,16.33,16.57,16.09,16.09,16.58,16.58,1.86,13.89,16.06,0.27,0.23,0,0,0.0,0.0,0,0.000,
17.9.2026,23:17:20.409,6034,33478,15.2,5748,10434,35.5,0.0,23329,0,0.768,0.800,0.762,0.757,0.752,0.686,0.698,1100.0,1100.0,1100.0,1100.0,1100.0,100.0,900.0,28.2,116.9,76.7,28.6,1.1,0.7,0.8,0.6,0.2,28.2,2.6,9.7,6.5,1.5,0.1,3.1,0.1,0.0,0.0,9.7,2.6,100.0,1.0,4.1,2.9,1.2,0.0,0.0,0.0,0.0,0.0,1.0,11.0,11.0,11.0,11.0,11.0,9.0,33,31,33,35,33,67,69,67,65,67,36,35,否,否,否,否,否,否,否,否,否,否,否,否,否,否,否,否,否,否,35,34,36,0.250,1.435,0.181,0.006,2.480,0.623,0.215,0.372,35.0,30.0,64.0,64.0,0,18.1,4.7,2.6,2.1,53.8,2.6,11.7,7.3,1.6,0.1,0.1,0.1,0.1,0.0,95.5,83.9,98.2,99.8,99.9,1066.7,10.67,15,15,15,35,74,374,1,2,否,否,否,否,否,否,否,否,否,否,否,否,否,否,否,否,否,否,否,否,否,否,否,否,否,否,否,否,否,否,否,否,否,否,否,否,否,34.0,33,33,32,97.0,100.0,否,否,24293,21074,0.0,1.0,1.0,0.000,0.012,5718,2106,36,0.006,100.0,1066.0,0.0,0.0,0.0,0.0,0.0,0.0,0.0,317,否,否,否,否,否,否,7.450,21.086,51.0,-5.439,25.2,232.6,60.9,61.8,60.1,60.1,60.1,60.1,60.5,61.1,60.0,60.0,60.0,60.0,16.33,16.57,16.09,16.09,16.58,16.58,1.86,13.89,16.06,0.27,0.23,0,0,0.0,0.0,0,0.000,
17.9.2026,23:17:22.418,6034,33477,15.2,5747,10435,35.5,0.0,23329,0,0.769,0.800,0.767,0.757,0.752,0.686,0.741,1100.0,1100.0,1100.0,1100.0,1100.0,100.0,900.0,28.3,129.2,65.1,28.4,1.5,1.3,0.2,0.6,0.2,28.3,2.2,10.7,5.2,1.5,0.5,0.0,0.0,0.0,0.0,10.7,2.2,100.0,1.0,4.6,2.4,1.1,0.0,0.0,0.0,0.0,0.0,1.0,11.0,11.0,11.0,11.0,11.0,9.0,32,30,33,34,33,68,70,67,66,67,36,34,否,否,否,否,否,否,否,否,否,否,否,否,否,否,否,否,否,否,36,34,36,0.250,1.434,0.164,0.007,2.487,0.635,0.222,0.372,35.0,30.0,64.0,64.0,0,18.1,4.7,3.0,2.2,52.9,2.7,13.0,6.3,2.0,0.2,0.1,0.0,0.1,0.0,95.3,83.7,97.8,99.8,99.9,1066.7,10.67,15,15,15,35,74,374,1,2,否,否,否,否,否,否,否,否,否,否,否,否,否,否,否,否,否,否,否,否,否,否,否,否,否,否,否,否,否,否,否,否,否,否,否,否,否,34.0,33,33,32,97.0,100.0,否,否,24293,21074,0.0,0.6,0.6,0.000,0.010,5718,2106,36,0.007,100.0,1066.0,0.0,0.0,0.0,0.0,0.0,0.0,0.0,317,否,否,否,否,否,否,7.446,21.086,51.0,-5.406,25.2,234.0,60.9,61.8,60.1,60.1,60.1,60.1,60.5,61.1,60.0,60.0,60.0,60.0,16.33,16.57,16.09,16.09,16.58,16.58,1.86,13.89,16.06,0.27,0.23,0,0,0.0,0.0,0,0.000,
17.9.2026,23:17:24.410,6034,33477,15.2,5745,10437,35.5,0.0,23329,0,0.769,0.800,0.767,0.755,0.752,0.688,0.701,1100.0,1100.0,1100.0,1100.0,1100.0,100.0,900.0,29.8,137.2,77.8,20.3,1.8,0.5,0.2,0.7,0.2,29.8,3.2,11.9,6.9,1.9,0.0,3.4,0.4,0.4,0.4,11.9,3.2,100.0,1.1,4.9,2.9,0.8,0.1,0.0,0.0,0.0,0.0,1.1,11.0,11.0,11.0,11.0,11.0,9.0,33,31,33,35,34,67,69,67,65,66,36,35,否,否,否,否,否,否,否,否,否,否,否,否,否,否,否,否,否,否,36,34,35,0.250,1.523,0.158,0.006,2.810,0.658,0.218,0.444,35.0,30.0,64.0,64.0,0,17.6,7.5,1.6,2.3,50.5,2.8,13.5,7.3,1.6,0.2,0.1,0.0,0.1,0.0,95.0,82.3,98.1,99.9,99.9,1066.7,10.67,15,15,15,35,74,374,1,2,否,否,否,否,否,否,否,否,否,否,否,否,否,否,否,否,否,否,否,否,否,否,否,否,否,否,否,否,否,否,否,否,否,否,否,否,否,34.0,33,33,31,97.0,100.0,否,否,24293,21074,0.0,1.5,1.5,0.000,0.018,5718,2106,36,0.006,100.0,1066.0,0.0,0.0,0.0,0.0,0.0,0.0,0.0,317,否,否,否,否,否,否,7.432,21.079,51.0,-5.388,25.2,234.7,60.9,61.8,60.1,60.1,60.1,60.1,60.5,61.1,60.0,60.0,60.0,60.0,16.33,16.57,16.09,16.09,16.58,16.58,1.86,13.89,16.06,0.27,0.23,0,0,0.0,0.0,0,0.000,
17.9.2026,23:17:26.410,6034,33478,15.2,5744,10439,35.4,0.0,23329,0,0.769,0.800,0.767,0.755,0.752,0.686,0.698,1100.0,1100.0,1100.0,1100.0,1100.0,100.0,900.0,27.9,129.4,67.8,19.1,2.9,3.3,0.2,0.2,0.2,27.9,2.5,10.7,5.3,1.6,0.1,0.2,0.7,0.7,0.7,10.7,2.5,100.0,1.0,4.6,2.5,0.8,0.1,0.1,0.0,0.0,0.0,1.0,11.0,11.0,11.0,11.0,11.0,9.0,33,31,34,35,33,67,69,66,65,67,36,35,否,否,否,否,否,否,否,否,否,否,否,否,否,否,否,否,否,否,36,34,37,0.250,1.457,0.150,0.007,2.552,0.647,0.224,0.390,35.0,30.0,64.0,64.0,0,17.8,5.3,2.1,2.1,53.4,2.7,12.7,6.1,1.8,0.3,0.3,0.0,0.0,0.0,95.4,83.9,97.9,99.7,99.9,1066.7,10.67,15,15,15,35,74,374,1,2,否,否,否,否,否,否,否,否,否,否,否,否,否,否,否,否,否,否,否,否,否,否,否,否,否,否,否,否,否,否,否,否,否,否,否,否,否,33.0,33,33,31,97.0,100.0,否,否,24293,21074,0.0,0.5,0.5,0.000,0.014,5718,2106,35,0.007,100.0,1066.0,0.0,0.0,0.0,0.0,0.0,0.0,0.0,317,否,否,否,否,否,否,7.424,21.079,51.0,-5.360,25.2,235.9,60.9,61.8,60.1,60.1,60.1,60.1,60.5,61.1,60.0,60.0,60.0,60.0,16.33,16.57,16.09,16.09,16.58,16.58,1.86,13.89,16.06,0.27,0.23,0,0,0.0,0.0,0,0.000,
17.9.2026,23:17:28.417,6034,33478,15.2,5743,10439,35.4,0.0,23329,0,0.767,0.800,0.762,0.755,0.752,0.686,0.698,1100.0,1100.0,1100.0,1100.0,1100.0,100.0,900.0,29.8,124.0,78.1,32.2,1.8,1.0,0.3,0.4,0.3,29.8,2.2,10.3,6.5,0.4,0.1,0.0,0.0,0.0,0.0,10.3,2.2,100.0,1.1,4.4,2.9,1.3,0.1,0.0,0.0,0.0,0.0,1.1,11.0,11.0,11.0,11.0,11.0,9.0,32,30,33,34,33,68,70,67,66,67,36,34,否,否,否,否,否,否,否,否,否,否,否,否,否,否,否,否,否,否,36,34,36,0.250,1.690,0.191,0.006,3.157,0.684,0.224,0.545,35.0,30.0,64.0,64.0,0,17.7,10.9,1.7,2.1,47.9,2.8,12.3,7.3,2.1,0.2,0.1,0.0,0.0,0.0,95.2,83.4,97.7,99.8,99.9,1066.7,10.67,15,15,15,35,74,374,1,2,否,否,否,否,否,否,否,否,否,否,否,否,否,否,否,否,否,否,否,否,否,否,否,否,否,否,否,否,否,否,否,否,否,否,否,否,否,34.0,33,33,32,97.0,100.0,否,否,24293,21074,0.0,2.8,2.8,0.000,0.133,5718,2106,37,0.006,100.0,1066.0,0.0,0.0,0.0,0.0,0.0,0.0,0.0,317,否,否,否,否,否,否,7.419,21.079,51.0,-5.371,25.2,235.5,60.9,61.8,60.1,60.1,60.1,60.1,60.5,61.1,60.0,60.0,60.0,60.0,16.33,16.57,16.09,16.09,16.58,16.58,1.86,13.89,16.06,0.27,0.23,0,0,0.0,0.0,0,0.000,
17.9.2026,23:17:30.436,6033,33478,15.2,5745,10437,35.5,0.0,23329,0,0.769,0.802,0.762,0.757,0.752,0.691,0.698,1125.0,1200.0,1100.0,1100.0,1100.0,100.0,1000.0,28.4,119.7,74.3,29.7,2.4,0.2,0.2,0.2,0.2,28.4,2.5,9.9,6.3,3.2,0.8,0.0,0.0,0.0,0.0,9.9,2.5,100.0,1.0,4.2,2.8,1.2,0.1,0.0,0.0,0.0,0.0,1.0,11.2,12.0,11.0,11.0,11.0,10.0,33,31,34,34,33,67,69,66,66,67,36,34,否,否,否,否,否,否,否,否,否,否,否,否,否,否,否,否,否,否,36,34,36,0.250,1.450,0.145,0.005,2.639,0.635,0.210,0.408,35.0,30.0,64.0,64.0,0,18.0,5.6,1.4,2.4,52.6,2.8,12.0,7.1,2.7,0.2,0.0,0.0,0.0,0.0,95.2,83.7,97.0,99.9,99.9,1066.7,10.67,15,15,15,35,74,374,1,2,否,否,否,否,否,否,否,否,否,否,否,否,否,否,否,否,否,否,否,否,否,否,否,否,否,否,否,否,否,否,否,否,否,否,否,否,否,34.0,33,33,32,97.0,100.0,否,否,24293,21074,0.0,0.5,0.5,0.000,0.010,5718,2106,36,0.005,100.0,1066.0,0.0,0.0,0.0,0.0,0.0,0.0,0.0,317,否,否,否,否,否,否,7.423,21.071,51.0,-5.374,25.2,235.2,60.9,61.8,60.1,60.1,60.1,60.1,60.5,61.1,60.0,60.0,60.0,60.0,16.33,16.57,16.09,16.09,16.58,16.58,1.86,13.89,16.06,0.27,0.23,0,0,0.0,0.0,0,0.000,
17.9.2026,23:17:32.448,6034,33478,15.2,5748,10435,35.5,0.0,23329,0,0.768,0.800,0.765,0.755,0.752,0.686,0.698,1100.0,1100.0,1100.0,1100.0,1100.0,100.0,900.0,29.1,130.6,75.1,23.7,2.1,0.5,0.2,0.5,0.2,29.1,2.6,10.8,6.3,2.1,0.0,0.7,0.0,0.7,0.0,10.8,2.6,100.0,1.1,4.6,2.8,0.9,0.1,0.0,0.0,0.0,0.0,1.1,11.0,11.0,11.0,11.0,11.0,9.0,33,30,34,35,34,67,70,66,65,66,36,35,否,否,否,否,否,否,否,否,否,否,否,否,否,否,否,否,否,否,36,35,36,0.250,1.522,0.171,0.006,2.693,0.665,0.232,0.416,35.0,30.0,64.0,64.0,0,17.9,6.1,1.9,2.0,52.3,2.8,12.9,7.2,1.6,0.2,0.1,0.0,0.1,0.0,95.2,82.9,98.1,99.9,99.9,1066.7,10.67,15,15,15,35,74,374,1,2,否,否,否,否,否,否,否,否,否,否,否,否,否,否,否,否,否,否,否,否,否,否,否,否,否,否,否,否,否,否,否,否,否,否,否,否,否,32.0,33,33,32,97.0,100.0,否,否,24293,21074,0.0,0.5,0.5,0.000,0.014,5718,2106,36,0.006,100.0,1066.0,0.0,0.0,0.0,0.0,0.0,0.0,0.0,317,否,否,否,否,否,否,7.419,21.071,51.0,-5.364,25.2,235.7,60.9,61.8,60.1,60.1,60.1,60.1,60.5,61.1,60.0,60.0,60.0,60.0,16.33,16.57,16.09,16.09,16.58,16.58,1.86,13.89,16.06,0.27,0.23,0,0,0.0,0.0,0,0.000,
17.9.2026,23:17:34.461,6030,33482,15.2,5747,10435,35.5,0.0,23329,0,0.768,0.800,0.765,0.755,0.752,0.686,0.698,1100.0,1100.0,1100.0,1100.0,1100.0,100.0,900.0,30.4,124.1,88.3,27.2,2.3,0.7,0.2,0.2,0.2,30.4,2.8,10.8,8.2,2.1,0.6,0.0,0.5,0.0,0.5,10.8,2.8,100.0,1.1,4.4,3.4,1.1,0.1,0.0,0.0,0.0,0.0,1.1,11.0,11.0,11.0,11.0,11.0,9.0,33,31,34,34,34,67,69,66,66,66,37,34,否,否,否,否,否,否,否,否,否,否,否,否,否,否,否,否,否,否,36,34,36,0.250,1.702,0.189,0.005,3.246,0.681,0.219,0.563,35.0,30.0,64.0,64.0,0,17.4,11.2,1.9,1.7,47.2,2.9,12.5,8.5,1.8,0.2,0.1,0.0,0.0,0.0,95.0,82.2,97.9,99.9,99.9,1066.7,10.67,15,15,15,35,74,374,1,2,否,否,否,否,否,否,否,否,否,否,否,否,否,否,否,否,否,否,否,否,否,否,否,否,否,否,否,否,否,否,否,否,否,否,否,否,否,34.0,33,33,32,97.0,100.0,否,否,24293,21074,0.0,1.5,1.5,0.000,0.071,5718,2107,36,0.005,100.0,1066.0,0.0,0.0,0.0,0.0,0.0,0.0,0.0,317,否,否,否,否,否,否,7.438,21.063,51.0,-5.407,25.2,233.7,60.9,61.8,60.1,60.1,60.1,60.1,60.5,61.1,60.0,60.0,60.0,60.0,16.33,16.57,16.09,16.09,16.58,16.58,1.86,13.89,16.06,0.27,0.23,0,0,0.0,0.0,0,0.000,
17.9.2026,23:17:36.465,6030,33482,15.2,5750,10433,35.5,0.0,23329,0,0.766,0.800,0.762,0.750,0.752,0.686,0.698,1050.0,1100.0,1000.0,1000.0,1100.0,100.0,900.0,28.0,122.8,61.7,38.2,0.2,0.4,0.2,0.2,0.2,28.0,2.2,10.4,5.1,2.3,0.0,0.0,0.0,0.0,0.0,10.4,2.2,100.0,1.0,4.3,2.3,1.6,0.0,0.0,0.0,0.0,0.0,1.0,10.5,11.0,10.0,10.0,11.0,9.0,33,31,33,35,34,67,69,67,65,66,36,35,否,否,否,否,否,否,否,否,否,否,否,否,否,否,否,否,否,否,36,34,36,0.250,1.553,0.194,0.006,2.838,0.625,0.198,0.479,35.0,30.0,64.0,64.0,0,17.7,8.2,1.7,1.7,51.9,2.6,12.4,5.9,2.4,0.0,0.1,0.0,0.0,0.0,95.5,84.7,97.5,99.9,99.9,1066.7,10.67,15,15,15,35,74,374,1,2,否,否,否,否,否,否,否,否,否,否,否,否,否,否,否,否,否,否,否,否,否,否,否,否,否,否,否,否,否,否,否,否,否,否,否,否,否,32.0,33,33,32,97.0,100.0,否,否,24293,21074,0.0,0.5,0.5,0.000,0.030,5718,2107,36,0.006,100.0,1066.0,0.0,0.0,0.0,0.0,0.0,0.0,0.0,317,否,否,否,否,否,否,7.433,21.063,51.0,-5.419,25.2,233.2,60.9,61.8,60.1,60.1,60.1,60.1,60.5,61.1,60.0,60.0,60.0,60.0,16.33,16.57,16.09,16.09,16.58,16.58,1.86,13.89,16.06,0.27,0.23,0,0,0.0,0.0,0,0.000,
17.9.2026,23:17:38.468,6031,33481,15.2,5749,10433,35.5,0.0,23329,0,0.772,0.800,0.770,0.760,0.757,0.693,0.698,1200.0,1200.0,1200.0,1200.0,1200.0,100.0,400.0,29.3,128.2,78.0,24.5,1.4,1.5,0.2,0.3,0.2,29.3,2.6,11.0,6.8,1.5,0.1,0.9,0.0,0.0,0.0,11.0,2.6,100.0,1.1,4.6,2.9,1.0,0.0,0.1,0.0,0.0,0.0,1.1,12.0,12.0,12.0,12.0,12.0,4.0,34,32,35,35,33,66,68,65,65,67,36,35,否,否,否,否,否,否,否,否,否,否,否,否,否,否,否,否,否,否,36,34,36,0.250,1.753,0.186,0.009,3.388,0.688,0.210,0.611,35.0,30.0,64.0,64.0,0,17.4,13.2,1.5,1.6,46.3,2.8,12.9,7.5,1.7,0.1,0.2,0.0,0.0,0.0,95.1,82.7,98.1,99.8,99.9,1066.7,10.67,15,15,15,35,74,374,1,2,否,否,否,否,否,否,否,否,否,否,否,否,否,否,否,否,否,否,否,否,否,否,否,否,否,否,否,否,否,否,否,否,否,否,否,否,否,34.0,33,33,32,97.0,100.0,否,否,24293,21074,0.0,2.0,2.0,0.000,0.082,5718,2107,36,0.009,100.0,1066.0,0.0,0.0,0.0,0.0,0.0,0.0,0.0,317,否,否,否,否,否,否,7.439,21.063,51.0,-5.468,25.2,231.1,60.9,61.8,60.1,60.1,60.1,60.1,60.5,61.1,60.0,60.0,60.0,60.0,16.33,16.57,16.09,16.09,16.58,16.58,1.86,13.89,16.06,0.27,0.23,0,0,0.0,0.0,0,0.000,
17.9.2026,23:17:40.468,6031,33481,15.2,5748,10435,35.5,0.0,23329,0,0.769,0.800,0.765,0.757,0.752,0.686,0.698,1100.0,1100.0,1100.0,1100.0,1100.0,100.0,900.0,29.5,124.8,80.9,25.8,3.5,0.8,0.2,0.2,0.2,29.5,3.9,10.3,6.7,1.4,0.1,12.8,0.0,0.0,0.0,12.8,3.9,100.0,1.1,4.4,3.0,1.0,0.1,0.0,0.0,0.0,0.0,1.1,11.0,11.0,11.0,11.0,11.0,9.0,33,31,34,34,34,67,69,66,66,66,36,34,否,否,否,否,否,否,否,否,否,否,否,否,否,否,否,否,否,否,37,34,37,0.250,1.651,0.190,0.009,3.093,0.668,0.212,0.527,35.0,30.0,64.0,64.0,0,17.9,10.4,1.7,2.2,48.4,2.8,12.3,7.7,1.7,0.3,0.1,0.0,0.0,0.0,95.2,83.0,98.0,99.9,99.9,1066.7,10.67,15,15,15,35,74,374,1,2,否,否,否,否,否,否,否,否,否,否,否,否,否,否,否,否,否,否,否,否,否,否,否,否,否,否,否,否,否,否,否,否,否,否,否,否,否,34.0,33,33,32,97.0,100.0,否,否,24293,21074,0.0,1.0,1.0,0.000,0.024,5718,2107,37,0.009,100.0,1066.0,0.0,0.0,0.0,0.0,0.0,0.0,0.0,317,否,否,否,否,否,否,7.438,21.063,51.0,-5.482,25.2,230.5,60.9,61.8,60.1,60.1,60.1,60.1,60.5,61.1,60.0,60.0,60.0,60.0,16.33,16.57,16.09,16.09,16.58,16.58,1.86,13.89,16.06,0.27,0.23,0,0,0.0,0.0,0,0.000,
17.9.2026,23:17:42.482,6030,33481,15.2,5747,10436,35.5,0.0,23329,0,0.767,0.800,0.762,0.755,0.752,0.686,0.698,1100.0,1100.0,1100.0,1100.0,1100.0,100.0,900.0,27.7,122.3,67.8,28.3,2.0,0.3,0.2,0.2,0.2,27.7,2.2,9.8,5.2,1.5,0.6,0.4,0.0,0.0,0.0,9.8,2.2,100.0,1.0,4.3,2.5,1.1,0.1,0.0,0.0,0.0,0.0,1.0,11.0,11.0,11.0,11.0,11.0,9.0,34,31,35,34,34,66,69,65,66,66,36,35,否,否,否,否,否,否,否,否,否,否,否,否,否,否,否,否,否,否,35,33,36,0.250,1.548,0.177,0.005,2.681,0.677,0.237,0.424,35.0,30.0,64.0,64.0,0,18.0,6.7,1.6,2.1,53.0,2.6,12.1,6.3,1.9,0.2,0.0,0.0,0.0,0.0,95.5,84.3,97.9,99.9,99.9,1066.7,10.67,15,15,15,35,74,374,1,2,否,否,否,否,否,否,否,否,否,否,否,否,否,否,否,否,否,否,否,否,否,否,否,否,否,否,否,否,否,否,否,否,否,否,否,否,否,33.0,33,33,32,97.0,100.0,否,否,24293,21074,0.0,0.5,0.5,0.000,0.010,5718,2107,37,0.005,100.0,1066.0,0.0,0.0,0.0,0.0,0.0,0.0,0.0,317,否,否,否,否,否,否,7.442,21.063,51.0,-5.470,25.2,231.0,60.9,61.8,60.1,60.1,60.1,60.1,60.5,61.1,60.0,60.0,60.0,60.0,16.33,16.57,16.09,16.09,16.58,16.58,1.86,13.89,16.06,0.27,0.23,0,0,0.0,0.0,0,0.000,
17.9.2026,23:17:44.484,6030,33482,15.2,5746,10437,35.5,0.0,23329,0,0.767,0.800,0.762,0.755,0.752,0.686,0.698,1100.0,1100.0,1100.0,1100.0,1100.0,100.0,900.0,29.2,125.8,72.3,32.1,2.6,0.6,0.2,0.2,0.2,29.2,2.7,10.9,6.5,2.6,0.5,0.0,0.3,0.3,0.3,10.9,2.7,100.0,1.1,4.4,2.7,1.3,0.1,0.0,0.0,0.0,0.0,1.1,11.0,11.0,11.0,11.0,11.0,9.0,34,31,34,35,34,66,69,66,65,66,36,35,否,否,否,否,否,否,否,否,否,否,否,否,否,否,否,否,否,否,36,34,37,0.250,1.761,0.187,0.006,3.402,0.696,0.216,0.609,35.0,30.0,64.0,64.0,0,17.5,13.1,2.0,1.7,45.5,2.8,12.7,6.9,2.4,0.3,0.1,0.0,0.0,0.0,95.1,83.3,97.3,99.9,99.9,1066.7,10.67,15,15,15,35,74,374,1,2,否,否,否,否,否,否,否,否,否,否,否,否,否,否,否,否,否,否,否,否,否,否,否,否,否,否,否,否,否,否,否,否,否,否,否,否,否,34.0,33,33,32,97.0,100.0,否,否,24293,21074,0.0,2.9,2.9,0.000,0.144,5718,2107,36,0.006,100.0,1066.0,0.0,0.0,0.0,0.0,0.0,0.0,0.0,317,否,否,否,否,否,否,7.441,21.056,51.0,-5.514,25.2,229.1,60.9,61.8,60.1,60.1,60.1,60.1,60.5,61.1,60.0,60.0,60.0,60.0,16.33,16.57,16.09,16.09,16.58,16.58,1.86,13.89,16.06,0.27,0.23,0,0,0.0,0.0,0,0.000,
17.9.2026,23:17:46.488,6030,33482,15.2,5744,10438,35.4,0.0,23329,0,0.768,0.800,0.765,0.755,0.752,0.686,0.698,1100.0,1100.0,1100.0,1100.0,1100.0,100.0,900.0,27.9,117.0,65.4,37.7,1.3,1.1,0.2,0.2,0.2,27.9,2.2,9.3,5.1,2.0,0.0,0.0,0.4,0.4,0.4,9.3,2.2,100.0,1.0,4.1,2.4,1.5,0.0,0.0,0.0,0.0,0.0,1.0,11.0,11.0,11.0,11.0,11.0,9.0,34,31,35,35,34,66,69,65,65,66,36,35,否,否,否,否,否,否,否,否,否,否,否,否,否,否,否,否,否,否,37,35,37,0.250,1.540,0.192,0.005,2.721,0.651,0.221,0.435,35.0,30.0,64.0,64.0,0,17.9,7.1,1.5,1.9,53.0,2.6,11.6,6.3,2.5,0.1,0.1,0.0,0.0,0.0,95.5,84.8,97.4,99.8,99.9,1066.7,10.67,15,15,15,35,74,374,1,2,否,否,否,否,否,否,否,否,否,否,否,否,否,否,否,否,否,否,否,否,否,否,否,否,否,否,否,否,否,否,否,否,否,否,否,否,否,34.0,33,33,32,97.0,100.0,否,否,24293,21074,0.0,1.4,1.4,0.000,0.022,5718,2107,36,0.005,100.0,1066.0,0.0,0.0,0.0,0.0,0.0,0.0,0.0,317,否,否,否,否,否,否,7.465,21.056,51.0,-5.494,25.2,229.9,60.9,61.8,60.1,60.1,60.1,60.1,60.5,61.1,60.0,60.0,60.0,60.0,16.33,16.57,16.09,16.09,16.58,16.58,1.86,13.89,16.06,0.27,0.23,0,0,0.0,0.0,0,0.000,
17.9.2026,23:17:48.482,6029,33482,15.2,5742,10440,35.4,0.0,23329,0,0.774,0.802,0.775,0.760,0.757,0.691,0.698,1200.0,1200.0,1200.0,1200.0,1200.0,100.0,1000.0,30.4,144.1,70.9,23.5,1.7,1.3,0.5,0.8,0.2,30.4,4.1,12.3,6.3,2.4,0.7,9.1,0.6,0.6,0.5,12.3,4.1,100.0,1.1,5.2,2.6,0.9,0.1,0.0,0.0,0.0,0.0,1.1,12.0,12.0,12.0,12.0,12.0,10.0,34,31,34,35,34,66,69,66,65,66,36,35,否,否,否,否,否,否,否,否,否,否,否,否,否,否,否,否,否,否,36,34,36,0.250,1.709,0.176,0.007,3.251,0.700,0.229,0.557,35.0,30.0,64.0,64.0,0,17.7,11.4,1.6,2.2,46.7,2.9,13.9,6.6,2.0,0.2,0.1,0.1,0.1,0.0,95.0,82.7,97.8,99.8,99.9,1066.7,10.67,15,15,15,35,74,374,1,2,否,否,否,否,否,否,否,否,否,否,否,否,否,否,否,否,否,否,否,否,否,否,否,否,否,否,否,否,否,否,否,否,否,否,否,否,否,33.0,33,33,33,97.0,100.0,否,否,24293,21074,0.0,3.3,3.3,0.000,0.112,5718,2107,36,0.007,100.0,1066.0,0.0,0.0,0.0,0.0,0.0,0.0,0.0,317,否,否,否,否,否,否,7.475,21.056,51.0,-5.494,25.2,229.9,60.9,61.8,60.1,60.1,60.1,60.1,60.5,61.1,60.0,60.0,60.0,60.0,16.33,16.57,16.09,16.09,16.58,16.58,1.86,13.89,16.06,0.27,0.23,0,0,0.0,0.0,0,0.000,
17.9.2026,23:17:50.485,6030,33482,15.2,5741,10441,35.4,0.0,23329,0,0.771,0.807,0.765,0.755,0.755,0.691,0.698,1125.0,1200.0,1100.0,1100.0,1100.0,100.0,1000.0,27.3,116.6,92.5,6.3,1.3,1.0,0.2,0.2,0.2,27.3,2.2,9.5,7.4,0.5,0.0,0.0,0.0,0.0,0.0,9.5,2.2,100.0,1.0,4.1,3.6,0.2,0.0,0.0,0.0,0.0,0.0,1.0,11.2,12.0,11.0,11.0,11.0,10.0,33,30,33,35,34,67,70,67,65,66,36,35,否,否,否,否,否,否,否,否,否,否,否,否,否,否,否,否,否,否,37,36,37,0.250,1.440,0.151,0.007,2.470,0.648,0.230,0.372,35.0,30.0,64.0,64.0,0,18.1,4.5,2.1,2.1,54.4,2.6,11.4,8.2,0.7,0.1,0.1,0.0,0.0,0.0,95.5,83.1,99.1,99.9,99.9,1066.7,10.67,15,15,15,35,74,374,1,2,否,否,否,否,否,否,否,否,否,否,否,否,否,否,否,否,否,否,否,否,否,否,否,否,否,否,否,否,否,否,否,否,否,否,否,否,否,33.0,33,33,32,97.0,100.0,否,否,24293,21074,0.0,0.5,0.5,0.000,0.008,5718,2107,36,0.007,100.0,1066.0,0.0,0.0,0.0,0.0,0.0,0.0,0.0,317,否,否,否,否,否,否,7.477,21.048,51.0,-5.503,25.2,229.5,60.9,61.8,60.1,60.1,60.1,60.1,60.5,61.1,60.0,60.0,60.0,60.0,16.33,16.57,16.09,16.09,16.58,16.58,1.86,13.89,16.06,0.27,0.23,0,0,0.0,0.0,0,0.000,
17.9.2026,23:17:52.484,6030,33482,15.2,5741,10441,35.4,0.0,23329,0,0.773,0.802,0.772,0.760,0.757,0.693,0.698,1200.0,1200.0,1200.0,1200.0,1200.0,100.0,1000.0,46.3,175.1,162.6,17.6,1.2,13.5,0.2,0.2,0.2,46.3,3.5,13.4,12.2,1.2,0.0,1.6,0.0,0.0,0.0,13.4,3.5,100.0,1.8,6.4,6.4,0.7,0.0,0.6,0.0,0.0,0.0,1.8,12.0,12.0,12.0,12.0,12.0,10.0,32,30,33,34,32,68,70,67,66,68,36,34,否,否,否,否,否,否,否,否,否,否,否,否,否,否,否,否,否,否,37,34,37,0.250,1.713,0.254,0.005,3.400,0.726,0.235,0.440,35.0,30.0,64.0,64.0,0,15.9,6.9,1.6,3.2,42.9,3.9,15.5,13.1,1.5,0.1,1.0,0.0,0.0,0.0,92.6,73.4,98.1,98.9,99.9,1066.7,10.67,15,15,15,35,74,374,1,2,否,否,否,否,否,否,否,否,否,否,否,否,否,否,否,否,否,否,否,否,否,否,否,否,否,否,否,否,否,否,否,否,否,否,否,否,否,34.0,33,33,32,97.0,100.0,否,否,24293,21074,0.0,1.0,1.0,0.000,0.010,5718,2107,36,0.005,100.0,1066.0,0.0,0.0,0.0,0.0,0.0,0.0,0.0,317,否,否,否,否,否,否,7.469,21.048,51.0,-5.527,25.2,228.5,60.9,61.8,60.1,60.1,60.1,60.1,60.5,61.1,60.0,60.0,60.0,60.0,16.33,16.57,16.09,16.09,16.58,16.58,1.86,13.89,16.06,0.27,0.23,0,0,0.0,0.0,0,0.000,
17.9.2026,23:17:54.493,6031,33481,15.2,5745,10437,35.5,0.0,23329,0,0.767,0.800,0.762,0.755,0.752,0.686,0.698,1100.0,1100.0,1100.0,1100.0,1100.0,100.0,900.0,35.0,149.4,93.5,29.5,6.5,0.6,0.2,0.2,0.2,35.0,3.7,12.4,7.7,1.9,0.8,6.2,0.3,0.3,0.3,12.4,3.7,100.0,1.3,5.4,3.6,1.2,0.2,0.0,0.0,0.0,0.0,1.3,11.0,11.0,11.0,11.0,11.0,9.0,33,30,34,35,32,67,70,66,65,68,36,35,否,否,否,否,否,否,否,否,否,否,否,否,否,否,否,否,否,否,36,35,37,0.250,1.637,0.209,0.010,3.054,0.667,0.225,0.488,35.0,30.0,64.0,64.0,0,17.5,8.4,1.9,2.5,48.6,3.1,14.1,8.2,1.8,0.6,0.1,0.0,0.0,0.0,94.8,81.5,97.7,99.9,99.9,1066.7,10.67,15,15,15,35,74,374,1,2,否,否,否,否,否,否,否,否,否,否,否,否,否,否,否,否,否,否,否,否,否,否,否,否,否,否,否,否,否,否,否,否,否,否,否,否,否,34.0,33,33,32,97.0,100.0,否,否,24293,21074,0.0,1.1,1.1,0.000,0.052,5718,2108,36,0.010,100.0,1066.0,0.0,0.0,0.0,0.0,0.0,0.0,0.0,317,否,否,否,否,否,否,7.475,21.041,50.9,-5.524,25.2,228.5,60.9,61.8,60.1,60.1,60.1,60.1,60.5,61.1,60.0,60.0,60.0,60.0,16.33,16.57,16.09,16.09,16.58,16.58,1.86,13.89,16.06,0.27,0.23,0,0,0.0,0.0,0,0.000,
17.9.2026,23:17:56.487,6030,33482,15.2,5745,10437,35.5,0.0,23329,0,0.769,0.802,0.765,0.755,0.752,0.693,0.698,1125.0,1200.0,1100.0,1100.0,1100.0,100.0,1000.0,28.0,137.7,63.2,20.2,1.6,0.8,0.2,0.2,0.2,28.0,2.9,11.2,5.4,1.8,1.6,0.8,0.7,0.7,0.7,11.2,2.9,100.0,1.0,5.0,2.3,0.8,0.1,0.0,0.0,0.0,0.0,1.0,11.2,12.0,11.0,11.0,11.0,10.0,33,32,32,35,34,67,68,68,65,66,36,35,否,否,否,否,否,否,否,否,否,否,否,否,否,否,否,否,否,否,36,34,36,0.250,1.489,0.159,0.004,2.679,0.640,0.216,0.433,35.0,30.0,64.0,64.0,0,17.8,6.1,1.8,1.9,53.1,2.7,13.1,6.1,1.9,0.2,0.1,0.0,0.0,0.0,95.3,83.6,97.9,99.9,99.9,1066.7,10.67,15,15,15,35,74,374,1,2,否,否,否,否,否,否,否,否,否,否,否,否,否,否,否,否,否,否,否,否,否,否,否,否,否,否,否,否,否,否,否,否,否,否,否,否,否,34.0,33,33,32,97.0,100.0,否,否,24293,21074,0.0,1.0,1.0,0.000,0.014,5718,2108,36,0.004,100.0,1066.0,0.0,0.0,0.0,0.0,0.0,0.0,0.0,317,否,否,否,否,否,否,7.473,21.041,50.9,-5.515,25.2,228.9,60.9,61.8,60.1,60.1,60.1,60.1,60.5,61.1,60.0,60.0,60.0,60.0,16.33,16.57,16.09,16.09,16.58,16.58,1.86,13.89,16.06,0.27,0.23,0,0,0.0,0.0,0,0.000,
17.9.2026,23:17:58.488,6030,33482,15.2,5746,10436,35.5,0.0,23329,0,0.768,0.800,0.767,0.755,0.750,0.688,0.698,1075.0,1100.0,1100.0,1100.0,1000.0,100.0,900.0,28.6,136.5,70.4,19.0,0.2,1.9,0.2,0.2,0.2,28.6,2.4,11.2,5.9,1.0,0.0,0.8,0.0,0.0,0.0,11.2,2.4,100.0,1.0,4.9,2.6,0.8,0.0,0.1,0.0,0.0,0.0,1.0,10.8,11.0,11.0,11.0,10.0,9.0,33,31,33,34,34,67,69,67,66,66,36,34,否,否,否,否,否,否,否,否,否,否,否,否,否,否,否,否,否,否,36,34,36,0.250,1.595,0.181,0.007,2.944,0.652,0.211,0.496,35.0,30.0,64.0,64.0,0,18.0,8.6,1.7,2.2,50.0,2.7,13.4,6.8,1.2,0.0,0.2,0.0,0.0,0.0,95.4,83.0,98.7,99.7,99.9,1066.7,10.67,15,15,15,35,74,374,1,2,是,否,否,否,否,否,否,否,否,否,是,否,否,否,否,否,否,否,否,否,否,否,否,否,否,否,否,否,否,否,否,否,否,否,否,否,否,33.0,33,33,32,97.0,100.0,否,否,24293,21074,0.0,1.9,1.9,0.000,0.075,5718,2108,36,0.007,100.0,1066.0,0.0,0.0,0.0,0.0,0.0,0.0,0.0,317,否,否,否,否,否,否,7.436,21.041,50.9,-5.458,25.2,231.3,60.9,61.8,60.1,60.1,60.1,60.1,60.5,61.1,60.0,60.0,60.0,60.0,16.33,16.57,16.09,16.09,16.58,16.58,1.86,13.89,16.06,0.27,0.23,0,0,0.0,0.0,0,0.000,
17.9.2026,23:18:0.490,6029,33482,15.2,5747,10435,35.5,0.0,23329,0,0.768,0.800,0.762,0.755,0.755,0.686,0.698,1100.0,1100.0,1100.0,1100.0,1100.0,100.0,900.0,29.5,136.7,74.5,20.1,3.5,0.8,0.2,0.2,0.2,29.5,2.4,11.2,6.1,1.3,1.0,0.0,0.0,0.0,0.0,11.2,2.4,100.0,1.1,4.9,2.8,0.8,0.1,0.0,0.0,0.0,0.0,1.1,11.0,11.0,11.0,11.0,11.0,9.0,32,29,33,34,33,68,71,67,66,67,36,34,否,否,否,否,否,否,否,否,否,否,否,否,否,否,否,否,否,否,36,34,36,0.250,1.412,0.159,0.006,2.470,0.631,0.219,0.361,35.0,30.0,64.0,64.0,0,18.1,4.3,1.7,2.2,54.6,2.8,13.2,6.9,1.6,0.4,0.1,0.0,0.0,0.0,95.3,83.3,98.0,99.9,99.9,1066.7,10.67,15,15,15,35,74,374,1,2,否,否,否,否,否,否,否,否,否,否,否,否,否,否,否,否,否,否,否,否,否,否,否,否,否,否,否,否,否,否,否,否,否,否,否,否,否,34.0,33,33,31,97.0,100.0,否,否,24293,21074,0.0,0.5,0.5,0.000,0.008,5718,2108,36,0.006,100.0,1066.0,0.0,0.0,0.0,0.0,0.0,0.0,0.0,317,否,否,否,否,否,否,7.474,21.033,50.9,-5.471,25.2,230.7,60.9,61.8,60.1,60.1,60.1,60.1,60.5,61.1,60.0,60.0,60.0,60.0,16.33,16.57,16.09,16.09,16.58,16.58,1.86,13.89,16.06,0.27,0.23,0,0,0.0,0.0,0,0.000,
17.9.2026,23:18:2.494,6031,33480,15.2,5748,10435,35.5,0.0,23329,0,0.769,0.797,0.767,0.755,0.755,0.686,0.698,1100.0,1100.0,1100.0,1100.0,1100.0,100.0,900.0,33.3,137.3,89.6,26.8,9.2,2.8,0.3,0.5,0.3,33.3,2.7,11.2,7.0,2.0,0.0,0.0,0.5,0.5,0.5,11.2,2.7,100.0,1.2,4.9,3.4,1.0,0.3,0.1,0.0,0.0,0.0,1.2,11.0,11.0,11.0,11.0,11.0,9.0,33,31,34,34,33,67,69,66,66,67,36,34,否,否,否,否,否,否,否,否,否,否,否,否,否,否,否,否,否,否,36,34,36,0.250,1.484,0.174,0.006,2.699,0.635,0.219,0.416,35.0,30.0,64.0,64.0,0,17.4,5.9,2.1,1.7,52.7,3.1,13.4,8.0,2.4,0.8,0.3,0.0,0.1,0.0,94.8,82.6,96.9,99.7,99.9,1066.7,10.67,15,15,15,35,74,374,1,2,否,否,否,否,否,否,否,否,否,否,否,否,否,否,否,否,否,否,否,否,否,否,否,否,否,否,否,否,否,否,否,否,否,否,否,否,否,34.0,33,33,32,97.0,100.0,否,否,24293,21074,0.0,1.0,1.0,0.000,0.014,5718,2108,36,0.006,100.0,1066.0,0.0,0.0,0.0,0.0,0.0,0.0,0.0,317,否,否,否,否,否,否,7.467,21.033,50.9,-5.443,25.2,231.8,60.9,61.8,60.1,60.1,60.1,60.1,60.5,61.1,60.0,60.0,60.0,60.0,16.33,16.57,16.09,16.09,16.58,16.58,1.86,13.89,16.06,0.27,0.23,0,0,0.0,0.0,0,0.000,
17.9.2026,23:18:4.494,6029,33482,15.2,5751,10431,35.5,0.0,23329,0,0.767,0.800,0.762,0.755,0.752,0.686,0.696,1100.0,1100.0,1100.0,1100.0,1100.0,100.0,900.0,30.7,137.6,72.8,32.4,1.0,1.1,0.2,0.3,0.2,30.7,3.1,11.7,6.2,2.5,1.0,1.0,0.9,0.9,0.9,11.7,3.1,100.0,1.1,4.9,2.7,1.3,0.0,0.0,0.0,0.0,0.0,1.1,11.0,11.0,11.0,11.0,11.0,9.0,33,31,34,34,33,67,69,66,66,67,37,34,否,否,否,否,否,否,否,否,否,否,否,否,否,否,否,否,否,否,36,34,36,0.250,1.542,0.173,0.007,2.854,0.649,0.218,0.454,35.0,30.0,64.0,64.0,0,17.7,6.7,1.5,2.5,51.0,2.9,13.6,6.8,2.5,0.1,0.1,0.0,0.0,0.0,94.9,82.4,97.4,99.8,99.9,1066.7,10.67,15,15,15,35,74,374,1,2,否,否,否,否,否,否,否,否,否,否,否,否,否,否,否,否,否,否,否,否,否,否,否,否,否,否,否,否,否,否,否,否,否,否,否,否,否,34.0,33,33,32,97.0,100.0,否,否,24293,21074,0.0,1.0,1.0,0.000,0.041,5718,2108,36,0.007,100.0,1066.0,0.0,0.0,0.0,0.0,0.0,0.0,0.0,317,否,否,否,否,否,否,7.472,21.025,50.9,-5.462,25.2,230.9,60.9,61.8,60.1,60.1,60.1,60.1,60.5,61.1,60.0,60.0,60.0,60.0,16.33,16.57,16.09,16.09,16.58,16.58,1.86,13.89,16.06,0.27,0.23,0,0,0.0,0.0,0,0.000,
17.9.2026,23:18:6.492,6029,33483,15.2,5750,10433,35.5,0.0,23329,0,0.768,0.797,0.765,0.757,0.752,0.686,0.738,1100.0,1100.0,1100.0,1100.0,1100.0,100.0,900.0,26.9,121.4,70.5,21.8,0.9,0.4,0.1,0.2,0.1,26.9,2.4,10.8,6.6,2.0,0.0,0.0,0.0,0.0,0.0,10.8,2.4,100.0,1.0,4.3,2.6,0.9,0.0,0.0,0.0,0.0,0.0,1.0,11.0,11.0,11.0,11.0,11.0,9.0,32,31,32,34,33,68,69,68,66,67,36,34,否,否,否,否,否,否,否,否,否,否,否,否,否,否,否,否,否,否,36,34,36,0.250,1.604,0.173,0.006,2.973,0.676,0.231,0.486,35.0,30.0,64.0,64.0,0,17.8,8.2,1.3,2.2,51.9,2.6,12.1,6.7,1.4,0.1,0.0,0.0,0.0,0.0,95.5,83.9,98.4,99.9,100.0,1066.7,10.67,15,15,15,35,74,374,1,2,否,否,否,否,否,否,否,否,否,否,否,否,否,否,否,否,否,否,否,否,否,否,否,否,否,否,否,否,否,否,否,否,否,否,否,否,否,33.0,33,33,32,97.0,100.0,否,否,24293,21074,0.0,1.4,1.4,0.000,0.030,5718,2108,36,0.006,100.0,1066.0,0.0,0.0,0.0,0.0,0.0,0.0,0.0,317,否,否,否,否,否,否,7.462,21.025,50.9,-5.477,25.2,230.3,60.9,61.8,60.1,60.1,60.1,60.1,60.5,61.1,60.0,60.0,60.0,60.0,16.33,16.57,16.09,16.09,16.58,16.58,1.86,13.89,16.06,0.27,0.23,0,0,0.0,0.0,0,0.000,
17.9.2026,23:18:8.498,6029,33483,15.2,5748,10434,35.5,0.0,23329,0,0.767,0.800,0.762,0.755,0.752,0.686,0.698,1100.0,1100.0,1100.0,1100.0,1100.0,100.0,900.0,27.9,126.2,70.8,24.1,1.2,0.6,0.2,0.2,0.2,27.9,2.2,10.0,5.6,1.5,0.0,0.4,0.0,0.0,0.0,10.0,2.2,100.0,1.0,4.5,2.7,1.0,0.0,0.0,0.0,0.0,0.0,1.0,11.0,11.0,11.0,11.0,11.0,9.0,33,30,35,35,33,67,70,65,65,67,36,35,否,否,否,否,否,否,否,否,否,否,否,否,否,否,否,否,否,否,36,33,36,0.250,1.586,0.159,0.006,2.910,0.660,0.216,0.503,35.0,30.0,64.0,64.0,0,17.8,8.8,1.5,2.0,50.9,2.7,12.3,6.7,2.0,0.1,0.1,0.0,0.0,0.0,95.4,84.0,97.8,99.9,99.9,1066.7,10.67,15,15,15,35,74,374,1,2,否,否,否,否,否,否,否,否,否,否,否,否,否,否,否,否,否,否,否,否,否,否,否,否,否,否,否,否,否,否,否,否,否,否,否,否,否,32.0,33,33,32,97.0,100.0,否,否,24293,21074,0.0,1.0,1.0,0.000,0.055,5718,2108,36,0.006,100.0,1066.0,0.0,0.0,0.0,0.0,0.0,0.0,0.0,317,否,否,否,否,否,否,7.450,21.025,50.9,-5.476,25.2,230.4,60.9,61.8,60.1,60.1,60.1,60.1,60.5,61.1,60.0,60.0,60.0,60.0,16.33,16.57,16.09,16.09,16.58,16.58,1.86,13.89,16.06,0.27,0.23,0,0,0.0,0.0,0,0.000,
17.9.2026,23:18:10.511,6030,33482,15.2,5747,10435,35.5,0.0,23329,0,0.769,0.800,0.767,0.755,0.755,0.688,0.698,1100.0,1100.0,1100.0,1100.0,1100.0,100.0,900.0,29.9,132.6,79.8,24.1,1.3,0.6,0.2,0.3,0.2,29.9,2.6,10.7,6.2,1.3,0.6,0.0,0.5,0.5,0.5,10.7,2.6,100.0,1.1,4.8,3.0,1.0,0.0,0.0,0.0,0.0,0.0,1.1,11.0,11.0,11.0,11.0,11.0,9.0,33,29,34,34,34,67,71,66,66,66,36,34,否,否,否,否,否,否,否,否,否,否,否,否,否,否,否,否,否,否,36,34,36,0.250,1.444,0.174,0.006,2.487,0.635,0.223,0.371,35.0,30.0,64.0,64.0,0,18.0,4.0,1.6,2.3,54.8,2.7,12.8,7.2,1.6,0.1,0.1,0.0,0.0,0.0,95.3,83.4,98.2,99.9,99.9,1066.7,10.67,15,15,15,35,74,374,1,2,否,否,否,否,否,否,否,否,否,否,否,否,否,否,否,否,否,否,否,否,否,否,否,否,否,否,否,否,否,否,否,否,否,否,否,否,否,32.0,33,33,32,97.0,100.0,否,否,24293,21074,0.0,0.5,0.5,0.000,0.010,5718,2108,36,0.006,100.0,1066.0,0.0,0.0,0.0,0.0,0.0,0.0,0.0,317,否,否,否,否,否,否,7.474,21.018,50.9,-5.478,25.2,230.2,60.9,61.8,60.1,60.1,60.1,60.1,60.5,61.1,60.0,60.0,60.0,60.0,16.33,16.57,16.09,16.09,16.58,16.58,1.86,13.89,16.06,0.27,0.23,0,0,0.0,0.0,0,0.000,
17.9.2026,23:18:12.503,6029,33483,15.2,5746,10436,35.5,0.0,23329,0,0.769,0.800,0.765,0.757,0.752,0.688,0.741,1100.0,1100.0,1100.0,1100.0,1100.0,100.0,900.0,27.9,124.2,69.3,29.0,0.2,0.2,0.2,0.2,0.2,27.9,2.5,10.9,6.3,2.5,0.0,0.0,0.0,0.0,0.0,10.9,2.5,100.0,1.0,4.4,2.6,1.2,0.0,0.0,0.0,0.0,0.0,1.0,11.0,11.0,11.0,11.0,11.0,9.0,33,31,34,34,34,67,69,66,66,66,36,34,否,否,否,否,否,否,否,否,否,否,否,否,否,否,否,否,否,否,35,34,36,0.250,1.580,0.172,0.007,2.937,0.652,0.210,0.492,35.0,30.0,64.0,64.0,0,17.7,9.0,1.7,2.1,50.1,2.6,12.4,6.6,2.0,0.0,0.0,0.0,0.0,0.0,95.4,83.9,97.9,99.9,99.9,1066.7,10.67,15,15,15,35,74,374,1,2,否,否,否,否,否,否,否,否,否,否,否,否,否,否,否,否,否,否,否,否,否,否,否,否,否,否,否,否,否,否,否,否,否,否,否,否,否,33.0,33,33,32,97.0,100.0,否,否,24293,21074,0.0,3.3,3.3,0.000,0.053,5718,2108,36,0.007,100.0,1066.0,0.0,0.0,0.0,0.0,0.0,0.0,0.0,317,否,否,否,否,否,否,7.473,21.018,50.9,-5.478,25.2,230.2,60.9,61.8,60.1,60.1,60.1,60.1,60.5,61.1,60.0,60.0,60.0,60.0,16.33,16.57,16.09,16.09,16.58,16.58,1.86,13.89,16.06,0.27,0.23,0,0,0.0,0.0,0,0.000,
17.9.2026,23:18:14.504,6030,33482,15.2,5745,10438,35.5,0.0,23329,0,0.768,0.800,0.765,0.755,0.752,0.686,0.698,1100.0,1100.0,1100.0,1100.0,1100.0,100.0,900.0,28.7,140.9,77.0,10.5,0.2,0.2,0.2,0.2,0.2,28.7,2.3,11.4,6.1,0.6,0.0,0.0,0.0,0.0,0.0,11.4,2.3,100.0,1.1,5.1,2.9,0.4,0.0,0.0,0.0,0.0,0.0,1.1,11.0,11.0,11.0,11.0,11.0,9.0,33,31,33,35,34,67,69,67,65,66,36,35,否,否,否,否,否,否,否,否,否,否,否,否,否,否,否,否,否,否,37,34,37,0.250,1.670,0.166,0.007,3.188,0.677,0.215,0.560,35.0,30.0,64.0,64.0,0,17.6,11.1,1.1,2.1,47.8,2.7,13.7,7.1,1.0,0.0,0.0,0.0,0.0,0.0,95.3,82.2,98.9,99.9,99.9,1066.7,10.67,15,15,15,35,74,374,1,2,否,否,否,否,否,否,否,否,否,否,否,否,否,否,否,否,否,否,否,否,否,否,否,否,否,否,否,否,否,否,否,否,否,否,否,否,否,32.0,33,33,32,97.0,100.0,否,否,24293,21074,0.0,2.0,2.0,0.000,0.114,5718,2108,37,0.007,100.0,1066.0,0.0,0.0,0.0,0.0,0.0,0.0,0.0,317,否,否,否,否,否,否,7.472,21.010,50.9,-5.492,25.2,229.5,60.9,61.8,60.1,60.1,60.1,60.1,60.5,61.1,60.0,60.0,60.0,60.0,16.33,16.57,16.09,16.09,16.58,16.58,1.86,13.89,16.06,0.27,0.23,0,0,0.0,0.0,0,0.000,
17.9.2026,23:18:16.511,6029,33482,15.2,5743,10439,35.4,0.0,23329,0,0.764,0.797,0.757,0.750,0.750,0.681,0.701,1000.0,1000.0,1000.0,1000.0,1000.0,100.0,800.0,28.1,119.3,67.9,30.5,1.6,4.0,0.7,0.5,0.2,28.1,2.2,10.0,5.7,0.0,0.9,0.3,0.1,0.0,0.8,10.0,2.2,100.0,1.0,4.2,2.5,1.2,0.0,0.2,0.0,0.0,0.0,1.0,10.0,10.0,10.0,10.0,10.0,8.0,33,30,34,35,34,67,70,66,65,66,37,35,否,否,否,否,否,否,否,否,否,否,否,否,否,否,否,否,否,否,36,34,36,0.250,1.544,0.188,0.005,2.720,0.659,0.226,0.431,35.0,30.0,64.0,64.0,0,18.1,6.7,2.0,2.5,51.9,2.6,11.9,6.4,1.8,0.2,0.4,0.1,0.1,0.0,95.5,84.4,98.0,99.6,99.9,1066.7,10.67,15,15,15,35,74,374,1,2,否,否,否,否,否,否,否,否,否,否,否,否,否,否,否,否,否,否,否,否,否,否,否,否,否,否,否,否,否,否,否,否,否,否,否,否,否,32.0,33,33,32,97.0,100.0,否,否,24293,21074,0.0,0.9,0.9,0.000,0.010,5718,2108,36,0.005,100.0,1066.0,0.0,0.0,0.0,0.0,0.0,0.0,0.0,317,否,否,否,否,否,否,7.469,21.010,50.9,-5.482,25.2,229.9,60.9,61.8,60.1,60.1,60.1,60.1,60.5,61.1,60.0,60.0,60.0,60.0,16.33,16.57,16.09,16.09,16.58,16.58,1.86,13.89,16.06,0.27,0.23,0,0,0.0,0.0,0,0.000,
17.9.2026,23:18:18.511,6029,33483,15.2,5741,10442,35.4,0.0,23329,0,0.768,0.800,0.765,0.755,0.752,0.686,0.738,1100.0,1100.0,1100.0,1100.0,1100.0,100.0,900.0,28.8,122.3,83.4,21.3,1.5,1.6,0.2,0.2,0.2,28.8,3.0,10.1,7.1,5.0,0.0,0.1,0.8,0.8,0.0,10.1,3.0,100.0,1.1,4.3,3.2,0.8,0.0,0.1,0.0,0.0,0.0,1.1,11.0,11.0,11.0,11.0,11.0,9.0,33,30,33,34,34,67,70,67,66,66,36,34,否,否,否,否,否,否,否,否,否,否,否,否,否,否,否,否,否,否,37,34,36,0.250,1.628,0.175,0.006,2.983,0.686,0.231,0.497,35.0,30.0,64.0,64.0,0,17.9,9.1,2.0,2.5,48.9,2.7,12.1,7.9,1.4,0.2,0.2,0.0,0.0,0.0,95.3,83.0,98.4,99.8,99.9,1066.7,10.67,15,15,15,35,74,374,1,2,否,否,否,否,否,否,否,否,否,否,否,否,否,否,否,否,否,否,否,否,否,否,否,否,否,否,否,否,否,否,否,否,否,否,否,否,否,33.0,33,33,32,97.0,100.0,否,否,24293,21074,0.0,1.5,1.5,0.000,0.047,5718,2108,35,0.006,100.0,1066.0,0.0,0.0,0.0,0.0,0.0,0.0,0.0,317,否,否,否,否,否,否,7.467,21.010,50.9,-5.488,25.2,229.7,60.9,61.8,60.1,60.1,60.1,60.1,60.5,61.1,60.0,60.0,60.0,60.0,16.33,16.57,16.09,16.09,16.58,16.58,1.86,13.89,16.06,0.27,0.23,0,0,0.0,0.0,0,0.000,
17.9.2026,23:18:20.512,6028,33483,15.2,5739,10443,35.4,0.0,23329,0,0.769,0.802,0.765,0.757,0.752,0.686,0.738,1100.0,1100.0,1100.0,1100.0,1100.0,100.0,900.0,29.5,130.2,69.5,32.1,1.0,1.0,0.2,1.8,0.2,29.5,2.4,10.8,5.7,1.9,0.7,0.0,0.0,0.0,0.0,10.8,2.4,100.0,1.1,4.6,2.6,1.3,0.0,0.0,0.0,0.1,0.0,1.1,11.0,11.0,11.0,11.0,11.0,9.0,33,30,34,34,33,67,70,66,66,67,36,34,否,否,否,否,否,否,否,否,否,否,否,否,否,否,否,否,否,否,36,34,36,0.250,1.528,0.179,0.006,2.761,0.652,0.221,0.432,35.0,30.0,64.0,64.0,0,18.0,6.6,1.8,2.5,51.2,2.8,12.9,6.6,2.1,0.1,0.1,0.0,0.2,0.0,95.2,83.6,97.7,99.9,99.8,1066.7,10.67,15,15,15,35,74,374,1,2,否,否,否,否,否,否,否,否,否,否,否,否,否,否,否,否,否,否,否,否,否,否,否,否,否,否,否,否,否,否,否,否,否,否,否,否,否,33.0,33,33,32,97.0,100.0,否,否,24293,21074,0.0,1.0,1.0,0.000,0.010,5718,2108,37,0.006,100.0,1066.0,0.0,0.0,0.0,0.0,0.0,0.0,0.0,317,否,否,否,否,否,否,7.452,21.002,50.8,-5.462,25.2,230.7,60.9,61.8,60.1,60.1,60.1,60.1,60.5,61.1,60.0,60.0,60.0,60.0,16.33,16.57,16.09,16.09,16.58,16.58,1.86,13.89,16.06,0.27,0.23,0,0,0.0,0.0,0,0.000,
17.9.2026,23:18:22.529,6028,33484,15.2,5738,10445,35.4,0.0,23329,0,0.769,0.800,0.765,0.755,0.755,0.686,0.701,1100.0,1100.0,1100.0,1100.0,1100.0,100.0,900.0,28.2,133.0,62.9,28.0,1.2,0.2,0.2,0.2,0.2,28.2,2.4,11.2,5.3,1.9,0.1,0.8,0.0,0.0,0.0,11.2,2.4,100.0,1.0,4.7,2.3,1.1,0.0,0.0,0.0,0.0,0.0,1.0,11.0,11.0,11.0,11.0,11.0,9.0,32,29,33,34,34,68,71,67,66,66,35,34,否,否,否,否,否,否,否,否,否,否,否,否,否,否,否,否,否,否,36,34,36,0.250,1.589,0.174,0.006,2.934,0.661,0.214,0.490,35.0,30.0,64.0,64.0,0,17.8,9.0,1.4,2.5,49.7,2.7,13.2,6.0,2.0,0.1,0.0,0.0,0.0,0.0,95.3,83.5,97.8,99.9,99.9,1066.7,10.67,15,15,15,35,74,374,1,2,否,否,否,否,否,否,否,否,否,否,否,否,否,否,否,否,否,否,否,否,否,否,否,否,否,否,否,否,否,否,否,否,否,否,否,否,否,32.0,33,33,32,97.0,100.0,否,否,24293,21074,0.0,1.0,1.0,0.000,0.036,5718,2109,36,0.006,100.0,1066.0,0.0,0.0,0.0,0.0,0.0,0.0,0.0,317,否,否,否,否,否,否,7.468,21.002,50.8,-5.474,25.2,230.2,60.9,61.8,60.1,60.1,60.1,60.1,60.5,61.1,60.0,60.0,60.0,60.0,16.33,16.57,16.09,16.09,16.58,16.58,1.86,13.89,16.06,0.27,0.23,0,0,0.0,0.0,0,0.000,
17.9.2026,23:18:24.525,6027,33484,15.2,5737,10445,35.4,0.0,23329,0,0.769,0.800,0.765,0.755,0.755,0.686,0.741,1100.0,1100.0,1100.0,1100.0,1100.0,100.0,900.0,29.8,127.5,80.6,25.6,1.9,1.2,0.2,0.8,0.2,29.8,2.3,11.2,7.5,0.0,0.0,0.0,0.0,0.0,0.0,11.2,2.3,100.0,1.1,4.5,3.0,1.0,0.1,0.0,0.0,0.0,0.0,1.1,11.0,11.0,11.0,11.0,11.0,9.0,32,30,33,33,32,68,70,67,67,68,36,33,否,否,否,否,否,否,否,否,否,否,否,否,否,否,否,否,否,否,36,35,36,0.250,1.695,0.182,0.007,3.173,0.696,0.227,0.542,35.0,30.0,64.0,64.0,0,17.8,10.5,1.9,2.0,47.4,2.8,12.7,7.8,1.8,0.2,0.1,0.0,0.1,0.0,95.1,82.6,98.0,99.8,99.9,1066.7,10.67,15,15,15,35,74,374,1,2,否,否,否,否,否,否,否,否,否,否,否,否,否,否,否,否,否,否,否,否,否,否,否,否,否,否,否,否,否,否,否,否,否,否,否,否,否,32.0,33,33,32,97.0,100.0,否,否,24293,21074,0.0,1.1,1.1,0.000,0.100,5718,2109,36,0.007,100.0,1066.0,0.0,0.0,0.0,0.0,0.0,0.0,0.0,317,否,否,否,否,否,否,7.454,20.995,50.8,-5.486,25.2,229.6,60.9,61.8,60.1,60.1,60.1,60.1,60.5,61.1,60.0,60.0,60.0,60.0,16.33,16.57,16.09,16.09,16.58,16.58,1.86,13.89,16.06,0.27,0.23,0,0,0.0,0.0,0,0.000,
17.9.2026,23:18:26.536,6027,33484,15.2,5738,10445,35.4,0.0,23329,0,0.767,0.797,0.765,0.755,0.752,0.686,0.698,1100.0,1100.0,1100.0,1100.0,1100.0,100.0,900.0,28.3,125.7,65.8,32.6,1.4,0.6,0.2,0.2,0.2,28.3,2.6,10.6,5.6,4.9,0.1,0.0,0.0,0.0,0.0,10.6,2.6,100.0,1.0,4.4,2.4,1.3,0.0,0.0,0.0,0.0,0.0,1.0,11.0,11.0,11.0,11.0,11.0,9.0,33,31,33,35,33,67,69,67,65,67,36,35,否,否,否,否,否,否,否,否,否,否,否,否,否,否,否,否,否,否,37,34,37,0.250,1.544,0.181,0.007,2.745,0.660,0.225,0.434,35.0,30.0,64.0,64.0,0,18.2,6.6,1.5,2.3,52.1,2.7,12.6,6.3,2.1,0.1,0.1,0.0,0.0,0.0,95.4,83.9,97.7,99.9,99.9,1066.7,10.67,15,15,15,35,74,374,1,2,否,否,否,否,否,否,否,否,否,否,否,否,否,否,否,否,否,否,否,否,否,否,否,否,否,否,否,否,否,否,否,否,否,否,否,否,否,34.0,33,33,32,97.0,100.0,否,否,24293,21074,0.0,0.9,0.9,0.000,0.010,5718,2109,36,0.007,100.0,1066.0,0.0,0.0,0.0,0.0,0.0,0.0,0.0,317,否,否,否,否,否,否,7.472,20.995,50.8,-5.484,25.2,229.7,60.9,61.8,60.1,60.1,60.1,60.1,60.5,61.1,60.0,60.0,60.0,60.0,16.33,16.57,16.09,16.09,16.58,16.58,1.86,13.89,16.06,0.27,0.23,0,0,0.0,0.0,0,0.000,
17.9.2026,23:18:28.545,6027,33485,15.2,5741,10441,35.4,0.0,23329,0,0.768,0.800,0.765,0.755,0.752,0.686,0.738,1100.0,1100.0,1100.0,1100.0,1100.0,100.0,900.0,29.1,137.3,60.3,33.6,0.3,0.8,0.3,0.3,0.3,29.1,3.9,11.6,5.0,1.9,0.0,12.9,0.0,0.0,0.0,12.9,3.9,100.0,1.1,4.9,2.2,1.4,0.0,0.0,0.0,0.0,0.0,1.1,11.0,11.0,11.0,11.0,11.0,9.0,33,30,34,35,33,67,70,66,65,67,36,35,否,否,否,否,否,否,否,否,否,否,否,否,否,否,否,否,否,否,36,34,36,0.250,1.702,0.197,0.008,3.351,0.698,0.228,0.531,35.0,30.0,64.0,64.0,0,18.2,10.1,2.0,3.1,46.6,2.7,13.7,5.8,2.1,0.0,0.1,0.0,0.0,0.0,95.2,83.3,97.8,99.9,99.9,1066.7,10.67,15,15,15,35,74,374,1,2,否,否,否,否,否,否,否,否,否,否,否,否,否,否,否,否,否,否,否,否,否,否,否,否,否,否,否,否,否,否,否,否,否,否,否,否,否,34.0,33,33,32,97.0,100.0,否,否,24293,21074,0.0,2.0,2.0,0.000,0.092,5718,2109,36,0.008,100.0,1066.0,0.0,0.0,0.0,0.0,0.0,0.0,0.0,317,否,否,否,否,否,否,7.464,20.995,50.8,-5.538,25.2,227.4,60.9,61.8,60.1,60.1,60.1,60.1,60.5,61.1,60.0,60.0,60.0,60.0,16.33,16.57,16.09,16.09,16.58,16.58,1.86,13.89,16.06,0.27,0.23,0,0,0.0,0.0,0,0.000,
17.9.2026,23:18:30.553,6027,33485,15.2,5744,10439,35.4,0.0,23329,0,0.769,0.800,0.765,0.757,0.752,0.686,0.698,1100.0,1100.0,1100.0,1100.0,1100.0,100.0,900.0,29.4,141.0,79.7,12.1,1.2,0.6,0.2,0.2,0.2,29.4,2.7,11.7,6.7,0.6,0.0,0.7,0.6,0.6,0.6,11.7,2.7,100.0,1.1,5.1,3.0,0.5,0.0,0.0,0.0,0.0,0.0,1.1,11.0,11.0,11.0,11.0,11.0,9.0,33,30,34,34,34,67,70,66,66,66,36,34,否,否,否,否,否,否,否,否,否,否,否,否,否,否,否,否,否,否,36,34,36,0.250,1.615,0.160,0.006,3.090,0.690,0.227,0.492,35.0,30.0,64.0,64.0,0,18.0,9.2,1.6,2.2,48.6,2.8,13.9,7.6,0.9,0.1,0.1,0.0,0.0,0.0,95.1,81.7,99.0,99.9,99.9,1066.7,10.67,15,15,15,35,74,374,1,2,否,否,否,否,否,否,否,否,否,否,否,否,否,否,否,否,否,否,否,否,否,否,否,否,否,否,否,否,否,否,否,否,否,否,否,否,否,34.0,33,33,33,97.0,100.0,否,否,24293,21074,0.0,1.9,1.9,0.000,0.018,5718,2109,36,0.006,100.0,1066.0,0.0,0.0,0.0,0.0,0.0,0.0,0.0,317,否,否,否,否,否,否,7.471,20.995,50.8,-5.566,25.2,226.3,60.9,61.8,60.1,60.1,60.1,60.1,60.5,61.1,60.0,60.0,60.0,60.0,16.33,16.57,16.09,16.09,16.58,16.58,1.86,13.89,16.06,0.27,0.23,0,0,0.0,0.0,0,0.000,
17.9.2026,23:18:32.558,6026,33485,15.2,5745,10437,35.5,0.0,23329,0,0.768,0.802,0.765,0.755,0.750,0.686,0.698,1075.0,1100.0,1100.0,1100.0,1000.0,100.0,900.0,28.7,124.3,54.7,45.5,2.6,1.1,0.2,0.7,0.2,28.7,2.3,10.3,4.4,3.1,0.9,0.0,0.0,0.0,0.0,10.3,2.3,100.0,1.0,4.4,2.0,1.8,0.1,0.0,0.0,0.0,0.0,1.0,10.8,11.0,11.0,11.0,10.0,9.0,32,30,33,34,33,68,70,67,66,67,36,34,否,否,否,否,否,否,否,否,否,否,否,否,否,否,否,否,否,否,36,34,36,0.250,1.616,0.184,0.010,2.928,0.677,0.228,0.480,35.0,30.0,64.0,64.0,0,18.5,7.8,2.2,2.6,50.0,2.7,12.4,5.2,3.3,0.3,0.1,0.0,0.1,0.0,95.2,84.8,96.4,99.8,99.9,1066.7,10.67,15,15,15,35,74,374,1,2,否,否,否,否,否,否,否,否,否,否,否,否,否,否,否,否,否,否,否,否,否,否,否,否,否,否,否,否,否,否,否,否,否,否,否,否,否,32.0,33,33,32,97.0,100.0,否,否,24293,21074,0.0,1.0,1.0,0.000,0.042,5718,2109,37,0.010,100.0,1066.0,0.0,0.0,0.0,0.0,0.0,0.0,0.0,317,否,否,否,否,否,否,7.474,20.995,50.8,-5.576,25.2,225.9,60.9,61.8,60.1,60.1,60.1,60.1,60.5,61.1,60.0,60.0,60.0,60.0,16.33,16.57,16.09,16.09,16.58,16.58,1.86,13.89,16.06,0.27,0.23,0,0,0.0,0.0,0,0.000,
17.9.2026,23:18:34.553,6026,33486,15.2,5745,10437,35.5,0.0,23329,0,0.773,0.802,0.772,0.760,0.757,0.693,0.698,1200.0,1200.0,1200.0,1200.0,1200.0,100.0,1000.0,28.7,123.2,77.9,22.0,1.5,2.2,0.2,2.3,0.2,28.7,2.3,10.2,6.6,1.2,0.0,0.1,0.0,0.1,0.0,10.2,2.3,100.0,1.0,4.3,2.9,0.9,0.0,0.1,0.0,0.1,0.0,1.0,12.0,12.0,12.0,12.0,12.0,10.0,33,31,33,34,33,67,69,67,66,67,36,34,否,否,否,否,否,否,否,否,否,否,否,否,否,否,否,否,否,否,36,34,35,0.250,1.628,0.180,0.007,2.979,0.683,0.226,0.495,35.0,30.0,64.0,64.0,0,17.9,9.2,1.9,2.1,49.5,2.7,12.3,7.4,1.4,0.2,0.2,0.0,0.2,0.0,95.3,83.2,98.5,99.7,99.7,1066.7,10.67,15,15,15,35,74,374,1,2,否,否,否,否,否,否,否,否,否,否,否,否,否,否,否,否,否,否,否,否,否,否,否,否,否,否,否,否,否,否,否,否,否,否,否,否,否,33.0,33,33,32,97.0,100.0,否,否,24293,21074,0.0,1.5,1.5,0.000,0.063,5718,2109,36,0.007,100.0,1066.0,0.0,0.0,0.0,0.0,0.0,0.0,0.0,317,否,否,否,否,否,否,7.471,20.987,50.8,-5.566,25.2,226.2,60.9,61.8,60.1,60.1,60.1,60.1,60.5,61.1,60.0,60.0,60.0,60.0,16.33,16.57,16.09,16.09,16.58,16.58,1.86,13.89,16.06,0.27,0.23,0,0,0.0,0.0,0,0.000,
17.9.2026,23:18:36.552,6027,33485,15.2,5745,10438,35.4,0.0,23329,0,0.768,0.800,0.765,0.755,0.752,0.686,0.698,1100.0,1100.0,1100.0,1100.0,1100.0,100.0,900.0,27.8,121.8,61.8,35.1,2.6,0.3,0.2,0.2,0.2,27.8,2.2,10.2,5.1,1.9,0.2,0.0,0.0,0.0,0.0,10.2,2.2,100.0,1.0,4.3,2.3,1.4,0.1,0.0,0.0,0.0,0.0,1.0,11.0,11.0,11.0,11.0,11.0,9.0,33,30,34,34,33,67,70,66,66,67,36,34,否,否,否,否,否,否,否,否,否,否,否,否,否,否,否,否,否,否,35,35,35,0.250,1.572,0.192,0.008,2.754,0.672,0.230,0.435,35.0,30.0,64.0,64.0,0,18.6,6.7,2.0,2.5,51.5,2.5,12.2,5.8,2.0,0.3,0.0,0.0,0.0,0.0,95.5,84.4,97.7,99.9,99.9,1066.7,10.67,15,15,15,35,74,374,1,2,否,否,否,否,否,否,否,否,否,否,否,否,否,否,否,否,否,否,否,否,否,否,否,否,否,否,否,否,否,否,否,否,否,否,否,否,否,33.0,33,33,32,97.0,100.0,否,否,24293,21074,0.0,1.0,1.0,0.000,0.010,5718,2109,36,0.008,100.0,1066.0,0.0,0.0,0.0,0.0,0.0,0.0,0.0,317,否,否,否,否,否,否,7.471,20.987,50.8,-5.543,25.2,227.2,60.9,61.8,60.1,60.1,60.1,60.1,60.5,61.1,60.0,60.0,60.0,60.0,16.33,16.57,16.09,16.09,16.58,16.58,1.86,13.89,16.06,0.27,0.23,0,0,0.0,0.0,0,0.000,
17.9.2026,23:18:38.558,6027,33485,15.2,5743,10439,35.4,0.0,23329,0,0.773,0.805,0.770,0.760,0.757,0.693,0.696,1200.0,1200.0,1200.0,1200.0,1200.0,100.0,1000.0,28.9,124.7,80.6,22.5,1.0,1.7,0.2,0.3,0.3,28.9,2.5,10.4,6.9,1.4,0.9,0.0,0.0,0.0,0.0,10.4,2.5,100.0,1.1,4.4,3.1,0.9,0.0,0.1,0.0,0.0,0.0,1.1,12.0,12.0,12.0,12.0,12.0,10.0,33,30,34,34,34,67,70,66,66,66,36,34,否,否,否,否,否,否,否,否,否,否,否,否,否,否,否,否,否,否,36,34,37,0.250,1.668,0.181,0.006,3.097,0.694,0.229,0.521,35.0,30.0,64.0,64.0,0,18.2,9.8,1.9,2.3,47.9,2.7,12.4,7.6,1.5,0.1,0.2,0.0,0.0,0.0,95.2,82.9,98.4,99.8,99.9,1066.7,10.67,15,15,15,35,74,374,1,2,否,否,否,否,否,否,否,否,否,否,否,否,否,否,否,否,否,否,否,否,否,否,否,否,否,否,否,否,否,否,否,否,否,否,否,否,否,32.0,33,33,32,97.0,100.0,否,否,24293,21074,0.0,1.5,1.5,0.000,0.051,5718,2109,36,0.006,100.0,1066.0,0.0,0.0,0.0,0.0,0.0,0.0,0.0,317,否,否,否,否,否,否,7.465,20.987,50.8,-5.524,25.2,227.9,60.9,61.8,60.1,60.1,60.1,60.1,60.5,61.1,60.0,60.0,60.0,60.0,16.33,16.57,16.09,16.09,16.58,16.58,1.86,13.89,16.06,0.27,0.23,0,0,0.0,0.0,0,0.000,
17.9.2026,23:18:40.548,6026,33486,15.2,5742,10441,35.4,0.0,23329,0,0.773,0.805,0.770,0.760,0.757,0.693,0.698,1200.0,1200.0,1200.0,1200.0,1200.0,100.0,1000.0,29.6,128.3,70.1,30.9,5.4,0.9,0.2,1.1,0.2,29.6,2.6,11.0,6.2,2.9,0.0,0.4,0.0,0.0,0.0,11.0,2.6,100.0,1.1,4.5,2.6,1.2,0.2,0.0,0.0,0.0,0.0,1.1,12.0,12.0,12.0,12.0,12.0,10.0,32,29,33,34,34,68,71,67,66,66,37,34,否,否,否,否,否,否,否,否,否,否,否,否,否,否,否,否,否,否,36,34,36,0.250,1.524,0.150,0.007,2.780,0.668,0.228,0.434,35.0,30.0,64.0,64.0,0,18.0,6.5,1.6,2.8,50.6,2.9,12.7,6.7,2.7,0.5,0.1,0.0,0.1,0.0,94.9,83.1,96.8,99.9,99.9,1066.7,10.67,15,15,15,35,74,374,1,2,否,否,否,否,否,否,否,否,否,否,否,否,否,否,否,否,否,否,否,否,否,否,否,否,否,否,否,否,否,否,否,否,否,否,否,否,否,33.0,33,33,32,97.0,100.0,否,否,24293,21074,0.0,0.9,0.9,0.000,0.012,5718,2109,37,0.007,100.0,1066.0,0.0,0.0,0.0,0.0,0.0,0.0,0.0,317,否,否,否,否,否,否,7.472,20.979,50.8,-5.537,25.2,227.3,60.9,61.8,60.1,60.1,60.1,60.1,60.5,61.1,60.0,60.0,60.0,60.0,16.33,16.57,16.09,16.09,16.58,16.58,1.86,13.89,16.06,0.27,0.23,0,0,0.0,0.0,0,0.000,
17.9.2026,23:18:42.557,6026,33486,15.2,5740,10442,35.4,0.0,23329,0,0.763,0.795,0.757,0.750,0.750,0.681,0.738,1000.0,1000.0,1000.0,1000.0,1000.0,100.0,800.0,27.8,127.3,67.7,26.6,0.2,0.2,0.2,0.2,0.2,27.8,3.7,10.4,5.4,1.0,0.0,11.4,0.4,0.4,0.4,11.4,3.7,100.0,1.0,4.5,2.5,1.1,0.0,0.0,0.0,0.0,0.0,1.0,10.0,10.0,10.0,10.0,10.0,8.0,33,31,34,34,34,67,69,66,66,66,35,34,否,否,否,否,否,否,否,否,否,否,否,否,否,否,否,否,否,否,36,34,35,0.250,1.534,0.183,0.007,2.722,0.653,0.220,0.433,35.0,30.0,64.0,64.0,0,18.1,6.8,2.0,2.7,51.4,2.6,12.7,6.4,1.5,0.0,0.0,0.0,0.0,0.0,95.5,83.8,98.4,99.9,99.9,1066.7,10.67,15,15,15,35,74,374,1,2,否,否,否,否,否,否,否,否,否,否,否,否,否,否,否,否,否,否,否,否,否,否,否,否,否,否,否,否,否,否,否,否,否,否,否,否,否,34.0,33,33,32,97.0,100.0,否,否,24293,21074,0.0,1.0,1.0,0.000,0.012,5718,2109,36,0.007,100.0,1066.0,0.0,0.0,0.0,0.0,0.0,0.0,0.0,317,否,否,否,否,否,否,7.471,20.979,50.8,-5.506,25.2,228.6,60.9,61.8,60.1,60.1,60.1,60.1,60.5,61.1,60.0,60.0,60.0,60.0,16.33,16.57,16.09,16.09,16.58,16.58,1.86,13.89,16.06,0.27,0.23,0,0,0.0,0.0,0,0.000,
17.9.2026,23:18:44.568,6027,33485,15.2,5739,10444,35.4,0.0,23329,0,0.774,0.805,0.772,0.760,0.757,0.693,0.741,1200.0,1200.0,1200.0,1200.0,1200.0,100.0,1000.0,47.9,197.5,141.0,31.0,4.6,8.3,0.2,0.2,0.2,47.9,3.6,16.2,11.8,0.2,0.0,0.3,0.0,0.0,0.0,16.2,3.6,100.0,1.9,7.5,5.6,1.2,0.2,0.3,0.0,0.0,0.0,1.9,12.0,12.0,12.0,12.0,12.0,10.0,32,30,33,34,33,68,70,67,66,67,36,34,否,否,否,否,否,否,否,否,否,否,否,否,否,否,否,否,否,否,36,34,36,0.250,1.918,0.249,0.006,3.952,0.770,0.239,0.598,35.0,30.0,64.0,64.0,0,15.5,10.6,1.7,3.3,38.1,4.2,17.7,12.2,2.3,0.5,0.7,0.0,0.0,0.0,92.2,72.4,97.2,99.2,99.9,1066.7,10.67,15,15,15,35,74,374,1,2,是,否,否,否,否,否,否,否,否,否,是,否,否,否,否,否,否,否,否,否,否,否,否,否,否,否,否,否,否,否,否,否,否,否,否,否,否,33.0,33,33,32,97.0,100.0,否,否,24293,21074,0.0,4.7,4.7,0.000,0.126,5718,2110,35,0.006,100.0,1066.0,0.0,0.0,0.0,0.0,0.0,0.0,0.0,317,否,否,否,否,否,否,7.450,20.972,50.8,-5.565,25.2,226.1,60.9,61.8,60.1,60.1,60.1,60.1,60.5,61.1,60.0,60.0,60.0,60.0,16.33,16.57,16.09,16.09,16.58,16.58,1.86,13.89,16.06,0.27,0.23,0,0,0.0,0.0,0,0.000,
17.9.2026,23:18:46.571,6027,33485,15.2,5738,10445,35.4,0.0,23329,0,0.769,0.802,0.767,0.755,0.752,0.686,0.698,1100.0,1100.0,1100.0,1100.0,1100.0,100.0,900.0,27.8,121.5,79.9,16.6,1.9,1.8,0.2,0.6,0.2,27.8,2.6,10.2,6.7,3.1,0.9,0.1,0.0,0.0,0.0,10.2,2.6,100.0,1.0,4.3,3.0,0.7,0.1,0.1,0.0,0.0,0.0,1.0,11.0,11.0,11.0,11.0,11.0,9.0,33,30,33,34,34,67,70,67,66,66,36,34,否,否,否,否,否,否,否,否,否,否,否,否,否,否,否,否,否,否,36,35,35,0.250,1.470,0.169,0.006,2.501,0.658,0.232,0.372,35.0,30.0,64.0,64.0,0,18.1,4.7,1.5,2.7,54.0,2.6,12.1,7.4,0.9,0.2,0.2,0.0,0.1,0.0,95.4,83.3,98.8,99.8,99.9,1066.7,10.67,15,15,15,35,74,374,1,2,否,否,否,否,否,否,否,否,否,否,否,否,否,否,否,否,否,否,否,否,否,否,否,否,否,否,否,否,否,否,否,否,否,否,否,否,否,33.0,33,33,32,97.0,100.0,否,否,24293,21074,0.0,0.5,0.5,0.000,0.010,5718,2110,36,0.006,100.0,1066.0,0.0,0.0,0.0,0.0,0.0,0.0,0.0,317,否,否,否,否,否,否,7.468,20.972,50.8,-5.541,25.2,227.1,60.9,61.8,60.1,60.1,60.1,60.1,60.5,61.1,60.0,60.0,60.0,60.0,16.33,16.57,16.09,16.09,16.58,16.58,1.86,13.89,16.06,0.27,0.23,0,0,0.0,0.0,0,0.000,
17.9.2026,23:18:48.592,6026,33485,15.2,5736,10446,35.4,0.0,23329,0,0.767,0.797,0.762,0.755,0.752,0.686,0.698,1100.0,1100.0,1100.0,1100.0,1100.0,100.0,900.0,30.2,131.4,71.2,35.2,1.5,1.7,0.2,0.3,0.2,30.2,2.6,10.8,5.8,2.0,0.0,0.0,0.6,0.6,0.6,10.8,2.6,100.0,1.1,4.6,2.6,1.4,0.0,0.1,0.0,0.0,0.0,1.1,11.0,11.0,11.0,11.0,11.0,9.0,33,30,35,34,34,67,70,65,66,66,36,35,否,否,否,否,否,否,否,否,否,否,否,否,否,否,否,否,否,否,36,34,36,0.250,1.736,0.203,0.008,3.305,0.682,0.211,0.582,35.0,30.0,64.0,64.0,0,17.9,12.2,1.6,2.6,46.0,2.8,13.0,6.8,2.3,0.2,0.2,0.0,0.0,0.0,95.1,83.3,97.5,99.8,99.9,1066.7,10.67,15,15,15,35,74,374,1,2,否,否,否,否,否,否,否,否,否,否,否,否,否,否,否,否,否,否,否,否,否,否,否,否,否,否,否,否,否,否,否,否,否,否,否,否,否,34.0,33,33,32,97.0,100.0,否,否,24293,21074,0.0,2.0,2.0,0.000,0.124,5718,2110,36,0.008,100.0,1066.0,0.0,0.0,0.0,0.0,0.0,0.0,0.0,317,否,否,否,否,否,否,7.452,20.964,50.7,-5.529,25.2,227.5,60.9,61.8,60.1,60.1,60.1,60.1,60.5,61.1,60.0,60.0,60.0,60.0,16.33,16.57,16.09,16.09,16.58,16.58,1.86,13.89,16.06,0.27,0.23,0,0,0.0,0.0,0,0.000,
17.9.2026,23:18:50.592,6026,33486,15.2,5737,10445,35.4,0.0,23329,0,0.772,0.802,0.770,0.760,0.757,0.691,0.698,1200.0,1200.0,1200.0,1200.0,1200.0,100.0,1000.0,28.7,135.1,71.4,22.1,0.2,0.3,0.2,0.2,0.2,28.7,3.0,11.4,6.0,1.6,0.0,5.1,0.0,0.0,0.0,11.4,3.0,100.0,1.1,4.8,2.7,0.9,0.0,0.0,0.0,0.0,0.0,1.1,12.0,12.0,12.0,12.0,12.0,10.0,34,31,35,34,34,66,69,65,66,66,36,35,否,否,否,否,否,否,否,否,否,否,否,否,否,否,否,否,否,否,36,33,36,0.250,1.525,0.155,0.004,2.737,0.667,0.226,0.435,35.0,30.0,64.0,64.0,0,18.0,6.6,1.9,2.3,51.4,2.8,13.4,6.8,1.7,0.0,0.0,0.0,0.0,0.0,95.2,82.9,98.2,99.9,99.9,1066.7,10.67,15,15,15,35,74,374,1,2,否,否,否,否,否,否,否,否,否,否,否,否,否,否,否,否,否,否,否,否,否,否,否,否,否,否,否,否,否,否,否,否,否,否,否,否,否,33.0,33,33,32,97.0,100.0,否,否,24293,21074,0.0,1.0,1.0,0.000,0.014,5718,2110,36,0.004,100.0,1066.0,0.0,0.0,0.0,0.0,0.0,0.0,0.0,317,否,否,否,否,否,否,7.431,20.964,50.7,-5.521,25.2,227.8,60.9,61.8,60.1,60.1,60.1,60.1,60.5,61.1,60.0,60.0,60.0,60.0,16.33,16.57,16.09,16.09,16.58,16.58,1.86,13.89,16.06,0.27,0.23,0,0,0.0,0.0,0,0.000,
17.9.2026,23:18:52.594,6026,33486,15.2,5739,10443,35.4,0.0,23329,0,0.769,0.800,0.765,0.755,0.755,0.686,0.698,1100.0,1100.0,1100.0,1100.0,1100.0,100.0,900.0,28.2,120.5,73.8,28.2,1.4,0.7,0.2,0.3,0.2,28.2,2.9,10.7,7.0,2.5,0.7,0.0,0.6,0.6,0.6,10.7,2.9,100.0,1.0,4.2,2.8,1.1,0.0,0.0,0.0,0.0,0.0,1.0,11.0,11.0,11.0,11.0,11.0,9.0,33,30,34,35,33,67,70,66,65,67,36,35,否,否,否,否,否,否,否,否,否,否,否,否,否,否,否,否,否,否,37,34,37,0.250,1.517,0.169,0.007,2.726,0.651,0.215,0.434,35.0,30.0,64.0,64.0,0,18.1,7.0,2.4,2.6,50.6,2.7,12.1,7.1,2.0,0.2,0.1,0.0,0.0,0.0,95.3,83.6,97.8,99.9,99.9,1066.7,10.67,15,15,15,35,74,374,1,2,否,否,否,否,否,否,否,否,否,否,否,否,否,否,否,否,否,否,否,否,否,否,否,否,否,否,否,否,否,否,否,否,否,否,否,否,否,34.0,33,33,32,97.0,100.0,否,否,24293,21074,0.0,1.0,1.0,0.000,0.010,5718,2110,35,0.007,100.0,1066.0,0.0,0.0,0.0,0.0,0.0,0.0,0.0,317,否,否,否,否,否,否,7.443,20.964,50.7,-5.500,25.2,228.7,60.9,61.8,60.1,60.1,60.1,60.1,60.5,61.1,60.0,60.0,60.0,60.0,16.33,16.57,16.09,16.09,16.58,16.58,1.86,13.89,16.06,0.27,0.23,0,0,0.0,0.0,0,0.000,
17.9.2026,23:18:54.598,6028,33484,15.2,5747,10435,35.5,0.0,23329,0,0.769,0.800,0.765,0.755,0.755,0.686,0.698,1100.0,1100.0,1100.0,1100.0,1100.0,100.0,900.0,34.1,141.3,95.8,29.6,3.5,2.3,0.2,0.3,0.2,34.1,3.8,11.3,7.8,1.9,0.9,6.6,0.7,0.7,0.7,11.3,3.8,100.0,1.3,5.1,3.7,1.2,0.1,0.1,0.0,0.0,0.0,1.3,11.0,11.0,11.0,11.0,11.0,9.0,32,30,34,34,32,68,70,66,66,68,36,34,否,否,否,否,否,否,否,否,否,否,否,否,否,否,否,否,否,否,37,35,37,0.250,1.675,0.192,0.007,3.111,0.710,0.242,0.489,35.0,30.0,64.0,64.0,0,17.7,9.1,1.8,2.7,47.3,3.1,13.4,8.6,2.1,0.3,0.2,0.0,0.0,0.0,94.7,81.6,97.6,99.7,99.9,1066.7,10.67,15,15,15,35,74,374,1,2,否,否,否,否,否,否,否,否,否,否,否,否,否,否,否,否,否,否,否,否,否,否,否,否,否,否,否,否,否,否,否,否,否,否,否,否,否,34.0,33,33,32,97.0,100.0,否,否,24293,21074,0.0,1.0,1.0,0.000,0.047,5718,2110,35,0.007,100.0,1066.0,0.0,0.0,0.0,0.0,0.0,0.0,0.0,317,否,否,否,否,否,否,7.443,20.957,50.7,-5.508,25.2,228.3,60.9,61.8,60.1,60.1,60.1,60.1,60.5,61.1,60.0,60.0,60.0,60.0,16.33,16.57,16.09,16.09,16.58,16.58,1.86,13.89,16.06,0.27,0.23,0,0,0.0,0.0,0,0.000,
17.9.2026,23:18:56.597,6027,33485,15.2,5746,10436,35.5,0.0,23329,0,0.769,0.802,0.765,0.755,0.752,0.691,0.701,1125.0,1200.0,1100.0,1100.0,1100.0,100.0,1000.0,28.5,116.5,86.7,21.2,1.6,1.4,0.2,0.2,0.2,28.5,2.2,9.4,6.7,1.2,0.0,0.0,0.0,0.0,0.0,9.4,2.2,100.0,1.0,4.1,3.3,0.8,0.1,0.1,0.0,0.0,0.0,1.0,11.2,12.0,11.0,11.0,11.0,10.0,33,31,34,34,33,67,69,66,66,67,36,34,否,否,否,否,否,否,否,否,否,否,否,否,否,否,否,否,否,否,36,34,36,0.250,1.591,0.174,0.007,2.844,0.681,0.229,0.464,35.0,30.0,64.0,64.0,0,18.3,7.9,2.4,2.5,49.8,2.7,11.7,7.7,1.6,0.2,0.2,0.0,0.0,0.0,95.3,83.4,98.2,99.8,99.9,1066.7,10.67,15,15,15,35,74,374,1,2,否,否,否,否,否,否,否,否,否,否,否,否,否,否,否,否,否,否,否,否,否,否,否,否,否,否,否,否,否,否,否,否,否,否,否,否,否,34.0,33,33,31,97.0,100.0,否,否,24293,21074,0.0,1.0,1.0,0.000,0.024,5718,2110,36,0.007,100.0,1066.0,0.0,0.0,0.0,0.0,0.0,0.0,0.0,317,否,否,否,否,否,否,7.444,20.957,50.7,-5.501,25.2,228.6,60.9,61.8,60.1,60.1,60.1,60.1,60.5,61.1,60.0,60.0,60.0,60.0,16.33,16.57,16.09,16.09,16.58,16.58,1.86,13.89,16.06,0.27,0.23,0,0,0.0,0.0,0,0.000,
17.9.2026,23:18:58.606,6027,33484,15.2,5745,10437,35.5,0.0,23329,0,0.768,0.797,0.767,0.755,0.752,0.686,0.738,1100.0,1100.0,1100.0,1100.0,1100.0,100.0,900.0,28.3,120.2,66.5,27.1,1.9,5.0,3.4,0.9,1.7,28.3,2.6,10.0,5.4,1.5,0.1,1.1,1.0,0.8,0.9,10.0,2.6,100.0,1.0,4.2,2.5,1.1,0.1,0.2,0.1,0.0,0.1,1.0,11.0,11.0,11.0,11.0,11.0,9.0,33,31,33,34,33,67,69,67,66,67,36,34,否,否,否,否,否,否,否,否,否,否,否,否,否,否,否,否,否,否,36,35,36,0.250,1.611,0.193,0.005,2.832,0.679,0.233,0.470,35.0,30.0,64.0,64.0,0,18.0,7.7,1.8,2.4,51.6,2.6,11.9,6.2,1.6,0.2,0.5,0.3,0.1,0.2,95.4,84.5,98.2,99.2,99.8,1066.7,10.67,15,15,15,35,74,374,1,2,否,否,否,否,否,否,否,否,否,否,否,否,否,否,否,否,否,否,否,否,否,否,否,否,否,否,否,否,否,否,否,否,否,否,否,否,否,34.0,33,33,32,97.0,100.0,否,否,24293,21074,0.0,1.0,1.0,0.000,0.085,5718,2110,35,0.005,100.0,1066.0,0.0,0.0,0.0,0.0,0.0,0.0,0.0,317,否,否,否,否,否,否,7.425,20.949,50.7,-5.457,25.2,230.3,60.9,61.8,60.1,60.1,60.1,60.1,60.5,61.1,60.0,60.0,60.0,60.0,16.33,16.57,16.09,16.09,16.58,16.58,1.86,13.89,16.06,0.27,0.23,0,0,0.0,0.0,0,0.000,
17.9.2026,23:19:0.614,6027,33485,15.2,5744,10438,35.4,0.0,23329,0,0.772,0.802,0.770,0.760,0.757,0.691,0.698,1200.0,1200.0,1200.0,1200.0,1200.0,100.0,1000.0,28.4,132.1,61.5,32.0,0.2,1.1,0.2,0.2,0.2,28.4,2.4,11.2,5.2,2.5,0.0,0.1,0.0,0.0,0.0,11.2,2.4,100.0,1.0,4.7,2.3,1.3,0.0,0.0,0.0,0.0,0.0,1.0,12.0,12.0,12.0,12.0,12.0,10.0,33,30,34,35,34,67,70,66,65,66,36,35,否,否,否,否,否,否,否,否,否,否,否,否,否,否,否,否,否,否,36,34,36,0.250,1.497,0.153,0.005,2.736,0.648,0.216,0.434,35.0,30.0,64.0,64.0,0,18.0,6.5,2.0,2.1,51.6,2.7,13.2,5.9,2.6,0.0,0.1,0.0,0.0,0.0,95.3,83.9,97.3,99.9,99.9,1066.7,10.67,15,15,15,35,74,374,1,2,否,否,否,否,否,否,否,否,否,否,否,否,否,否,否,否,否,否,否,否,否,否,否,否,否,否,否,否,否,否,否,否,否,否,否,否,否,34.0,33,33,32,97.0,100.0,否,否,24293,21074,0.0,1.0,1.0,0.000,0.010,5718,2110,36,0.005,100.0,1066.0,0.0,0.0,0.0,0.0,0.0,0.0,0.0,317,否,否,否,否,否,否,7.459,20.949,50.7,-5.497,25.2,228.7,60.9,61.8,60.1,60.1,60.1,60.1,60.5,61.1,60.0,60.0,60.0,60.0,16.33,16.57,16.09,16.09,16.58,16.58,1.86,13.89,16.06,0.27,0.23,0,0,0.0,0.0,0,0.000,
17.9.2026,23:19:2.613,6028,33483,15.2,5751,10431,35.5,0.0,23329,0,0.767,0.800,0.762,0.755,0.752,0.686,0.698,1100.0,1100.0,1100.0,1100.0,1100.0,100.0,900.0,33.3,134.2,75.6,42.1,8.5,4.7,0.3,0.4,0.3,33.3,3.0,11.8,6.8,3.1,0.4,1.6,0.0,0.0,0.0,11.8,3.0,100.0,1.2,4.8,2.8,1.7,0.3,0.2,0.0,0.0,0.0,1.2,11.0,11.0,11.0,11.0,11.0,9.0,33,29,34,34,34,67,71,66,66,66,36,34,否,否,否,否,否,否,否,否,否,否,否,否,否,否,否,否,否,否,37,34,37,0.250,1.479,0.189,0.006,2.593,0.647,0.235,0.375,35.0,30.0,64.0,64.0,0,17.7,4.2,1.8,2.2,53.9,3.1,13.3,7.1,2.8,0.8,0.4,0.0,0.0,0.0,94.8,83.2,96.6,99.5,99.9,1066.7,10.67,15,15,15,35,74,374,1,2,否,否,否,否,否,否,否,否,否,否,否,否,否,否,否,否,否,否,否,否,否,否,否,否,否,否,否,否,否,否,否,否,否,否,否,否,否,34.0,33,33,32,97.0,100.0,否,否,24293,21074,0.0,0.5,0.5,0.000,0.014,5718,2110,36,0.006,100.0,1066.0,0.0,0.0,0.0,0.0,0.0,0.0,0.0,317,否,否,否,否,否,否,7.456,20.949,50.7,-5.465,25.2,230.0,60.9,61.8,60.1,60.1,60.1,60.1,60.5,61.1,60.0,60.0,60.0,60.0,16.33,16.57,16.09,16.09,16.58,16.58,1.86,13.89,16.06,0.27,0.23,0,0,0.0,0.0,0,0.000,
17.9.2026,23:19:4.622,6027,33485,15.2,5748,10434,35.5,0.0,23329,0,0.773,0.805,0.770,0.760,0.757,0.693,0.738,1200.0,1200.0,1200.0,1200.0,1200.0,100.0,1000.0,29.9,137.6,81.8,12.5,1.8,5.2,0.2,0.2,0.2,29.9,2.4,10.8,6.0,0.6,0.5,0.0,0.3,0.3,0.3,10.8,2.4,100.0,1.1,4.9,3.1,0.5,0.1,0.2,0.0,0.0,0.0,1.1,12.0,12.0,12.0,12.0,12.0,10.0,33,29,33,35,34,67,71,67,65,66,36,35,否,否,否,否,否,否,否,否,否,否,否,否,否,否,否,否,否,否,35,34,35,0.250,1.708,0.179,0.008,3.227,0.698,0.225,0.556,35.0,30.0,64.0,64.0,0,17.7,11.2,1.8,2.0,47.4,2.8,13.1,7.1,1.2,0.2,0.5,0.0,0.0,0.0,95.2,82.7,98.6,99.5,99.9,1066.7,10.67,15,15,15,35,74,374,1,2,否,否,否,否,否,否,否,否,否,否,否,否,否,否,否,否,否,否,否,否,否,否,否,否,否,否,否,否,否,否,否,否,否,否,否,否,否,34.0,33,33,31,97.0,100.0,否,否,24293,21074,0.0,1.9,1.9,0.000,0.073,5718,2110,36,0.008,100.0,1066.0,0.0,0.0,0.0,0.0,0.0,0.0,0.0,317,否,否,否,否,否,否,7.462,20.941,50.7,-5.507,25.2,228.2,60.9,61.8,60.1,60.1,60.1,60.1,60.5,61.1,60.0,60.0,60.0,60.0,16.33,16.57,16.09,16.09,16.58,16.58,1.86,13.89,16.06,0.27,0.23,0,0,0.0,0.0,0,0.000,
17.9.2026,23:19:6.620,6027,33484,15.2,5747,10436,35.5,0.0,23329,0,0.767,0.800,0.762,0.755,0.752,0.688,0.698,1100.0,1100.0,1100.0,1100.0,1100.0,100.0,900.0,27.2,125.2,64.1,26.8,0.2,0.5,0.2,0.2,0.2,27.2,2.5,10.4,5.8,2.3,0.0,1.3,0.0,0.0,0.0,10.4,2.5,100.0,1.0,4.5,2.3,1.1,0.0,0.0,0.0,0.0,0.0,1.0,11.0,11.0,11.0,11.0,11.0,9.0,33,31,35,34,33,67,69,65,66,67,36,35,否,否,否,否,否,否,否,否,否,否,否,否,否,否,否,否,否,否,36,34,36,0.250,1.509,0.170,0.005,2.776,0.650,0.216,0.429,35.0,30.0,64.0,64.0,0,18.0,7.1,1.9,2.0,52.2,2.6,12.6,6.1,1.9,0.0,0.1,0.0,0.0,0.0,95.5,84.1,98.0,99.9,99.9,1066.7,10.67,15,15,15,35,74,374,1,2,否,否,否,否,否,否,否,否,否,否,否,否,否,否,否,否,否,否,否,否,否,否,否,否,否,否,否,否,否,否,否,否,否,否,否,否,否,34.0,33,33,31,97.0,100.0,否,否,24293,21074,0.0,1.0,1.0,0.000,0.016,5718,2110,35,0.005,100.0,1066.0,0.0,0.0,0.0,0.0,0.0,0.0,0.0,317,否,否,否,否,否,否,7.443,20.941,50.7,-5.508,25.2,228.1,60.9,61.8,60.1,60.1,60.1,60.1,60.5,61.1,60.0,60.0,60.0,60.0,16.33,16.57,16.09,16.09,16.58,16.58,1.86,13.89,16.06,0.27,0.23,0,0,0.0,0.0,0,0.000,
17.9.2026,23:19:8.623,6027,33485,15.2,5745,10437,35.5,0.0,23329,0,0.768,0.800,0.765,0.755,0.752,0.688,0.698,1100.0,1100.0,1100.0,1100.0,1100.0,100.0,900.0,29.5,125.3,62.8,27.6,14.4,2.3,1.8,1.1,0.8,29.5,2.2,10.7,4.9,1.4,0.6,0.0,0.0,0.0,0.0,10.7,2.2,100.0,1.1,4.4,2.4,1.1,0.6,0.1,0.1,0.0,0.0,1.1,11.0,11.0,11.0,11.0,11.0,9.0,33,30,35,34,34,67,70,65,66,66,36,35,否,否,否,否,否,否,否,否,否,否,否,否,否,否,否,否,否,否,36,34,36,0.250,1.603,0.190,0.010,2.894,0.664,0.227,0.477,35.0,30.0,64.0,64.0,0,18.1,7.0,2.0,2.0,52.4,2.7,12.2,5.8,1.9,1.0,0.3,0.2,0.1,0.1,95.3,84.5,97.2,99.6,99.9,1066.7,10.67,15,15,15,35,74,374,1,2,否,否,否,否,否,否,否,否,否,否,否,否,否,否,否,否,否,否,否,否,否,否,否,否,否,否,否,否,否,否,否,否,否,否,否,否,否,34.0,33,33,31,97.0,100.0,否,否,24293,21074,0.0,1.0,1.0,0.000,0.063,5718,2111,36,0.010,100.0,1066.0,0.0,0.0,0.0,0.0,0.0,0.0,0.0,317,否,否,否,否,否,否,7.452,20.934,50.7,-5.507,25.2,228.1,60.9,61.8,60.1,60.1,60.1,60.1,60.5,61.1,60.0,60.0,60.0,60.0,16.33,16.57,16.09,16.09,16.58,16.58,1.86,13.89,16.06,0.27,0.23,0,0,0.0,0.0,0,0.000,
17.9.2026,23:19:10.616,6028,33483,15.2,5744,10438,35.4,0.0,23329,0,0.769,0.800,0.767,0.755,0.752,0.686,0.741,1100.0,1100.0,1100.0,1100.0,1100.0,100.0,900.0,29.3,133.1,78.7,21.5,0.2,0.5,0.2,0.2,0.2,29.3,2.7,10.9,6.1,1.0,0.6,0.7,0.6,0.6,0.6,10.9,2.7,100.0,1.1,4.8,3.0,0.9,0.0,0.0,0.0,0.0,0.0,1.1,11.0,11.0,11.0,11.0,11.0,9.0,33,31,33,35,32,67,69,67,65,68,36,35,否,否,否,否,否,否,否,否,否,否,否,否,否,否,否,否,否,否,36,34,36,0.250,1.485,0.158,0.007,2.750,0.642,0.209,0.424,35.0,30.0,64.0,64.0,0,17.9,6.9,2.1,2.3,50.8,2.8,13.0,7.0,2.0,0.0,0.1,0.0,0.0,0.0,95.2,82.9,97.9,99.9,99.9,1066.7,10.67,15,15,15,35,74,374,1,2,否,否,否,否,否,否,否,否,否,否,否,否,否,否,否,否,否,否,否,否,否,否,否,否,否,否,否,否,否,否,否,否,否,否,否,否,否,33.0,33,33,32,97.0,100.0,否,否,24293,21074,0.0,0.5,0.5,0.000,0.010,5718,2111,37,0.007,100.0,1066.0,0.0,0.0,0.0,0.0,0.0,0.0,0.0,317,否,否,否,否,否,否,7.469,20.934,50.7,-5.535,25.2,226.9,60.9,61.8,60.1,60.1,60.1,60.1,60.5,61.1,60.0,60.0,60.0,60.0,16.33,16.57,16.09,16.09,16.58,16.58,1.86,13.89,16.06,0.27,0.23,0,0,0.0,0.0,0,0.000,
17.9.2026,23:19:12.615,6028,33484,15.2,5743,10439,35.4,0.0,23329,0,0.769,0.800,0.767,0.755,0.755,0.686,0.696,1100.0,1100.0,1100.0,1100.0,1100.0,100.0,900.0,28.5,136.4,78.5,9.4,1.4,1.8,0.2,0.2,0.2,28.5,2.3,11.0,6.1,1.4,0.0,0.0,0.0,0.0,0.0,11.0,2.3,100.0,1.0,4.9,3.0,0.4,0.0,0.1,0.0,0.0,0.0,1.0,11.0,11.0,11.0,11.0,11.0,9.0,33,31,32,35,33,67,69,68,65,67,36,35,否,否,否,否,否,否,否,否,否,否,否,否,否,否,否,否,否,否,36,34,36,0.250,1.583,0.165,0.006,2.956,0.657,0.208,0.496,35.0,30.0,64.0,64.0,0,17.9,9.3,2.3,2.0,48.9,2.7,13.1,7.0,0.9,0.1,0.2,0.0,0.0,0.0,95.3,82.6,98.9,99.8,99.9,1066.7,10.67,15,15,15,35,74,374,1,2,否,否,否,否,否,否,否,否,否,否,否,否,否,否,否,否,否,否,否,否,否,否,否,否,否,否,否,否,否,否,否,否,否,否,否,否,否,34.0,33,33,32,97.0,100.0,否,否,24293,21074,0.0,3.3,3.3,0.000,0.047,5718,2111,36,0.006,100.0,1066.0,0.0,0.0,0.0,0.0,0.0,0.0,0.0,317,否,否,否,否,否,否,7.461,20.934,50.7,-5.506,25.2,228.1,60.9,61.8,60.1,60.1,60.1,60.1,60.5,61.1,60.0,60.0,60.0,60.0,16.33,16.57,16.09,16.09,16.58,16.58,1.86,13.89,16.06,0.27,0.23,0,0,0.0,0.0,0,0.000,
17.9.2026,23:19:14.618,6028,33484,15.2,5742,10440,35.4,0.0,23329,0,0.769,0.802,0.767,0.755,0.752,0.686,0.698,1100.0,1100.0,1100.0,1100.0,1100.0,100.0,900.0,29.1,130.7,65.7,30.0,1.7,1.9,0.4,1.8,0.4,29.1,2.4,11.2,5.7,0.0,0.4,0.5,0.3,0.5,0.3,11.2,2.4,100.0,1.1,4.6,2.4,1.2,0.1,0.1,0.0,0.1,0.0,1.1,11.0,11.0,11.0,11.0,11.0,9.0,33,30,33,34,34,67,70,67,66,66,35,34,否,否,否,否,否,否,否,否,否,否,否,否,否,否,否,否,否,否,36,33,36,0.250,1.692,0.182,0.008,3.187,0.686,0.220,0.553,35.0,30.0,64.0,64.0,0,17.7,11.1,1.2,2.0,48.4,2.7,12.9,6.2,2.2,0.2,0.2,0.0,0.2,0.0,95.2,83.6,97.6,99.8,99.8,1066.7,10.67,15,15,15,35,74,374,1,2,否,否,否,否,否,否,否,否,否,否,否,否,否,否,否,否,否,否,否,否,否,否,否,否,否,否,否,否,否,否,否,否,否,否,否,否,否,33.0,33,33,31,97.0,100.0,否,否,24293,21074,0.0,1.5,1.5,0.000,0.107,5718,2111,36,0.008,100.0,1066.0,0.0,0.0,0.0,0.0,0.0,0.0,0.0,317,否,否,否,否,否,否,7.448,20.926,50.7,-5.482,25.2,229.0,60.9,61.8,60.1,60.1,60.1,60.1,60.5,61.1,60.0,60.0,60.0,60.0,16.33,16.57,16.09,16.09,16.58,16.58,1.86,13.89,16.06,0.27,0.23,0,0,0.0,0.0,0,0.000,
17.9.2026,23:19:16.621,6027,33484,15.2,5740,10442,35.4,0.0,23329,0,0.757,0.802,0.720,0.755,0.752,0.686,0.698,900.0,1100.0,400.0,1000.0,1100.0,100.0,900.0,27.9,127.6,63.3,21.5,1.3,8.9,0.2,0.2,0.2,27.9,2.5,10.8,5.3,3.4,0.0,0.4,0.0,0.0,0.0,10.8,2.5,100.0,1.0,4.5,2.3,0.9,0.0,0.4,0.0,0.0,0.0,1.0,9.0,11.0,4.0,10.0,11.0,9.0,33,30,35,34,33,67,70,65,66,67,36,35,否,否,否,否,否,否,否,否,否,否,否,否,否,否,否,否,否,否,35,34,35,0.250,1.533,0.181,0.008,2.730,0.654,0.219,0.434,35.0,30.0,64.0,64.0,0,18.0,7.1,1.6,2.1,52.1,2.6,12.9,6.1,1.3,0.1,0.5,0.0,0.0,0.0,95.4,83.8,98.5,99.5,99.9,1066.7,10.67,15,15,15,35,74,374,1,2,否,否,否,否,否,否,否,否,否,否,否,否,否,否,否,否,否,否,否,否,否,否,否,否,否,否,否,否,否,否,否,否,否,否,否,否,否,32.0,33,33,31,97.0,100.0,否,否,24293,21074,0.0,0.9,0.9,0.000,0.012,5718,2111,36,0.008,100.0,1066.0,0.0,0.0,0.0,0.0,0.0,0.0,0.0,317,否,否,否,否,否,否,7.470,20.926,50.7,-5.535,25.2,226.8,60.9,61.8,60.1,60.1,60.1,60.1,60.5,61.1,60.0,60.0,60.0,60.0,16.33,16.57,16.09,16.09,16.58,16.58,1.86,13.89,16.06,0.27,0.23,0,0,0.0,0.0,0,0.000,
17.9.2026,23:19:18.619,6027,33484,15.2,5739,10443,35.4,0.0,23329,0,0.769,0.800,0.765,0.755,0.755,0.688,0.698,1100.0,1100.0,1100.0,1100.0,1100.0,100.0,900.0,28.1,122.5,67.1,31.7,1.4,1.8,0.2,0.2,0.2,28.1,2.2,10.2,5.5,1.8,0.0,0.0,0.0,0.0,0.0,10.2,2.2,100.0,1.0,4.3,2.5,1.3,0.0,0.1,0.0,0.0,0.0,1.0,11.0,11.0,11.0,11.0,11.0,9.0,33,30,34,34,34,67,70,66,66,66,35,34,否,否,否,否,否,否,否,否,否,否,否,否,否,否,否,否,否,否,36,34,36,0.250,1.626,0.182,0.005,2.922,0.681,0.230,0.496,35.0,30.0,64.0,64.0,0,17.9,8.7,1.8,2.0,50.8,2.6,12.2,6.4,2.0,0.1,0.2,0.0,0.0,0.0,95.4,84.1,97.8,99.8,99.9,1066.7,10.67,15,15,15,35,74,374,1,2,否,否,否,否,否,否,否,否,否,否,否,否,否,否,否,否,否,否,否,否,否,否,否,否,否,否,否,否,否,否,否,否,否,否,否,否,否,34.0,33,33,32,97.0,100.0,否,否,24293,21074,0.0,1.5,1.5,0.000,0.018,5718,2111,36,0.005,100.0,1066.0,0.0,0.0,0.0,0.0,0.0,0.0,0.0,317,否,否,否,否,否,否,7.462,20.926,50.7,-5.485,25.2,228.9,60.9,61.8,60.1,60.1,60.1,60.1,60.5,61.1,60.0,60.0,60.0,60.0,16.33,16.57,16.09,16.09,16.58,16.58,1.86,13.89,16.06,0.27,0.23,0,0,0.0,0.0,0,0.000,
17.9.2026,23:19:20.645,6027,33484,15.2,5739,10444,35.4,0.0,23329,0,0.768,0.800,0.765,0.755,0.752,0.688,0.701,1100.0,1100.0,1100.0,1100.0,1100.0,100.0,900.0,29.1,116.0,95.4,19.3,1.2,0.3,0.2,0.2,0.2,29.1,2.8,10.1,8.7,1.7,0.6,0.0,0.5,0.5,0.5,10.1,2.8,100.0,1.1,4.1,3.7,0.8,0.0,0.0,0.0,0.0,0.0,1.1,11.0,11.0,11.0,11.0,11.0,9.0,33,30,34,35,33,67,70,66,65,67,36,35,否,否,否,否,否,否,否,否,否,否,否,否,否,否,否,否,否,否,35,34,36,0.250,1.513,0.164,0.006,2.734,0.653,0.219,0.433,35.0,30.0,64.0,64.0,0,17.6,7.0,1.1,1.8,52.9,2.8,11.5,9.0,1.3,0.1,0.0,0.0,0.0,0.0,95.3,82.8,98.5,99.9,99.9,1066.7,10.67,15,15,15,35,74,374,1,2,否,否,否,否,否,否,否,否,否,否,否,否,否,否,否,否,否,否,否,否,否,否,否,否,否,否,否,否,否,否,否,否,否,否,否,否,否,32.0,33,33,32,97.0,100.0,否,否,24293,21074,0.0,1.0,1.0,0.000,0.012,5718,2111,36,0.006,100.0,1066.0,0.0,0.0,0.0,0.0,0.0,0.0,0.0,317,否,否,否,否,否,否,7.470,20.926,50.7,-5.520,25.2,227.4,60.9,61.8,60.1,60.1,60.1,60.1,60.5,61.1,60.0,60.0,60.0,60.0,16.33,16.57,16.09,16.09,16.58,16.58,1.86,13.89,16.06,0.27,0.23,0,0,0.0,0.0,0,0.000,
17.9.2026,23:19:22.660,6027,33484,15.2,5740,10442,35.4,0.0,23329,0,0.769,0.802,0.765,0.755,0.752,0.686,0.696,1100.0,1100.0,1100.0,1100.0,1100.0,100.0,900.0,28.6,119.8,79.8,24.6,0.9,3.4,0.2,0.2,0.2,28.6,3.3,10.1,6.7,1.3,1.4,5.2,0.6,0.6,0.6,10.1,3.3,100.0,1.1,4.2,3.0,1.0,0.0,0.1,0.0,0.0,0.0,1.1,11.0,11.0,11.0,11.0,11.0,9.0,32,30,33,35,32,68,70,67,65,68,35,35,否,否,否,否,否,否,否,否,否,否,否,否,否,否,否,否,否,否,36,34,36,0.250,1.506,0.175,0.006,2.698,0.640,0.213,0.433,35.0,30.0,64.0,64.0,0,17.8,6.9,1.5,1.9,53.0,2.7,12.2,7.7,1.6,0.1,0.3,0.0,0.0,0.0,95.4,83.8,98.3,99.6,99.9,1066.7,10.67,15,15,15,35,74,374,1,2,否,否,否,否,否,否,否,否,否,否,否,否,否,否,否,否,否,否,否,否,否,否,否,否,否,否,否,否,否,否,否,否,否,否,否,否,否,34.0,33,33,31,97.0,100.0,否,否,24293,21074,0.0,1.4,1.4,0.000,0.016,5718,2111,35,0.006,100.0,1066.0,0.0,0.0,0.0,0.0,0.0,0.0,0.0,317,否,否,否,否,否,否,7.467,20.926,50.7,-5.473,25.2,229.4,60.9,61.8,60.1,60.1,60.1,60.1,60.5,61.1,60.0,60.0,60.0,60.0,16.33,16.57,16.09,16.09,16.58,16.58,1.86,13.89,16.06,0.27,0.23,0,0,0.0,0.0,0,0.000,
17.9.2026,23:19:24.659,6027,33485,15.2,5743,10439,35.4,0.0,23329,0,0.769,0.805,0.762,0.755,0.752,0.686,0.698,1125.0,1200.0,1100.0,1100.0,1100.0,100.0,900.0,29.9,138.4,70.4,24.5,3.8,1.1,0.2,0.8,0.2,29.9,2.3,11.4,5.6,1.0,0.0,0.0,0.0,0.0,0.0,11.4,2.3,100.0,1.1,5.0,2.6,1.0,0.2,0.0,0.0,0.0,0.0,1.1,11.2,12.0,11.0,11.0,11.0,9.0,34,31,35,35,33,66,69,65,65,67,36,35,否,否,否,否,否,否,否,否,否,否,否,否,否,否,否,否,否,否,36,34,35,0.250,1.614,0.181,0.006,2.970,0.669,0.220,0.498,35.0,30.0,64.0,64.0,0,17.4,8.7,1.6,1.5,50.7,2.8,13.7,6.8,1.6,0.3,0.1,0.0,0.1,0.0,95.1,82.6,98.1,99.9,99.9,1066.7,10.67,15,15,15,35,74,374,1,2,否,否,否,否,否,否,否,否,否,否,否,否,否,否,否,否,否,否,否,否,否,否,否,否,否,否,否,否,否,否,否,否,否,否,否,否,否,32.0,33,33,32,97.0,100.0,否,否,24293,21074,0.0,1.6,1.6,0.000,0.091,5718,2111,36,0.006,100.0,1066.0,0.0,0.0,0.0,0.0,0.0,0.0,0.0,317,否,否,否,否,否,否,7.468,20.918,50.6,-5.482,25.2,228.9,60.9,61.8,60.1,60.1,60.1,60.1,60.5,61.1,60.0,60.0,60.0,60.0,16.33,16.57,16.09,16.09,16.58,16.58,1.86,13.89,16.06,0.27,0.23,0,0,0.0,0.0,0,0.000,
17.9.2026,23:19:26.666,6027,33485,15.2,5744,10439,35.4,0.0,23329,0,0.770,0.802,0.770,0.755,0.752,0.693,0.698,1150.0,1200.0,1200.0,1100.0,1100.0,100.0,1000.0,28.4,139.1,71.7,14.6,1.3,0.2,0.2,0.2,0.2,28.4,2.4,12.0,5.9,1.6,0.0,0.0,0.0,0.0,0.0,12.0,2.4,100.0,1.0,5.0,2.7,0.6,0.0,0.0,0.0,0.0,0.0,1.0,11.5,12.0,12.0,11.0,11.0,10.0,33,30,33,35,33,67,70,67,65,67,36,35,否,否,否,否,否,否,否,否,否,否,否,否,否,否,否,否,否,否,36,34,36,0.250,1.534,0.159,0.008,2.767,0.669,0.224,0.435,35.0,30.0,64.0,64.0,0,18.2,7.2,1.6,2.5,50.7,2.7,13.7,6.3,1.4,0.1,0.0,0.0,0.0,0.0,95.3,82.8,98.4,99.9,99.9,1066.7,10.67,15,15,15,35,74,374,1,2,否,否,否,否,否,否,否,否,否,否,否,否,否,否,否,否,否,否,否,否,否,否,否,否,否,否,否,否,否,否,否,否,否,否,否,否,否,34.0,33,33,31,97.0,100.0,否,否,24293,21074,0.0,1.0,1.0,0.000,0.010,5718,2111,36,0.008,100.0,1066.0,0.0,0.0,0.0,0.0,0.0,0.0,0.0,317,否,否,否,否,否,否,7.471,20.918,50.6,-5.469,25.2,229.5,60.9,61.8,60.1,60.1,60.1,60.1,60.5,61.1,60.0,60.0,60.0,60.0,16.33,16.57,16.09,16.09,16.58,16.58,1.86,13.89,16.06,0.27,0.23,0,0,0.0,0.0,0,0.000,
17.9.2026,23:19:28.660,6026,33486,15.2,5745,10438,35.5,0.0,23329,0,0.769,0.800,0.765,0.757,0.752,0.686,0.741,1100.0,1100.0,1100.0,1100.0,1100.0,100.0,900.0,28.7,124.6,75.6,27.9,0.3,0.4,0.3,0.4,0.3,28.7,3.2,10.3,6.2,1.7,1.6,1.6,1.6,1.6,1.6,10.3,3.2,100.0,1.0,4.4,2.8,1.1,0.0,0.0,0.0,0.0,0.0,1.0,11.0,11.0,11.0,11.0,11.0,9.0,33,30,33,35,33,67,70,67,65,67,36,35,否,否,否,否,否,否,否,否,否,否,否,否,否,否,否,否,否,否,36,34,36,0.250,1.643,0.186,0.008,3.054,0.661,0.209,0.532,35.0,30.0,64.0,64.0,0,17.7,10.4,1.4,1.8,49.6,2.7,12.2,7.0,1.7,0.0,0.0,0.0,0.0,0.0,95.4,83.8,98.2,99.9,99.9,1066.7,10.67,15,15,15,35,74,374,1,2,否,否,否,否,否,否,否,否,否,否,否,否,否,否,否,否,否,否,否,否,否,否,否,否,否,否,否,否,否,否,否,否,否,否,否,否,否,34.0,33,33,32,97.0,100.0,否,否,24293,21074,0.0,2.9,2.9,0.000,0.073,5718,2111,36,0.008,100.0,1066.0,0.0,0.0,0.0,0.0,0.0,0.0,0.0,317,否,否,否,否,否,否,7.469,20.918,50.6,-5.475,25.2,229.2,60.9,61.8,60.1,60.1,60.1,60.1,60.5,61.1,60.0,60.0,60.0,60.0,16.33,16.57,16.09,16.09,16.58,16.58,1.86,13.89,16.06,0.27,0.23,0,0,0.0,0.0,0,0.000,
17.9.2026,23:19:30.661,6026,33486,15.2,5745,10438,35.5,0.0,23329,0,0.768,0.800,0.765,0.755,0.752,0.686,0.698,1100.0,1100.0,1100.0,1100.0,1100.0,100.0,900.0,30.3,124.6,103.6,11.1,1.2,1.5,0.2,0.2,0.2,30.3,2.4,10.0,8.6,0.9,0.0,0.0,0.0,0.0,0.0,10.0,2.4,100.0,1.1,4.4,4.0,0.4,0.0,0.1,0.0,0.0,0.0,1.1,11.0,11.0,11.0,11.0,11.0,9.0,33,31,34,34,34,67,69,66,66,66,36,34,否,否,否,否,否,否,否,否,否,否,否,否,否,否,否,否,否,否,36,34,36,0.250,1.591,0.167,0.006,2.990,0.661,0.215,0.501,35.0,30.0,64.0,64.0,0,17.7,9.3,1.4,2.0,49.7,2.9,12.0,9.4,1.1,0.1,0.2,0.0,0.0,0.0,95.2,82.3,98.7,99.8,99.9,1066.7,10.67,15,15,15,35,74,374,1,2,否,否,否,否,否,否,否,否,否,否,否,否,否,否,否,否,否,否,否,否,否,否,否,否,否,否,否,否,否,否,否,否,否,否,否,否,否,32.0,33,33,32,97.0,100.0,否,否,24293,21074,0.0,1.5,1.5,0.000,0.040,5718,2111,36,0.006,100.0,1066.0,0.0,0.0,0.0,0.0,0.0,0.0,0.0,317,否,否,否,否,否,否,7.466,20.911,50.6,-5.495,25.2,228.3,60.9,61.8,60.1,60.1,60.1,60.1,60.5,61.1,60.0,60.0,60.0,60.0,16.33,16.57,16.09,16.09,16.58,16.58,1.86,13.89,16.06,0.27,0.23,0,0,0.0,0.0,0,0.000,
17.9.2026,23:19:32.656,6025,33486,15.2,5746,10437,35.5,0.0,23329,0,0.763,0.795,0.757,0.750,0.750,0.686,0.698,1000.0,1000.0,1000.0,1000.0,1000.0,100.0,900.0,28.5,137.6,62.5,26.7,0.2,0.8,0.2,0.2,0.2,28.5,2.6,11.4,5.0,1.3,0.7,2.2,0.0,0.0,0.0,11.4,2.6,100.0,1.0,4.9,2.3,1.1,0.0,0.0,0.0,0.0,0.0,1.0,10.0,10.0,10.0,10.0,10.0,9.0,33,30,35,35,33,67,70,65,65,67,36,35,否,否,否,否,否,否,否,否,否,否,否,否,否,否,否,否,否,否,36,34,36,0.250,1.586,0.183,0.007,2.909,0.654,0.211,0.485,35.0,30.0,64.0,64.0,0,17.8,8.9,1.5,1.9,50.7,2.6,13.4,5.8,1.5,0.0,0.1,0.0,0.0,0.0,95.5,83.6,98.4,99.9,99.9,1066.7,10.67,15,15,15,35,74,374,1,2,否,否,否,否,否,否,否,否,否,否,否,否,否,否,否,否,否,否,否,否,否,否,否,否,否,否,否,否,否,否,否,否,否,否,否,否,否,34.0,33,33,32,97.0,100.0,否,否,24293,21074,0.0,1.5,1.5,0.000,0.012,5718,2111,36,0.007,100.0,1066.0,0.0,0.0,0.0,0.0,0.0,0.0,0.0,317,否,否,否,否,否,否,7.469,20.911,50.6,-5.497,25.2,228.2,60.9,61.8,60.1,60.1,60.1,60.1,60.5,61.1,60.0,60.0,60.0,60.0,16.33,16.57,16.09,16.09,16.58,16.58,1.86,13.89,16.06,0.27,0.23,0,0,0.0,0.0,0,0.000,
17.9.2026,23:19:34.674,6026,33486,15.2,5744,10438,35.4,0.0,23329,0,0.763,0.797,0.757,0.750,0.747,0.681,0.698,1000.0,1000.0,1000.0,1000.0,1000.0,100.0,800.0,28.7,132.3,72.8,22.5,0.9,0.5,0.2,0.2,0.2,28.7,2.3,11.2,6.0,1.1,0.0,0.0,0.0,0.0,0.0,11.2,2.3,100.0,1.0,4.7,2.7,0.9,0.0,0.0,0.0,0.0,0.0,1.0,10.0,10.0,10.0,10.0,10.0,8.0,33,30,34,34,34,67,70,66,66,66,36,34,否,否,否,否,否,否,否,否,否,否,否,否,否,否,否,否,否,否,36,34,35,0.250,1.608,0.190,0.007,2.981,0.655,0.212,0.499,35.0,30.0,64.0,64.0,0,17.9,9.1,1.9,1.8,49.8,2.7,13.2,6.8,1.2,0.1,0.1,0.0,0.0,0.0,95.3,82.7,98.6,99.9,99.9,1066.7,10.67,15,15,15,35,74,374,1,2,否,否,否,否,否,否,否,否,否,否,否,否,否,否,否,否,否,否,否,否,否,否,否,否,否,否,否,否,否,否,否,否,否,否,否,否,否,33.0,33,33,32,97.0,100.0,否,否,24293,21074,0.0,1.0,1.0,0.000,0.090,5718,2112,36,0.007,100.0,1066.0,0.0,0.0,0.0,0.0,0.0,0.0,0.0,317,否,否,否,否,否,否,7.454,20.903,50.6,-5.479,25.2,228.9,60.9,61.8,60.1,60.1,60.1,60.1,60.5,61.1,60.0,60.0,60.0,60.0,16.33,16.57,16.09,16.09,16.58,16.58,1.86,13.89,16.06,0.27,0.23,0,0,0.0,0.0,0,0.000,
17.9.2026,23:19:36.676,6026,33486,15.2,5742,10440,35.4,0.0,23329,0,0.769,0.802,0.765,0.755,0.755,0.693,0.701,1125.0,1200.0,1100.0,1100.0,1100.0,100.0,1000.0,27.9,134.1,70.3,17.5,0.2,0.3,0.2,0.2,0.2,27.9,2.7,11.4,5.8,1.3,0.7,0.0,0.7,0.7,0.7,11.4,2.7,100.0,1.0,4.8,2.6,0.7,0.0,0.0,0.0,0.0,0.0,1.0,11.2,12.0,11.0,11.0,11.0,10.0,32,30,33,34,33,68,70,67,66,67,36,34,否,否,否,否,否,否,否,否,否,否,否,否,否,否,否,否,否,否,36,33,36,0.250,1.465,0.150,0.006,2.705,0.627,0.204,0.434,35.0,30.0,64.0,64.0,0,17.9,6.7,1.8,2.2,51.7,2.7,13.4,6.6,1.5,0.0,0.0,0.0,0.0,0.0,95.3,83.0,98.4,99.9,99.9,1066.7,10.67,15,15,15,35,74,374,1,2,否,否,否,否,否,否,否,否,否,否,否,否,否,否,否,否,否,否,否,否,否,否,否,否,否,否,否,否,否,否,否,否,否,否,否,否,否,33.0,33,33,32,97.0,100.0,否,否,24293,21074,0.0,0.9,0.9,0.000,0.012,5718,2112,36,0.006,100.0,1066.0,0.0,0.0,0.0,0.0,0.0,0.0,0.0,317,否,否,否,否,否,否,7.474,20.903,50.6,-5.501,25.2,228.0,60.9,61.8,60.1,60.1,60.1,60.1,60.5,61.1,60.0,60.0,60.0,60.0,16.33,16.57,16.09,16.09,16.58,16.58,1.86,13.89,16.06,0.27,0.23,0,0,0.0,0.0,0,0.000,
17.9.2026,23:19:38.683,6035,33476,15.2,5744,10438,35.4,0.0,23329,0,0.943,0.917,1.055,0.892,0.907,0.828,0.738,3125.0,2900.0,3799.9,2900.0,2900.0,100.0,2700.0,60.5,186.4,146.2,68.7,54.2,16.6,6.5,2.4,2.5,60.5,8.8,14.0,10.6,4.9,5.1,31.1,1.8,1.5,1.5,31.1,8.8,100.0,2.3,6.9,5.7,2.6,2.1,0.6,0.2,0.1,0.1,2.3,31.2,29.0,38.0,29.0,29.0,27.0,38,35,43,37,35,62,65,57,63,65,40,43,否,否,否,否,否,否,否,否,否,否,否,否,否,否,否,否,否,否,36,34,37,0.250,2.023,0.370,0.005,3.978,0.731,0.256,0.625,35.0,30.0,64.0,64.0,0,16.0,9.5,1.5,1.6,43.7,4.7,15.5,11.0,4.7,4.0,1.4,0.6,0.2,0.2,92.1,78.2,92.5,98.2,99.6,1600.0,16.00,22,22,22,52,74,560,1,2,是,否,否,否,否,否,否,否,否,否,是,否,否,否,否,否,否,否,否,否,否,否,否,否,否,否,否,否,否,否,否,否,否,否,否,否,否,34.0,33,33,33,97.0,100.0,否,否,24293,21074,1.4,2.0,3.5,2.758,0.028,5723,2112,36,0.005,100.0,1599.0,0.0,0.0,0.0,0.0,0.0,0.0,0.0,317,否,否,否,否,否,否,7.461,20.903,50.6,-5.469,25.2,229.3,60.9,61.8,60.1,60.1,60.1,60.1,60.5,61.1,60.0,60.0,60.0,60.0,16.33,16.57,16.09,16.09,16.58,16.58,1.86,13.89,16.06,0.27,0.23,0,0,0.0,0.0,0,0.000,
17.9.2026,23:19:40.680,6044,33467,15.2,5762,10421,35.6,0.0,23329,0,0.764,0.797,0.757,0.750,0.750,0.686,0.698,1025.0,1100.0,1000.0,1000.0,1000.0,100.0,900.0,68.6,184.7,162.4,109.1,65.0,17.3,9.7,0.5,0.2,68.6,4.4,13.5,12.3,6.4,2.2,1.0,0.0,0.0,0.0,13.5,4.4,100.0,2.7,6.8,6.5,4.5,2.7,0.7,0.4,0.0,0.0,2.7,10.2,11.0,10.0,10.0,10.0,9.0,33,31,35,34,33,67,69,65,66,67,36,35,否,否,否,否,否,否,否,否,否,否,否,否,否,否,否,否,否,否,36,34,36,0.250,2.306,0.431,0.006,4.664,0.806,0.288,0.757,35.0,30.0,64.0,64.0,0,15.5,13.3,1.6,1.8,37.9,5.3,15.7,13.3,6.9,4.0,1.3,0.7,0.1,0.0,90.9,74.7,91.0,98.0,99.9,1066.7,10.67,15,15,15,35,74,374,1,2,是,否,否,否,否,否,否,否,否,否,是,否,否,否,否,否,否,否,否,否,否,否,否,否,否,否,否,否,否,否,否,否,否,否,否,否,否,34.0,33,33,32,97.0,100.0,否,否,24293,21074,0.7,2.0,2.7,0.314,0.059,5724,2112,35,0.006,100.0,1066.0,0.0,0.0,0.0,0.0,0.0,0.0,0.0,317,否,否,否,否,否,否,7.449,20.895,50.6,-5.706,25.2,219.7,60.9,61.8,60.1,60.1,60.1,60.1,60.5,61.1,60.0,60.0,60.0,60.0,16.33,16.57,16.09,16.09,16.58,16.58,1.86,13.89,16.06,0.27,0.23,0,0,0.0,0.0,0,0.000,
17.9.2026,23:19:42.701,6044,33468,15.2,5761,10421,35.6,0.0,23329,0,0.768,0.800,0.765,0.755,0.752,0.686,0.698,1100.0,1100.0,1100.0,1100.0,1100.0,100.0,900.0,28.2,119.0,84.1,19.3,0.9,1.7,0.2,0.4,0.2,28.2,2.4,9.9,7.1,1.5,0.0,0.0,0.0,0.7,0.0,9.9,2.4,100.0,1.0,4.2,3.2,0.8,0.0,0.1,0.0,0.0,0.0,1.0,11.0,11.0,11.0,11.0,11.0,9.0,32,30,33,34,33,68,70,67,66,67,36,34,否,否,否,否,否,否,否,否,否,否,否,否,否,否,否,否,否,否,37,34,36,0.250,1.575,0.156,0.005,2.881,0.670,0.223,0.481,35.0,30.0,64.0,64.0,0,17.8,7.8,1.7,2.1,51.1,2.7,11.9,7.8,1.7,0.1,0.2,0.0,0.1,0.0,95.2,83.1,98.2,99.8,99.9,1066.7,10.67,15,15,15,35,74,374,1,2,否,否,否,否,否,否,否,否,否,否,否,否,否,否,否,否,否,否,否,否,否,否,否,否,否,否,否,否,否,否,否,否,否,否,否,否,否,34.0,33,33,33,97.0,100.0,否,否,24293,21074,0.0,1.0,1.0,0.000,0.014,5724,2112,36,0.005,100.0,1066.0,0.0,0.0,0.0,0.0,0.0,0.0,0.0,317,否,否,否,否,否,否,7.469,20.895,50.6,-5.744,25.2,218.2,60.9,61.8,60.1,60.1,60.1,60.1,60.5,61.1,60.0,60.0,60.0,60.0,16.33,16.57,16.09,16.09,16.58,16.58,1.86,13.89,16.06,0.27,0.23,0,0,0.0,0.0,0,0.000,
17.9.2026,23:19:44.717,6046,33466,15.3,5760,10422,35.5,0.0,23329,0,0.768,0.800,0.765,0.755,0.752,0.686,0.698,1100.0,1100.0,1100.0,1100.0,1100.0,100.0,900.0,44.7,187.7,138.8,29.0,0.8,0.3,0.2,0.2,0.2,44.7,3.7,14.2,10.5,2.4,0.5,1.2,0.4,0.0,0.4,14.2,3.7,100.0,1.7,6.9,5.4,1.2,0.0,0.0,0.0,0.0,0.0,1.7,11.0,11.0,11.0,11.0,11.0,9.0,33,31,34,35,33,67,69,66,65,67,36,35,否,否,否,否,否,否,否,否,否,否,否,否,否,否,否,否,否,否,35,33,35,0.250,2.144,0.279,0.006,4.719,0.792,0.255,0.771,35.0,30.0,64.0,64.0,0,15.6,13.6,1.9,3.1,36.8,3.6,15.8,11.0,2.1,0.1,0.0,0.0,0.0,0.0,92.9,73.9,97.7,99.9,99.9,1066.7,10.67,15,15,15,35,74,374,1,2,否,否,否,否,否,否,否,否,否,否,否,否,否,否,否,否,否,否,否,否,否,否,否,否,否,否,否,否,否,否,否,否,否,否,否,否,否,34.0,33,33,34,97.0,100.0,否,否,24293,21074,1.1,1.6,2.7,0.698,0.208,5725,2112,36,0.006,100.0,1066.0,0.0,0.0,0.0,0.0,0.0,0.0,0.0,317,否,否,否,否,否,否,7.422,20.888,50.6,-5.789,25.2,216.5,60.9,61.8,60.1,60.1,60.1,60.1,60.5,61.1,60.0,60.0,60.0,60.0,16.33,16.57,16.09,16.09,16.58,16.58,1.86,13.89,16.06,0.27,0.23,0,0,0.0,0.0,0,0.000,
17.9.2026,23:19:46.719,6046,33466,15.3,5760,10423,35.5,0.0,23329,0,0.772,0.800,0.772,0.760,0.757,0.693,0.698,1200.0,1200.0,1200.0,1200.0,1200.0,100.0,1000.0,28.9,127.6,87.0,13.0,0.9,2.1,0.2,0.3,0.2,28.9,2.4,10.2,7.0,0.7,0.0,0.0,0.4,0.4,0.4,10.2,2.4,100.0,1.1,4.5,3.3,0.5,0.0,0.1,0.0,0.0,0.0,1.1,12.0,12.0,12.0,12.0,12.0,10.0,33,31,32,35,33,67,69,68,65,67,36,35,否,否,否,否,否,否,否,否,否,否,否,否,否,否,否,否,否,否,36,35,36,0.250,1.656,0.163,0.007,3.298,0.682,0.222,0.541,35.0,30.0,64.0,64.0,0,17.7,10.0,2.2,2.1,48.1,2.8,12.6,8.0,1.2,0.1,0.2,0.0,0.0,0.0,95.2,82.4,98.6,99.7,99.9,1066.7,10.67,15,15,15,35,74,374,1,2,否,否,否,否,否,否,否,否,否,否,否,否,否,否,否,否,否,否,否,否,否,否,否,否,否,否,否,否,否,否,否,否,否,否,否,否,否,34.0,33,33,34,97.0,100.0,否,否,24293,21074,0.0,2.0,2.0,0.000,0.202,5725,2113,36,0.007,100.0,1066.0,0.0,0.0,0.0,0.0,0.0,0.0,0.0,317,否,否,否,否,否,否,7.449,20.888,50.6,-5.959,25.2,210.3,60.9,61.8,60.1,60.1,60.1,60.1,60.5,61.1,60.0,60.0,60.0,60.0,16.33,16.57,16.09,16.09,16.58,16.58,1.86,13.89,16.06,0.27,0.23,0,0,0.0,0.0,0,0.000,
17.9.2026,23:19:48.736,6045,33466,15.3,5759,10424,35.5,0.0,23329,0,0.772,0.802,0.770,0.760,0.757,0.691,0.698,1200.0,1200.0,1200.0,1200.0,1200.0,100.0,1000.0,29.7,128.8,71.3,35.5,0.2,1.1,0.2,0.2,0.2,29.7,2.4,10.5,5.8,2.3,0.5,0.0,0.0,0.0,0.0,10.5,2.4,100.0,1.1,4.5,2.6,1.4,0.0,0.0,0.0,0.0,0.0,1.1,12.0,12.0,12.0,12.0,12.0,10.0,33,30,33,35,34,67,70,67,65,66,36,35,否,否,否,否,否,否,否,否,否,否,否,否,否,否,否,否,否,否,36,35,36,0.250,1.779,0.193,0.007,3.461,0.687,0.209,0.632,35.0,30.0,64.0,64.0,0,17.6,13.4,1.8,1.8,45.0,2.8,12.8,6.8,2.7,0.0,0.1,0.0,0.0,0.0,95.1,83.4,97.2,99.8,99.9,1066.7,10.67,15,15,15,35,74,374,1,2,是,否,否,否,否,否,否,否,否,否,是,否,否,否,否,否,否,否,否,否,否,否,否,否,否,否,否,否,否,否,否,否,否,否,否,否,否,34.0,33,33,33,97.0,100.0,否,否,24293,21074,0.5,2.0,2.5,0.049,0.069,5725,2113,36,0.007,100.0,1066.0,0.0,0.0,0.0,0.0,0.0,0.0,0.0,317,否,否,否,否,否,否,7.429,20.880,50.5,-5.876,25.2,213.2,60.9,61.8,60.1,60.1,60.1,60.1,60.5,61.1,60.0,60.0,60.0,60.0,16.33,16.57,16.09,16.09,16.58,16.58,1.86,13.89,16.06,0.27,0.23,0,0,0.0,0.0,0,0.000,
17.9.2026,23:19:50.743,6047,33464,15.3,5758,10424,35.5,0.0,23329,0,0.772,0.805,0.770,0.760,0.755,0.693,0.698,1200.0,1200.0,1200.0,1200.0,1200.0,100.0,1000.0,31.0,136.7,78.1,24.2,3.5,2.3,1.7,0.9,0.7,31.0,4.7,11.4,6.6,1.9,0.3,17.0,0.1,0.1,0.0,17.0,4.7,100.0,1.1,4.9,3.0,0.9,0.1,0.1,0.1,0.0,0.0,1.1,12.0,12.0,12.0,12.0,12.0,10.0,33,31,33,34,34,67,69,67,66,66,37,34,否,否,否,否,否,否,否,否,否,否,否,否,否,否,否,否,否,否,36,34,36,0.250,1.617,0.164,0.007,3.028,0.685,0.226,0.495,35.0,30.0,64.0,64.0,0,17.7,9.5,2.1,1.9,48.3,3.0,13.4,7.3,2.1,0.4,0.2,0.2,0.1,0.1,94.8,82.3,97.6,99.6,99.8,1066.7,10.67,15,15,15,35,74,374,1,2,否,否,否,否,否,否,否,否,否,否,否,否,否,否,否,否,否,否,否,否,否,否,否,否,否,否,否,否,否,否,否,否,否,否,否,否,否,32.0,33,33,33,97.0,100.0,否,否,24293,21074,0.0,1.5,1.5,0.000,0.022,5725,2113,36,0.007,100.0,1066.0,0.0,0.0,0.0,0.0,0.0,0.0,0.0,317,否,否,否,否,否,否,7.426,20.880,50.5,-5.867,25.2,213.5,60.9,61.8,60.1,60.1,60.1,60.1,60.5,61.1,60.0,60.0,60.0,60.0,16.33,16.57,16.09,16.09,16.58,16.58,1.86,13.89,16.06,0.27,0.23,0,0,0.0,0.0,0,0.000,
17.9.2026,23:19:52.756,6049,33463,15.3,5758,10424,35.5,0.0,23329,0,0.777,0.805,0.790,0.760,0.755,0.711,0.701,1275.0,1200.0,1500.0,1200.0,1200.0,100.0,1300.0,29.2,120.5,75.2,35.4,1.0,0.7,0.2,0.2,0.2,29.2,4.3,10.0,6.3,2.5,0.0,14.7,0.0,0.0,0.8,14.7,4.3,100.0,1.1,4.2,2.8,1.4,0.0,0.0,0.0,0.0,0.0,1.1,12.8,12.0,15.0,12.0,12.0,13.0,33,29,36,34,33,67,71,64,66,67,36,36,否,否,否,否,否,否,否,否,否,否,否,否,否,否,否,否,否,否,36,34,36,0.250,1.516,0.177,0.005,2.736,0.642,0.214,0.435,35.0,30.0,64.0,64.0,0,17.8,6.9,1.8,2.1,51.6,2.8,12.0,7.1,2.7,0.1,0.1,0.0,0.0,0.0,95.2,83.9,97.1,99.9,99.9,1066.7,10.67,15,15,15,35,74,374,1,2,否,否,否,否,否,否,否,否,否,否,否,否,否,否,否,否,否,否,否,否,否,否,否,否,否,否,否,否,否,否,否,否,否,否,否,否,否,32.0,33,33,33,97.0,100.0,否,否,24293,21074,0.0,1.0,1.0,0.000,0.012,5725,2113,37,0.005,100.0,1066.0,0.0,0.0,0.0,0.0,0.0,0.0,0.0,317,否,否,否,否,否,否,7.431,20.872,50.5,-5.804,25.2,215.8,60.9,61.8,60.1,60.1,60.1,60.1,60.5,61.1,60.0,60.0,60.0,60.0,16.33,16.57,16.09,16.09,16.58,16.58,1.86,13.89,16.06,0.27,0.23,0,0,0.0,0.0,0,0.000,
17.9.2026,23:19:54.754,6050,33462,15.3,5761,10421,35.6,0.0,23329,0,0.772,0.805,0.765,0.762,0.757,0.693,0.738,1200.0,1200.0,1200.0,1200.0,1200.0,100.0,1000.0,34.9,148.9,90.2,36.8,2.4,0.6,0.2,0.3,0.2,34.9,3.1,12.8,8.2,3.1,0.1,0.0,0.0,0.7,0.0,12.8,3.1,100.0,1.3,5.4,3.4,1.5,0.1,0.0,0.0,0.0,0.0,1.3,12.0,12.0,12.0,12.0,12.0,10.0,35,30,45,33,33,65,70,55,67,67,45,45,否,否,否,否,否,否,否,否,否,否,否,否,否,否,否,否,否,否,36,34,36,0.250,1.880,0.215,0.008,3.670,0.736,0.234,0.644,35.0,30.0,64.0,64.0,0,17.3,15.0,2.0,1.9,41.9,3.2,14.3,8.3,2.6,0.2,0.1,0.0,0.0,0.0,94.5,81.1,97.2,99.9,99.9,1066.7,10.67,15,15,15,35,74,374,1,2,否,否,否,否,否,否,否,否,否,否,否,否,否,否,否,否,否,否,否,否,否,否,否,否,否,否,否,否,否,否,否,否,否,否,否,否,否,32.0,33,33,32,97.0,100.0,否,否,24293,21074,0.0,1.6,1.6,0.000,0.055,5725,2113,36,0.008,100.0,1066.0,0.0,0.0,0.0,0.0,0.0,0.0,0.0,317,否,否,否,否,否,否,7.421,20.872,50.5,-5.774,25.2,216.9,60.9,61.8,60.1,60.1,60.1,60.1,60.5,61.1,60.0,60.0,60.0,60.0,16.33,16.57,16.09,16.09,16.58,16.58,1.86,13.89,16.06,0.27,0.23,0,0,0.0,0.0,0,0.000,
17.9.2026,23:19:56.754,6048,33463,15.3,5766,10416,35.6,0.0,23329,0,0.772,0.805,0.767,0.760,0.755,0.691,0.741,1200.0,1200.0,1200.0,1200.0,1200.0,100.0,1000.0,28.8,132.4,77.0,17.6,1.3,0.9,0.2,0.7,0.2,28.8,2.3,11.0,6.4,0.7,0.0,0.0,0.0,0.0,0.0,11.0,2.3,100.0,1.1,4.7,2.9,0.7,0.0,0.0,0.0,0.0,0.0,1.1,12.0,12.0,12.0,12.0,12.0,10.0,34,30,35,34,35,66,70,65,66,65,36,35,否,否,否,否,否,否,否,否,否,否,否,否,否,否,否,否,否,否,36,34,36,0.250,1.512,0.171,0.007,2.701,0.650,0.220,0.426,35.0,30.0,64.0,64.0,0,17.6,6.7,2.4,1.9,51.6,2.7,13.1,7.3,1.1,0.1,0.1,0.0,0.1,0.0,95.2,82.5,98.7,99.9,99.9,1066.7,10.67,15,15,15,35,74,374,1,2,否,否,否,否,否,否,否,否,否,否,否,否,否,否,否,否,否,否,否,否,否,否,否,否,否,否,否,否,否,否,否,否,否,否,否,否,否,32.0,33,33,32,97.0,100.0,否,否,24293,21074,0.0,0.5,0.5,0.000,0.040,5725,2113,36,0.007,100.0,1066.0,0.0,0.0,0.0,0.0,0.0,0.0,0.0,317,否,否,否,否,否,否,7.448,20.872,50.5,-5.765,25.2,217.2,60.9,61.8,60.1,60.1,60.1,60.1,60.5,61.1,60.0,60.0,60.0,60.0,16.33,16.57,16.09,16.09,16.58,16.58,1.86,13.89,16.06,0.27,0.23,0,0,0.0,0.0,0,0.000,
17.9.2026,23:19:58.755,6049,33463,15.3,5767,10415,35.6,0.0,23329,0,0.772,0.805,0.770,0.762,0.752,0.693,0.698,1175.0,1200.0,1200.0,1200.0,1100.0,100.0,1000.0,28.8,125.3,70.1,29.5,3.5,1.5,0.2,0.4,0.2,28.8,2.6,10.7,6.3,2.0,0.6,0.4,0.3,0.3,0.3,10.7,2.6,100.0,1.0,4.4,2.6,1.2,0.1,0.1,0.0,0.0,0.0,1.0,11.8,12.0,12.0,12.0,11.0,10.0,33,30,35,34,33,67,70,65,66,67,37,35,否,否,否,否,否,否,否,否,否,否,否,否,否,否,否,否,否,否,36,34,36,0.250,1.590,0.190,0.005,2.930,0.645,0.207,0.494,35.0,30.0,64.0,64.0,0,18.3,8.2,2.7,2.3,49.4,2.7,12.6,6.7,1.9,0.4,0.2,0.0,0.1,0.0,95.2,83.5,97.8,99.8,99.9,1066.7,10.67,15,15,15,35,74,374,1,2,否,否,否,否,否,否,否,否,否,否,否,否,否,否,否,否,否,否,否,否,否,否,否,否,否,否,否,否,否,否,否,否,否,否,否,否,否,34.0,33,33,32,97.0,100.0,否,否,24293,21074,0.0,1.6,1.6,0.000,0.089,5725,2113,36,0.005,100.0,1066.0,0.0,0.0,0.0,0.0,0.0,0.0,0.0,317,否,否,否,否,否,否,7.454,20.865,50.5,-5.710,25.2,219.2,60.9,61.8,60.1,60.1,60.1,60.1,60.5,61.1,60.0,60.0,60.0,60.0,16.33,16.57,16.09,16.09,16.58,16.58,1.86,13.89,16.06,0.27,0.23,0,0,0.0,0.0,0,0.000,
17.9.2026,23:20:0.748,6049,33463,15.3,5767,10415,35.6,0.0,23329,0,0.772,0.805,0.767,0.760,0.757,0.693,0.698,1200.0,1200.0,1200.0,1200.0,1200.0,100.0,1000.0,29.2,118.6,89.1,21.2,2.6,1.1,0.2,0.2,0.2,29.2,2.6,9.8,7.5,1.1,0.1,0.0,0.7,0.7,0.7,9.8,2.6,100.0,1.1,4.2,3.4,0.8,0.1,0.0,0.0,0.0,0.0,1.1,12.0,12.0,12.0,12.0,12.0,10.0,34,30,37,35,33,66,70,63,65,67,37,37,否,否,否,否,否,否,否,否,否,否,否,否,否,否,否,否,否,否,36,34,36,0.250,1.445,0.165,0.006,2.538,0.628,0.214,0.394,35.0,30.0,64.0,64.0,0,17.8,5.0,2.8,2.4,52.5,2.7,11.9,8.3,1.4,0.3,0.1,0.0,0.0,0.0,95.3,83.0,98.3,99.8,99.9,1066.7,10.67,15,15,15,35,74,374,1,2,否,否,否,否,否,否,否,否,否,否,否,否,否,否,否,否,否,否,否,否,否,否,否,否,否,否,否,否,否,否,否,否,否,否,否,否,否,33.0,33,33,32,97.0,100.0,否,否,24293,21074,0.0,0.5,0.5,0.000,0.012,5725,2113,36,0.006,100.0,1066.0,0.0,0.0,0.0,0.0,0.0,0.0,0.0,317,否,否,否,否,否,否,7.461,20.865,50.5,-5.678,25.2,220.5,60.9,61.8,60.1,60.1,60.1,60.1,60.5,61.1,60.0,60.0,60.0,60.0,16.33,16.57,16.09,16.09,16.58,16.58,1.86,13.89,16.06,0.27,0.23,0,0,0.0,0.0,0,0.000,
17.9.2026,23:20:2.761,6048,33463,15.3,5770,10412,35.6,0.0,23329,0,0.773,0.805,0.770,0.760,0.757,0.693,0.698,1200.0,1200.0,1200.0,1200.0,1200.0,100.0,1000.0,33.0,132.3,73.8,46.0,4.7,6.1,0.2,0.3,0.3,33.0,2.6,10.7,6.0,3.3,1.0,0.0,0.0,0.0,0.0,10.7,2.6,100.0,1.2,4.7,2.8,1.8,0.2,0.2,0.0,0.0,0.0,1.2,12.0,12.0,12.0,12.0,12.0,10.0,32,29,33,35,33,68,71,67,65,67,37,35,否,否,否,否,否,否,否,否,否,否,否,否,否,否,否,否,否,否,36,34,36,0.250,1.575,0.181,0.007,2.839,0.684,0.240,0.434,35.0,30.0,64.0,64.0,0,17.8,6.8,1.9,2.4,50.3,3.0,12.8,6.8,3.6,0.5,0.6,0.0,0.0,0.0,94.7,83.3,96.1,99.4,99.9,1066.7,10.67,15,15,15,35,74,374,1,2,否,否,否,否,否,否,否,否,否,否,否,否,否,否,否,否,否,否,否,否,否,否,否,否,否,否,否,否,否,否,否,否,否,否,否,否,否,32.0,33,33,33,97.0,100.0,否,否,24293,21074,0.0,1.0,1.0,0.000,0.012,5725,2113,36,0.007,100.0,1066.0,0.0,0.0,0.0,0.0,0.0,0.0,0.0,317,否,否,否,否,否,否,7.468,20.857,50.5,-5.646,25.2,221.6,60.9,61.8,60.1,60.1,60.1,60.1,60.5,61.1,60.0,60.0,60.0,60.0,16.33,16.57,16.09,16.09,16.58,16.58,1.86,13.89,16.06,0.27,0.23,0,0,0.0,0.0,0,0.000,
17.9.2026,23:20:4.780,6051,33461,15.3,5768,10414,35.6,0.0,23329,0,0.772,0.805,0.770,0.760,0.755,0.693,0.698,1200.0,1200.0,1200.0,1200.0,1200.0,100.0,1000.0,40.5,139.9,102.8,44.0,9.0,8.5,8.8,4.8,6.5,40.5,4.7,10.5,7.6,1.9,0.0,14.4,1.1,0.9,1.0,14.4,4.7,100.0,1.5,5.0,4.0,1.8,0.4,0.3,0.4,0.2,0.3,1.5,12.0,12.0,12.0,12.0,12.0,10.0,33,30,35,34,34,67,70,65,66,66,36,35,否,否,否,否,否,否,否,否,否,否,否,否,否,否,否,否,否,否,36,35,36,0.250,1.790,0.252,0.011,3.367,0.691,0.226,0.571,35.0,30.0,64.0,64.0,0,17.7,10.9,1.7,2.6,46.2,3.4,12.8,8.6,3.0,0.8,0.6,0.7,0.4,0.6,94.4,82.9,96.4,99.0,99.2,1066.7,10.67,15,15,15,35,74,374,1,2,是,否,否,否,否,否,否,否,否,否,是,否,否,否,否,否,否,否,否,否,否,否,否,否,否,否,否,否,否,否,否,否,否,否,否,否,否,32.0,33,33,33,97.0,100.0,否,否,24293,21074,0.0,2.4,2.4,0.000,0.030,5725,2113,36,0.011,100.0,1066.0,0.0,0.0,0.0,0.0,0.0,0.0,0.0,317,否,否,否,否,否,否,7.463,20.857,50.5,-5.642,25.2,221.8,60.9,61.8,60.1,60.1,60.1,60.1,60.5,61.1,60.0,60.0,60.0,60.0,16.33,16.57,16.09,16.09,16.58,16.58,1.86,13.89,16.06,0.27,0.23,0,0,0.0,0.0,0,0.000,
17.9.2026,23:20:6.782,6051,33461,15.3,5767,10416,35.6,0.0,23329,0,0.930,0.920,1.140,0.907,0.752,0.831,0.698,2750.0,2900.0,4099.9,2900.0,1100.0,100.0,2700.0,29.1,125.2,75.6,29.1,1.0,1.1,0.2,0.2,0.2,29.1,2.7,11.1,7.1,2.5,0.6,0.0,0.0,0.0,0.0,11.1,2.7,100.0,1.1,4.4,2.8,1.2,0.0,0.0,0.0,0.0,0.0,1.1,27.5,29.0,41.0,29.0,11.0,27.0,34,30,37,34,33,66,70,63,66,67,38,37,否,否,否,否,否,否,否,否,否,否,否,否,否,否,否,否,否,否,35,34,35,0.250,1.641,0.182,0.006,3.076,0.671,0.213,0.524,35.0,30.0,64.0,64.0,0,17.8,10.2,2.2,1.9,48.0,2.8,12.5,7.3,2.1,0.1,0.1,0.0,0.0,0.0,95.2,83.2,97.7,99.8,99.9,1066.7,10.67,15,15,15,35,74,374,1,2,是,否,否,否,否,否,否,是,否,否,否,否,否,否,否,否,否,否,否,否,否,否,否,否,否,否,是,否,否,否,否,否,否,否,是,否,否,32.0,33,33,32,97.0,100.0,否,否,24293,21074,0.0,2.0,2.0,0.000,0.098,5725,2113,36,0.006,100.0,1066.0,0.0,0.0,0.0,0.0,0.0,0.0,0.0,317,否,否,否,否,否,否,7.468,20.857,50.5,-5.653,25.2,221.4,60.9,61.8,60.1,60.1,60.1,60.1,60.5,61.1,60.0,60.0,60.0,60.0,16.33,16.57,16.09,16.09,16.58,16.58,1.86,13.89,16.06,0.27,0.23,0,0,0.0,0.0,0,0.000,
17.9.2026,23:20:8.781,6051,33461,15.3,5765,10417,35.6,0.0,23329,0,0.769,0.802,0.767,0.755,0.752,0.693,0.698,1150.0,1200.0,1200.0,1100.0,1100.0,100.0,1000.0,28.2,122.0,70.0,27.3,1.6,3.6,0.2,0.6,0.2,28.2,2.5,9.8,5.5,1.0,0.5,2.9,0.3,0.0,0.3,9.8,2.5,100.0,1.0,4.3,2.6,1.1,0.1,0.1,0.0,0.0,0.0,1.0,11.5,12.0,12.0,11.0,11.0,10.0,34,30,36,35,35,66,70,64,65,65,36,36,否,否,否,否,否,否,否,否,否,否,否,否,否,否,否,否,否,否,36,34,36,0.250,1.594,0.191,0.007,2.856,0.663,0.221,0.475,35.0,30.0,64.0,64.0,0,17.9,8.6,2.3,2.2,50.0,2.6,12.1,6.7,1.6,0.2,0.4,0.0,0.1,0.0,95.4,83.9,98.2,99.6,99.9,1066.7,10.67,15,15,15,35,74,374,1,2,否,否,否,否,否,否,否,否,否,否,否,否,否,否,否,否,否,否,否,否,否,否,否,否,否,否,否,否,否,否,否,否,否,否,否,否,否,34.0,33,33,32,97.0,100.0,否,否,24293,21074,0.0,1.0,1.0,0.000,0.091,5725,2114,36,0.007,100.0,1066.0,0.0,0.0,0.0,0.0,0.0,0.0,0.0,317,否,否,否,否,否,否,7.467,20.857,50.5,-5.608,25.2,223.1,60.9,61.8,60.1,60.1,60.1,60.1,60.5,61.1,60.0,60.0,60.0,60.0,16.33,16.57,16.09,16.09,16.58,16.58,1.86,13.89,16.06,0.27,0.23,0,0,0.0,0.0,0,0.000,
17.9.2026,23:20:10.801,6050,33461,15.3,5763,10419,35.6,0.0,23329,0,0.774,0.807,0.770,0.760,0.757,0.693,0.701,1200.0,1200.0,1200.0,1200.0,1200.0,100.0,1000.0,30.1,130.1,87.0,22.6,0.2,0.6,0.2,0.2,0.2,30.1,3.0,11.3,7.8,2.5,0.0,1.9,0.0,0.3,0.0,11.3,3.0,100.0,1.1,4.6,3.3,0.9,0.0,0.0,0.0,0.0,0.0,1.1,12.0,12.0,12.0,12.0,12.0,10.0,33,29,34,35,33,67,71,66,65,67,36,35,否,否,否,否,否,否,否,否,否,否,否,否,否,否,否,否,否,否,36,34,36,0.250,1.613,0.173,0.006,3.024,0.667,0.215,0.504,35.0,30.0,64.0,64.0,0,17.7,8.8,2.4,1.8,48.6,2.9,12.9,8.3,1.5,0.0,0.1,0.0,0.0,0.0,95.0,81.9,98.4,99.9,99.9,1066.7,10.67,15,15,15,35,74,374,1,2,否,否,否,否,否,否,否,否,否,否,否,否,否,否,否,否,否,否,否,否,否,否,否,否,否,否,否,否,否,否,否,否,否,否,否,否,否,33.0,33,33,32,97.0,100.0,否,否,24293,21074,0.0,1.5,1.5,0.000,0.026,5725,2114,36,0.006,100.0,1066.0,0.0,0.0,0.0,0.0,0.0,0.0,0.0,317,否,否,否,否,否,否,7.469,20.857,50.5,-5.602,25.2,223.4,60.9,61.8,60.1,60.1,60.1,60.1,60.5,61.1,60.0,60.0,60.0,60.0,16.33,16.57,16.09,16.09,16.58,16.58,1.86,13.89,16.06,0.27,0.23,0,0,0.0,0.0,0,0.000,
17.9.2026,23:20:12.818,6050,33462,15.3,5763,10420,35.6,0.0,23329,0,0.774,0.805,0.767,0.765,0.757,0.693,0.698,1200.0,1200.0,1200.0,1200.0,1200.0,100.0,1000.0,28.6,120.3,81.5,23.9,1.4,0.9,0.2,0.3,0.2,28.6,2.3,9.8,6.7,1.2,0.0,0.0,0.0,0.6,0.0,9.8,2.3,100.0,1.0,4.2,3.1,1.0,0.0,0.0,0.0,0.0,0.0,1.0,12.0,12.0,12.0,12.0,12.0,10.0,34,31,36,34,34,66,69,64,66,66,38,36,否,否,否,否,否,否,否,否,否,否,否,否,否,否,否,否,否,否,35,34,35,0.250,1.674,0.190,0.008,3.070,0.692,0.226,0.520,35.0,30.0,64.0,64.0,0,17.9,10.5,1.7,2.3,48.3,2.7,12.0,7.6,1.5,0.2,0.1,0.0,0.0,0.0,95.3,83.3,98.3,99.9,99.9,1066.7,10.67,15,15,15,35,74,374,1,2,是,否,否,否,否,否,否,是,否,否,否,否,否,否,否,否,否,否,否,否,否,否,否,否,否,否,否,否,否,否,否,否,否,否,否,否,否,32.0,33,33,33,97.0,100.0,否,否,24293,21074,0.0,3.5,3.5,0.000,0.126,5725,2114,36,0.008,100.0,1066.0,0.0,0.0,0.0,0.0,0.0,0.0,0.0,317,否,否,否,否,否,否,7.465,20.850,50.5,-5.599,25.2,223.4,60.9,61.8,60.1,60.1,60.1,60.1,60.5,61.1,60.0,60.0,60.0,60.0,16.33,16.57,16.09,16.09,16.58,16.58,1.86,13.89,16.06,0.27,0.23,0,0,0.0,0.0,0,0.000,
17.9.2026,23:20:14.818,6050,33462,15.3,5762,10420,35.6,0.0,23329,0,0.878,0.835,1.162,0.757,0.757,0.731,0.698,2100.0,1800.0,4199.9,1200.0,1200.0,100.0,1600.0,29.2,133.0,88.9,9.9,0.2,1.4,0.2,0.2,0.2,29.2,2.5,11.0,7.4,0.3,0.5,0.0,0.5,0.0,0.5,11.0,2.5,100.0,1.0,4.7,3.3,0.2,0.0,0.1,0.0,0.0,0.0,1.0,21.0,18.0,42.0,12.0,12.0,16.0,34,31,35,35,34,66,69,65,65,66,36,35,否,否,否,否,否,否,否,否,否,否,否,否,否,否,否,否,否,否,36,34,36,0.250,1.663,0.157,0.007,3.196,0.682,0.214,0.554,35.0,30.0,64.0,64.0,0,17.6,11.7,1.9,2.1,46.2,2.9,13.2,8.5,0.9,0.0,0.1,0.0,0.0,0.0,95.1,81.5,99.0,99.8,99.9,1066.7,10.67,15,15,15,35,74,374,1,2,否,否,否,否,否,否,否,否,否,否,否,否,否,否,否,否,否,否,否,否,否,否,否,否,否,否,否,否,否,否,否,否,否,否,否,否,否,32.0,33,33,33,97.0,100.0,否,否,24293,21074,0.0,1.5,1.5,0.000,0.120,5725,2114,36,0.007,100.0,1066.0,0.0,0.0,0.0,0.0,0.0,0.0,0.0,317,否,否,否,否,否,否,7.466,20.850,50.5,-5.622,25.2,222.5,60.9,61.8,60.1,60.1,60.1,60.1,60.5,61.1,60.0,60.0,60.0,60.0,16.33,16.57,16.09,16.09,16.58,16.58,1.86,13.89,16.06,0.27,0.23,0,0,0.0,0.0,0,0.000,
17.9.2026,23:20:16.831,6050,33462,15.3,5761,10421,35.6,0.0,23329,0,0.855,1.027,0.772,0.862,0.757,0.693,0.698,2175.0,3699.9,1200.0,2600.0,1200.0,100.0,1000.0,29.3,130.1,86.7,15.8,0.2,1.0,0.2,0.4,0.2,29.3,2.5,10.9,7.7,1.7,0.0,0.0,0.0,0.0,0.0,10.9,2.5,100.0,1.1,4.7,3.4,0.8,0.0,0.0,0.0,0.0,0.0,1.1,21.8,37.0,12.0,26.0,12.0,10.0,34,36,33,35,33,66,64,67,65,67,36,36,否,否,否,否,否,否,否,否,否,否,否,否,否,否,否,否,否,否,36,34,36,0.250,1.599,0.175,0.007,2.902,0.681,0.228,0.472,35.0,30.0,64.0,64.0,0,17.8,8.3,2.0,3.1,48.8,2.8,12.5,8.0,1.2,0.0,0.1,0.0,0.0,0.0,95.2,82.6,98.7,99.8,99.9,1066.7,10.67,15,15,15,35,74,374,1,2,否,否,否,否,否,否,否,否,否,否,否,否,否,否,否,否,否,否,否,否,否,否,否,否,否,否,否,否,否,否,否,否,否,否,否,否,否,33.0,33,33,32,97.0,100.0,否,否,24293,21074,0.0,1.0,1.0,0.000,0.016,5725,2114,36,0.007,100.0,1066.0,0.0,0.0,0.0,0.0,0.0,0.0,0.0,317,否,否,否,否,否,否,7.461,20.842,50.5,-5.558,25.2,225.0,60.9,61.8,60.1,60.1,60.1,60.1,60.5,61.1,60.0,60.0,60.0,60.0,16.33,16.57,16.09,16.09,16.58,16.58,1.86,13.89,16.06,0.27,0.23,0,0,0.0,0.0,0,0.000,
17.9.2026,23:20:18.832,6051,33461,15.3,5764,10418,35.6,0.0,23329,0,0.794,0.845,0.765,0.760,0.807,0.743,0.698,1600.0,2000.0,1200.0,1200.0,2000.0,100.0,1800.0,30.4,133.9,80.7,25.5,1.6,0.9,0.2,0.5,0.2,30.4,4.7,10.9,6.7,1.3,0.7,16.2,0.6,0.6,0.6,16.2,4.7,100.0,1.1,4.8,3.1,1.0,0.1,0.0,0.0,0.0,0.0,1.1,16.0,20.0,12.0,12.0,20.0,18.0,34,29,40,34,34,66,71,60,66,66,40,40,否,否,否,否,否,否,否,否,否,否,否,否,否,否,否,否,否,否,36,35,36,0.250,1.805,0.204,0.007,3.408,0.724,0.236,0.592,35.0,30.0,64.0,64.0,0,17.6,12.4,1.7,2.3,45.7,2.8,13.1,7.6,1.6,0.2,0.1,0.0,0.1,0.0,95.1,82.4,98.1,99.9,99.9,1066.7,10.67,15,15,15,35,74,374,1,2,否,否,否,否,否,否,否,否,否,否,否,否,否,否,否,否,否,否,否,否,否,否,否,否,否,否,否,否,否,否,否,否,否,否,否,否,否,34.0,33,33,32,97.0,100.0,否,否,24293,21074,0.1,2.4,2.4,0.059,0.053,5725,2114,36,0.007,100.0,1066.0,0.0,0.0,0.0,0.0,0.0,0.0,0.0,317,否,否,否,否,否,否,7.456,20.842,50.5,-5.644,25.2,221.6,60.9,61.8,60.1,60.1,60.1,60.1,60.5,61.1,60.0,60.0,60.0,60.0,16.33,16.57,16.09,16.09,16.58,16.58,1.86,13.89,16.06,0.27,0.23,0,0,0.0,0.0,0,0.000,
17.9.2026,23:20:20.834,6051,33460,15.3,5766,10416,35.6,0.0,23329,0,0.871,0.802,1.165,0.760,0.757,0.966,0.698,1950.0,1200.0,4199.9,1200.0,1200.0,100.0,3599.9,34.5,151.9,84.2,33.7,2.5,1.1,0.2,2.0,0.2,34.5,2.6,12.0,6.4,2.4,0.2,0.0,0.0,0.1,0.0,12.0,2.6,100.0,1.3,5.4,3.0,1.4,0.1,0.0,0.0,0.1,0.0,1.3,19.5,12.0,42.0,12.0,12.0,36.0,36,30,47,34,33,64,70,53,66,67,47,47,否,否,否,否,否,否,否,否,否,否,否,否,否,否,否,否,否,否,36,34,36,0.250,1.773,0.216,0.006,3.339,0.710,0.231,0.571,35.0,30.0,64.0,64.0,0,17.5,11.0,2.0,2.0,46.0,3.1,14.1,7.4,2.5,0.3,0.1,0.0,0.2,0.0,94.7,81.9,97.2,99.8,99.7,1066.7,10.67,15,15,15,35,74,374,1,2,否,否,否,否,否,否,否,否,否,否,否,否,否,否,否,否,否,否,否,否,否,否,否,否,否,否,否,否,否,否,否,否,否,否,否,否,否,32.0,33,33,32,97.0,100.0,否,否,24293,21074,0.0,2.0,2.0,0.000,0.016,5725,2114,36,0.006,100.0,1066.0,0.0,0.0,0.0,0.0,0.0,0.0,0.0,317,否,否,否,否,否,否,7.459,20.842,50.5,-5.639,25.2,221.8,60.9,61.8,60.1,60.1,60.1,60.1,60.5,61.1,60.0,60.0,60.0,60.0,16.33,16.57,16.09,16.09,16.58,16.58,1.86,13.89,16.06,0.27,0.23,0,0,0.0,0.0,0,0.000,
17.9.2026,23:20:22.835,6052,33460,15.3,5771,10411,35.6,0.0,23329,0,0.771,0.807,0.765,0.755,0.755,0.691,0.698,1150.0,1200.0,1200.0,1100.0,1100.0,100.0,1000.0,39.3,157.6,71.2,38.0,36.5,9.9,0.4,0.6,0.3,39.3,3.3,13.4,6.1,2.9,2.7,0.0,0.4,0.5,0.4,13.4,3.3,100.0,1.5,5.8,2.7,1.5,1.5,0.4,0.0,0.0,0.0,1.5,11.5,12.0,12.0,11.0,11.0,10.0,34,31,38,34,34,66,69,62,66,66,39,38,否,否,否,否,否,否,否,否,否,否,否,否,否,否,否,否,否,否,36,34,36,0.250,1.602,0.230,0.006,2.962,0.662,0.227,0.435,35.0,30.0,64.0,64.0,0,17.2,4.7,2.0,2.7,49.7,3.4,14.9,6.4,2.6,3.0,0.5,0.0,0.1,0.0,93.9,81.8,94.6,99.4,99.9,1066.7,10.67,15,15,15,35,74,374,1,2,是,否,否,否,否,否,否,是,否,否,是,否,否,否,否,否,否,否,否,否,否,否,否,否,否,否,否,否,否,否,否,否,否,否,否,否,否,32.0,33,33,32,97.0,100.0,否,否,24293,21074,0.0,1.0,1.0,0.000,0.012,5725,2114,37,0.006,100.0,1066.0,0.0,0.0,0.0,0.0,0.0,0.0,0.0,317,否,否,否,否,否,否,7.450,20.834,50.4,-5.602,25.2,223.1,60.9,61.8,60.1,60.1,60.1,60.1,60.5,61.1,60.0,60.0,60.0,60.0,16.33,16.57,16.09,16.09,16.58,16.58,1.86,13.89,16.06,0.27,0.23,0,0,0.0,0.0,0,0.000,
17.9.2026,23:20:24.836,6051,33460,15.3,5769,10413,35.6,0.0,23329,0,0.772,0.802,0.770,0.760,0.757,0.693,0.701,1200.0,1200.0,1200.0,1200.0,1200.0,100.0,1000.0,30.5,136.9,87.9,16.1,1.3,1.1,0.2,0.2,0.2,30.5,4.0,11.2,7.5,0.9,0.0,12.7,0.0,0.0,0.0,12.7,4.0,100.0,1.1,4.9,3.4,0.6,0.0,0.0,0.0,0.0,0.0,1.1,12.0,12.0,12.0,12.0,12.0,10.0,33,31,34,34,34,67,69,66,66,66,36,34,否,否,否,否,否,否,否,否,否,否,否,否,否,否,否,否,否,否,35,33,35,0.250,1.692,0.167,0.006,3.269,0.693,0.221,0.562,35.0,30.0,64.0,64.0,0,17.6,11.2,1.8,2.1,46.2,3.0,13.4,8.5,1.4,0.1,0.1,0.0,0.0,0.0,94.9,81.2,98.5,99.8,99.9,1066.7,10.67,15,15,15,35,74,374,1,2,否,否,否,否,否,否,否,否,否,否,否,否,否,否,否,否,否,否,否,否,否,否,否,否,否,否,否,否,否,否,否,否,否,否,否,否,否,33.0,33,33,32,97.0,100.0,否,否,24293,21074,0.0,2.0,2.0,0.000,0.126,5725,2115,36,0.006,100.0,1066.0,0.0,0.0,0.0,0.0,0.0,0.0,0.0,317,否,否,否,否,否,否,7.460,20.834,50.4,-5.640,25.2,221.6,60.9,61.8,60.1,60.1,60.1,60.1,60.5,61.1,60.0,60.0,60.0,60.0,16.33,16.57,16.09,16.09,16.58,16.58,1.86,13.89,16.06,0.27,0.23,0,0,0.0,0.0,0,0.000,
17.9.2026,23:20:26.842,6052,33460,15.3,5768,10414,35.6,0.0,23329,0,0.887,1.107,0.775,0.907,0.757,0.968,0.698,2350.0,4099.9,1200.0,2900.0,1200.0,100.0,3599.9,28.9,124.6,83.7,19.8,1.9,0.6,0.3,0.3,0.3,28.9,2.7,10.2,6.6,1.4,0.9,0.8,0.7,0.7,0.7,10.2,2.7,100.0,1.1,4.4,3.2,0.8,0.1,0.0,0.0,0.0,0.0,1.1,23.5,41.0,12.0,29.0,12.0,36.0,33,32,33,34,32,67,68,67,66,68,36,34,否,否,否,否,否,否,否,否,否,否,否,否,否,否,否,否,否,否,37,34,37,0.250,1.612,0.184,0.006,2.953,0.668,0.219,0.494,35.0,30.0,64.0,64.0,0,17.8,9.1,1.8,2.0,49.8,2.7,12.2,7.3,1.5,0.2,0.1,0.0,0.0,0.0,95.3,83.2,98.2,99.9,99.9,1066.7,10.67,15,15,15,35,74,374,1,2,是,否,否,否,否,否,否,是,否,否,否,否,否,否,否,否,否,否,否,否,否,否,否,否,否,否,否,否,否,否,否,否,否,否,否,否,否,32.0,33,33,32,97.0,100.0,否,否,24293,21074,0.0,1.4,1.4,0.000,0.016,5725,2115,36,0.006,100.0,1066.0,0.0,0.0,0.0,0.0,0.0,0.0,0.0,317,否,否,否,否,否,否,7.453,20.827,50.4,-5.627,25.2,222.1,60.9,61.8,60.1,60.1,60.1,60.1,60.5,61.1,60.0,60.0,60.0,60.0,16.33,16.57,16.09,16.09,16.58,16.58,1.86,13.89,16.06,0.27,0.23,0,0,0.0,0.0,0,0.000,
17.9.2026,23:20:28.849,6052,33460,15.3,5767,10416,35.6,0.0,23329,0,0.772,0.802,0.770,0.760,0.757,0.693,0.738,1200.0,1200.0,1200.0,1200.0,1200.0,100.0,1000.0,28.9,129.8,75.6,22.3,1.0,2.0,0.2,0.2,0.2,28.9,2.4,11.0,6.7,1.7,0.0,0.0,0.0,0.0,0.0,11.0,2.4,100.0,1.1,4.6,2.8,0.9,0.0,0.1,0.0,0.0,0.0,1.1,12.0,12.0,12.0,12.0,12.0,10.0,33,30,36,34,33,67,70,64,66,67,36,36,否,否,否,否,否,否,否,否,否,否,否,否,否,否,否,否,否,否,36,34,36,0.250,1.792,0.195,0.006,3.421,0.702,0.221,0.625,35.0,30.0,64.0,64.0,0,17.7,12.7,1.9,1.8,46.3,2.7,12.7,7.1,1.5,0.1,0.2,0.0,0.0,0.0,95.3,83.1,98.4,99.7,99.9,1066.7,10.67,15,15,15,35,74,374,1,2,否,否,否,否,否,否,否,否,否,否,否,否,否,否,否,否,否,否,否,否,否,否,否,否,否,否,否,否,否,否,否,否,否,否,否,否,否,34.0,33,33,33,97.0,100.0,否,否,24293,21074,0.0,4.9,4.9,0.000,0.103,5725,2115,36,0.006,100.0,1066.0,0.0,0.0,0.0,0.0,0.0,0.0,0.0,317,否,否,否,否,否,否,7.390,20.827,50.4,-5.579,25.2,224.0,60.9,61.8,60.1,60.1,60.1,60.1,60.5,61.1,60.0,60.0,60.0,60.0,16.33,16.57,16.09,16.09,16.58,16.58,1.86,13.89,16.06,0.27,0.23,0,0,0.0,0.0,0,0.000,
17.9.2026,23:20:30.862,6052,33459,15.3,5765,10417,35.6,0.0,23329,0,0.773,0.805,0.770,0.760,0.757,0.693,0.701,1200.0,1200.0,1200.0,1200.0,1200.0,100.0,1000.0,31.9,141.2,86.2,26.0,1.1,0.3,0.2,0.3,0.2,31.9,2.8,11.6,7.1,1.3,0.5,0.5,0.5,0.5,0.5,11.6,2.8,100.0,1.2,5.1,3.3,1.0,0.0,0.0,0.0,0.0,0.0,1.2,12.0,12.0,12.0,12.0,12.0,10.0,34,31,36,34,34,66,69,64,66,66,36,36,否,否,否,否,否,否,否,否,否,否,否,否,否,否,否,否,否,否,36,34,36,0.250,1.752,0.184,0.006,3.356,0.710,0.230,0.582,35.0,30.0,64.0,64.0,0,17.7,11.3,2.1,2.4,44.9,3.0,13.9,8.1,1.8,0.1,0.0,0.0,0.0,0.0,94.8,81.2,98.0,99.9,99.9,1066.7,10.67,15,15,15,35,74,374,1,2,否,否,否,否,否,否,否,否,否,否,否,否,否,否,否,否,否,否,否,否,否,否,否,否,否,否,否,否,否,否,否,否,否,否,否,否,否,33.0,33,33,32,97.0,100.0,否,否,24293,21074,0.0,3.3,3.3,0.000,0.051,5725,2115,36,0.006,100.0,1066.0,0.0,0.0,0.0,0.0,0.0,0.0,0.0,317,否,否,否,否,否,否,7.429,20.827,50.4,-5.631,25.2,221.9,60.9,61.8,60.1,60.1,60.1,60.1,60.5,61.1,60.0,60.0,60.0,60.0,16.33,16.57,16.09,16.09,16.58,16.58,1.86,13.89,16.06,0.27,0.23,0,0,0.0,0.0,0,0.000,
17.9.2026,23:20:32.868,6052,33459,15.3,5763,10419,35.6,0.0,23329,0,0.779,0.805,0.792,0.760,0.757,0.718,0.698,1300.0,1200.0,1600.0,1200.0,1200.0,100.0,1400.0,29.9,126.5,81.3,27.9,1.2,1.7,0.2,0.3,0.2,29.9,2.3,10.4,6.8,1.4,0.0,0.0,0.0,0.0,0.0,10.4,2.3,100.0,1.1,4.5,3.1,1.1,0.0,0.1,0.0,0.0,0.0,1.1,13.0,12.0,16.0,12.0,12.0,14.0,34,30,38,34,33,66,70,62,66,67,39,38,否,否,否,否,否,否,否,否,否,否,否,否,否,否,否,否,否,否,36,35,36,0.250,1.621,0.193,0.008,2.955,0.663,0.220,0.493,35.0,30.0,64.0,64.0,0,17.8,8.7,1.4,1.9,50.7,2.8,12.5,7.7,1.6,0.1,0.2,0.0,0.0,0.0,95.2,82.9,98.2,99.8,99.9,1066.7,10.67,15,15,15,35,74,374,1,2,是,否,否,否,否,否,否,是,否,否,否,否,否,否,否,否,否,否,否,否,否,否,否,否,否,否,是,否,否,否,否,否,否,否,是,否,否,32.0,33,33,33,97.0,100.0,否,否,24293,21074,0.0,1.5,1.5,0.000,0.018,5725,2115,36,0.008,100.0,1066.0,0.0,0.0,0.0,0.0,0.0,0.0,0.0,317,否,否,否,否,否,否,7.469,20.819,50.4,-5.654,25.2,220.9,60.9,61.8,60.1,60.1,60.1,60.1,60.5,61.1,60.0,60.0,60.0,60.0,16.33,16.57,16.09,16.09,16.58,16.58,1.86,13.89,16.06,0.27,0.23,0,0,0.0,0.0,0,0.000,
17.9.2026,23:20:34.859,6053,33459,15.3,5762,10420,35.6,0.0,23329,0,0.782,0.840,0.770,0.760,0.757,0.738,0.698,1375.0,1900.0,1200.0,1200.0,1200.0,100.0,1700.0,28.8,126.0,80.4,21.6,1.4,0.3,0.2,0.2,0.2,28.8,4.3,11.0,7.0,2.2,1.2,1.9,1.1,8.8,1.1,11.0,4.3,100.0,1.0,4.4,2.9,0.9,0.0,0.0,0.0,0.0,0.0,1.0,13.8,19.0,12.0,12.0,12.0,17.0,32,29,33,34,34,68,71,67,66,66,36,34,否,否,否,否,否,否,否,否,否,否,否,否,否,否,否,否,否,否,36,34,36,0.250,1.637,0.156,0.006,3.117,0.676,0.215,0.537,35.0,30.0,64.0,64.0,0,17.7,11.1,1.5,1.9,47.7,2.8,12.7,7.7,2.0,0.2,0.0,0.0,0.0,0.0,95.2,83.0,97.8,99.9,99.9,1066.7,10.67,15,15,15,35,74,374,1,2,否,否,否,否,否,否,否,否,否,否,否,否,否,否,否,否,否,否,否,否,否,否,否,否,否,否,否,否,否,否,否,否,否,否,否,否,否,33.0,33,33,32,97.0,100.0,否,否,24293,21074,0.0,1.5,1.5,0.000,0.044,5725,2115,36,0.006,100.0,1066.0,0.0,0.0,0.0,0.0,0.0,0.0,0.0,317,否,否,否,否,否,否,7.425,20.819,50.4,-5.613,25.2,222.5,60.9,61.8,60.1,60.1,60.1,60.1,60.5,61.1,60.0,60.0,60.0,60.0,16.33,16.57,16.09,16.09,16.58,16.58,1.86,13.89,16.06,0.27,0.23,0,0,0.0,0.0,0,0.000,
17.9.2026,23:20:36.878,6054,33457,15.3,5764,10418,35.6,0.0,23329,0,0.781,0.830,0.770,0.765,0.757,0.693,0.698,1350.0,1700.0,1200.0,1300.0,1200.0,100.0,1000.0,32.6,138.5,87.5,31.8,1.1,1.5,0.2,0.2,0.2,32.6,3.5,11.3,7.5,2.4,0.0,6.6,0.0,0.0,0.0,11.3,3.5,100.0,1.2,5.0,3.5,1.3,0.0,0.1,0.0,0.0,0.0,1.2,13.5,17.0,12.0,13.0,12.0,10.0,33,31,34,34,34,67,69,66,66,66,36,34,否,否,否,否,否,否,否,否,否,否,否,否,否,否,否,否,否,否,35,33,36,0.250,1.651,0.166,0.007,3.062,0.706,0.245,0.497,35.0,30.0,64.0,64.0,0,17.3,8.6,1.7,2.3,48.7,3.0,13.3,8.1,2.6,0.1,0.2,0.0,0.0,0.0,94.7,82.1,97.2,99.8,99.9,1066.7,10.67,15,15,15,35,74,374,1,2,否,否,否,否,否,否,否,否,否,否,否,否,否,否,否,否,否,否,否,否,否,否,否,否,否,否,否,否,否,否,否,否,否,否,否,否,否,33.0,33,33,32,97.0,100.0,否,否,24293,21074,0.0,1.5,1.5,0.000,0.020,5725,2115,36,0.007,100.0,1066.0,0.0,0.0,0.0,0.0,0.0,0.0,0.0,317,否,否,否,否,否,否,7.471,20.819,50.4,-5.611,25.2,222.6,60.9,61.8,60.1,60.1,60.1,60.1,60.5,61.1,60.0,60.0,60.0,60.0,16.33,16.57,16.09,16.09,16.58,16.58,1.86,13.89,16.06,0.27,0.23,0,0,0.0,0.0,0,0.000,
17.9.2026,23:20:38.884,6053,33458,15.3,5769,10413,35.6,0.0,23329,0,0.870,0.797,1.165,0.760,0.757,0.686,0.698,1925.0,1100.0,4199.9,1200.0,1200.0,100.0,700.0,30.8,125.5,83.4,26.2,3.6,6.8,0.2,0.3,0.2,30.8,2.6,10.1,7.4,1.6,0.0,1.7,0.0,0.0,0.0,10.1,2.6,100.0,1.1,4.4,3.2,0.6,0.1,0.3,0.0,0.0,0.0,1.1,19.2,11.0,42.0,12.0,12.0,7.0,36,32,44,35,34,64,68,56,65,66,35,44,否,否,否,否,否,否,否,否,否,否,否,否,否,否,否,否,否,否,35,34,35,0.250,1.637,0.163,0.007,3.098,0.679,0.222,0.523,35.0,30.0,64.0,64.0,0,18.0,10.3,1.8,2.1,47.8,2.9,12.5,7.9,1.9,0.3,0.7,0.0,0.0,0.0,94.9,82.5,97.8,99.3,99.9,1066.7,10.67,15,15,15,35,74,374,1,2,否,否,否,否,否,否,否,否,否,否,否,否,否,否,否,否,否,否,否,否,否,否,否,否,否,否,否,否,否,否,否,否,否,否,否,否,否,34.0,33,33,33,97.0,100.0,否,否,24293,21074,0.0,2.0,2.0,0.000,0.073,5725,2115,36,0.007,100.0,1066.0,0.0,0.0,0.0,0.0,0.0,0.0,0.0,317,否,否,否,否,否,否,7.462,20.811,50.4,-5.619,25.2,222.2,60.9,61.8,60.1,60.1,60.1,60.1,60.5,61.1,60.0,60.0,60.0,60.0,16.33,16.57,16.09,16.09,16.58,16.58,1.86,13.89,16.06,0.27,0.23,0,0,0.0,0.0,0,0.000,
17.9.2026,23:20:40.889,6053,33458,15.3,5772,10410,35.6,0.0,23329,0,0.771,0.800,0.770,0.760,0.755,0.688,0.698,1175.0,1100.0,1200.0,1200.0,1200.0,100.0,700.0,30.3,134.7,80.0,25.1,1.0,0.7,0.2,0.2,0.2,30.3,2.6,11.8,6.4,2.2,0.0,0.6,0.0,0.0,0.0,11.8,2.6,100.0,1.2,4.8,2.9,1.5,0.0,0.0,0.0,0.0,0.0,1.2,11.8,11.0,12.0,12.0,12.0,7.0,33,31,34,34,33,67,69,66,66,67,36,34,否,否,否,否,否,否,否,否,否,否,否,否,否,否,否,否,否,否,37,33,37,0.250,1.877,0.204,0.006,3.693,0.703,0.214,0.700,35.0,30.0,64.0,64.0,0,17.2,14.9,1.0,1.7,44.4,2.9,13.4,7.6,2.1,0.1,0.1,0.0,0.0,0.0,95.0,82.5,97.7,99.9,99.9,1066.7,10.67,15,15,15,35,74,374,1,2,否,否,否,否,否,否,否,否,否,否,否,否,否,否,否,否,否,否,否,否,否,否,否,否,否,否,否,否,否,否,否,否,否,否,否,否,否,34.0,33,33,34,97.0,100.0,否,否,24293,21074,0.0,2.0,2.0,0.000,0.094,5725,2115,36,0.006,100.0,1066.0,0.0,0.0,0.0,0.0,0.0,0.0,0.0,317,否,否,否,否,否,否,7.455,20.804,50.4,-5.658,25.2,220.6,60.9,61.8,60.1,60.1,60.1,60.1,60.5,61.1,60.0,60.0,60.0,60.0,16.33,16.57,16.09,16.09,16.58,16.58,1.86,13.89,16.06,0.27,0.23,0,0,0.0,0.0,0,0.000,
17.9.2026,23:20:42.909,6052,33459,15.3,5770,10413,35.6,0.0,23329,0,0.764,0.797,0.757,0.752,0.750,0.681,0.701,1000.0,1000.0,1000.0,1000.0,1000.0,100.0,800.0,28.0,133.2,76.9,12.9,0.2,0.3,0.2,0.2,0.2,28.0,2.4,11.4,6.6,1.4,0.0,0.0,0.0,0.0,0.0,11.4,2.4,100.0,1.1,4.7,2.9,1.0,0.0,0.0,0.0,0.0,0.0,1.1,10.0,10.0,10.0,10.0,10.0,8.0,36,29,34,34,33,64,71,66,66,67,36,47,否,否,否,否,否,否,否,否,否,否,否,否,否,否,否,否,否,否,36,33,36,0.250,1.647,0.172,0.007,2.969,0.688,0.232,0.515,35.0,30.0,64.0,64.0,0,18.0,8.7,1.6,1.8,50.7,2.8,12.9,6.9,1.8,0.2,0.2,0.0,0.1,0.0,95.2,83.3,97.9,99.7,99.8,1066.7,10.67,15,15,15,35,74,374,1,2,是,否,否,否,否,否,否,是,否,否,否,否,否,否,否,否,否,否,否,否,否,否,否,否,否,否,否,否,否,否,否,否,否,否,否,否,否,32.0,33,33,33,97.0,100.0,否,否,24293,21074,0.8,2.6,3.4,0.052,0.093,5725,2116,36,0.007,100.0,1066.0,0.0,0.0,0.0,0.0,0.0,0.0,0.0,317,否,否,否,否,否,否,7.413,20.804,50.4,-5.634,25.2,221.6,60.9,61.8,60.1,60.1,60.1,60.1,60.5,61.1,60.0,60.0,60.0,60.0,16.33,16.57,16.09,16.09,16.58,16.58,1.86,13.89,16.06,0.27,0.23,0,0,0.0,0.0,0,0.000,
17.9.2026,23:20:44.909,6052,33459,15.3,5768,10415,35.6,0.0,23329,0,0.764,0.800,0.757,0.750,0.750,0.693,0.698,1025.0,1100.0,1000.0,1000.0,1000.0,100.0,1000.0,29.7,135.9,77.5,17.5,2.3,1.6,0.2,2.2,0.2,29.7,3.4,11.0,6.9,2.1,1.5,1.4,1.3,1.5,1.3,11.0,3.4,100.0,1.1,4.9,2.9,0.7,0.1,0.1,0.0,0.1,0.0,1.1,10.2,11.0,10.0,10.0,10.0,10.0,32,30,34,34,33,68,70,66,66,67,36,34,否,否,否,否,否,否,否,否,否,否,否,否,否,否,否,否,否,否,35,34,35,0.250,1.860,0.204,0.006,3.682,0.699,0.207,0.692,35.0,30.0,64.0,64.0,0,17.2,16.2,1.4,1.7,43.3,2.8,13.5,7.4,1.2,0.0,0.0,0.0,0.0,0.0,95.2,82.4,98.7,99.9,99.9,1066.7,10.67,15,15,15,35,74,374,1,2,否,否,否,否,否,否,否,否,否,否,否,否,否,否,否,否,否,否,否,否,否,否,否,否,否,否,否,否,否,否,否,否,否,否,否,否,否,32.0,33,33,33,97.0,100.0,否,否,24293,21074,0.0,5.5,5.5,0.000,0.206,5725,2116,36,0.006,100.0,1066.0,0.0,0.0,0.0,0.0,0.0,0.0,0.0,317,否,否,否,否,否,否,7.457,20.804,50.4,-5.712,25.2,218.5,60.9,61.8,60.1,60.1,60.1,60.1,60.5,61.1,60.0,60.0,60.0,60.0,16.33,16.57,16.09,16.09,16.58,16.58,1.86,13.89,16.06,0.27,0.23,0,0,0.0,0.0,0,0.000,
17.9.2026,23:20:46.920,6053,33458,15.3,5767,10416,35.6,0.0,23329,0,0.764,0.795,0.757,0.752,0.750,0.681,0.698,1000.0,1000.0,1000.0,1000.0,1000.0,100.0,800.0,50.3,212.0,123.5,33.0,5.3,23.5,1.2,3.3,0.5,50.3,3.6,16.8,9.4,2.0,0.2,0.7,0.0,0.0,0.0,16.8,3.6,100.0,1.9,8.1,4.8,1.3,0.2,1.0,0.0,0.1,0.0,1.9,10.0,10.0,10.0,10.0,10.0,8.0,33,30,33,33,33,67,70,67,67,67,36,34,否,否,否,否,否,否,否,否,否,否,否,否,否,否,否,否,否,否,36,33,36,0.250,1.553,0.178,0.008,2.729,0.671,0.232,0.433,35.0,30.0,64.0,64.0,0,18.3,6.4,2.2,3.8,50.0,2.7,12.5,7.1,1.7,0.2,0.1,0.0,0.2,0.0,95.2,83.3,98.0,99.8,99.8,1066.7,10.67,15,15,15,35,74,374,1,2,否,否,否,否,否,否,否,否,否,否,否,否,否,否,否,否,否,否,否,否,否,否,否,否,否,否,否,否,否,否,否,否,否,否,否,否,否,32.0,33,33,33,97.0,100.0,否,否,24293,21074,0.0,1.0,1.0,0.000,0.010,5725,2116,36,0.008,100.0,1066.0,0.0,0.0,0.0,0.0,0.0,0.0,0.0,317,否,否,否,否,否,否,7.458,20.796,50.3,-5.668,25.2,220.1,60.9,61.8,60.1,60.1,60.1,60.1,60.5,61.1,60.0,60.0,60.0,60.0,16.33,16.57,16.09,16.09,16.58,16.58,1.86,13.89,16.06,0.27,0.23,0,0,0.0,0.0,0,0.000,
17.9.2026,23:20:48.932,6052,33459,15.3,5764,10418,35.6,0.0,23329,0,0.763,0.795,0.757,0.750,0.750,0.681,0.741,1000.0,1000.0,1000.0,1000.0,1000.0,100.0,800.0,29.8,127.7,73.6,32.8,2.1,0.9,0.3,0.4,0.4,29.8,2.3,10.3,5.9,1.8,0.0,0.0,0.0,0.0,0.0,10.3,2.3,100.0,1.1,4.5,2.8,1.3,0.1,0.0,0.0,0.0,0.0,1.1,10.0,10.0,10.0,10.0,10.0,8.0,32,30,33,34,33,68,70,67,66,67,36,34,否,否,否,否,否,否,否,否,否,否,否,否,否,否,否,否,否,否,36,35,36,0.250,1.798,0.287,0.007,3.548,0.717,0.232,0.505,35.0,30.0,64.0,64.0,0,17.8,9.6,1.3,2.1,50.5,2.7,12.5,6.8,2.2,0.2,0.1,0.0,0.0,0.0,95.3,83.9,97.7,99.9,99.9,1066.7,10.67,15,15,15,35,74,374,1,2,是,否,否,否,否,否,否,是,否,否,否,否,否,否,否,否,否,否,否,否,否,否,否,否,否,否,是,否,否,否,否,否,否,否,是,否,否,32.0,33,33,32,97.0,100.0,否,否,24293,21074,0.0,1.9,1.9,0.000,0.020,5725,2116,36,0.007,100.0,1066.0,0.0,0.0,0.0,0.0,0.0,0.0,0.0,317,否,否,否,否,否,否,7.464,20.796,50.3,-5.680,25.2,219.7,60.9,61.8,60.1,60.1,60.1,60.1,60.5,61.1,60.0,60.0,60.0,60.0,16.33,16.57,16.09,16.09,16.58,16.58,1.86,13.89,16.06,0.27,0.23,0,0,0.0,0.0,0,0.000,
17.9.2026,23:20:50.946,6052,33459,15.3,5764,10419,35.6,0.0,23329,0,0.764,0.795,0.760,0.750,0.750,0.681,0.738,1000.0,1000.0,1000.0,1000.0,1000.0,100.0,800.0,28.6,143.8,66.8,12.6,2.0,2.0,0.7,0.9,0.2,28.6,2.0,11.0,5.3,0.0,0.0,0.0,0.0,0.0,0.0,11.0,2.0,100.0,1.0,5.2,2.5,0.5,0.1,0.1,0.0,0.0,0.0,1.0,10.0,10.0,10.0,10.0,10.0,8.0,32,30,32,34,32,68,70,68,66,68,36,34,否,否,否,否,否,否,否,否,否,否,否,否,否,否,否,否,否,否,36,34,36,0.250,1.668,0.195,0.007,3.022,0.669,0.220,0.539,35.0,30.0,64.0,64.0,0,18.1,6.9,1.6,3.3,51.5,2.6,13.1,6.1,0.8,0.2,0.2,0.1,0.1,0.0,95.6,83.6,99.0,99.8,99.9,1066.7,10.67,15,15,15,35,74,374,1,2,是,否,否,否,否,否,否,否,否,否,是,否,否,否,否,否,否,否,否,否,否,否,否,否,否,否,否,否,否,否,否,否,否,否,否,否,否,34.0,33,33,32,97.0,100.0,否,否,24293,21074,0.0,1.0,1.0,0.000,0.012,5725,2116,36,0.007,100.0,1066.0,0.0,0.0,0.0,0.0,0.0,0.0,0.0,317,否,否,否,否,否,否,7.437,20.788,50.3,-5.674,25.2,219.8,60.9,61.8,60.1,60.1,60.1,60.1,60.5,61.1,60.0,60.0,60.0,60.0,16.33,16.57,16.09,16.09,16.58,16.58,1.86,13.89,16.06,0.27,0.23,0,0,0.0,0.0,0,0.000,
17.9.2026,23:20:52.945,6054,33457,15.3,5766,10417,35.6,0.0,23329,0,0.759,0.792,0.752,0.747,0.745,0.678,0.698,900.0,900.0,900.0,900.0,900.0,100.0,700.0,35.6,156.9,97.8,25.0,2.9,1.6,0.2,0.6,0.2,35.6,3.2,12.8,8.5,3.2,0.1,0.8,0.0,0.0,0.0,12.8,3.2,100.0,1.3,5.7,3.8,1.0,0.1,0.1,0.0,0.0,0.0,1.3,9.0,9.0,9.0,9.0,9.0,7.0,33,29,34,34,34,67,71,66,66,66,36,34,否,否,否,否,否,否,否,否,否,否,否,否,否,否,否,否,否,否,35,35,35,0.250,1.527,0.201,0.007,2.677,0.639,0.213,0.426,35.0,30.0,64.0,64.0,0,17.1,11.2,1.6,1.7,47.1,3.2,14.2,8.6,2.0,0.3,0.2,0.0,0.1,0.0,94.6,81.2,97.7,99.8,99.9,1066.7,10.67,15,15,15,35,74,374,1,2,否,否,否,否,否,否,否,否,否,否,否,否,否,否,否,否,否,否,否,否,否,否,否,否,否,否,否,否,否,否,否,否,否,否,否,否,否,32.0,33,33,32,97.0,100.0,否,否,24293,21074,0.0,2.0,2.0,0.000,0.067,5725,2116,36,0.007,100.0,1066.0,0.0,0.0,0.0,0.0,0.0,0.0,0.0,317,否,否,否,否,否,否,7.471,20.788,50.3,-5.648,25.2,220.8,60.9,61.8,60.1,60.1,60.1,60.1,60.5,61.1,60.0,60.0,60.0,60.0,16.33,16.57,16.09,16.09,16.58,16.58,1.86,13.89,16.06,0.27,0.23,0,0,0.0,0.0,0,0.000,
17.9.2026,23:20:54.965,6051,33461,15.3,5767,10416,35.6,0.0,23329,0,0.769,0.802,0.767,0.755,0.752,0.686,0.741,1100.0,1100.0,1100.0,1100.0,1100.0,100.0,900.0,36.0,163.6,102.6,10.5,1.3,1.5,0.2,8.6,0.2,36.0,3.3,11.9,6.9,0.7,0.0,0.0,0.0,7.0,0.0,11.9,3.3,100.0,1.3,5.8,3.9,0.4,0.0,0.1,0.0,0.4,0.0,1.3,11.0,11.0,11.0,11.0,11.0,9.0,33,31,33,33,34,67,69,67,67,66,36,34,否,否,否,否,否,否,否,否,否,否,否,否,否,否,否,否,否,否,36,35,36,0.250,1.730,0.216,0.006,3.272,0.695,0.230,0.549,35.0,30.0,64.0,64.0,0,17.4,8.7,1.4,1.7,49.4,3.0,14.3,7.8,1.0,0.1,0.2,0.0,0.7,0.0,94.7,81.1,98.8,99.8,99.3,1066.7,10.67,15,15,15,35,74,374,1,2,否,否,否,否,否,否,否,否,否,否,否,否,否,否,否,否,否,否,否,否,否,否,否,否,否,否,否,否,否,否,否,否,否,否,否,否,否,33.0,33,33,32,97.0,100.0,否,否,24293,21074,0.0,2.4,2.4,0.000,4.227,5725,2124,36,0.006,100.0,1066.0,0.0,0.0,0.0,0.0,0.0,0.0,0.0,317,否,否,否,否,否,否,7.461,20.788,50.3,-5.633,25.2,221.4,60.9,61.8,60.1,60.1,60.1,60.1,60.5,61.1,60.0,60.0,60.0,60.0,16.33,16.57,16.09,16.09,16.58,16.58,1.86,13.89,16.06,0.27,0.23,0,0,0.0,0.0,0,0.000,
17.9.2026,23:20:56.965,6048,33463,15.3,5762,10420,35.6,0.0,23329,0,0.764,0.795,0.757,0.755,0.750,0.681,0.738,1000.0,1000.0,1000.0,1000.0,1000.0,100.0,800.0,34.7,148.0,86.3,32.4,8.1,2.4,0.2,0.4,0.2,34.7,2.9,12.0,7.1,2.1,0.6,1.0,0.0,0.0,0.0,12.0,2.9,100.0,1.3,5.4,3.3,1.3,0.3,0.1,0.0,0.0,0.0,1.3,10.0,10.0,10.0,10.0,10.0,8.0,32,30,33,34,33,68,70,67,66,67,36,34,否,否,否,否,否,否,否,否,否,否,否,否,否,否,否,否,否,否,35,34,36,0.250,1.725,0.240,0.008,3.165,0.689,0.236,0.516,35.0,30.0,64.0,64.0,0,17.6,5.1,1.4,3.7,50.8,3.1,14.0,7.8,2.3,0.7,0.2,0.0,0.0,0.0,94.6,81.6,97.2,99.7,99.9,1066.7,10.67,15,15,15,35,74,374,1,2,否,否,否,否,否,否,否,否,否,否,否,否,否,否,否,否,否,否,否,否,否,否,否,否,否,否,否,否,否,否,否,否,否,否,否,否,否,33.0,33,33,32,97.0,100.0,否,否,24293,21074,0.0,1.5,1.5,0.000,0.079,5725,2124,36,0.008,100.0,1066.0,0.0,0.0,0.0,0.0,0.0,0.0,0.0,317,否,否,否,否,否,否,7.472,20.788,50.3,-5.619,25.2,222.0,60.9,61.8,60.1,60.1,60.1,60.1,60.5,61.1,60.0,60.0,60.0,60.0,16.33,16.57,16.09,16.09,16.58,16.58,1.86,13.89,16.06,0.27,0.23,0,0,0.0,0.0,0,0.000,
17.9.2026,23:20:58.967,6048,33463,15.3,5760,10422,35.5,0.0,23329,0,0.765,0.797,0.757,0.755,0.750,0.681,0.741,1000.0,1000.0,1000.0,1000.0,1000.0,100.0,800.0,30.1,134.0,93.4,9.7,1.3,1.6,0.2,0.4,0.2,30.1,2.6,10.9,7.1,0.7,0.7,0.0,0.6,0.6,0.6,10.9,2.6,100.0,1.1,4.8,3.6,0.4,0.0,0.1,0.0,0.0,0.0,1.1,10.0,10.0,10.0,10.0,10.0,8.0,32,30,33,34,33,68,70,67,66,67,36,34,否,否,否,否,否,否,否,否,否,否,否,否,否,否,否,否,否,否,36,34,36,0.250,1.513,0.184,0.006,2.690,0.664,0.237,0.389,35.0,30.0,64.0,64.0,0,17.8,7.6,2.1,2.1,50.3,2.8,13.1,8.1,1.0,0.1,0.2,0.0,0.0,0.0,95.2,82.2,98.9,99.8,99.9,1066.7,10.67,15,15,15,35,74,374,1,2,否,否,否,否,否,否,否,否,否,否,否,否,否,否,否,否,否,否,否,否,否,否,否,否,否,否,否,否,否,否,否,否,否,否,否,否,否,32.0,33,33,32,97.0,100.0,否,否,24293,21074,0.0,1.6,1.6,0.000,0.042,5725,2125,36,0.006,100.0,1066.0,0.0,0.0,0.0,0.0,0.0,0.0,0.0,317,否,否,否,否,否,否,7.469,20.788,50.3,-5.632,25.2,221.4,60.9,61.8,60.1,60.1,60.1,60.1,60.5,61.1,60.0,60.0,60.0,60.0,16.33,16.57,16.09,16.09,16.58,16.58,1.86,13.89,16.06,0.27,0.23,0,0,0.0,0.0,0,0.000,
17.9.2026,23:21:0.970,6049,33463,15.3,5769,10413,35.6,0.0,23329,0,0.764,0.797,0.757,0.752,0.750,0.681,0.741,1000.0,1000.0,1000.0,1000.0,1000.0,100.0,800.0,33.9,141.4,70.1,38.4,16.8,2.9,0.5,1.0,0.3,33.9,2.8,12.3,6.3,2.8,1.1,0.0,0.0,0.0,0.0,12.3,2.8,100.0,1.3,5.1,2.6,1.5,0.7,0.1,0.0,0.0,0.0,1.3,10.0,10.0,10.0,10.0,10.0,8.0,32,30,34,34,32,68,70,66,66,68,36,34,否,否,否,否,否,否,否,否,否,否,否,否,否,否,否,否,否,否,36,33,36,0.250,1.607,0.168,0.008,2.922,0.670,0.226,0.496,35.0,30.0,64.0,64.0,0,17.4,6.2,1.3,2.2,51.7,3.1,13.8,6.6,2.6,1.5,0.3,0.1,0.1,0.0,94.6,82.9,96.0,99.6,99.8,1066.7,10.67,15,15,15,35,74,374,1,2,否,否,否,否,否,否,否,否,否,否,否,否,否,否,否,否,否,否,否,否,否,否,否,否,否,否,否,否,否,否,否,否,否,否,否,否,否,34.0,33,33,32,97.0,100.0,否,否,24293,21074,0.0,1.5,1.5,0.000,0.016,5725,2125,36,0.008,100.0,1066.0,0.0,0.0,0.0,0.0,0.0,0.0,0.0,317,否,否,否,否,否,否,7.470,20.781,50.3,-5.617,25.2,222.0,60.9,61.8,60.1,60.1,60.1,60.1,60.5,61.1,60.0,60.0,60.0,60.0,16.33,16.57,16.09,16.09,16.58,16.58,1.86,13.89,16.06,0.27,0.23,0,0,0.0,0.0,0,0.000,
17.9.2026,23:21:2.975,6048,33464,15.3,5768,10414,35.6,0.0,23329,0,0.762,0.795,0.755,0.747,0.750,0.681,0.741,950.0,1000.0,900.0,900.0,1000.0,100.0,800.0,29.3,129.1,83.9,18.1,1.4,1.2,0.2,0.2,0.2,29.3,2.3,10.8,7.0,0.9,0.0,0.0,0.0,0.0,0.0,10.8,2.3,100.0,1.1,4.6,3.2,0.7,0.0,0.0,0.0,0.0,0.0,1.1,9.5,10.0,9.0,9.0,10.0,8.0,32,30,33,34,33,68,70,67,66,67,35,34,否,否,否,否,否,否,否,否,否,否,否,否,否,否,否,否,否,否,36,34,36,0.250,1.586,0.192,0.007,2.839,0.682,0.246,0.433,35.0,30.0,64.0,64.0,0,17.1,10.6,1.3,1.8,49.3,2.8,12.9,7.9,1.2,0.2,0.1,0.0,0.0,0.0,95.2,82.4,98.6,99.8,99.9,1066.7,10.67,15,15,15,35,74,374,1,2,否,否,否,否,否,否,否,否,否,否,否,否,否,否,否,否,否,否,否,否,否,否,否,否,否,否,否,否,否,否,否,否,否,否,否,否,否,32.0,33,33,32,97.0,100.0,否,否,24293,21074,0.0,1.0,1.0,0.000,0.044,5725,2125,36,0.007,100.0,1066.0,0.0,0.0,0.0,0.0,0.0,0.0,0.0,317,否,否,否,否,否,否,7.470,20.781,50.3,-5.603,25.2,222.5,60.9,61.8,60.1,60.1,60.1,60.1,60.5,61.1,60.0,60.0,60.0,60.0,16.33,16.57,16.09,16.09,16.58,16.58,1.86,13.89,16.06,0.27,0.23,0,0,0.0,0.0,0,0.000,
17.9.2026,23:21:4.968,6048,33463,15.3,5766,10416,35.6,0.0,23329,0,0.764,0.795,0.760,0.750,0.750,0.681,0.738,1000.0,1000.0,1000.0,1000.0,1000.0,100.0,800.0,28.9,129.6,70.0,29.3,1.3,0.5,0.2,0.2,0.2,28.9,2.3,10.7,5.8,1.4,0.7,0.0,0.0,0.0,0.0,10.7,2.3,100.0,1.1,4.6,2.6,1.2,0.0,0.0,0.0,0.0,0.0,1.1,10.0,10.0,10.0,10.0,10.0,8.0,32,30,32,33,33,68,70,68,67,67,35,33,否,否,否,否,否,否,否,否,否,否,否,否,否,否,否,否,否,否,36,34,36,0.250,1.632,0.170,0.005,3.035,0.668,0.217,0.532,35.0,30.0,64.0,64.0,0,17.7,7.5,1.7,2.0,51.6,2.7,12.9,6.7,1.8,0.1,0.1,0.0,0.0,0.0,95.3,83.4,98.0,99.9,99.9,1066.7,10.67,15,15,15,35,74,374,1,2,是,否,否,否,否,否,否,是,否,否,否,否,否,否,否,否,否,否,否,否,否,否,否,否,否,否,否,否,否,否,否,否,否,否,否,否,否,32.0,33,33,32,97.0,100.0,否,否,24293,21074,0.0,1.5,1.5,0.000,0.104,5725,2125,36,0.005,100.0,1066.0,0.0,0.0,0.0,0.0,0.0,0.0,0.0,317,否,否,否,否,否,否,7.467,20.781,50.3,-5.593,25.2,222.9,60.9,61.8,60.1,60.1,60.1,60.1,60.5,61.1,60.0,60.0,60.0,60.0,16.33,16.57,16.09,16.09,16.58,16.58,1.86,13.89,16.06,0.27,0.23,0,0,0.0,0.0,0,0.000,
17.9.2026,23:21:6.966,6048,33463,15.3,5765,10417,35.6,0.0,23329,0,0.765,0.797,0.757,0.755,0.750,0.681,0.741,1000.0,1000.0,1000.0,1000.0,1000.0,100.0,800.0,28.2,129.3,76.0,15.6,2.8,1.6,0.2,0.3,0.2,28.2,4.5,10.9,6.5,1.5,0.0,15.6,0.5,0.5,0.5,15.6,4.5,100.0,1.0,4.6,2.9,0.6,0.1,0.1,0.0,0.0,0.0,1.0,10.0,10.0,10.0,10.0,10.0,8.0,32,30,33,34,33,68,70,67,66,67,36,34,否,否,否,否,否,否,否,否,否,否,否,否,否,否,否,否,否,否,36,34,36,0.250,1.588,0.182,0.006,2.829,0.673,0.231,0.462,35.0,30.0,64.0,64.0,0,18.1,5.7,1.3,2.2,53.7,2.6,12.5,6.8,1.2,0.3,0.2,0.0,0.0,0.0,95.3,83.2,98.4,99.8,99.9,1066.7,10.67,15,15,15,35,74,374,1,2,否,否,否,否,否,否,否,否,否,否,否,否,否,否,否,否,否,否,否,否,否,否,否,否,否,否,否,否,否,否,否,否,否,否,否,否,否,33.0,33,33,32,97.0,100.0,否,否,24293,21074,0.0,1.5,1.5,0.000,0.104,5725,2125,36,0.006,100.0,1066.0,0.0,0.0,0.0,0.0,0.0,0.0,0.0,317,否,否,否,否,否,否,7.472,20.773,50.3,-5.574,25.2,223.6,60.9,61.8,60.1,60.1,60.1,60.1,60.5,61.1,60.0,60.0,60.0,60.0,16.33,16.57,16.09,16.09,16.58,16.58,1.86,13.89,16.06,0.27,0.23,0,0,0.0,0.0,0,0.000,
17.9.2026,23:21:8.979,6049,33463,15.3,5764,10419,35.6,0.0,23329,0,0.760,0.792,0.755,0.747,0.745,0.678,0.701,900.0,900.0,900.0,900.0,900.0,100.0,700.0,30.7,128.2,82.7,29.6,3.1,1.0,0.2,0.6,0.2,30.7,2.7,10.8,7.2,1.6,0.2,0.8,0.0,0.8,0.0,10.8,2.7,100.0,1.1,4.5,3.1,1.2,0.1,0.0,0.0,0.0,0.0,1.1,9.0,9.0,9.0,9.0,9.0,7.0,32,30,32,33,33,68,70,68,67,67,36,33,否,否,否,否,否,否,否,否,否,否,否,否,否,否,否,否,否,否,35,35,35,0.250,1.475,0.164,0.008,2.562,0.646,0.224,0.397,35.0,30.0,64.0,64.0,0,17.4,14.3,1.3,2.1,44.9,2.9,12.9,7.9,1.7,0.3,0.1,0.0,0.1,0.0,95.0,82.4,97.9,99.8,99.9,1066.7,10.67,15,15,15,35,74,374,1,2,是,否,否,否,否,否,否,是,否,否,否,否,否,否,否,否,否,否,否,否,否,否,否,否,否,否,否,否,否,否,否,否,否,否,否,否,否,34.0,33,33,32,97.0,100.0,否,否,24293,21074,0.0,4.3,4.3,0.000,0.108,5725,2125,36,0.008,100.0,1066.0,0.0,0.0,0.0,0.0,0.0,0.0,0.0,317,否,否,否,否,否,否,7.464,20.773,50.3,-5.531,25.2,225.3,60.9,61.8,60.1,60.1,60.1,60.1,60.5,61.1,60.0,60.0,60.0,60.0,16.33,16.57,16.09,16.09,16.58,16.58,1.86,13.89,16.06,0.27,0.23,0,0,0.0,0.0,0,0.000,
17.9.2026,23:21:10.995,6048,33464,15.3,5763,10420,35.6,0.0,23329,0,0.765,0.797,0.760,0.752,0.750,0.681,0.741,1000.0,1000.0,1000.0,1000.0,1000.0,100.0,800.0,28.1,134.0,67.6,19.1,1.6,1.5,0.2,0.3,0.2,28.1,2.3,10.6,4.8,1.4,0.6,0.0,0.5,0.0,0.5,10.6,2.3,100.0,1.0,4.8,2.5,0.8,0.1,0.1,0.0,0.0,0.0,1.0,10.0,10.0,10.0,10.0,10.0,8.0,32,30,33,33,33,68,70,67,67,67,35,33,否,否,否,否,否,否,否,否,否,否,否,否,否,否,否,否,否,否,36,34,36,0.250,1.858,0.211,0.006,3.553,0.715,0.226,0.660,35.0,30.0,64.0,64.0,0,18.2,6.4,2.1,2.7,52.0,2.6,12.8,5.8,1.8,0.2,0.2,0.0,0.0,0.0,95.5,84.1,98.1,99.8,99.9,1066.7,10.67,15,15,15,35,74,374,1,2,否,否,否,否,否,否,否,否,否,否,否,否,否,否,否,否,否,否,否,否,否,否,否,否,否,否,否,否,否,否,否,否,否,否,否,否,否,33.0,33,33,32,97.0,100.0,否,否,24293,21074,0.0,0.5,0.5,0.000,0.010,5725,2125,36,0.006,100.0,1066.0,0.0,0.0,0.0,0.0,0.0,0.0,0.0,317,否,否,否,否,否,否,7.458,20.766,50.3,-5.556,25.2,224.2,60.9,61.8,60.1,60.1,60.1,60.1,60.5,61.1,60.0,60.0,60.0,60.0,16.33,16.57,16.09,16.09,16.58,16.58,1.86,13.89,16.06,0.27,0.23,0,0,0.0,0.0,0,0.000,
17.9.2026,23:21:13.009,6049,33463,15.3,5761,10421,35.6,0.0,23329,0,0.763,0.795,0.757,0.750,0.750,0.681,0.741,1000.0,1000.0,1000.0,1000.0,1000.0,100.0,800.0,30.3,123.8,84.3,27.1,3.4,2.9,0.2,0.6,0.2,30.3,2.4,10.2,7.0,1.6,0.0,0.8,0.0,0.0,0.0,10.2,2.4,100.0,1.1,4.3,3.2,1.1,0.1,0.1,0.0,0.0,0.0,1.1,10.0,10.0,10.0,10.0,10.0,8.0,33,31,34,34,32,67,69,66,66,68,36,34,否,否,否,否,否,否,否,否,否,否,否,否,否,否,否,否,否,否,36,33,36,0.250,1.478,0.167,0.008,2.610,0.635,0.213,0.414,35.0,30.0,64.0,64.0,0,17.5,14.7,1.3,1.5,44.5,2.9,12.4,8.0,2.0,0.3,0.3,0.0,0.1,0.0,94.9,82.5,97.6,99.7,99.9,1066.7,10.67,15,15,15,35,74,374,1,2,否,否,否,否,否,否,否,否,否,否,否,否,否,否,否,否,否,否,否,否,否,否,否,否,否,否,否,否,否,否,否,否,否,否,否,否,否,33.0,33,33,32,97.0,100.0,否,否,24293,21074,0.0,1.6,1.6,0.000,0.116,5725,2125,36,0.008,100.0,1066.0,0.0,0.0,0.0,0.0,0.0,0.0,0.0,317,否,否,否,否,否,否,7.459,20.766,50.3,-5.542,25.2,224.8,60.9,61.8,60.1,60.1,60.1,60.1,60.5,61.1,60.0,60.0,60.0,60.0,16.33,16.57,16.09,16.09,16.58,16.58,1.86,13.89,16.06,0.27,0.23,0,0,0.0,0.0,0,0.000,
17.9.2026,23:21:15.010,6048,33464,15.3,5759,10423,35.5,0.0,23329,0,0.764,0.797,0.760,0.750,0.750,0.681,0.698,1000.0,1000.0,1000.0,1000.0,1000.0,100.0,800.0,28.5,122.1,61.3,39.2,3.6,1.0,0.2,0.2,0.2,28.5,2.3,10.6,5.5,2.7,0.0,0.0,0.0,0.0,0.0,10.6,2.3,100.0,1.0,4.3,2.2,1.6,0.1,0.0,0.0,0.0,0.0,1.0,10.0,10.0,10.0,10.0,10.0,8.0,32,29,32,34,33,68,71,68,66,67,36,34,否,否,否,否,否,否,否,否,否,否,否,否,否,否,否,否,否,否,35,33,35,0.250,1.822,0.187,0.007,3.503,0.739,0.235,0.614,35.0,30.0,64.0,64.0,0,18.1,9.3,1.9,2.4,49.5,2.6,12.2,5.8,2.4,0.4,0.1,0.0,0.0,0.0,95.4,84.5,97.3,99.8,99.9,1066.7,10.67,15,15,15,35,74,374,1,2,是,否,否,否,否,否,否,是,否,否,否,否,否,否,否,否,否,否,否,否,否,否,否,否,否,否,否,否,否,否,否,否,否,否,否,否,否,32.0,33,33,32,97.0,100.0,否,否,24293,21074,0.0,1.0,1.0,0.000,0.014,5725,2125,36,0.007,100.0,1066.0,0.0,0.0,0.0,0.0,0.0,0.0,0.0,317,否,否,否,否,否,否,7.442,20.758,50.3,-5.567,25.2,223.7,60.9,61.8,60.1,60.1,60.1,60.1,60.5,61.1,60.0,60.0,60.0,60.0,16.33,16.57,16.09,16.09,16.58,16.58,1.86,13.89,16.06,0.27,0.23,0,0,0.0,0.0,0,0.000,
17.9.2026,23:21:17.017,6048,33464,15.3,5758,10424,35.5,0.0,23329,0,0.766,0.797,0.760,0.755,0.750,0.681,0.741,1000.0,1000.0,1000.0,1000.0,1000.0,100.0,800.0,27.8,125.0,70.1,25.8,0.2,0.8,0.2,0.2,0.2,27.8,4.3,10.5,6.0,1.6,0.1,15.9,0.1,0.1,0.1,15.9,4.3,100.0,1.0,4.4,2.6,1.1,0.0,0.0,0.0,0.0,0.0,1.0,10.0,10.0,10.0,10.0,10.0,8.0,32,29,33,34,33,68,71,67,66,67,35,34,否,否,否,否,否,否,否,否,否,否,否,否,否,否,否,否,否,否,36,34,36,0.250,1.630,0.203,0.006,2.919,0.673,0.223,0.487,35.0,30.0,64.0,64.0,0,18.3,6.9,1.8,2.6,51.1,2.6,12.4,6.6,1.6,0.0,0.1,0.0,0.0,0.0,95.5,83.8,98.3,99.9,99.9,1066.7,10.67,15,15,15,35,74,374,1,2,否,否,否,否,否,否,否,否,否,否,否,否,否,否,否,否,否,否,否,否,否,否,否,否,否,否,否,否,否,否,否,否,否,否,否,否,否,32.0,33,33,32,97.0,100.0,否,否,24293,21074,0.0,1.0,1.0,0.000,0.020,5725,2126,36,0.006,100.0,1066.0,0.0,0.0,0.0,0.0,0.0,0.0,0.0,317,否,否,否,否,否,否,7.425,20.758,50.3,-5.539,25.2,224.8,60.9,61.8,60.1,60.1,60.1,60.1,60.5,61.1,60.0,60.0,60.0,60.0,16.33,16.57,16.09,16.09,16.58,16.58,1.86,13.89,16.06,0.27,0.23,0,0,0.0,0.0,0,0.000,
17.9.2026,23:21:19.028,6048,33464,15.3,5757,10425,35.5,0.0,23329,0,0.762,0.797,0.757,0.745,0.747,0.683,0.698,925.0,1000.0,900.0,900.0,900.0,100.0,800.0,30.1,127.7,81.3,29.7,1.0,0.3,0.2,0.2,0.2,30.1,2.4,10.6,6.9,1.9,0.0,0.0,0.0,0.0,0.0,10.6,2.4,100.0,1.1,4.5,3.1,1.2,0.0,0.0,0.0,0.0,0.0,1.1,9.2,10.0,9.0,9.0,9.0,8.0,32,30,34,33,32,68,70,66,67,68,36,34,否,否,否,否,否,否,否,否,否,否,否,否,否,否,否,否,否,否,36,35,36,0.250,1.544,0.174,0.006,2.710,0.673,0.228,0.427,35.0,30.0,64.0,64.0,0,17.9,8.0,1.6,2.6,49.4,2.9,12.8,7.8,2.1,0.1,0.0,0.0,0.0,0.0,95.1,82.8,97.7,99.9,99.9,1066.7,10.67,15,15,15,35,74,374,1,2,否,否,否,否,否,否,否,否,否,否,否,否,否,否,否,否,否,否,否,否,否,否,否,否,否,否,否,否,否,否,否,否,否,否,否,否,否,32.0,33,33,32,97.0,100.0,否,否,24293,21074,0.0,1.1,1.1,0.000,0.018,5725,2126,36,0.006,100.0,1066.0,0.0,0.0,0.0,0.0,0.0,0.0,0.0,317,否,否,否,否,否,否,7.427,20.758,50.3,-5.511,25.2,226.0,60.9,61.8,60.1,60.1,60.1,60.1,60.5,61.1,60.0,60.0,60.0,60.0,16.33,16.57,16.09,16.09,16.58,16.58,1.86,13.89,16.06,0.27,0.23,0,0,0.0,0.0,0,0.000,
17.9.2026,23:21:21.049,6048,33463,15.3,5757,10426,35.5,0.0,23329,0,0.766,0.800,0.760,0.752,0.750,0.681,0.741,1000.0,1000.0,1000.0,1000.0,1000.0,100.0,800.0,28.5,119.5,67.0,39.9,0.2,0.5,0.2,0.2,0.2,28.5,2.5,9.7,5.4,2.1,0.4,1.2,0.4,0.4,0.4,9.7,2.5,100.0,1.0,4.2,2.5,1.6,0.0,0.0,0.0,0.0,0.0,1.0,10.0,10.0,10.0,10.0,10.0,8.0,32,30,32,33,32,68,70,68,67,68,35,33,否,否,否,否,否,否,否,否,否,否,否,否,否,否,否,否,否,否,36,34,35,0.250,1.570,0.175,0.005,2.935,0.647,0.209,0.488,35.0,30.0,64.0,64.0,0,18.0,7.2,1.5,2.8,51.0,2.6,12.0,6.4,2.5,0.0,0.1,0.0,0.0,0.0,95.4,84.4,97.4,99.9,99.9,1066.7,10.67,15,15,15,35,74,374,1,2,否,否,否,否,否,否,否,否,否,否,否,否,否,否,否,否,否,否,否,否,否,否,否,否,否,否,否,否,否,否,否,否,否,否,否,否,否,32.0,33,33,31,97.0,100.0,否,否,24293,21074,0.0,0.9,0.9,0.000,0.012,5725,2126,36,0.005,100.0,1066.0,0.0,0.0,0.0,0.0,0.0,0.0,0.0,317,否,否,否,否,否,否,7.425,20.750,50.2,-5.502,25.2,226.3,60.9,61.8,60.1,60.1,60.1,60.1,60.5,61.1,60.0,60.0,60.0,60.0,16.33,16.57,16.09,16.09,16.58,16.58,1.86,13.89,16.06,0.27,0.23,0,0,0.0,0.0,0,0.000,
17.9.2026,23:21:23.048,6051,33460,15.3,5764,10418,35.6,0.0,23329,0,0.764,0.797,0.760,0.750,0.750,0.681,0.698,1000.0,1000.0,1000.0,1000.0,1000.0,100.0,800.0,35.2,142.6,94.9,37.3,5.2,1.3,0.2,0.3,0.2,35.2,2.8,11.4,7.4,3.1,0.2,0.0,0.0,0.0,0.0,11.4,2.8,100.0,1.3,5.1,3.7,1.5,0.2,0.0,0.0,0.0,0.0,1.3,10.0,10.0,10.0,10.0,10.0,8.0,32,29,32,34,33,68,71,68,66,67,36,34,否,否,否,否,否,否,否,否,否,否,否,否,否,否,否,否,否,否,36,33,36,0.250,1.546,0.191,0.005,2.747,0.655,0.223,0.435,35.0,30.0,64.0,64.0,0,17.5,10.0,1.2,3.6,44.9,3.3,13.6,8.4,3.5,0.5,0.1,0.0,0.0,0.0,94.2,81.0,96.0,99.8,99.9,1066.7,10.67,15,15,15,35,74,374,1,2,是,否,否,否,否,否,否,否,否,否,是,否,否,否,否,否,否,否,否,否,否,否,否,否,否,否,否,否,否,否,否,否,否,否,否,否,否,32.0,33,33,32,97.0,100.0,否,否,24293,21074,0.0,1.5,1.5,0.000,0.098,5725,2126,36,0.005,100.0,1066.0,0.0,0.0,0.0,0.0,0.0,0.0,0.0,317,否,否,否,否,否,否,7.435,20.750,50.2,-5.487,25.2,226.9,60.9,61.8,60.1,60.1,60.1,60.1,60.5,61.1,60.0,60.0,60.0,60.0,16.33,16.57,16.09,16.09,16.58,16.58,1.86,13.89,16.06,0.27,0.23,0,0,0.0,0.0,0,0.000,
17.9.2026,23:21:25.059,6050,33462,15.3,5765,10417,35.6,0.0,23329,0,0.765,0.795,0.762,0.752,0.750,0.678,0.741,1000.0,1000.0,1000.0,1000.0,1000.0,100.0,800.0,28.7,130.5,74.4,21.9,1.4,0.6,0.3,0.3,0.3,28.7,2.7,11.6,7.0,2.4,0.0,0.7,0.0,0.0,0.0,11.6,2.7,100.0,1.0,4.6,2.8,0.9,0.0,0.0,0.0,0.0,0.0,1.0,10.0,10.0,10.0,10.0,10.0,8.0,33,31,33,34,33,67,69,67,66,67,36,34,否,否,否,否,否,否,否,否,否,否,否,否,否,否,否,否,否,否,36,34,36,0.250,1.699,0.181,0.008,3.288,0.710,0.238,0.526,35.0,30.0,64.0,64.0,0,18.0,7.1,1.5,2.6,50.7,2.8,12.9,7.0,1.9,0.2,0.1,0.0,0.0,0.0,95.2,82.9,97.9,99.9,99.9,1066.7,10.67,15,15,15,35,74,374,1,2,否,否,否,否,否,否,否,否,否,否,否,否,否,否,否,否,否,否,否,否,否,否,否,否,否,否,否,否,否,否,否,否,否,否,否,否,否,33.0,33,33,32,97.0,100.0,否,否,24293,21074,0.0,1.0,1.0,0.000,0.010,5725,2126,36,0.008,100.0,1066.0,0.0,0.0,0.0,0.0,0.0,0.0,0.0,317,否,否,否,否,否,否,7.456,20.743,50.2,-5.525,25.2,225.2,60.9,61.8,60.1,60.1,60.1,60.1,60.5,61.1,60.0,60.0,60.0,60.0,16.33,16.57,16.09,16.09,16.58,16.58,1.86,13.89,16.06,0.27,0.23,0,0,0.0,0.0,0,0.000,
17.9.2026,23:21:27.075,6050,33462,15.3,5766,10417,35.6,0.0,23329,0,0.771,0.802,0.767,0.760,0.755,0.688,0.741,1100.0,1100.0,1100.0,1100.0,1100.0,100.0,900.0,28.6,130.7,86.9,9.5,0.3,0.3,0.3,0.3,0.3,28.6,2.3,10.7,7.4,0.0,0.1,0.1,0.1,0.1,0.1,10.7,2.3,100.0,1.0,4.6,3.3,0.4,0.0,0.0,0.0,0.0,0.0,1.0,11.0,11.0,11.0,11.0,11.0,9.0,32,29,33,34,33,68,71,67,66,67,36,34,否,否,否,否,否,否,否,否,否,否,否,否,否,否,否,否,否,否,36,33,36,0.250,1.514,0.144,0.008,2.747,0.661,0.223,0.437,35.0,30.0,64.0,64.0,0,18.0,9.3,2.0,2.4,48.5,2.7,12.7,8.0,0.8,0.0,0.0,0.0,0.0,0.0,95.3,82.4,99.1,99.9,99.9,1066.7,10.67,15,15,15,35,74,374,1,2,否,否,否,否,否,否,否,否,否,否,否,否,否,否,否,否,否,否,否,否,否,否,否,否,否,否,否,否,否,否,否,否,否,否,否,否,否,33.0,33,33,32,97.0,100.0,否,否,24293,21074,0.0,2.9,2.9,0.000,0.030,5725,2126,36,0.008,100.0,1066.0,0.0,0.0,0.0,0.0,0.0,0.0,0.0,317,否,否,否,否,否,否,7.460,20.743,50.2,-5.505,25.2,226.1,60.9,61.8,60.1,60.1,60.1,60.1,60.5,61.1,60.0,60.0,60.0,60.0,16.33,16.57,16.09,16.09,16.58,16.58,1.86,13.89,16.06,0.27,0.23,0,0,0.0,0.0,0,0.000,
17.9.2026,23:21:29.064,6050,33462,15.3,5765,10417,35.6,0.0,23329,0,0.764,0.797,0.757,0.752,0.750,0.681,0.698,1000.0,1000.0,1000.0,1000.0,1000.0,100.0,800.0,30.8,145.8,66.6,31.3,1.4,0.4,0.2,0.2,0.2,30.8,3.7,12.0,5.3,9.7,0.6,0.5,0.5,0.5,0.5,12.0,3.7,100.0,1.1,5.2,2.5,1.3,0.0,0.0,0.0,0.0,0.0,1.1,10.0,10.0,10.0,10.0,10.0,8.0,32,29,33,34,33,68,71,67,66,67,36,34,否,否,否,否,否,否,否,否,否,否,否,否,否,否,否,否,否,否,36,33,36,0.250,1.630,0.160,0.007,2.977,0.698,0.234,0.496,35.0,30.0,64.0,64.0,0,17.8,11.0,1.6,2.6,46.2,2.9,14.4,6.3,2.3,0.2,0.1,0.0,0.0,0.0,95.0,82.5,97.5,99.9,99.9,1066.7,10.67,15,15,15,35,74,374,1,2,否,否,否,否,否,否,否,否,否,否,否,否,否,否,否,否,否,否,否,否,否,否,否,否,否,否,否,否,否,否,否,否,否,否,否,否,否,32.0,33,33,32,97.0,100.0,否,否,24293,21074,0.0,1.5,1.5,0.000,0.091,5725,2126,36,0.007,100.0,1066.0,0.0,0.0,0.0,0.0,0.0,0.0,0.0,317,否,否,否,否,否,否,7.446,20.743,50.2,-5.495,25.2,226.5,60.9,61.8,60.1,60.1,60.1,60.1,60.5,61.1,60.0,60.0,60.0,60.0,16.33,16.57,16.09,16.09,16.58,16.58,1.86,13.89,16.06,0.27,0.23,0,0,0.0,0.0,0,0.000,
17.9.2026,23:21:31.080,6050,33462,15.3,5764,10419,35.6,0.0,23329,0,0.766,0.797,0.760,0.755,0.750,0.683,0.701,1000.0,1000.0,1000.0,1000.0,1000.0,100.0,800.0,28.4,125.7,79.5,20.5,0.2,0.7,0.2,0.2,0.2,28.4,2.3,10.4,6.7,1.3,0.0,0.0,0.0,0.0,0.0,10.4,2.3,100.0,1.0,4.4,3.0,0.8,0.0,0.0,0.0,0.0,0.0,1.0,10.0,10.0,10.0,10.0,10.0,8.0,33,31,33,33,34,67,69,67,67,66,35,34,否,否,否,否,否,否,否,否,否,否,否,否,否,否,否,否,否,否,36,34,36,0.250,1.710,0.183,0.007,3.250,0.694,0.224,0.558,35.0,30.0,64.0,64.0,0,18.1,7.2,1.6,2.6,50.3,2.7,12.6,7.6,1.6,0.0,0.1,0.0,0.0,0.0,95.2,82.7,98.3,99.9,99.9,1066.7,10.67,15,15,15,35,74,374,1,2,否,否,否,否,否,否,否,否,否,否,否,否,否,否,否,否,否,否,否,否,否,否,否,否,否,否,否,否,否,否,否,否,否,否,否,否,否,33.0,33,33,31,97.0,100.0,否,否,24293,21074,0.0,1.0,1.0,0.000,0.012,5725,2126,36,0.007,100.0,1066.0,0.0,0.0,0.0,0.0,0.0,0.0,0.0,317,否,否,否,否,否,否,7.463,20.735,50.2,-5.530,25.2,225.0,60.9,61.8,60.1,60.1,60.1,60.1,60.5,61.1,60.0,60.0,60.0,60.0,16.33,16.57,16.09,16.09,16.58,16.58,1.86,13.89,16.06,0.27,0.23,0,0,0.0,0.0,0,0.000,
17.9.2026,23:21:33.084,6049,33462,15.3,5762,10420,35.6,0.0,23329,0,0.766,0.800,0.757,0.755,0.750,0.681,0.701,1000.0,1000.0,1000.0,1000.0,1000.0,100.0,800.0,29.3,123.5,85.6,23.6,0.2,1.0,0.2,0.2,0.2,29.3,2.9,10.3,7.0,1.9,0.7,0.8,0.7,0.7,0.7,10.3,2.9,100.0,1.1,4.3,3.3,1.0,0.0,0.0,0.0,0.0,0.0,1.1,10.0,10.0,10.0,10.0,10.0,8.0,32,30,33,33,34,68,70,67,67,66,35,34,否,否,否,否,否,否,否,否,否,否,否,否,否,否,否,否,否,否,37,34,37,0.250,1.540,0.160,0.006,2.773,0.675,0.228,0.434,35.0,30.0,64.0,64.0,0,17.8,11.4,1.2,2.3,47.1,2.8,12.3,7.8,2.0,0.0,0.1,0.0,0.0,0.0,95.1,82.9,97.9,99.8,99.9,1066.7,10.67,15,15,15,35,74,374,1,2,是,否,否,否,否,否,否,否,否,否,是,否,否,否,否,否,否,否,否,否,否,否,否,否,否,否,否,否,否,否,否,否,否,否,否,否,否,32.0,33,33,32,97.0,100.0,否,否,24293,21074,0.0,2.4,2.4,0.000,0.047,5725,2126,36,0.006,100.0,1066.0,0.0,0.0,0.0,0.0,0.0,0.0,0.0,317,否,否,否,否,否,否,7.463,20.735,50.2,-5.508,25.2,225.9,60.9,61.8,60.1,60.1,60.1,60.1,60.5,61.1,60.0,60.0,60.0,60.0,16.33,16.57,16.09,16.09,16.58,16.58,1.86,13.89,16.06,0.27,0.23,0,0,0.0,0.0,0,0.000,
17.9.2026,23:21:35.084,6049,33463,15.3,5761,10422,35.5,0.0,23329,0,0.765,0.797,0.757,0.752,0.752,0.681,0.701,1000.0,1000.0,1000.0,1000.0,1000.0,100.0,800.0,28.2,133.1,59.3,30.2,1.2,0.9,0.2,0.7,0.2,28.2,2.2,11.4,5.0,0.7,0.1,0.1,0.0,0.1,0.0,11.4,2.2,100.0,1.0,4.8,2.2,1.2,0.0,0.0,0.0,0.0,0.0,1.0,10.0,10.0,10.0,10.0,10.0,8.0,32,29,33,34,33,68,71,67,66,67,36,34,否,否,否,否,否,否,否,否,否,否,否,否,否,否,否,否,否,否,36,33,36,0.250,1.694,0.169,0.008,3.213,0.695,0.220,0.558,35.0,30.0,64.0,64.0,0,18.2,8.4,1.5,2.7,50.0,2.6,13.4,5.8,1.6,0.1,0.1,0.0,0.1,0.0,95.4,83.7,98.2,99.9,99.9,1066.7,10.67,15,15,15,35,74,374,1,2,否,否,否,否,否,否,否,否,否,否,否,否,否,否,否,否,否,否,否,否,否,否,否,否,否,否,否,否,否,否,否,否,否,否,否,否,否,32.0,33,33,32,97.0,100.0,否,否,24293,21074,0.0,1.4,1.4,0.000,0.020,5725,2126,36,0.008,100.0,1066.0,0.0,0.0,0.0,0.0,0.0,0.0,0.0,317,否,否,否,否,否,否,7.465,20.727,50.2,-5.532,25.2,224.8,60.9,61.8,60.1,60.1,60.1,60.1,60.5,61.1,60.0,60.0,60.0,60.0,16.33,16.57,16.09,16.09,16.58,16.58,1.86,13.89,16.06,0.27,0.23,0,0,0.0,0.0,0,0.000,
17.9.2026,23:21:37.083,6048,33463,15.3,5758,10424,35.5,0.0,23329,0,0.764,0.795,0.760,0.750,0.750,0.681,0.698,1000.0,1000.0,1000.0,1000.0,1000.0,100.0,800.0,29.0,135.0,64.1,29.7,0.2,1.4,0.2,1.6,0.2,29.0,2.4,11.8,5.1,2.2,0.0,0.0,0.0,0.0,0.0,11.8,2.4,100.0,1.1,4.8,2.4,1.2,0.0,0.0,0.0,0.1,0.0,1.1,10.0,10.0,10.0,10.0,10.0,8.0,33,30,34,34,33,67,70,66,66,67,36,34,否,否,否,否,否,否,否,否,否,否,否,否,否,否,否,否,否,否,36,34,36,0.250,1.575,0.196,0.007,2.801,0.673,0.227,0.438,35.0,30.0,64.0,64.0,0,18.3,10.5,1.7,2.8,47.2,2.7,13.4,6.1,1.8,0.0,0.1,0.0,0.2,0.0,95.3,83.5,98.1,99.8,99.8,1066.7,10.67,15,15,15,35,74,374,1,2,是,否,否,否,否,否,否,是,否,否,否,否,否,否,否,否,否,否,否,否,否,否,否,否,否,否,否,否,否,否,否,否,否,否,否,否,否,32.0,33,33,32,97.0,100.0,否,否,24293,21074,0.0,1.5,1.5,0.000,0.016,5725,2126,36,0.007,100.0,1066.0,0.0,0.0,0.0,0.0,0.0,0.0,0.0,317,否,否,否,否,否,否,7.464,20.727,50.2,-5.508,25.2,225.8,60.9,61.8,60.1,60.1,60.1,60.1,60.5,61.1,60.0,60.0,60.0,60.0,16.33,16.57,16.09,16.09,16.58,16.58,1.86,13.89,16.06,0.27,0.23,0,0,0.0,0.0,0,0.000,
17.9.2026,23:21:39.083,6047,33464,15.3,5756,10426,35.5,0.0,23329,0,0.766,0.797,0.760,0.755,0.750,0.678,0.698,1000.0,1000.0,1000.0,1000.0,1000.0,100.0,800.0,31.2,140.3,82.4,17.3,3.8,2.3,0.7,2.1,0.6,31.2,2.6,11.6,7.0,2.1,0.1,0.0,0.0,0.0,0.0,11.6,2.6,100.0,1.1,5.0,3.1,0.7,0.1,0.1,0.0,0.1,0.0,1.1,10.0,10.0,10.0,10.0,10.0,8.0,33,31,33,34,33,67,69,67,66,67,35,34,否,否,否,否,否,否,否,否,否,否,否,否,否,否,否,否,否,否,36,34,36,0.250,1.723,0.196,0.008,3.196,0.692,0.224,0.557,35.0,30.0,64.0,64.0,0,17.8,8.5,1.7,2.8,48.7,3.0,13.8,7.2,1.7,0.4,0.2,0.1,0.2,0.1,94.9,81.9,98.0,99.7,99.7,1066.7,10.67,15,15,15,35,74,374,1,2,否,否,否,否,否,否,否,否,否,否,否,否,否,否,否,否,否,否,否,否,否,否,否,否,否,否,否,否,否,否,否,否,否,否,否,否,否,33.0,33,33,31,97.0,100.0,否,否,24293,21074,0.0,1.5,1.5,0.000,0.065,5725,2126,36,0.008,100.0,1066.0,0.0,0.0,0.0,0.0,0.0,0.0,0.0,317,否,否,否,否,否,否,7.415,20.727,50.2,-5.495,25.2,226.3,60.9,61.8,60.1,60.1,60.1,60.1,60.5,61.1,60.0,60.0,60.0,60.0,16.33,16.57,16.09,16.09,16.58,16.58,1.86,13.89,16.06,0.27,0.23,0,0,0.0,0.0,0,0.000,
17.9.2026,23:21:41.083,6046,33466,15.3,5755,10428,35.5,0.0,23329,0,0.764,0.795,0.757,0.752,0.750,0.681,0.698,1000.0,1000.0,1000.0,1000.0,1000.0,100.0,800.0,29.4,125.7,73.3,30.0,3.8,1.9,0.2,0.2,0.2,29.4,2.4,10.6,6.3,2.1,0.3,0.2,0.0,0.0,0.0,10.6,2.4,100.0,1.1,4.4,2.7,1.2,0.1,0.1,0.0,0.0,0.0,1.1,10.0,10.0,10.0,10.0,10.0,8.0,32,30,33,33,33,68,70,67,67,67,36,33,否,否,否,否,否,否,否,否,否,否,否,否,否,否,否,否,否,否,36,34,36,0.250,1.642,0.171,0.007,2.999,0.695,0.238,0.496,35.0,30.0,64.0,64.0,0,17.7,8.6,1.4,2.3,49.9,2.8,12.6,7.0,2.2,0.4,0.2,0.0,0.0,0.0,95.1,83.2,97.5,99.8,99.9,1066.7,10.67,15,15,15,35,74,374,1,2,否,否,否,否,否,否,否,否,否,否,否,否,否,否,否,否,否,否,否,否,否,否,否,否,否,否,否,否,否,否,否,否,否,否,否,否,否,32.0,33,33,31,97.0,100.0,否,否,24293,21074,0.0,1.4,1.4,0.000,0.049,5725,2126,36,0.007,100.0,1066.0,0.0,0.0,0.0,0.0,0.0,0.0,0.0,317,否,否,否,否,否,否,7.443,20.720,50.2,-5.523,25.2,225.1,60.9,61.8,60.1,60.1,60.1,60.1,60.5,61.1,60.0,60.0,60.0,60.0,16.33,16.57,16.09,16.09,16.58,16.58,1.86,13.89,16.06,0.27,0.23,0,0,0.0,0.0,0,0.000,
17.9.2026,23:21:43.095,6045,33467,15.3,5755,10427,35.5,0.0,23329,0,0.764,0.797,0.757,0.750,0.750,0.678,0.698,1000.0,1000.0,1000.0,1000.0,1000.0,100.0,800.0,29.9,128.1,76.4,31.9,1.5,0.4,0.2,0.2,0.2,29.9,2.4,10.7,6.6,2.3,0.1,0.0,0.0,0.0,0.0,10.7,2.4,100.0,1.1,4.5,2.9,1.3,0.0,0.0,0.0,0.0,0.0,1.1,10.0,10.0,10.0,10.0,10.0,8.0,33,30,34,34,33,67,70,66,66,67,36,34,否,否,否,否,否,否,否,否,否,否,否,否,否,否,否,否,否,否,36,33,36,0.250,1.591,0.176,0.005,2.937,0.668,0.220,0.481,35.0,30.0,64.0,64.0,0,17.7,13.8,1.0,2.6,44.4,2.8,12.8,7.3,2.4,0.2,0.0,0.0,0.0,0.0,95.0,82.8,97.5,99.9,99.9,1066.7,10.67,15,15,15,35,74,374,1,2,否,否,否,否,否,否,否,否,否,否,否,否,否,否,否,否,否,否,否,否,否,否,否,否,否,否,否,否,否,否,否,否,否,否,否,否,否,34.0,33,33,32,97.0,100.0,否,否,24293,21074,0.0,2.1,2.1,0.000,0.096,5725,2127,36,0.005,100.0,1066.0,0.0,0.0,0.0,0.0,0.0,0.0,0.0,317,否,否,否,否,否,否,7.458,20.720,50.2,-5.534,25.2,224.6,60.9,61.8,60.1,60.1,60.1,60.1,60.5,61.1,60.0,60.0,60.0,60.0,16.33,16.57,16.09,16.09,16.58,16.58,1.86,13.89,16.06,0.27,0.23,0,0,0.0,0.0,0,0.000,
17.9.2026,23:21:45.100,6044,33467,15.2,5757,10425,35.5,0.0,23329,0,0.764,0.800,0.757,0.750,0.750,0.681,0.698,1025.0,1100.0,1000.0,1000.0,1000.0,100.0,800.0,28.8,127.1,70.8,28.9,0.2,1.4,0.2,1.9,0.2,28.8,2.7,10.3,5.7,1.6,0.4,1.3,0.4,1.3,0.4,10.3,2.7,100.0,1.1,4.5,2.7,1.2,0.0,0.0,0.0,0.1,0.0,1.1,10.2,11.0,10.0,10.0,10.0,8.0,32,30,32,34,32,68,70,68,66,68,36,34,否,否,否,否,否,否,否,否,否,否,否,否,否,否,否,否,否,否,36,34,36,0.250,1.859,0.187,0.008,3.561,0.732,0.234,0.656,35.0,30.0,64.0,64.0,0,18.1,7.6,1.8,2.5,50.2,2.7,12.7,6.8,2.1,0.0,0.1,0.0,0.2,0.0,95.2,83.6,97.8,99.8,99.8,1066.7,10.67,15,15,15,35,74,374,1,2,否,否,否,否,否,否,否,否,否,否,否,否,否,否,否,否,否,否,否,否,否,否,否,否,否,否,否,否,否,否,否,否,否,否,否,否,否,34.0,33,33,32,97.0,100.0,否,否,24293,21074,0.0,1.5,1.5,0.000,0.012,5725,2127,36,0.008,100.0,1066.0,0.0,0.0,0.0,0.0,0.0,0.0,0.0,317,否,否,否,否,否,否,7.457,20.720,50.2,-5.585,25.2,222.6,60.9,61.8,60.1,60.1,60.1,60.1,60.5,61.1,60.0,60.0,60.0,60.0,16.33,16.57,16.09,16.09,16.58,16.58,1.86,13.89,16.06,0.27,0.23,0,0,0.0,0.0,0,0.000,
17.9.2026,23:21:47.098,6045,33467,15.2,5760,10422,35.5,0.0,23329,0,0.764,0.795,0.760,0.750,0.750,0.678,0.698,1000.0,1000.0,1000.0,1000.0,1000.0,100.0,800.0,29.2,128.9,63.7,38.2,1.1,0.9,0.2,0.2,0.2,29.2,2.5,11.3,5.7,2.9,0.0,0.0,0.0,0.0,0.0,11.3,2.5,100.0,1.1,4.6,2.3,1.6,0.0,0.0,0.0,0.0,0.0,1.1,10.0,10.0,10.0,10.0,10.0,8.0,32,30,33,33,32,68,70,67,67,68,37,33,否,否,否,否,否,否,否,否,否,否,否,否,否,否,否,否,否,否,36,34,36,0.250,1.575,0.172,0.006,2.866,0.664,0.219,0.472,35.0,30.0,64.0,64.0,0,18.0,10.1,2.1,1.9,48.3,2.8,13.0,6.1,2.6,0.1,0.1,0.0,0.0,0.0,95.2,83.9,97.2,99.8,99.9,1066.7,10.67,15,15,15,35,74,374,1,2,是,否,否,否,否,否,否,否,否,否,是,否,否,否,否,否,否,否,否,否,否,否,否,否,否,否,否,否,否,否,否,否,否,否,否,否,否,32.0,33,33,32,97.0,100.0,否,否,24293,21074,0.0,1.9,1.9,0.000,0.016,5725,2127,36,0.006,100.0,1066.0,0.0,0.0,0.0,0.0,0.0,0.0,0.0,317,否,否,否,否,否,否,7.457,20.720,50.2,-5.578,25.2,222.9,60.9,61.8,60.1,60.1,60.1,60.1,60.5,61.1,60.0,60.0,60.0,60.0,16.33,16.57,16.09,16.09,16.58,16.58,1.86,13.89,16.06,0.27,0.23,0,0,0.0,0.0,0,0.000,
17.9.2026,23:21:49.105,6045,33467,15.2,5760,10422,35.5,0.0,23329,0,0.766,0.800,0.760,0.755,0.750,0.681,0.741,1000.0,1000.0,1000.0,1000.0,1000.0,100.0,800.0,30.0,132.5,81.4,22.9,1.3,1.0,0.2,0.3,0.2,30.0,2.7,10.9,6.7,1.5,0.6,0.6,0.5,0.5,0.5,10.9,2.7,100.0,1.1,4.7,3.1,0.9,0.0,0.0,0.0,0.0,0.0,1.1,10.0,10.0,10.0,10.0,10.0,8.0,32,30,33,34,32,68,70,67,66,68,36,34,否,否,否,否,否,否,否,否,否,否,否,否,否,否,否,否,否,否,36,34,36,0.250,1.628,0.193,0.007,3.093,0.644,0.197,0.533,35.0,30.0,64.0,64.0,0,17.6,9.9,1.6,2.4,48.1,2.9,13.2,7.7,1.9,0.1,0.1,0.0,0.0,0.0,95.1,82.6,97.9,99.8,99.9,1066.7,10.67,15,15,15,35,74,374,1,2,否,否,否,否,否,否,否,否,否,否,否,否,否,否,否,否,否,否,否,否,否,否,否,否,否,否,否,否,否,否,否,否,否,否,否,否,否,32.0,33,33,32,97.0,100.0,否,否,24293,21074,0.0,1.6,1.6,0.000,0.071,5725,2127,36,0.007,100.0,1066.0,0.0,0.0,0.0,0.0,0.0,0.0,0.0,317,否,否,否,否,否,否,7.445,20.720,50.2,-5.539,25.2,224.4,60.9,61.8,60.1,60.1,60.1,60.1,60.5,61.1,60.0,60.0,60.0,60.0,16.33,16.57,16.09,16.09,16.58,16.58,1.86,13.89,16.06,0.27,0.23,0,0,0.0,0.0,0,0.000,
17.9.2026,23:21:51.103,6044,33468,15.2,5760,10422,35.5,0.0,23329,0,0.764,0.797,0.757,0.750,0.750,0.681,0.698,1000.0,1000.0,1000.0,1000.0,1000.0,100.0,800.0,28.7,137.2,58.8,27.8,3.1,1.8,0.2,0.2,0.2,28.7,2.6,11.9,5.2,2.3,0.0,1.4,0.0,0.0,0.0,11.9,2.6,100.0,1.0,4.9,2.1,1.1,0.1,0.1,0.0,0.0,0.0,1.0,10.0,10.0,10.0,10.0,10.0,8.0,32,29,33,34,33,68,71,67,66,67,36,34,否,否,否,否,否,否,否,否,否,否,否,否,否,否,否,否,否,否,36,34,35,0.250,1.685,0.165,0.007,3.129,0.695,0.232,0.550,35.0,30.0,64.0,64.0,0,18.1,6.8,1.9,2.2,51.7,2.7,13.4,5.5,2.0,0.3,0.2,0.0,0.0,0.0,95.3,83.9,97.6,99.8,99.9,1066.7,10.67,15,15,15,35,74,374,1,2,否,否,否,否,否,否,否,否,否,否,否,否,否,否,否,否,否,否,否,否,否,否,否,否,否,否,否,否,否,否,否,否,否,否,否,否,否,32.0,33,33,32,97.0,100.0,否,否,24293,21074,0.0,1.0,1.0,0.000,0.012,5725,2127,37,0.007,100.0,1066.0,0.0,0.0,0.0,0.0,0.0,0.0,0.0,317,否,否,否,否,否,否,7.466,20.712,50.1,-5.585,25.2,222.5,60.9,61.8,60.1,60.1,60.1,60.1,60.5,61.1,60.0,60.0,60.0,60.0,16.33,16.57,16.09,16.09,16.58,16.58,1.86,13.89,16.06,0.27,0.23,0,0,0.0,0.0,0,0.000,
17.9.2026,23:21:53.095,6044,33468,15.2,5759,10423,35.5,0.0,23329,0,0.764,0.797,0.760,0.750,0.750,0.681,0.698,1000.0,1000.0,1000.0,1000.0,1000.0,100.0,800.0,35.0,146.2,88.6,38.5,1.7,4.3,0.2,0.7,0.2,35.0,2.8,11.6,6.7,2.3,0.5,0.0,0.4,0.5,0.4,11.6,2.8,100.0,1.3,5.3,3.4,1.6,0.1,0.2,0.0,0.0,0.0,1.3,10.0,10.0,10.0,10.0,10.0,8.0,32,30,33,34,33,68,70,67,66,67,35,34,否,否,否,否,否,否,否,否,否,否,否,否,否,否,否,否,否,否,36,34,36,0.250,1.515,0.168,0.006,2.714,0.650,0.218,0.432,35.0,30.0,64.0,64.0,0,17.6,8.4,1.9,1.9,49.9,3.1,13.9,7.8,2.8,0.2,0.4,0.0,0.1,0.0,94.7,82.5,97.0,99.6,99.9,1066.7,10.67,15,15,15,35,74,374,1,2,否,否,否,否,否,否,否,否,否,否,否,否,否,否,否,否,否,否,否,否,否,否,否,否,否,否,否,否,否,否,否,否,否,否,否,否,否,32.0,33,33,32,97.0,100.0,否,否,24293,21074,0.0,1.5,1.5,0.000,0.042,5725,2127,36,0.006,100.0,1066.0,0.0,0.0,0.0,0.0,0.0,0.0,0.0,317,否,否,否,否,否,否,7.466,20.712,50.1,-5.570,25.2,223.1,60.9,61.8,60.1,60.1,60.1,60.1,60.5,61.1,60.0,60.0,60.0,60.0,16.33,16.57,16.09,16.09,16.58,16.58,1.86,13.89,16.06,0.27,0.23,0,0,0.0,0.0,0,0.000,
17.9.2026,23:21:55.105,6043,33469,15.2,5756,10426,35.5,0.0,23329,0,0.765,0.797,0.757,0.755,0.750,0.681,0.701,1000.0,1000.0,1000.0,1000.0,1000.0,100.0,800.0,29.2,134.4,71.8,26.2,0.2,0.5,0.2,0.2,0.2,29.2,2.3,11.4,6.0,0.7,0.0,0.0,0.0,0.0,0.0,11.4,2.3,100.0,1.1,4.8,2.7,1.1,0.0,0.0,0.0,0.0,0.0,1.1,10.0,10.0,10.0,10.0,10.0,8.0,32,30,33,34,33,68,70,67,66,67,36,34,否,否,否,否,否,否,否,否,否,否,否,否,否,否,否,否,否,否,36,34,36,0.250,1.646,0.210,0.006,3.014,0.670,0.229,0.497,35.0,30.0,64.0,64.0,0,17.6,8.7,2.2,1.9,50.0,2.8,13.4,6.8,1.7,0.0,0.1,0.0,0.0,0.0,95.3,83.2,98.2,99.9,99.9,1066.7,10.67,15,15,15,35,74,374,1,2,否,否,否,否,否,否,否,否,否,否,否,否,否,否,否,否,否,否,否,否,否,否,否,否,否,否,否,否,否,否,否,否,否,否,否,否,否,33.0,33,33,32,97.0,100.0,否,否,24293,21074,0.0,1.0,1.0,0.000,0.026,5725,2127,36,0.006,100.0,1066.0,0.0,0.0,0.0,0.0,0.0,0.0,0.0,317,否,否,否,否,否,否,7.462,20.712,50.1,-5.529,25.2,224.8,60.9,61.8,60.1,60.1,60.1,60.1,60.5,61.1,60.0,60.0,60.0,60.0,16.33,16.57,16.09,16.09,16.58,16.58,1.86,13.89,16.06,0.27,0.23,0,0,0.0,0.0,0,0.000,
17.9.2026,23:21:57.107,6044,33467,15.2,5755,10427,35.5,0.0,23329,0,0.764,0.797,0.760,0.750,0.750,0.681,0.741,1000.0,1000.0,1000.0,1000.0,1000.0,100.0,800.0,28.7,135.7,75.0,18.0,0.2,0.5,0.2,0.2,0.2,28.7,2.7,12.0,6.7,2.7,0.0,0.0,0.0,0.0,0.0,12.0,2.7,100.0,1.1,4.9,2.8,0.7,0.0,0.0,0.0,0.0,0.0,1.1,10.0,10.0,10.0,10.0,10.0,8.0,33,31,33,34,33,67,69,67,66,67,35,34,否,否,否,否,否,否,否,否,否,否,否,否,否,否,否,否,否,否,36,35,36,0.500,1.574,0.180,0.006,2.897,0.646,0.208,0.486,35.0,30.0,64.0,64.0,0,17.6,12.6,1.4,1.7,47.2,2.7,13.4,6.8,1.5,0.0,0.1,0.0,0.0,0.0,95.3,83.1,98.4,99.9,99.9,1066.7,10.67,15,15,15,35,74,374,1,2,否,否,否,否,否,否,否,否,否,否,否,否,否,否,否,否,否,否,否,否,否,否,否,否,否,否,否,否,否,否,否,否,否,否,否,否,否,32.0,33,33,32,97.0,100.0,否,否,24293,21074,0.0,2.4,2.4,0.000,0.040,5725,2127,35,0.006,100.0,1066.0,0.0,0.0,0.0,0.0,0.0,0.0,0.0,317,否,否,否,否,否,否,7.466,20.704,50.1,-5.555,25.2,223.6,60.9,61.8,60.1,60.1,60.1,60.1,60.5,61.1,60.0,60.0,60.0,60.0,16.33,16.57,16.09,16.09,16.58,16.58,1.86,13.89,16.06,0.27,0.23,0,0,0.0,0.0,0,0.000,
17.9.2026,23:21:59.101,6044,33468,15.2,5754,10428,35.5,0.0,23329,0,0.766,0.797,0.760,0.752,0.752,0.681,0.701,1000.0,1000.0,1000.0,1000.0,1000.0,100.0,800.0,30.3,132.9,86.5,20.4,1.7,0.7,0.2,0.2,0.2,30.3,2.6,11.3,7.6,1.2,0.2,0.1,0.0,0.0,0.0,11.3,2.6,100.0,1.1,4.7,3.3,0.8,0.1,0.0,0.0,0.0,0.0,1.1,10.0,10.0,10.0,10.0,10.0,8.0,32,31,33,34,32,68,69,67,66,68,36,34,否,否,否,否,否,否,否,否,否,否,否,否,否,否,否,否,否,否,36,34,36,0.250,1.732,0.175,0.007,3.330,0.677,0.208,0.616,35.0,30.0,64.0,64.0,0,17.7,9.1,1.9,1.9,49.1,2.9,13.3,8.3,1.3,0.2,0.1,0.0,0.0,0.0,95.1,82.1,98.5,99.9,99.9,1066.7,10.67,15,15,15,35,74,374,1,2,是,否,否,否,否,否,否,是,否,否,否,否,否,否,否,否,否,否,否,否,否,否,否,否,否,否,否,否,否,否,否,否,否,否,否,否,否,32.0,33,33,32,97.0,100.0,否,否,24293,21074,0.0,1.8,1.8,0.000,0.079,5725,2127,36,0.007,100.0,1066.0,0.0,0.0,0.0,0.0,0.0,0.0,0.0,317,否,否,否,否,否,否,7.457,20.704,50.1,-5.548,25.2,223.9,60.9,61.8,60.1,60.1,60.1,60.1,60.5,61.1,60.0,60.0,60.0,60.0,16.33,16.57,16.09,16.09,16.58,16.58,1.86,13.89,16.06,0.27,0.23,0,0,0.0,0.0,0,0.000,
17.9.2026,23:22:1.113,6044,33468,15.2,5764,10418,35.6,0.0,23329,0,0.765,0.800,0.757,0.752,0.750,0.678,0.698,1000.0,1000.0,1000.0,1000.0,1000.0,100.0,800.0,35.1,139.5,90.5,33.5,12.1,4.1,0.3,0.3,0.3,35.1,3.0,10.9,7.0,2.6,1.4,0.8,0.4,0.4,0.4,10.9,3.0,100.0,1.3,5.0,3.5,1.3,0.5,0.2,0.0,0.0,0.0,1.3,10.0,10.0,10.0,10.0,10.0,8.0,32,30,33,33,33,68,70,67,67,67,36,33,否,否,否,否,否,否,否,否,否,否,否,否,否,否,否,否,否,否,36,33,36,0.250,1.579,0.177,0.005,2.987,0.648,0.207,0.495,35.0,30.0,64.0,64.0,0,17.5,7.0,1.4,2.1,50.6,3.3,13.2,8.1,3.2,1.1,0.4,0.0,0.0,0.0,94.4,82.6,95.7,99.5,99.9,1066.7,10.67,15,15,15,35,74,374,1,2,否,否,否,否,否,否,否,否,否,否,否,否,否,否,否,否,否,否,否,否,否,否,否,否,否,否,否,否,否,否,否,否,否,否,否,否,否,32.0,33,33,32,97.0,100.0,否,否,24293,21074,0.0,1.0,1.0,0.000,0.016,5725,2127,36,0.005,100.0,1066.0,0.0,0.0,0.0,0.0,0.0,0.0,0.0,317,否,否,否,否,否,否,7.466,20.697,50.1,-5.570,25.2,222.9,60.9,61.8,60.1,60.1,60.1,60.1,60.5,61.1,60.0,60.0,60.0,60.0,16.33,16.57,16.09,16.09,16.58,16.58,1.86,13.89,16.06,0.27,0.23,0,0,0.0,0.0,0,0.000,
17.9.2026,23:22:3.118,6044,33468,15.2,5763,10419,35.6,0.0,23329,0,0.765,0.797,0.757,0.755,0.750,0.681,0.698,1000.0,1000.0,1000.0,1000.0,1000.0,100.0,800.0,29.4,121.6,88.6,18.4,2.2,0.9,0.2,2.9,0.2,29.4,2.4,10.0,7.0,1.4,0.0,0.6,0.0,0.1,0.0,10.0,2.4,100.0,1.1,4.3,3.4,0.7,0.1,0.0,0.0,0.1,0.0,1.1,10.0,10.0,10.0,10.0,10.0,8.0,32,29,33,33,32,68,71,67,67,68,35,33,否,否,否,否,否,否,否,否,否,否,否,否,否,否,否,否,否,否,35,34,35,0.250,1.561,0.179,0.005,2.863,0.673,0.237,0.436,35.0,30.0,64.0,64.0,0,17.7,9.3,1.5,2.0,49.9,2.8,12.2,8.0,1.7,0.2,0.1,0.0,0.3,0.0,95.2,83.1,98.0,99.8,99.7,1066.7,10.67,15,15,15,35,74,374,1,2,否,否,否,否,否,否,否,否,否,否,否,否,否,否,否,否,否,否,否,否,否,否,否,否,否,否,否,否,否,否,否,否,否,否,否,否,否,32.0,33,33,32,97.0,100.0,否,否,24293,21074,0.0,1.0,1.0,0.000,0.047,5725,2127,36,0.005,100.0,1066.0,0.0,0.0,0.0,0.0,0.0,0.0,0.0,317,否,否,否,否,否,否,7.461,20.697,50.1,-5.529,25.2,224.6,60.9,61.8,60.1,60.1,60.1,60.1,60.5,61.1,60.0,60.0,60.0,60.0,16.33,16.57,16.09,16.09,16.58,16.58,1.86,13.89,16.06,0.27,0.23,0,0,0.0,0.0,0,0.000,
17.9.2026,23:22:5.109,6044,33468,15.2,5761,10421,35.6,0.0,23329,0,0.764,0.800,0.757,0.750,0.750,0.681,0.701,1000.0,1000.0,1000.0,1000.0,1000.0,100.0,800.0,28.2,125.7,67.6,30.5,1.1,0.2,0.2,0.2,0.2,28.2,2.4,10.6,5.8,2.6,0.0,0.0,0.0,0.0,0.0,10.6,2.4,100.0,1.0,4.5,2.5,1.2,0.0,0.0,0.0,0.0,0.0,1.0,10.0,10.0,10.0,10.0,10.0,8.0,32,30,33,33,33,68,70,67,67,67,36,33,否,否,否,否,否,否,否,否,否,否,否,否,否,否,否,否,否,否,36,34,36,0.250,1.593,0.162,0.005,2.956,0.674,0.226,0.489,35.0,30.0,64.0,64.0,0,17.7,9.8,1.9,1.9,49.1,2.7,12.5,6.5,2.7,0.1,0.0,0.0,0.0,0.0,95.2,83.8,97.2,99.9,99.9,1066.7,10.67,15,15,15,35,74,374,1,2,否,否,否,否,否,否,否,否,否,否,否,否,否,否,否,否,否,否,否,否,否,否,否,否,否,否,否,否,否,否,否,否,否,否,否,否,否,32.0,33,33,31,97.0,100.0,否,否,24293,21074,0.0,1.5,1.5,0.000,0.024,5725,2127,36,0.005,100.0,1066.0,0.0,0.0,0.0,0.0,0.0,0.0,0.0,317,否,否,否,否,否,否,7.454,20.689,50.1,-5.516,25.2,225.0,60.9,61.8,60.1,60.1,60.1,60.1,60.5,61.1,60.0,60.0,60.0,60.0,16.33,16.57,16.09,16.09,16.58,16.58,1.86,13.89,16.06,0.27,0.23,0,0,0.0,0.0,0,0.000,
17.9.2026,23:22:7.115,6043,33468,15.2,5760,10422,35.5,0.0,23329,0,0.766,0.797,0.762,0.752,0.750,0.681,0.701,1000.0,1000.0,1000.0,1000.0,1000.0,100.0,800.0,28.1,128.7,70.8,21.8,1.9,1.0,0.2,0.6,0.2,28.1,3.3,10.8,6.0,1.7,1.6,1.5,1.5,1.5,1.5,10.8,3.3,100.0,1.0,4.6,2.6,0.9,0.1,0.0,0.0,0.0,0.0,1.0,10.0,10.0,10.0,10.0,10.0,8.0,32,31,32,33,32,68,69,68,67,68,36,33,否,否,否,否,否,否,否,否,否,否,否,否,否,否,否,否,否,否,35,34,35,0.250,1.585,0.152,0.007,3.004,0.670,0.217,0.496,35.0,30.0,64.0,64.0,0,17.8,9.1,1.9,1.9,50.0,2.8,12.9,6.8,1.9,0.2,0.1,0.0,0.1,0.0,95.2,83.2,97.8,99.8,99.9,1066.7,10.67,15,15,15,35,74,374,1,2,否,否,否,否,否,否,否,否,否,否,否,否,否,否,否,否,否,否,否,否,否,否,否,否,否,否,否,否,否,否,否,否,否,否,否,否,否,34.0,33,33,31,97.0,100.0,否,否,24293,21074,0.0,1.5,1.5,0.000,0.012,5725,2127,36,0.007,100.0,1066.0,0.0,0.0,0.0,0.0,0.0,0.0,0.0,317,否,否,否,否,否,否,7.443,20.689,50.1,-5.500,25.2,225.7,60.9,61.8,60.1,60.1,60.1,60.1,60.5,61.1,60.0,60.0,60.0,60.0,16.33,16.57,16.09,16.09,16.58,16.58,1.86,13.89,16.06,0.27,0.23,0,0,0.0,0.0,0,0.000,
17.9.2026,23:22:9.112,6044,33468,15.2,5759,10424,35.5,0.0,23329,0,0.767,0.800,0.762,0.755,0.750,0.683,0.701,1000.0,1000.0,1000.0,1000.0,1000.0,100.0,800.0,30.5,124.8,91.4,26.1,0.1,1.3,0.2,0.2,0.2,30.5,2.7,11.0,8.4,2.4,0.0,0.0,0.0,0.0,0.0,11.0,2.7,100.0,1.1,4.4,3.5,1.1,0.0,0.0,0.0,0.0,0.0,1.1,10.0,10.0,10.0,10.0,10.0,8.0,32,30,31,34,33,68,70,69,66,67,35,34,否,否,否,否,否,否,否,否,否,否,否,否,否,否,否,否,否,否,36,34,36,0.250,1.562,0.150,0.008,2.972,0.654,0.210,0.495,35.0,30.0,64.0,64.0,0,17.9,8.6,2.3,2.2,49.0,2.9,12.4,8.6,1.8,0.0,0.1,0.0,0.0,0.0,95.2,82.9,98.1,99.8,99.9,1066.7,10.67,15,15,15,35,74,374,1,2,否,否,否,否,否,否,否,否,否,否,否,否,否,否,否,否,否,否,否,否,否,否,否,否,否,否,否,否,否,否,否,否,否,否,否,否,否,32.0,33,33,32,97.0,100.0,否,否,24293,21074,0.0,1.0,1.0,0.000,0.089,5725,2128,35,0.008,100.0,1066.0,0.0,0.0,0.0,0.0,0.0,0.0,0.0,317,否,否,否,否,否,否,7.456,20.689,50.1,-5.532,25.2,224.4,60.9,61.8,60.1,60.1,60.1,60.1,60.5,61.1,60.0,60.0,60.0,60.0,16.33,16.57,16.09,16.09,16.58,16.58,1.86,13.89,16.06,0.27,0.23,0,0,0.0,0.0,0,0.000,
17.9.2026,23:22:11.117,6043,33468,15.2,5757,10425,35.5,0.0,23329,0,0.765,0.797,0.762,0.750,0.750,0.681,0.698,1000.0,1000.0,1000.0,1000.0,1000.0,100.0,800.0,28.7,126.6,82.1,19.0,0.9,0.7,0.2,0.2,0.2,28.7,2.7,10.5,6.7,1.0,0.6,0.6,0.6,0.6,0.6,10.5,2.7,100.0,1.1,4.5,3.1,0.8,0.0,0.0,0.0,0.0,0.0,1.1,10.0,10.0,10.0,10.0,10.0,8.0,32,29,32,34,33,68,71,68,66,67,36,34,否,否,否,否,否,否,否,否,否,否,否,否,否,否,否,否,否,否,36,34,35,0.250,1.599,0.175,0.006,2.955,0.668,0.222,0.490,35.0,30.0,64.0,64.0,0,17.9,9.1,2.1,1.9,49.6,2.7,12.7,7.6,1.3,0.1,0.1,0.0,0.0,0.0,95.3,83.0,98.5,99.9,99.9,1066.7,10.67,15,15,15,35,74,374,1,2,否,否,否,否,否,否,否,否,否,否,否,否,否,否,否,否,否,否,否,否,否,否,否,否,否,否,否,否,否,否,否,否,否,否,否,否,否,33.0,33,33,32,97.0,100.0,否,否,24293,21074,0.0,3.4,3.4,0.000,0.047,5725,2128,36,0.006,100.0,1066.0,0.0,0.0,0.0,0.0,0.0,0.0,0.0,317,否,否,否,否,否,否,7.464,20.681,50.1,-5.553,25.2,223.4,60.9,61.8,60.1,60.1,60.1,60.1,60.5,61.1,60.0,60.0,60.0,60.0,16.33,16.57,16.09,16.09,16.58,16.58,1.86,13.89,16.06,0.27,0.23,0,0,0.0,0.0,0,0.000,
17.9.2026,23:22:13.112,6044,33468,15.2,5756,10426,35.5,0.0,23329,0,0.764,0.795,0.760,0.752,0.750,0.681,0.698,1000.0,1000.0,1000.0,1000.0,1000.0,100.0,800.0,29.5,129.0,71.2,32.4,1.7,1.0,0.2,0.2,0.2,29.5,2.3,10.7,5.8,1.9,0.0,0.0,0.0,0.0,0.0,10.7,2.3,100.0,1.1,4.6,2.7,1.3,0.1,0.0,0.0,0.0,0.0,1.1,10.0,10.0,10.0,10.0,10.0,8.0,32,31,32,33,33,68,69,68,67,67,36,33,否,否,否,否,否,否,否,否,否,否,否,否,否,否,否,否,否,否,36,34,36,0.250,1.592,0.172,0.005,2.918,0.662,0.213,0.495,35.0,30.0,64.0,64.0,0,17.5,12.0,1.4,1.6,48.1,2.8,13.0,6.9,2.4,0.2,0.1,0.0,0.0,0.0,95.2,83.6,97.4,99.8,99.9,1066.7,10.67,15,15,15,35,74,374,1,2,否,否,否,否,否,否,否,否,否,否,否,否,否,否,否,否,否,否,否,否,否,否,否,否,否,否,否,否,否,否,否,否,否,否,否,否,否,32.0,33,33,32,97.0,100.0,否,否,24293,21074,0.0,1.9,1.9,0.000,0.083,5725,2128,35,0.005,100.0,1066.0,0.0,0.0,0.0,0.0,0.0,0.0,0.0,317,否,否,否,否,否,否,7.464,20.681,50.1,-5.546,25.2,223.7,60.9,61.8,60.1,60.1,60.1,60.1,60.5,61.1,60.0,60.0,60.0,60.0,16.33,16.57,16.09,16.09,16.58,16.58,1.86,13.89,16.06,0.27,0.23,0,0,0.0,0.0,0,0.000,
17.9.2026,23:22:15.111,6043,33469,15.2,5755,10428,35.5,0.0,23329,0,0.765,0.797,0.760,0.752,0.750,0.681,0.701,1000.0,1000.0,1000.0,1000.0,1000.0,100.0,800.0,28.8,123.7,74.6,29.7,1.1,0.8,0.2,0.2,0.2,28.8,2.6,11.0,6.9,2.8,0.0,0.0,0.0,0.0,0.0,11.0,2.6,100.0,1.1,4.4,2.8,1.2,0.0,0.0,0.0,0.0,0.0,1.1,10.0,10.0,10.0,10.0,10.0,8.0,32,30,33,33,33,68,70,67,67,67,36,33,否,否,否,否,否,否,否,否,否,否,否,否,否,否,否,否,否,否,35,33,35,0.250,1.702,0.176,0.006,3.199,0.695,0.226,0.561,35.0,30.0,64.0,64.0,0,17.7,9.0,1.7,1.8,50.4,2.7,12.4,7.0,2.2,0.1,0.1,0.0,0.0,0.0,95.3,83.9,97.6,99.9,99.9,1066.7,10.67,15,15,15,35,74,374,1,2,否,否,否,否,否,否,否,否,否,否,否,否,否,否,否,否,否,否,否,否,否,否,否,否,否,否,否,否,否,否,否,否,否,否,否,否,否,32.0,33,33,32,97.0,100.0,否,否,24293,21074,0.0,1.5,1.5,0.000,0.016,5725,2128,35,0.006,100.0,1066.0,0.0,0.0,0.0,0.0,0.0,0.0,0.0,317,否,否,否,否,否,否,7.424,20.674,50.0,-5.501,25.2,225.5,60.9,61.8,60.1,60.1,60.1,60.1,60.5,61.1,60.0,60.0,60.0,60.0,16.33,16.57,16.09,16.09,16.58,16.58,1.86,13.89,16.06,0.27,0.23,0,0,0.0,0.0,0,0.000,
17.9.2026,23:22:17.116,6043,33469,15.2,5753,10429,35.5,0.0,23329,0,0.764,0.797,0.757,0.752,0.750,0.681,0.698,1000.0,1000.0,1000.0,1000.0,1000.0,100.0,800.0,28.6,132.8,82.3,12.6,0.2,0.3,0.2,0.2,0.2,28.6,2.1,10.2,6.1,0.4,0.1,0.1,0.1,0.1,0.1,10.2,2.1,100.0,1.0,4.7,3.1,0.5,0.0,0.0,0.0,0.0,0.0,1.0,10.0,10.0,10.0,10.0,10.0,8.0,32,29,33,34,32,68,71,67,66,68,36,34,否,否,否,否,否,否,否,否,否,否,否,否,否,否,否,否,否,否,36,33,36,0.250,1.571,0.168,0.006,2.910,0.648,0.209,0.495,35.0,30.0,64.0,64.0,0,17.8,6.7,1.8,2.1,52.4,2.7,12.8,7.5,1.2,0.0,0.0,0.0,0.0,0.0,95.5,83.2,98.7,99.9,99.9,1066.7,10.67,15,15,15,35,74,374,1,2,否,否,否,否,否,否,否,否,否,否,否,否,否,否,否,否,否,否,否,否,否,否,否,否,否,否,否,否,否,否,否,否,否,否,否,否,否,32.0,33,33,32,97.0,100.0,否,否,24293,21074,0.0,1.0,1.0,0.000,0.012,5725,2128,35,0.006,100.0,1066.0,0.0,0.0,0.0,0.0,0.0,0.0,0.0,317,否,否,否,否,否,否,7.412,20.674,50.0,-5.485,25.2,226.2,60.9,61.8,60.1,60.1,60.1,60.1,60.5,61.1,60.0,60.0,60.0,60.0,16.33,16.57,16.09,16.09,16.58,16.58,1.86,13.89,16.06,0.27,0.23,0,0,0.0,0.0,0,0.000,
17.9.2026,23:22:19.120,6044,33467,15.2,5752,10430,35.5,0.0,23329,0,0.769,0.797,0.767,0.755,0.755,0.681,0.741,1075.0,1000.0,1100.0,1100.0,1100.0,100.0,800.0,30.1,132.1,83.2,21.4,1.2,2.7,0.2,0.2,0.2,30.1,3.2,11.3,6.7,2.2,1.1,1.3,1.1,1.1,1.1,11.3,3.2,100.0,1.1,4.7,3.2,0.9,0.0,0.1,0.0,0.0,0.0,1.1,10.8,10.0,11.0,11.0,11.0,8.0,33,31,33,34,33,67,69,67,66,67,36,34,否,否,否,否,否,否,否,否,否,否,否,否,否,否,否,否,否,否,35,33,35,0.250,1.488,0.161,0.005,2.663,0.635,0.212,0.431,35.0,30.0,64.0,64.0,0,17.7,8.7,1.2,1.9,50.4,2.8,13.1,7.2,2.0,0.1,0.3,0.0,0.0,0.0,95.1,82.9,97.8,99.7,99.9,1066.7,10.67,15,15,15,35,74,374,1,2,否,否,否,否,否,否,否,否,否,否,否,否,否,否,否,否,否,否,否,否,否,否,否,否,否,否,否,否,否,否,否,否,否,否,否,否,否,32.0,33,33,32,97.0,100.0,否,否,24293,21074,0.0,1.5,1.5,0.000,0.046,5725,2128,36,0.005,100.0,1066.0,0.0,0.0,0.0,0.0,0.0,0.0,0.0,317,否,否,否,否,否,否,7.467,20.674,50.0,-5.518,25.2,224.8,60.9,61.8,60.1,60.1,60.1,60.1,60.5,61.1,60.0,60.0,60.0,60.0,16.33,16.57,16.09,16.09,16.58,16.58,1.86,13.89,16.06,0.27,0.23,0,0,0.0,0.0,0,0.000,
17.9.2026,23:22:21.111,6044,33468,15.2,5751,10431,35.5,0.0,23329,0,0.765,0.797,0.760,0.752,0.750,0.681,0.741,1000.0,1000.0,1000.0,1000.0,1000.0,100.0,800.0,28.2,117.0,70.8,34.5,2.5,0.5,0.1,0.2,0.1,28.2,2.2,9.5,5.9,2.4,0.0,0.0,0.0,0.0,0.0,9.5,2.2,100.0,1.0,4.0,2.6,1.4,0.1,0.0,0.0,0.0,0.0,1.0,10.0,10.0,10.0,10.0,10.0,8.0,32,29,33,34,33,68,71,67,66,67,35,34,否,否,否,否,否,否,否,否,否,否,否,否,否,否,否,否,否,否,35,34,35,0.250,1.571,0.172,0.007,2.944,0.643,0.207,0.496,35.0,30.0,64.0,64.0,0,17.9,11.6,1.7,2.0,48.0,2.6,11.6,6.6,2.6,0.3,0.1,0.0,0.0,0.0,95.4,84.4,97.2,99.9,100.0,1066.7,10.67,15,15,15,35,74,374,1,2,否,否,否,否,否,否,否,否,否,否,否,否,否,否,否,否,否,否,否,否,否,否,否,否,否,否,否,否,否,否,否,否,否,否,否,否,否,33.0,33,33,32,97.0,100.0,否,否,24293,21074,0.0,1.9,1.9,0.000,0.020,5725,2128,36,0.007,100.0,1066.0,0.0,0.0,0.0,0.0,0.0,0.0,0.0,317,否,否,否,否,否,否,7.456,20.666,50.0,-5.503,25.2,225.3,60.9,61.8,60.1,60.1,60.1,60.1,60.5,61.1,60.0,60.0,60.0,60.0,16.33,16.57,16.09,16.09,16.58,16.58,1.86,13.89,16.06,0.27,0.23,0,0,0.0,0.0,0,0.000,
17.9.2026,23:22:23.115,6044,33468,15.2,5754,10428,35.5,0.0,23329,0,0.761,0.795,0.755,0.747,0.747,0.678,0.701,900.0,900.0,900.0,900.0,900.0,100.0,700.0,30.8,130.7,100.8,12.1,1.1,0.5,0.2,0.8,0.2,30.8,2.4,10.0,8.0,1.0,0.0,0.0,0.0,0.0,0.0,10.0,2.4,100.0,1.1,4.7,3.9,0.5,0.0,0.0,0.0,0.0,0.0,1.1,9.0,9.0,9.0,9.0,9.0,7.0,32,30,33,34,33,68,70,67,66,67,36,34,否,否,否,否,否,否,否,否,否,否,否,否,否,否,否,否,否,否,36,33,36,0.250,1.709,0.185,0.005,3.154,0.698,0.228,0.557,35.0,30.0,64.0,64.0,0,17.7,11.5,1.1,2.1,48.1,2.8,12.0,8.8,1.1,0.1,0.1,0.0,0.1,0.0,95.3,82.8,98.7,99.9,99.9,1066.7,10.67,15,15,15,35,74,374,1,2,否,否,否,否,否,否,否,否,否,否,否,否,否,否,否,否,否,否,否,否,否,否,否,否,否,否,否,否,否,否,否,否,否,否,否,否,否,32.0,33,33,32,97.0,100.0,否,否,24293,21074,0.0,2.0,2.0,0.000,0.118,5725,2128,35,0.005,100.0,1066.0,0.0,0.0,0.0,0.0,0.0,0.0,0.0,317,否,否,否,否,否,否,7.466,20.666,50.0,-5.510,25.2,225.0,60.9,61.8,60.1,60.1,60.1,60.1,60.5,61.1,60.0,60.0,60.0,60.0,16.33,16.57,16.09,16.09,16.58,16.58,1.86,13.89,16.06,0.27,0.23,0,0,0.0,0.0,0,0.000,
17.9.2026,23:22:25.116,6045,33467,15.2,5759,10423,35.5,0.0,23329,0,0.765,0.797,0.762,0.750,0.750,0.683,0.741,1000.0,1000.0,1000.0,1000.0,1000.0,100.0,800.0,28.5,138.4,63.8,22.4,1.6,1.3,0.3,0.3,0.3,28.5,2.6,12.1,5.9,1.8,0.7,0.0,0.0,0.0,0.0,12.1,2.6,100.0,1.0,5.0,2.4,0.9,0.0,0.0,0.0,0.0,0.0,1.0,10.0,10.0,10.0,10.0,10.0,8.0,32,30,33,34,32,68,70,67,66,68,36,34,否,否,否,否,否,否,否,否,否,否,否,否,否,否,否,否,否,否,35,34,35,0.250,1.729,0.201,0.008,3.213,0.697,0.229,0.558,35.0,30.0,64.0,64.0,0,18.0,7.3,1.8,3.6,50.3,2.7,13.5,6.1,1.4,0.2,0.1,0.0,0.0,0.0,95.4,83.4,98.5,99.8,99.9,1066.7,10.67,15,15,15,35,74,374,1,2,否,否,否,否,否,否,否,否,否,否,否,否,否,否,否,否,否,否,否,否,否,否,否,否,否,否,否,否,否,否,否,否,否,否,否,否,否,32.0,33,33,32,97.0,100.0,否,否,24293,21074,0.0,1.0,1.0,0.000,0.010,5725,2128,36,0.008,100.0,1066.0,0.0,0.0,0.0,0.0,0.0,0.0,0.0,317,否,否,否,否,否,否,7.461,20.659,50.0,-5.529,25.2,224.2,60.9,61.8,60.1,60.1,60.1,60.1,60.5,61.1,60.0,60.0,60.0,60.0,16.33,16.57,16.09,16.09,16.58,16.58,1.86,13.89,16.06,0.27,0.23,0,0,0.0,0.0,0,0.000,
17.9.2026,23:22:27.120,6044,33467,15.2,5760,10422,35.5,0.0,23329,0,0.766,0.800,0.760,0.752,0.750,0.681,0.741,1000.0,1000.0,1000.0,1000.0,1000.0,100.0,800.0,29.0,135.7,79.7,14.2,1.3,0.4,0.2,0.2,0.2,29.0,2.4,10.6,6.3,1.0,0.7,0.6,0.0,0.0,0.0,10.6,2.4,100.0,1.1,4.9,3.0,0.6,0.0,0.0,0.0,0.0,0.0,1.1,10.0,10.0,10.0,10.0,10.0,8.0,32,30,33,34,33,68,70,67,66,67,36,34,否,否,否,否,否,否,否,否,否,否,否,否,否,否,否,否,否,否,36,34,36,0.250,1.527,0.180,0.006,2.712,0.648,0.217,0.435,35.0,30.0,64.0,64.0,0,17.9,11.2,1.6,2.1,47.8,2.7,12.8,7.2,1.3,0.1,0.1,0.0,0.0,0.0,95.3,83.0,98.4,99.9,99.9,1066.7,10.67,15,15,15,35,74,374,1,2,否,否,否,否,否,否,否,否,否,否,否,否,否,否,否,否,否,否,否,否,否,否,否,否,否,否,否,否,否,否,否,否,否,否,否,否,否,32.0,33,33,33,97.0,100.0,否,否,24293,21074,0.0,3.4,3.4,0.000,0.034,5725,2128,36,0.006,100.0,1066.0,0.0,0.0,0.0,0.0,0.0,0.0,0.0,317,否,否,否,否,否,否,7.467,20.659,50.0,-5.526,25.2,224.3,60.9,61.8,60.1,60.1,60.1,60.1,60.5,61.1,60.0,60.0,60.0,60.0,16.33,16.57,16.09,16.09,16.58,16.58,1.86,13.89,16.06,0.27,0.23,0,0,0.0,0.0,0,0.000,
17.9.2026,23:22:29.134,6044,33467,15.2,5761,10422,35.5,0.0,23329,0,0.764,0.795,0.757,0.752,0.750,0.681,0.741,1000.0,1000.0,1000.0,1000.0,1000.0,100.0,800.0,28.8,128.5,76.8,24.5,0.2,0.2,0.2,0.2,0.2,28.8,2.3,10.6,5.7,1.7,0.0,0.0,0.0,0.0,0.0,10.6,2.3,100.0,1.1,4.6,2.9,1.0,0.0,0.0,0.0,0.0,0.0,1.1,10.0,10.0,10.0,10.0,10.0,8.0,32,30,33,34,32,68,70,67,66,68,36,34,否,否,否,否,否,否,否,否,否,否,否,否,否,否,否,否,否,否,36,34,36,0.250,1.692,0.185,0.006,3.174,0.683,0.217,0.557,35.0,30.0,64.0,64.0,0,17.8,10.7,1.7,2.1,48.1,2.7,12.8,6.6,2.0,0.0,0.0,0.0,0.0,0.0,95.3,83.4,97.9,99.9,99.9,1066.7,10.67,15,15,15,35,74,374,1,2,否,否,否,否,否,否,否,否,否,否,否,否,否,否,否,否,否,否,否,否,否,否,否,否,否,否,否,否,否,否,否,否,否,否,否,否,否,33.0,33,33,32,97.0,100.0,否,否,24293,21074,0.0,1.5,1.5,0.000,0.089,5725,2128,36,0.006,100.0,1066.0,0.0,0.0,0.0,0.0,0.0,0.0,0.0,317,否,否,否,否,否,否,7.451,20.659,50.0,-5.514,25.2,224.8,60.9,61.8,60.1,60.1,60.1,60.1,60.5,61.1,60.0,60.0,60.0,60.0,16.33,16.57,16.09,16.09,16.58,16.58,1.86,13.89,16.06,0.27,0.23,0,0,0.0,0.0,0,0.000,
17.9.2026,23:22:31.147,6044,33467,15.2,5760,10422,35.5,0.0,23329,0,0.764,0.797,0.757,0.752,0.750,0.681,0.741,1000.0,1000.0,1000.0,1000.0,1000.0,100.0,800.0,29.5,129.2,75.8,29.3,0.2,1.1,0.2,0.2,0.2,29.5,2.8,11.2,6.8,2.5,0.4,0.5,0.4,0.4,0.4,11.2,2.8,100.0,1.1,4.6,2.9,1.2,0.0,0.0,0.0,0.0,0.0,1.1,10.0,10.0,10.0,10.0,10.0,8.0,32,30,33,34,32,68,70,67,66,68,36,34,否,否,否,否,否,否,否,否,否,否,否,否,否,否,否,否,否,否,36,34,36,0.250,1.686,0.179,0.006,3.150,0.687,0.224,0.552,35.0,30.0,64.0,64.0,0,18.0,8.6,1.7,2.5,48.9,2.8,12.8,7.2,2.2,0.0,0.1,0.0,0.0,0.0,95.1,83.0,97.7,99.8,99.9,1066.7,10.67,15,15,15,35,74,374,1,2,否,否,否,否,否,否,否,否,否,否,否,否,否,否,否,否,否,否,否,否,否,否,否,否,否,否,否,否,否,否,否,否,否,否,否,否,否,32.0,33,33,32,97.0,100.0,否,否,24293,21074,0.0,1.5,1.5,0.000,0.075,5725,2129,36,0.006,100.0,1066.0,0.0,0.0,0.0,0.0,0.0,0.0,0.0,317,否,否,否,否,否,否,7.463,20.659,50.0,-5.552,25.2,223.2,60.9,61.8,60.1,60.1,60.1,60.1,60.5,61.1,60.0,60.0,60.0,60.0,16.33,16.57,16.09,16.09,16.58,16.58,1.86,13.89,16.06,0.27,0.23,0,0,0.0,0.0,0,0.000,
17.9.2026,23:22:33.141,6045,33467,15.2,5759,10423,35.5,0.0,23329,0,0.761,0.795,0.755,0.747,0.747,0.678,0.698,900.0,900.0,900.0,900.0,900.0,100.0,700.0,30.3,142.8,73.8,19.0,4.8,1.2,0.2,0.2,0.2,30.3,2.6,11.3,5.7,0.9,0.7,1.2,0.4,0.4,0.4,11.3,2.6,100.0,1.1,5.1,2.8,0.7,0.2,0.0,0.0,0.0,0.0,1.1,9.0,9.0,9.0,9.0,9.0,7.0,32,30,33,33,33,68,70,67,67,67,35,33,否,否,否,否,否,否,否,否,否,否,否,否,否,否,否,否,否,否,36,34,36,0.250,1.599,0.168,0.006,2.972,0.669,0.219,0.493,35.0,30.0,64.0,64.0,0,17.6,15.6,1.3,1.7,44.2,2.9,13.8,6.9,1.5,0.5,0.1,0.0,0.0,0.0,95.1,82.5,98.0,99.8,99.9,1066.7,10.67,15,15,15,35,74,374,1,2,否,否,否,否,否,否,否,否,否,否,否,否,否,否,否,否,否,否,否,否,否,否,否,否,否,否,否,否,否,否,否,否,否,否,否,否,否,32.0,33,33,32,97.0,100.0,否,否,24293,21074,0.0,2.0,2.0,0.000,0.054,5725,2129,35,0.006,100.0,1066.0,0.0,0.0,0.0,0.0,0.0,0.0,0.0,317,否,否,否,否,否,否,7.464,20.659,50.0,-5.546,25.2,223.5,60.9,61.8,60.1,60.1,60.1,60.1,60.5,61.1,60.0,60.0,60.0,60.0,16.33,16.57,16.09,16.09,16.58,16.58,1.86,13.89,16.06,0.27,0.23,0,0,0.0,0.0,0,0.000,
17.9.2026,23:22:35.135,6045,33467,15.2,5757,10425,35.5,0.0,23329,0,0.765,0.797,0.760,0.752,0.750,0.681,0.698,1000.0,1000.0,1000.0,1000.0,1000.0,100.0,800.0,27.7,125.0,79.2,14.6,2.0,0.5,0.2,0.3,0.2,27.7,2.1,9.9,5.9,1.0,0.0,0.0,0.0,0.0,0.0,9.9,2.1,100.0,1.0,4.4,3.0,0.6,0.1,0.0,0.0,0.0,0.0,1.0,10.0,10.0,10.0,10.0,10.0,8.0,32,29,33,33,33,68,71,67,67,67,36,33,否,否,否,否,否,否,否,否,否,否,否,否,否,否,否,否,否,否,36,33,36,0.250,1.817,0.206,0.004,3.549,0.690,0.206,0.657,35.0,30.0,64.0,64.0,0,18.0,9.4,2.0,2.2,50.2,2.6,12.0,6.8,1.4,0.2,0.1,0.0,0.0,0.0,95.5,83.9,98.4,99.9,99.9,1066.7,10.67,15,15,15,35,74,374,1,2,否,否,否,否,否,否,否,否,否,否,否,否,否,否,否,否,否,否,否,否,否,否,否,否,否,否,否,否,否,否,否,否,否,否,否,否,否,32.0,33,33,32,97.0,100.0,否,否,24293,21074,0.0,2.0,2.0,0.000,0.054,5725,2129,36,0.004,100.0,1066.0,0.0,0.0,0.0,0.0,0.0,0.0,0.0,317,否,否,否,否,否,否,7.434,20.651,50.0,-5.546,25.2,223.4,60.9,61.8,60.1,60.1,60.1,60.1,60.5,61.1,60.0,60.0,60.0,60.0,16.33,16.57,16.09,16.09,16.58,16.58,1.86,13.89,16.06,0.27,0.23,0,0,0.0,0.0,0,0.000,
17.9.2026,23:22:37.154,6044,33468,15.2,5755,10427,35.5,0.0,23329,0,0.766,0.800,0.762,0.752,0.750,0.681,0.741,1000.0,1000.0,1000.0,1000.0,1000.0,100.0,800.0,29.8,128.2,82.2,22.3,2.7,1.6,0.2,0.6,0.2,29.8,2.6,10.4,7.2,2.3,0.7,0.0,0.0,0.0,0.0,10.4,2.6,100.0,1.1,4.6,3.1,0.9,0.1,0.1,0.0,0.0,0.0,1.1,10.0,10.0,10.0,10.0,10.0,8.0,32,30,32,34,32,68,70,68,66,68,35,34,否,否,否,否,否,否,否,否,否,否,否,否,否,否,否,否,否,否,35,34,35,0.250,1.619,0.181,0.006,2.891,0.675,0.223,0.496,35.0,30.0,64.0,64.0,0,18.1,6.9,2.5,2.1,51.0,2.7,11.9,7.5,2.0,0.3,0.2,0.0,0.1,0.0,95.2,83.5,97.7,99.8,99.9,1066.7,10.67,15,15,15,35,74,374,1,2,否,否,否,否,否,否,否,否,否,否,否,否,否,否,否,否,否,否,否,否,否,否,否,否,否,否,否,否,否,否,否,否,否,否,否,否,否,32.0,33,33,32,97.0,100.0,否,否,24293,21074,0.0,1.0,1.0,0.000,0.010,5725,2129,36,0.006,100.0,1066.0,0.0,0.0,0.0,0.0,0.0,0.0,0.0,317,否,否,否,否,否,否,7.460,20.651,50.0,-5.550,25.2,223.2,60.9,61.8,60.1,60.1,60.1,60.1,60.5,61.1,60.0,60.0,60.0,60.0,16.33,16.57,16.09,16.09,16.58,16.58,1.86,13.89,16.06,0.27,0.23,0,0,0.0,0.0,0,0.000,
17.9.2026,23:22:39.154,6045,33467,15.2,5754,10429,35.5,0.0,23329,0,0.764,0.797,0.760,0.750,0.750,0.678,0.738,1000.0,1000.0,1000.0,1000.0,1000.0,100.0,800.0,30.3,134.2,91.9,14.5,1.0,0.5,0.2,0.2,0.2,30.3,2.4,10.7,7.2,1.2,0.0,0.0,0.0,0.0,0.0,10.7,2.4,100.0,1.1,4.8,3.5,0.6,0.0,0.0,0.0,0.0,0.0,1.1,10.0,10.0,10.0,10.0,10.0,8.0,32,30,33,34,33,68,70,67,66,67,35,34,否,否,否,否,否,否,否,否,否,否,否,否,否,否,否,否,否,否,35,33,35,0.250,1.552,0.183,0.009,2.746,0.665,0.226,0.433,35.0,30.0,64.0,64.0,0,17.7,11.6,2.2,2.2,45.9,2.8,12.8,8.1,1.4,0.1,0.0,0.0,0.0,0.0,95.1,82.2,98.4,99.9,99.9,1066.7,10.67,15,15,15,35,74,374,1,2,否,否,否,否,否,否,否,否,否,否,否,否,否,否,否,否,否,否,否,否,否,否,否,否,否,否,否,否,否,否,否,否,否,否,否,否,否,32.0,33,33,32,97.0,100.0,否,否,24293,21074,0.0,2.4,2.4,0.000,0.098,5725,2129,36,0.009,100.0,1066.0,0.0,0.0,0.0,0.0,0.0,0.0,0.0,317,否,否,否,否,否,否,7.461,20.651,50.0,-5.551,25.2,223.2,60.9,61.8,60.1,60.1,60.1,60.1,60.5,61.1,60.0,60.0,60.0,60.0,16.33,16.57,16.09,16.09,16.58,16.58,1.86,13.89,16.06,0.27,0.23,0,0,0.0,0.0,0,0.000,
17.9.2026,23:22:41.161,6044,33467,15.2,5752,10430,35.5,0.0,23329,0,0.765,0.797,0.757,0.755,0.750,0.683,0.741,1000.0,1000.0,1000.0,1000.0,1000.0,100.0,800.0,27.9,116.1,73.2,30.2,2.3,0.9,0.2,0.2,0.2,27.9,2.5,9.6,6.2,1.6,0.0,0.7,0.6,0.6,0.6,9.6,2.5,100.0,1.0,4.1,2.8,1.2,0.1,0.0,0.0,0.0,0.0,1.0,10.0,10.0,10.0,10.0,10.0,8.0,32,30,33,34,33,68,70,67,66,67,35,34,否,否,否,否,否,否,否,否,否,否,否,否,否,否,否,否,否,否,35,33,36,0.250,1.717,0.190,0.007,3.239,0.693,0.222,0.561,35.0,30.0,64.0,64.0,0,17.7,7.1,2.3,2.2,52.0,2.6,11.6,7.0,1.9,0.2,0.1,0.0,0.0,0.0,95.5,84.2,97.9,99.9,99.9,1066.7,10.67,15,15,15,35,74,374,1,2,是,否,否,否,否,否,否,是,否,否,否,否,否,否,否,否,否,否,否,否,否,否,否,否,否,否,否,否,否,否,否,否,否,否,否,否,否,32.0,33,33,32,97.0,100.0,否,否,24293,21074,0.0,1.0,1.0,0.000,0.014,5725,2129,36,0.007,100.0,1066.0,0.0,0.0,0.0,0.0,0.0,0.0,0.0,317,否,否,否,否,否,否,7.459,20.643,50.0,-5.564,25.2,222.6,60.9,61.8,60.1,60.1,60.1,60.1,60.5,61.1,60.0,60.0,60.0,60.0,16.33,16.57,16.09,16.09,16.58,16.58,1.86,13.89,16.06,0.27,0.23,0,0,0.0,0.0,0,0.000,
17.9.2026,23:22:43.157,6044,33467,15.2,5751,10431,35.5,0.0,23329,0,0.765,0.797,0.760,0.752,0.750,0.683,0.738,1000.0,1000.0,1000.0,1000.0,1000.0,100.0,800.0,32.7,147.9,83.6,24.7,3.0,1.4,0.2,0.2,0.2,32.7,2.8,12.7,7.5,1.9,0.6,0.0,0.0,0.0,0.0,12.7,2.8,100.0,1.2,5.3,3.2,1.0,0.1,0.1,0.0,0.0,0.0,1.2,10.0,10.0,10.0,10.0,10.0,8.0,32,30,32,33,33,68,70,68,67,67,36,33,否,否,否,否,否,否,否,否,否,否,否,否,否,否,否,否,否,否,36,33,35,0.250,1.513,0.182,0.005,2.674,0.641,0.215,0.433,35.0,30.0,64.0,64.0,0,17.4,15.8,2.0,1.7,42.1,3.1,14.4,7.8,1.7,0.3,0.2,0.0,0.0,0.0,94.8,81.5,97.9,99.8,99.9,1066.7,10.67,15,15,15,35,74,374,1,2,否,否,否,否,否,否,否,否,否,否,否,否,否,否,否,否,否,否,否,否,否,否,否,否,否,否,否,否,否,否,否,否,否,否,否,否,否,32.0,33,33,32,97.0,100.0,否,否,24293,21074,0.0,2.5,2.6,0.042,0.089,5725,2129,36,0.005,100.0,1066.0,0.0,0.0,0.0,0.0,0.0,0.0,0.0,317,否,否,否,否,否,否,7.414,20.643,50.0,-5.494,25.2,225.4,60.9,61.8,60.1,60.1,60.1,60.1,60.5,61.1,60.0,60.0,60.0,60.0,16.33,16.57,16.09,16.09,16.58,16.58,1.86,13.89,16.06,0.27,0.23,0,0,0.0,0.0,0,0.000,
17.9.2026,23:22:45.155,6043,33469,15.2,5752,10431,35.5,0.0,23329,0,0.767,0.800,0.762,0.755,0.750,0.683,0.701,1000.0,1000.0,1000.0,1000.0,1000.0,100.0,800.0,29.5,138.6,83.9,12.2,0.2,0.5,0.2,0.2,0.2,29.5,2.3,11.4,6.5,0.2,0.0,0.0,0.0,0.0,0.0,11.4,2.3,100.0,1.1,5.0,3.2,0.5,0.0,0.0,0.0,0.0,0.0,1.1,10.0,10.0,10.0,10.0,10.0,8.0,32,30,31,33,32,68,70,69,67,68,36,33,否,否,否,否,否,否,否,否,否,否,否,否,否,否,否,否,否,否,35,33,35,0.250,1.925,0.200,0.008,3.794,0.735,0.229,0.710,35.0,30.0,64.0,64.0,0,17.6,9.5,2.7,2.2,48.1,2.8,13.4,7.4,1.1,0.0,0.1,0.0,0.0,0.0,95.3,82.6,98.8,99.9,99.9,1066.7,10.67,15,15,15,35,74,374,1,2,否,否,否,否,否,否,否,否,否,否,否,否,否,否,否,否,否,否,否,否,否,否,否,否,否,否,否,否,否,否,否,否,否,否,否,否,否,32.0,33,33,32,97.0,100.0,否,否,24293,21074,0.0,2.5,2.6,0.042,0.089,5725,2129,36,0.008,100.0,1066.0,0.0,0.0,0.0,0.0,0.0,0.0,0.0,317,否,否,否,否,否,否,7.439,20.636,50.0,-5.549,25.2,223.1,60.9,61.8,60.1,60.1,60.1,60.1,60.5,61.1,60.0,60.0,60.0,60.0,16.33,16.57,16.09,16.09,16.58,16.58,1.86,13.89,16.06,0.27,0.23,0,0,0.0,0.0,0,0.000,
17.9.2026,23:22:47.165,6042,33470,15.2,5754,10428,35.5,0.0,23329,0,0.765,0.797,0.762,0.750,0.750,0.683,0.741,1000.0,1000.0,1000.0,1000.0,1000.0,100.0,800.0,29.7,137.4,81.1,13.5,1.3,3.9,0.2,0.2,0.2,29.7,2.4,11.0,6.4,2.0,0.1,0.0,0.0,0.0,0.0,11.0,2.4,100.0,1.1,4.9,3.1,0.5,0.0,0.2,0.0,0.0,0.0,1.1,10.0,10.0,10.0,10.0,10.0,8.0,32,29,33,33,32,68,71,67,67,68,36,33,否,否,否,否,否,否,否,否,否,否,否,否,否,否,否,否,否,否,35,33,35,0.250,1.604,0.192,0.006,2.968,0.654,0.209,0.497,35.0,30.0,64.0,64.0,0,17.8,9.6,2.1,2.1,49.2,2.7,13.0,7.1,1.3,0.1,0.4,0.0,0.0,0.0,95.3,83.3,98.5,99.6,99.9,1066.7,10.67,15,15,15,35,74,374,1,2,否,否,否,否,否,否,否,否,否,否,否,否,否,否,否,否,否,否,否,否,否,否,否,否,否,否,否,否,否,否,否,否,否,否,否,否,否,32.0,33,33,32,97.0,100.0,否,否,24293,21074,0.0,2.3,2.3,0.000,0.045,5725,2129,35,0.006,100.0,1066.0,0.0,0.0,0.0,0.0,0.0,0.0,0.0,317,否,否,否,否,否,否,7.456,20.636,50.0,-5.585,25.2,221.7,60.9,61.8,60.1,60.1,60.1,60.1,60.5,61.1,60.0,60.0,60.0,60.0,16.33,16.57,16.09,16.09,16.58,16.58,1.86,13.89,16.06,0.27,0.23,0,0,0.0,0.0,0,0.000,
17.9.2026,23:22:49.184,6042,33469,15.2,5756,10427,35.5,0.0,23329,0,0.765,0.797,0.760,0.752,0.750,0.681,0.741,1000.0,1000.0,1000.0,1000.0,1000.0,100.0,800.0,30.5,148.7,79.1,12.5,1.4,1.2,0.2,0.3,0.2,30.5,4.4,11.8,6.4,1.0,0.0,15.7,0.0,0.0,0.0,15.7,4.4,100.0,1.1,5.4,3.0,0.5,0.0,0.0,0.0,0.0,0.0,1.1,10.0,10.0,10.0,10.0,10.0,8.0,32,30,31,34,33,68,70,69,66,67,35,34,否,否,否,否,否,否,否,否,否,否,否,否,否,否,否,否,否,否,36,34,36,0.250,1.646,0.189,0.006,2.962,0.692,0.235,0.497,35.0,30.0,64.0,64.0,0,17.9,9.3,2.5,2.2,47.6,2.9,14.0,7.3,1.2,0.2,0.1,0.0,0.0,0.0,95.0,81.9,98.6,99.8,99.9,1066.7,10.67,15,15,15,35,74,374,1,2,否,否,否,否,否,否,否,否,否,否,否,否,否,否,否,否,否,否,否,否,否,否,否,否,否,否,否,否,否,否,否,否,否,否,否,否,否,33.0,33,33,31,97.0,100.0,否,否,24293,21074,0.0,1.5,1.5,0.000,0.098,5725,2129,36,0.006,100.0,1066.0,0.0,0.0,0.0,0.0,0.0,0.0,0.0,317,否,否,否,否,否,否,7.458,20.628,49.9,-5.571,25.2,222.2,60.9,61.8,60.1,60.1,60.1,60.1,60.5,61.1,60.0,60.0,60.0,60.0,16.33,16.57,16.09,16.09,16.58,16.58,1.86,13.89,16.06,0.27,0.23,0,0,0.0,0.0,0,0.000,
17.9.2026,23:22:51.199,6042,33470,15.2,5757,10425,35.5,0.0,23329,0,0.765,0.797,0.762,0.750,0.750,0.681,0.741,1000.0,1000.0,1000.0,1000.0,1000.0,100.0,800.0,28.6,140.8,65.2,20.7,1.4,0.3,0.2,0.2,0.2,28.6,2.4,11.9,5.5,1.3,0.9,0.0,0.0,0.0,0.0,11.9,2.4,100.0,1.0,5.1,2.4,0.8,0.0,0.0,0.0,0.0,0.0,1.0,10.0,10.0,10.0,10.0,10.0,8.0,32,30,33,34,33,68,70,67,66,67,36,34,否,否,否,否,否,否,否,否,否,否,否,否,否,否,否,否,否,否,35,33,35,0.250,1.619,0.184,0.007,3.033,0.665,0.213,0.499,35.0,30.0,64.0,64.0,0,18.0,8.9,2.1,2.1,49.2,2.7,13.9,6.2,1.4,0.1,0.0,0.0,0.0,0.0,95.3,82.9,98.4,99.9,99.9,1066.7,10.67,15,15,15,35,74,374,1,2,否,否,否,否,否,否,否,否,否,否,否,否,否,否,否,否,否,否,否,否,否,否,否,否,否,否,否,否,否,否,否,否,否,否,否,否,否,33.0,33,33,32,97.0,100.0,否,否,24293,21074,0.0,1.4,1.4,0.000,0.016,5725,2130,36,0.007,100.0,1066.0,0.0,0.0,0.0,0.0,0.0,0.0,0.0,317,否,否,否,否,否,否,7.461,20.628,49.9,-5.566,25.2,222.3,60.9,61.8,60.1,60.1,60.1,60.1,60.5,61.1,60.0,60.0,60.0,60.0,16.33,16.57,16.09,16.09,16.58,16.58,1.86,13.89,16.06,0.27,0.23,0,0,0.0,0.0,0,0.000,
17.9.2026,23:22:53.226,6040,33471,15.2,5756,10427,35.5,0.0,23329,0,0.767,0.800,0.762,0.755,0.750,0.681,0.698,1000.0,1000.0,1000.0,1000.0,1000.0,100.0,800.0,54.6,236.5,154.7,38.1,5.0,1.5,0.2,0.2,0.2,54.6,4.0,17.4,11.8,1.8,0.0,0.0,0.4,0.4,0.4,17.4,4.0,100.0,2.1,9.1,6.1,1.5,0.2,0.1,0.0,0.0,0.0,2.1,10.0,10.0,10.0,10.0,10.0,8.0,32,29,31,34,33,68,71,69,66,67,35,34,否,否,否,否,否,否,否,否,否,否,否,否,否,否,否,否,否,否,37,37,35,0.250,1.576,0.167,0.007,2.949,0.652,0.208,0.496,35.0,30.0,64.0,64.0,0,15.2,10.3,1.5,2.7,38.3,4.4,19.6,12.9,2.4,0.5,0.2,0.0,0.0,0.0,91.9,70.7,97.2,99.8,99.9,1066.7,10.67,15,15,15,35,74,374,1,2,是,否,否,否,否,否,否,是,否,否,否,否,否,否,否,否,否,否,否,否,否,否,否,否,否,否,是,否,否,否,否,否,否,否,是,否,否,32.0,33,33,32,97.0,100.0,否,否,24293,21074,0.0,3.2,3.2,0.000,0.034,5725,2130,35,0.007,100.0,1066.0,0.0,0.0,0.0,0.0,0.0,0.0,0.0,317,否,否,否,否,否,否,7.462,20.628,49.9,-5.559,25.2,222.6,60.9,61.8,60.1,60.1,60.1,60.1,60.5,61.1,60.0,60.0,60.0,60.0,16.33,16.57,16.09,16.09,16.58,16.58,1.86,13.89,16.06,0.27,0.23,0,0,0.0,0.0,0,0.000,
17.9.2026,23:22:55.218,6040,33471,15.2,5754,10428,35.5,0.0,23329,0,0.766,0.800,0.760,0.752,0.750,0.681,0.701,1000.0,1000.0,1000.0,1000.0,1000.0,100.0,800.0,28.7,139.1,64.9,22.8,1.3,1.1,0.2,0.2,0.2,28.7,2.7,11.8,5.5,1.4,0.1,2.4,0.1,0.1,0.1,11.8,2.7,100.0,1.1,5.0,2.4,0.9,0.0,0.0,0.0,0.0,0.0,1.1,10.0,10.0,10.0,10.0,10.0,8.0,32,29,33,33,33,68,71,67,67,67,36,33,否,否,否,否,否,否,否,否,否,否,否,否,否,否,否,否,否,否,35,33,36,0.250,1.965,0.326,0.007,3.996,0.770,0.249,0.562,35.0,30.0,64.0,64.0,0,17.7,10.7,2.0,2.2,47.9,2.7,13.7,6.2,1.5,0.1,0.1,0.0,0.0,0.0,95.3,83.1,98.4,99.8,99.9,1066.7,10.67,15,15,15,35,74,374,1,2,是,否,否,否,否,否,否,是,否,否,否,否,否,否,否,否,否,否,否,否,否,否,否,否,否,否,否,否,否,否,否,否,否,否,否,否,否,32.0,33,33,32,97.0,100.0,否,否,24293,21074,0.0,1.4,1.4,0.000,0.030,5725,2130,36,0.007,100.0,1066.0,0.0,0.0,0.0,0.0,0.0,0.0,0.0,317,否,否,否,否,否,否,7.460,20.620,49.9,-5.617,25.2,220.2,60.9,61.8,60.1,60.1,60.1,60.1,60.5,61.1,60.0,60.0,60.0,60.0,16.33,16.57,16.09,16.09,16.58,16.58,1.86,13.89,16.06,0.27,0.23,0,0,0.0,0.0,0,0.000,
17.9.2026,23:22:57.226,6041,33471,15.2,5752,10430,35.5,0.0,23329,0,0.764,0.797,0.757,0.752,0.750,0.681,0.741,1000.0,1000.0,1000.0,1000.0,1000.0,100.0,800.0,29.5,114.4,77.1,33.4,7.7,2.6,0.2,0.3,0.2,29.5,2.3,9.5,6.5,1.9,0.6,0.2,0.0,0.0,0.0,9.5,2.3,100.0,1.1,4.0,2.9,1.3,0.3,0.1,0.0,0.0,0.0,1.1,10.0,10.0,10.0,10.0,10.0,8.0,32,29,32,33,33,68,71,68,67,67,36,33,否,否,否,否,否,否,否,否,否,否,否,否,否,否,否,否,否,否,35,34,36,0.250,1.690,0.179,0.008,3.120,0.691,0.226,0.548,35.0,30.0,64.0,64.0,0,17.9,9.2,2.1,2.1,49.4,2.8,11.5,7.3,2.2,0.8,0.3,0.0,0.0,0.0,95.1,83.9,97.0,99.7,99.9,1066.7,10.67,15,15,15,35,74,374,1,2,是,否,否,否,否,否,否,是,否,否,否,否,否,否,否,否,否,否,否,否,否,否,否,否,否,否,否,否,否,否,否,否,否,否,否,否,否,32.0,33,33,33,97.0,100.0,否,否,24293,21074,0.0,2.0,2.0,0.000,0.038,5725,2130,36,0.008,100.0,1066.0,0.0,0.0,0.0,0.0,0.0,0.0,0.0,317,否,否,否,否,否,否,7.446,20.620,49.9,-5.607,25.2,220.7,60.9,61.8,60.1,60.1,60.1,60.1,60.5,61.1,60.0,60.0,60.0,60.0,16.33,16.57,16.09,16.09,16.58,16.58,1.86,13.89,16.06,0.27,0.23,0,0,0.0,0.0,0,0.000,
17.9.2026,23:22:59.221,6040,33471,15.2,5751,10431,35.5,0.0,23329,0,0.764,0.797,0.760,0.750,0.750,0.683,0.741,1000.0,1000.0,1000.0,1000.0,1000.0,100.0,800.0,29.0,125.9,70.5,31.8,1.7,2.0,0.2,0.2,0.2,29.0,2.8,10.9,6.4,2.5,0.0,0.7,0.5,0.5,0.5,10.9,2.8,100.0,1.1,4.4,2.6,1.3,0.1,0.1,0.0,0.0,0.0,1.1,10.0,10.0,10.0,10.0,10.0,8.0,32,30,33,34,32,68,70,67,66,68,35,34,否,否,否,否,否,否,否,否,否,否,否,否,否,否,否,否,否,否,35,33,35,0.250,1.640,0.191,0.007,3.018,0.662,0.216,0.523,35.0,30.0,64.0,64.0,0,18.2,8.3,2.0,2.1,50.1,2.7,12.4,6.7,2.1,0.2,0.2,0.0,0.0,0.0,95.3,83.8,97.7,99.8,99.9,1066.7,10.67,15,15,15,35,74,374,1,2,否,否,否,否,否,否,否,否,否,否,否,否,否,否,否,否,否,否,否,否,否,否,否,否,否,否,否,否,否,否,否,否,否,否,否,否,否,32.0,33,33,32,97.0,100.0,否,否,24293,21074,0.0,1.5,1.5,0.000,0.106,5725,2130,35,0.007,100.0,1066.0,0.0,0.0,0.0,0.0,0.0,0.0,0.0,317,否,否,否,否,否,否,7.452,20.613,49.9,-5.634,25.2,219.5,60.9,61.8,60.1,60.1,60.1,60.1,60.5,61.1,60.0,60.0,60.0,60.0,16.33,16.57,16.09,16.09,16.58,16.58,1.86,13.89,16.06,0.27,0.23,0,0,0.0,0.0,0,0.000,
17.9.2026,23:23:1.216,6041,33471,15.2,5761,10422,35.5,0.0,23329,0,0.764,0.797,0.760,0.750,0.750,0.683,0.741,1000.0,1000.0,1000.0,1000.0,1000.0,100.0,800.0,34.3,135.3,96.0,38.8,2.8,0.6,0.3,0.3,0.3,34.3,2.8,10.9,8.0,3.4,0.2,0.0,0.0,0.0,0.0,10.9,2.8,100.0,1.3,4.8,3.7,1.6,0.1,0.0,0.0,0.0,0.0,1.3,10.0,10.0,10.0,10.0,10.0,8.0,32,29,32,33,32,68,71,68,67,68,35,33,否,否,否,否,否,否,否,否,否,否,否,否,否,否,否,否,否,否,35,34,35,0.250,1.650,0.183,0.006,2.988,0.687,0.234,0.509,35.0,30.0,64.0,64.0,0,17.5,6.1,2.7,2.3,49.8,3.2,12.9,8.8,3.6,0.3,0.1,0.0,0.0,0.0,94.5,82.0,96.2,99.9,99.9,1066.7,10.67,15,15,15,35,74,374,1,2,否,否,否,否,否,否,否,否,否,否,否,否,否,否,否,否,否,否,否,否,否,否,否,否,否,否,否,否,否,否,否,否,否,否,否,否,否,32.0,33,33,32,97.0,100.0,否,否,24293,21074,0.0,1.0,1.0,0.000,0.012,5725,2130,36,0.006,100.0,1066.0,0.0,0.0,0.0,0.0,0.0,0.0,0.0,317,否,否,否,否,否,否,7.455,20.613,49.9,-5.621,25.2,220.0,60.9,61.8,60.1,60.1,60.1,60.1,60.5,61.1,60.0,60.0,60.0,60.0,16.33,16.57,16.09,16.09,16.58,16.58,1.86,13.89,16.06,0.27,0.23,0,0,0.0,0.0,0,0.000,
17.9.2026,23:23:3.226,6040,33471,15.2,5759,10423,35.5,0.0,23329,0,0.766,0.797,0.762,0.752,0.750,0.681,0.741,1000.0,1000.0,1000.0,1000.0,1000.0,100.0,800.0,30.3,127.4,75.2,35.1,2.6,1.8,0.2,0.2,0.2,30.3,2.6,10.2,6.0,2.5,0.0,1.3,0.4,0.4,0.4,10.2,2.6,100.0,1.1,4.5,2.8,1.4,0.1,0.1,0.0,0.0,0.0,1.1,10.0,10.0,10.0,10.0,10.0,8.0,32,30,33,33,33,68,70,67,67,67,35,33,否,否,否,否,否,否,否,否,否,否,否,否,否,否,否,否,否,否,35,33,36,0.250,1.537,0.161,0.008,2.844,0.664,0.233,0.435,35.0,30.0,64.0,64.0,0,17.7,9.5,2.0,1.9,48.6,2.9,12.5,7.1,3.1,0.3,0.2,0.0,0.0,0.0,94.9,83.4,96.6,99.8,99.9,1066.7,10.67,15,15,15,35,74,374,1,2,否,否,否,否,否,否,否,否,否,否,否,否,否,否,否,否,否,否,否,否,否,否,否,否,否,否,否,否,否,否,否,否,否,否,否,否,否,32.0,33,33,31,97.0,100.0,否,否,24293,21074,0.0,1.4,1.4,0.000,0.022,5725,2130,36,0.008,100.0,1066.0,0.0,0.0,0.0,0.0,0.0,0.0,0.0,317,否,否,否,否,否,否,7.453,20.613,49.9,-5.597,25.2,221.0,60.9,61.8,60.1,60.1,60.1,60.1,60.5,61.1,60.0,60.0,60.0,60.0,16.33,16.57,16.09,16.09,16.58,16.58,1.86,13.89,16.06,0.27,0.23,0,0,0.0,0.0,0,0.000,
17.9.2026,23:23:5.217,6040,33471,15.2,5757,10425,35.5,0.0,23329,0,0.765,0.797,0.762,0.750,0.750,0.681,0.741,1000.0,1000.0,1000.0,1000.0,1000.0,100.0,800.0,28.4,127.8,62.4,34.1,0.8,1.1,0.2,0.2,0.2,28.4,2.9,11.4,5.9,2.6,0.6,0.7,0.6,0.6,0.6,11.4,2.9,100.0,1.0,4.6,2.3,1.4,0.0,0.0,0.0,0.0,0.0,1.0,10.0,10.0,10.0,10.0,10.0,8.0,32,29,33,33,33,68,71,67,67,67,36,33,否,否,否,否,否,否,否,否,否,否,否,否,否,否,否,否,否,否,35,33,35,0.250,1.620,0.165,0.007,3.020,0.678,0.223,0.506,35.0,30.0,64.0,64.0,0,18.4,4.4,2.6,2.2,53.5,2.7,12.8,6.0,2.1,0.1,0.1,0.0,0.0,0.0,95.4,84.3,97.7,99.8,99.9,1066.7,10.67,15,15,15,35,74,374,1,2,否,否,否,否,否,否,否,否,否,否,否,否,否,否,否,否,否,否,否,否,否,否,否,否,否,否,否,否,否,否,否,否,否,否,否,否,否,32.0,33,33,32,97.0,100.0,否,否,24293,21074,0.0,0.5,0.5,0.000,0.010,5725,2130,36,0.007,100.0,1066.0,0.0,0.0,0.0,0.0,0.0,0.0,0.0,317,否,否,否,否,否,否,7.455,20.605,49.9,-5.576,25.2,221.7,60.9,61.8,60.1,60.1,60.1,60.1,60.5,61.1,60.0,60.0,60.0,60.0,16.33,16.57,16.09,16.09,16.58,16.58,1.86,13.89,16.06,0.27,0.23,0,0,0.0,0.0,0,0.000,
17.9.2026,23:23:7.226,6041,33471,15.2,5756,10426,35.5,0.0,23329,0,0.765,0.797,0.760,0.752,0.750,0.681,0.741,1000.0,1000.0,1000.0,1000.0,1000.0,100.0,800.0,28.0,122.2,63.4,34.7,0.8,1.9,0.2,0.2,0.2,28.0,2.2,10.2,5.2,1.8,0.0,0.0,0.0,0.0,0.0,10.2,2.2,100.0,1.0,4.3,2.3,1.4,0.0,0.1,0.0,0.0,0.0,1.0,10.0,10.0,10.0,10.0,10.0,8.0,32,30,33,33,32,68,70,67,67,68,35,33,否,否,否,否,否,否,否,否,否,否,否,否,否,否,否,否,否,否,36,33,36,0.250,1.450,0.182,0.005,2.488,0.636,0.220,0.373,35.0,30.0,64.0,64.0,0,17.9,10.9,2.1,2.1,48.1,2.6,12.4,6.1,2.0,0.1,0.2,0.0,0.0,0.0,95.4,84.3,97.8,99.8,99.9,1066.7,10.67,15,15,15,35,74,374,1,2,否,否,否,否,否,否,否,否,否,否,否,否,否,否,否,否,否,否,否,否,否,否,否,否,否,否,否,否,否,否,否,否,否,否,否,否,否,33.0,33,33,32,97.0,100.0,否,否,24293,21074,0.0,1.9,1.9,0.000,0.044,5725,2130,36,0.005,100.0,1066.0,0.0,0.0,0.0,0.0,0.0,0.0,0.0,317,否,否,否,否,否,否,7.466,20.605,49.9,-5.577,25.2,221.7,60.9,61.8,60.1,60.1,60.1,60.1,60.5,61.1,60.0,60.0,60.0,60.0,16.33,16.57,16.09,16.09,16.58,16.58,1.86,13.89,16.06,0.27,0.23,0,0,0.0,0.0,0,0.000,
17.9.2026,23:23:9.221,6040,33472,15.2,5755,10428,35.5,0.0,23329,0,0.767,0.800,0.762,0.755,0.750,0.686,0.741,1025.0,1100.0,1000.0,1000.0,1000.0,100.0,900.0,29.8,124.6,88.7,22.6,0.2,1.8,0.2,0.2,0.2,29.8,2.6,10.1,7.4,1.0,0.4,0.6,0.4,0.4,0.4,10.1,2.6,100.0,1.1,4.4,3.4,0.9,0.0,0.1,0.0,0.0,0.0,1.1,10.2,11.0,10.0,10.0,10.0,9.0,32,30,32,34,33,68,70,68,66,67,35,34,否,否,否,否,否,否,否,否,否,否,否,否,否,否,否,否,否,否,35,34,35,0.250,1.696,0.201,0.006,3.144,0.677,0.215,0.554,35.0,30.0,64.0,64.0,0,17.6,9.2,2.8,1.9,48.2,2.8,12.3,8.5,1.5,0.0,0.2,0.0,0.0,0.0,95.1,82.2,98.4,99.8,99.9,1066.7,10.67,15,15,15,35,74,374,1,2,否,否,否,否,否,否,否,否,否,否,否,否,否,否,否,否,否,否,否,否,否,否,否,否,否,否,否,否,否,否,否,否,否,否,否,否,否,32.0,33,33,31,97.0,100.0,否,否,24293,21074,0.0,1.1,1.1,0.000,0.140,5725,2130,35,0.006,100.0,1066.0,0.0,0.0,0.0,0.0,0.0,0.0,0.0,317,否,否,否,否,否,否,7.449,20.597,49.9,-5.557,25.2,222.4,60.9,61.8,60.1,60.1,60.1,60.1,60.5,61.1,60.0,60.0,60.0,60.0,16.33,16.57,16.09,16.09,16.58,16.58,1.86,13.89,16.06,0.27,0.23,0,0,0.0,0.0,0,0.000,
17.9.2026,23:23:11.223,6040,33472,15.2,5753,10429,35.5,0.0,23329,0,0.765,0.797,0.760,0.752,0.750,0.681,0.741,1000.0,1000.0,1000.0,1000.0,1000.0,100.0,800.0,29.0,125.1,75.2,26.5,3.6,0.8,0.2,0.2,0.2,29.0,2.3,10.6,5.7,2.0,0.2,0.0,0.0,0.0,0.0,10.6,2.3,100.0,1.1,4.4,2.8,1.1,0.1,0.0,0.0,0.0,0.0,1.1,10.0,10.0,10.0,10.0,10.0,8.0,32,30,33,34,33,68,70,67,66,67,35,34,否,否,否,否,否,否,否,否,否,否,否,否,否,否,否,否,否,否,35,33,35,0.250,1.619,0.172,0.008,3.027,0.667,0.214,0.512,35.0,30.0,64.0,64.0,0,18.0,6.7,2.2,2.0,51.9,2.7,12.6,6.6,2.2,0.3,0.1,0.0,0.0,0.0,95.2,83.7,97.4,99.9,99.9,1066.7,10.67,15,15,15,35,74,374,1,2,否,否,否,否,否,否,否,否,否,否,否,否,否,否,否,否,否,否,否,否,否,否,否,否,否,否,否,否,否,否,否,否,否,否,否,否,否,32.0,33,33,31,97.0,100.0,否,否,24293,21074,0.0,1.4,1.4,0.000,0.020,5725,2130,35,0.008,100.0,1066.0,0.0,0.0,0.0,0.0,0.0,0.0,0.0,317,否,否,否,否,否,否,7.457,20.597,49.9,-5.555,25.2,222.5,60.9,61.8,60.1,60.1,60.1,60.1,60.5,61.1,60.0,60.0,60.0,60.0,16.33,16.57,16.09,16.09,16.58,16.58,1.86,13.89,16.06,0.27,0.23,0,0,0.0,0.0,0,0.000,
17.9.2026,23:23:13.224,6040,33471,15.2,5752,10431,35.5,0.0,23329,0,0.764,0.797,0.760,0.750,0.750,0.681,0.741,1000.0,1000.0,1000.0,1000.0,1000.0,100.0,800.0,31.2,142.4,84.2,20.8,0.5,0.7,0.2,0.3,0.2,31.2,2.8,12.4,7.6,2.2,0.0,0.0,0.0,0.0,0.0,12.4,2.8,100.0,1.2,5.1,3.2,0.8,0.0,0.0,0.0,0.0,0.0,1.2,10.0,10.0,10.0,10.0,10.0,8.0,32,29,33,34,33,68,71,67,66,67,35,34,否,否,否,否,否,否,否,否,否,否,否,否,否,否,否,否,否,否,36,33,36,0.250,1.532,0.171,0.009,2.708,0.659,0.225,0.434,35.0,30.0,64.0,64.0,0,17.4,13.8,1.7,1.8,44.8,2.9,13.8,7.7,1.6,0.1,0.1,0.0,0.0,0.0,95.1,82.1,98.3,99.9,99.9,1066.7,10.67,15,15,15,35,74,374,1,2,否,否,否,否,否,否,否,否,否,否,否,否,否,否,否,否,否,否,否,否,否,否,否,否,否,否,否,否,否,否,否,否,否,否,否,否,否,32.0,33,33,32,97.0,100.0,否,否,24293,21074,0.0,2.9,2.9,0.000,0.092,5725,2131,36,0.009,100.0,1066.0,0.0,0.0,0.0,0.0,0.0,0.0,0.0,317,否,否,否,否,否,否,7.463,20.597,49.9,-5.530,25.2,223.5,60.9,61.8,60.1,60.1,60.1,60.1,60.5,61.1,60.0,60.0,60.0,60.0,16.33,16.57,16.09,16.09,16.58,16.58,1.86,13.89,16.06,0.27,0.23,0,0,0.0,0.0,0,0.000,
17.9.2026,23:23:15.223,6040,33472,15.2,5750,10432,35.5,0.0,23329,0,0.766,0.797,0.760,0.755,0.750,0.681,0.741,1000.0,1000.0,1000.0,1000.0,1000.0,100.0,800.0,28.9,127.6,75.6,23.3,3.9,0.3,0.2,0.2,0.2,28.9,2.1,10.5,5.3,1.4,0.0,0.0,0.0,0.0,0.0,10.5,2.1,100.0,1.1,4.6,2.8,0.9,0.1,0.0,0.0,0.0,0.0,1.1,10.0,10.0,10.0,10.0,10.0,8.0,33,31,33,34,33,67,69,67,66,67,36,34,否,否,否,否,否,否,否,否,否,否,否,否,否,否,否,否,否,否,35,34,34,0.250,1.851,0.190,0.005,3.611,0.709,0.219,0.682,35.0,30.0,64.0,64.0,0,17.7,8.8,1.7,2.0,50.2,2.7,12.8,6.5,2.0,0.4,0.0,0.0,0.0,0.0,95.2,83.5,97.6,99.9,99.9,1066.7,10.67,15,15,15,35,74,374,1,2,否,否,否,否,否,否,否,否,否,否,否,否,否,否,否,否,否,否,否,否,否,否,否,否,否,否,否,否,否,否,否,否,否,否,否,否,否,33.0,33,33,32,97.0,100.0,否,否,24293,21074,0.0,1.4,1.4,0.000,0.040,5725,2131,35,0.005,100.0,1066.0,0.0,0.0,0.0,0.0,0.0,0.0,0.0,317,否,否,否,否,否,否,7.463,20.590,49.8,-5.567,25.2,221.9,60.9,61.8,60.1,60.1,60.1,60.1,60.5,61.1,60.0,60.0,60.0,60.0,16.33,16.57,16.09,16.09,16.58,16.58,1.86,13.89,16.06,0.27,0.23,0,0,0.0,0.0,0,0.000,
17.9.2026,23:23:17.225,6040,33472,15.2,5748,10434,35.5,0.0,23329,0,0.766,0.797,0.762,0.752,0.750,0.683,0.741,1000.0,1000.0,1000.0,1000.0,1000.0,100.0,800.0,28.6,132.9,78.5,15.3,1.1,0.7,0.2,0.2,0.2,28.6,2.6,10.6,6.5,0.8,0.6,0.6,0.6,0.6,0.6,10.6,2.6,100.0,1.0,4.7,3.0,0.6,0.0,0.0,0.0,0.0,0.0,1.0,10.0,10.0,10.0,10.0,10.0,8.0,32,30,33,33,31,68,70,67,67,69,36,33,否,否,否,否,否,否,否,否,否,否,否,否,否,否,否,否,否,否,36,34,35,0.250,1.591,0.179,0.005,2.934,0.656,0.212,0.494,35.0,30.0,64.0,64.0,0,18.0,9.0,1.6,2.3,49.6,2.7,12.8,7.5,1.1,0.1,0.1,0.0,0.0,0.0,95.3,82.7,98.7,99.9,99.9,1066.7,10.67,15,15,15,35,74,374,1,2,否,否,否,否,否,否,否,否,否,否,否,否,否,否,否,否,否,否,否,否,否,否,否,否,否,否,否,否,否,否,否,否,否,否,否,否,否,32.0,33,33,32,97.0,100.0,否,否,24293,21074,0.0,1.0,1.0,0.000,0.018,5725,2131,35,0.005,100.0,1066.0,0.0,0.0,0.0,0.0,0.0,0.0,0.0,317,否,否,否,否,否,否,7.457,20.590,49.8,-5.578,25.2,221.5,60.9,61.8,60.1,60.1,60.1,60.1,60.5,61.1,60.0,60.0,60.0,60.0,16.33,16.57,16.09,16.09,16.58,16.58,1.86,13.89,16.06,0.27,0.23,0,0,0.0,0.0,0,0.000,
17.9.2026,23:23:19.230,6040,33472,15.2,5748,10434,35.5,0.0,23329,0,0.766,0.797,0.762,0.752,0.750,0.683,0.701,1000.0,1000.0,1000.0,1000.0,1000.0,100.0,800.0,29.3,127.9,75.7,28.8,1.1,0.3,0.2,0.2,0.2,29.3,2.9,11.2,6.9,2.0,0.5,1.2,0.5,0.5,0.5,11.2,2.9,100.0,1.1,4.5,2.8,1.2,0.0,0.0,0.0,0.0,0.0,1.1,10.0,10.0,10.0,10.0,10.0,8.0,32,30,31,33,33,68,70,69,67,67,35,33,否,否,否,否,否,否,否,否,否,否,否,否,否,否,否,否,否,否,36,33,36,0.250,1.606,0.170,0.009,2.941,0.671,0.220,0.495,35.0,30.0,64.0,64.0,0,18.1,6.2,1.7,2.4,51.9,2.7,12.8,7.2,1.7,0.1,0.0,0.0,0.0,0.0,95.3,83.2,98.1,99.9,99.9,1066.7,10.67,15,15,15,35,74,374,1,2,否,否,否,否,否,否,否,否,否,否,否,否,否,否,否,否,否,否,否,否,否,否,否,否,否,否,否,否,否,否,否,否,否,否,否,否,否,32.0,33,33,31,97.0,100.0,否,否,24293,21074,0.0,1.2,1.2,0.000,0.044,5725,2131,36,0.009,100.0,1066.0,0.0,0.0,0.0,0.0,0.0,0.0,0.0,317,否,否,否,否,否,否,7.455,20.590,49.8,-5.539,25.2,223.0,60.9,61.8,60.1,60.1,60.1,60.1,60.5,61.1,60.0,60.0,60.0,60.0,16.33,16.57,16.09,16.09,16.58,16.58,1.86,13.89,16.06,0.27,0.23,0,0,0.0,0.0,0,0.000,
17.9.2026,23:23:21.248,6040,33472,15.2,5750,10432,35.5,0.0,23329,0,0.766,0.797,0.760,0.755,0.750,0.681,0.701,1000.0,1000.0,1000.0,1000.0,1000.0,100.0,800.0,28.3,118.9,87.7,16.4,1.2,1.8,0.2,0.2,0.2,28.3,2.2,9.5,6.9,1.5,0.1,0.0,0.0,0.0,0.0,9.5,2.2,100.0,1.0,4.2,3.3,0.6,0.0,0.1,0.0,0.0,0.0,1.0,10.0,10.0,10.0,10.0,10.0,8.0,32,30,32,33,33,68,70,68,67,67,36,33,否,否,否,否,否,否,否,否,否,否,否,否,否,否,否,否,否,否,35,33,35,0.250,1.536,0.181,0.006,2.727,0.652,0.224,0.434,35.0,30.0,64.0,64.0,0,18.0,6.7,1.7,2.4,51.9,2.6,11.4,7.7,1.6,0.1,0.2,0.0,0.0,0.0,95.4,83.5,98.3,99.8,99.9,1066.7,10.67,15,15,15,35,74,374,1,2,否,否,否,否,否,否,否,否,否,否,否,否,否,否,否,否,否,否,否,否,否,否,否,否,否,否,否,否,否,否,否,否,否,否,否,否,否,32.0,33,33,31,97.0,100.0,否,否,24293,21074,0.0,1.0,1.0,0.000,0.010,5725,2131,36,0.006,100.0,1066.0,0.0,0.0,0.0,0.0,0.0,0.0,0.0,317,否,否,否,否,否,否,7.463,20.590,49.8,-5.560,25.2,222.2,60.9,61.8,60.1,60.1,60.1,60.1,60.5,61.1,60.0,60.0,60.0,60.0,16.33,16.57,16.09,16.09,16.58,16.58,1.86,13.89,16.06,0.27,0.23,0,0,0.0,0.0,0,0.000,
17.9.2026,23:23:23.260,6040,33471,15.2,5754,10428,35.5,0.0,23329,0,0.764,0.795,0.760,0.752,0.750,0.681,0.741,1000.0,1000.0,1000.0,1000.0,1000.0,100.0,800.0,30.9,140.1,77.1,27.3,1.2,1.0,0.2,0.3,0.2,30.9,2.5,11.3,6.2,2.5,0.0,0.0,0.0,0.0,0.0,11.3,2.5,100.0,1.1,5.0,2.9,1.1,0.0,0.0,0.0,0.0,0.0,1.1,10.0,10.0,10.0,10.0,10.0,8.0,32,30,34,33,32,68,70,66,67,68,36,34,否,否,否,否,否,否,否,否,否,否,否,否,否,否,否,否,否,否,35,34,35,0.250,1.548,0.175,0.007,2.718,0.672,0.229,0.433,35.0,30.0,64.0,64.0,0,17.7,8.5,2.2,2.1,48.7,2.9,13.3,7.0,2.7,0.1,0.1,0.0,0.0,0.0,95.0,82.9,97.1,99.8,99.9,1066.7,10.67,15,15,15,35,74,374,1,2,否,否,否,否,否,否,否,否,否,否,否,否,否,否,否,否,否,否,否,否,否,否,否,否,否,否,否,否,否,否,否,否,否,否,否,否,否,32.0,33,33,31,97.0,100.0,否,否,24293,21074,0.0,1.5,1.5,0.000,0.016,5725,2131,36,0.007,100.0,1066.0,0.0,0.0,0.0,0.0,0.0,0.0,0.0,317,否,否,否,否,否,否,7.438,20.590,49.8,-5.497,25.2,224.7,60.9,61.8,60.1,60.1,60.1,60.1,60.5,61.1,60.0,60.0,60.0,60.0,16.33,16.57,16.09,16.09,16.58,16.58,1.86,13.89,16.06,0.27,0.23,0,0,0.0,0.0,0,0.000,
17.9.2026,23:23:25.256,6041,33471,15.2,5755,10427,35.5,0.0,23329,0,0.765,0.800,0.760,0.750,0.750,0.686,0.741,1025.0,1100.0,1000.0,1000.0,1000.0,100.0,900.0,29.9,128.8,79.5,26.1,2.5,1.3,0.3,0.3,0.3,29.9,2.7,10.6,6.7,1.9,0.7,0.0,0.5,0.5,0.5,10.6,2.7,100.0,1.1,4.6,3.0,1.0,0.1,0.0,0.0,0.0,0.0,1.1,10.2,11.0,10.0,10.0,10.0,9.0,32,30,33,33,33,68,70,67,67,67,35,33,否,否,否,否,否,否,否,否,否,否,否,否,否,否,否,否,否,否,36,35,36,0.250,1.617,0.176,0.005,2.992,0.675,0.222,0.495,35.0,30.0,64.0,64.0,0,17.5,10.2,1.8,1.6,48.4,2.9,12.8,7.6,2.3,0.3,0.1,0.0,0.0,0.0,95.0,82.9,97.4,99.8,99.9,1066.7,10.67,15,15,15,35,74,374,1,2,否,否,否,否,否,否,否,否,否,否,否,否,否,否,否,否,否,否,否,否,否,否,否,否,否,否,否,否,否,否,否,否,否,否,否,否,否,32.0,33,33,32,97.0,100.0,否,否,24293,21074,0.0,3.4,3.4,0.000,0.081,5725,2131,35,0.005,100.0,1066.0,0.0,0.0,0.0,0.0,0.0,0.0,0.0,317,否,否,否,否,否,否,7.459,20.582,49.8,-5.505,25.2,224.3,60.9,61.8,60.1,60.1,60.1,60.1,60.5,61.1,60.0,60.0,60.0,60.0,16.33,16.57,16.09,16.09,16.58,16.58,1.86,13.89,16.06,0.27,0.23,0,0,0.0,0.0,0,0.000,
17.9.2026,23:23:27.257,6041,33471,15.2,5757,10426,35.5,0.0,23329,0,0.769,0.800,0.767,0.755,0.755,0.688,0.701,1100.0,1100.0,1100.0,1100.0,1100.0,100.0,900.0,28.4,134.6,60.6,28.0,1.4,1.9,0.3,0.3,0.3,28.4,2.5,11.2,5.2,2.5,0.0,1.3,0.0,0.0,0.0,11.2,2.5,100.0,1.0,4.8,2.2,1.1,0.0,0.1,0.0,0.0,0.0,1.0,11.0,11.0,11.0,11.0,11.0,9.0,32,31,33,34,32,68,69,67,66,68,36,34,否,否,否,否,否,否,否,否,否,否,否,否,否,否,否,否,否,否,36,33,36,0.250,1.607,0.156,0.007,3.078,0.657,0.205,0.532,35.0,30.0,64.0,64.0,0,18.2,8.4,1.9,2.4,49.9,2.7,12.9,5.6,2.3,0.2,0.2,0.0,0.0,0.0,95.4,84.3,97.5,99.8,99.9,1066.7,10.67,15,15,15,35,74,374,1,2,否,否,否,否,否,否,否,否,否,否,否,否,否,否,否,否,否,否,否,否,否,否,否,否,否,否,否,否,否,否,否,否,否,否,否,否,否,32.0,33,33,31,97.0,100.0,否,否,24293,21074,0.0,1.0,1.0,0.000,0.012,5725,2131,36,0.007,100.0,1066.0,0.0,0.0,0.0,0.0,0.0,0.0,0.0,317,否,否,否,否,否,否,7.454,20.582,49.8,-5.501,25.2,224.5,60.9,61.8,60.1,60.1,60.1,60.1,60.5,61.1,60.0,60.0,60.0,60.0,16.33,16.57,16.09,16.09,16.58,16.58,1.86,13.89,16.06,0.27,0.23,0,0,0.0,0.0,0,0.000,
17.9.2026,23:23:29.275,6041,33471,15.2,5757,10425,35.5,0.0,23329,0,0.767,0.802,0.760,0.750,0.755,0.686,0.698,1050.0,1100.0,1000.0,1000.0,1100.0,100.0,900.0,29.5,132.0,82.9,17.9,1.1,1.2,0.2,0.3,0.2,29.5,2.6,10.4,6.4,1.3,0.5,0.5,0.4,0.4,0.4,10.4,2.6,100.0,1.1,4.7,3.2,0.7,0.0,0.0,0.0,0.0,0.0,1.1,10.5,11.0,10.0,10.0,11.0,9.0,33,31,32,35,33,67,69,68,65,67,35,35,否,否,否,否,否,否,否,否,否,否,否,否,否,否,否,否,否,否,36,34,36,0.250,1.647,0.187,0.005,2.981,0.680,0.229,0.511,35.0,30.0,64.0,64.0,0,17.5,13.4,1.6,1.7,46.0,2.8,12.7,7.5,1.7,0.1,0.1,0.0,0.0,0.0,95.2,82.9,98.1,99.8,99.9,1066.7,10.67,15,15,15,35,74,374,1,2,否,否,否,否,否,否,否,否,否,否,否,否,否,否,否,否,否,否,否,否,否,否,否,否,否,否,否,否,否,否,否,否,否,否,否,否,否,32.0,33,33,32,97.0,100.0,否,否,24293,21074,0.0,2.5,2.5,0.000,0.153,5725,2131,36,0.005,100.0,1066.0,0.0,0.0,0.0,0.0,0.0,0.0,0.0,317,否,否,否,否,否,否,7.467,20.575,49.8,-5.548,25.2,222.5,60.9,61.8,60.1,60.1,60.1,60.1,60.5,61.1,60.0,60.0,60.0,60.0,16.33,16.57,16.09,16.09,16.58,16.58,1.86,13.89,16.06,0.27,0.23,0,0,0.0,0.0,0,0.000,
17.9.2026,23:23:31.287,6041,33470,15.2,5756,10426,35.5,0.0,23329,0,0.766,0.797,0.760,0.755,0.750,0.681,0.741,1000.0,1000.0,1000.0,1000.0,1000.0,100.0,800.0,28.8,134.3,80.2,12.6,1.2,1.0,0.2,0.3,0.1,28.8,2.3,10.8,6.7,1.1,0.1,0.0,0.0,0.0,0.0,10.8,2.3,100.0,1.0,4.8,3.0,0.5,0.0,0.0,0.0,0.0,0.0,1.0,10.0,10.0,10.0,10.0,10.0,8.0,32,30,33,34,32,68,70,67,66,68,36,34,否,否,否,否,否,否,否,否,否,否,否,否,否,否,否,否,否,否,35,34,35,0.250,1.759,0.179,0.006,3.372,0.701,0.218,0.609,35.0,30.0,64.0,64.0,0,17.9,11.3,2.1,1.7,47.4,2.7,12.8,7.5,1.2,0.1,0.1,0.0,0.0,0.0,95.3,82.8,98.6,99.9,99.9,1066.7,10.67,15,15,15,35,74,374,1,2,否,否,否,否,否,否,否,否,否,否,否,否,否,否,否,否,否,否,否,否,否,否,否,否,否,否,否,否,否,否,否,否,否,否,否,否,否,32.0,33,33,32,97.0,100.0,否,否,24293,21074,0.0,1.9,1.9,0.000,0.020,5725,2131,36,0.006,100.0,1066.0,0.0,0.0,0.0,0.0,0.0,0.0,0.0,317,否,否,否,否,否,否,7.411,20.575,49.8,-5.477,25.2,225.4,60.9,61.8,60.1,60.1,60.1,60.1,60.5,61.1,60.0,60.0,60.0,60.0,16.33,16.57,16.09,16.09,16.58,16.58,1.86,13.89,16.06,0.27,0.23,0,0,0.0,0.0,0,0.000,
17.9.2026,23:23:33.282,6043,33468,15.2,5753,10430,35.5,0.0,23329,0,0.766,0.797,0.762,0.755,0.750,0.681,0.701,1000.0,1000.0,1000.0,1000.0,1000.0,100.0,800.0,38.5,130.3,111.5,42.7,15.9,1.7,2.3,2.2,1.3,38.5,3.8,11.3,10.2,3.1,1.2,4.5,0.1,0.1,0.0,11.3,3.8,100.0,1.4,4.6,4.3,1.7,0.6,0.1,0.1,0.1,0.1,1.4,10.0,10.0,10.0,10.0,10.0,8.0,32,29,31,34,33,68,71,69,66,67,36,34,否,否,否,否,否,否,否,否,否,否,否,否,否,否,否,否,否,否,35,33,35,0.250,1.670,0.173,0.006,3.169,0.678,0.210,0.556,35.0,30.0,64.0,64.0,0,17.1,13.4,1.9,2.0,42.0,3.4,12.6,10.3,2.5,1.3,0.1,0.2,0.2,0.1,94.0,80.4,96.2,99.7,99.7,1066.7,10.67,15,15,15,35,74,374,1,2,是,否,否,否,否,否,否,是,否,否,否,否,否,否,否,否,否,否,否,否,否,否,否,否,否,否,是,否,否,否,否,否,否,否,是,否,否,32.0,33,33,32,97.0,100.0,否,否,24293,21074,0.6,1.9,2.5,0.066,0.030,5726,2131,36,0.006,100.0,1066.0,0.0,0.0,0.0,0.0,0.0,0.0,0.0,317,否,否,否,否,否,否,7.459,20.575,49.8,-5.564,25.2,221.9,60.9,61.8,60.1,60.1,60.1,60.1,60.5,61.1,60.0,60.0,60.0,60.0,16.33,16.57,16.09,16.09,16.58,16.58,1.86,13.89,16.06,0.27,0.23,0,0,0.0,0.0,0,0.000,
17.9.2026,23:23:35.292,6043,33469,15.2,5752,10431,35.5,0.0,23329,0,0.766,0.797,0.762,0.752,0.750,0.683,0.701,1000.0,1000.0,1000.0,1000.0,1000.0,100.0,800.0,28.5,134.0,58.5,32.0,1.0,1.4,0.2,0.7,0.2,28.5,4.9,10.8,4.2,1.9,0.2,0.2,0.1,0.0,21.5,21.5,4.9,100.0,1.0,4.8,2.1,1.3,0.0,0.0,0.0,0.0,0.0,1.0,10.0,10.0,10.0,10.0,10.0,8.0,32,29,32,34,32,68,71,68,66,68,35,34,否,否,否,否,否,否,否,否,否,否,否,否,否,否,否,否,否,否,35,33,35,0.250,1.935,0.248,0.006,3.836,0.726,0.231,0.678,35.0,30.0,64.0,64.0,0,17.6,11.5,1.9,1.7,47.5,2.8,13.3,5.6,2.7,0.1,0.1,0.0,0.1,0.0,95.2,84.0,97.1,99.8,99.9,1066.7,10.67,15,15,15,35,74,374,1,2,否,否,否,否,否,否,否,否,否,否,否,否,否,否,否,否,否,否,否,否,否,否,否,否,否,否,否,否,否,否,否,否,否,否,否,否,否,32.0,33,33,32,97.0,100.0,否,否,24293,21074,0.0,2.0,2.0,0.000,0.024,5726,2131,36,0.006,100.0,1066.0,0.0,0.0,0.0,0.0,0.0,0.0,0.0,317,否,否,否,否,否,否,7.452,20.567,49.8,-5.604,25.2,220.2,60.9,61.8,60.1,60.1,60.1,60.1,60.5,61.1,60.0,60.0,60.0,60.0,16.33,16.57,16.09,16.09,16.58,16.58,1.86,13.89,16.06,0.27,0.23,0,0,0.0,0.0,0,0.000,
17.9.2026,23:23:37.288,6043,33469,15.2,5753,10429,35.5,0.0,23329,0,0.765,0.797,0.760,0.752,0.750,0.683,0.741,1000.0,1000.0,1000.0,1000.0,1000.0,100.0,800.0,28.5,142.0,67.8,14.3,1.2,2.4,0.2,0.2,0.2,28.5,2.7,12.3,6.4,1.7,0.0,0.1,0.0,0.7,0.0,12.3,2.7,100.0,1.0,5.1,2.5,0.6,0.0,0.1,0.0,0.0,0.0,1.0,10.0,10.0,10.0,10.0,10.0,8.0,32,30,32,33,33,68,70,68,67,67,36,33,否,否,否,否,否,否,否,否,否,否,否,否,否,否,否,否,否,否,35,34,35,0.250,1.678,0.159,0.007,3.182,0.687,0.218,0.562,35.0,30.0,64.0,64.0,0,17.8,7.7,1.6,1.9,51.8,2.7,13.7,6.4,1.2,0.1,0.2,0.0,0.0,0.0,95.3,82.9,98.7,99.7,99.9,1066.7,10.67,15,15,15,35,74,374,1,2,否,否,否,否,否,否,否,否,否,否,否,否,否,否,否,否,否,否,否,否,否,否,否,否,否,否,否,否,否,否,否,否,否,否,否,否,否,32.0,33,33,32,97.0,100.0,否,否,24293,21074,0.0,1.0,1.0,0.000,0.014,5726,2131,35,0.007,100.0,1066.0,0.0,0.0,0.0,0.0,0.0,0.0,0.0,317,否,否,否,否,否,否,7.442,20.567,49.8,-5.619,25.2,219.6,60.9,61.8,60.1,60.1,60.1,60.1,60.5,61.1,60.0,60.0,60.0,60.0,16.33,16.57,16.09,16.09,16.58,16.58,1.86,13.89,16.06,0.27,0.23,0,0,0.0,0.0,0,0.000,
17.9.2026,23:23:39.293,6043,33469,15.2,5755,10428,35.5,0.0,23329,0,0.766,0.797,0.760,0.755,0.750,0.678,0.741,1000.0,1000.0,1000.0,1000.0,1000.0,100.0,800.0,29.9,124.0,87.0,24.8,2.7,0.4,0.2,0.2,0.2,29.9,2.6,10.3,7.5,1.2,0.2,1.6,0.0,0.0,0.0,10.3,2.6,100.0,1.1,4.3,3.3,1.0,0.1,0.0,0.0,0.0,0.0,1.1,10.0,10.0,10.0,10.0,10.0,8.0,31,29,32,32,32,69,71,68,68,68,35,32,否,否,否,否,否,否,否,否,否,否,否,否,否,否,否,否,否,否,36,34,36,0.250,1.559,0.166,0.007,2.793,0.660,0.223,0.467,35.0,30.0,64.0,64.0,0,17.9,9.4,1.6,1.9,49.2,2.8,12.4,8.2,1.4,0.3,0.1,0.0,0.0,0.0,95.1,82.4,98.3,99.9,99.9,1066.7,10.67,15,15,15,35,74,374,1,2,否,否,否,否,否,否,否,否,否,否,否,否,否,否,否,否,否,否,否,否,否,否,否,否,否,否,否,否,否,否,否,否,否,否,否,否,否,32.0,33,33,32,97.0,100.0,否,否,24293,21074,0.0,1.5,1.5,0.000,0.092,5726,2132,36,0.007,100.0,1066.0,0.0,0.0,0.0,0.0,0.0,0.0,0.0,317,否,否,否,否,否,否,7.423,20.559,49.8,-5.597,25.2,220.4,60.9,61.8,60.1,60.1,60.1,60.1,60.5,61.1,60.0,60.0,60.0,60.0,16.33,16.57,16.09,16.09,16.58,16.58,1.86,13.89,16.06,0.27,0.23,0,0,0.0,0.0,0,0.000,
17.9.2026,23:23:41.291,6042,33469,15.2,5758,10424,35.5,0.0,23329,0,0.766,0.797,0.762,0.752,0.750,0.681,0.741,1000.0,1000.0,1000.0,1000.0,1000.0,100.0,800.0,28.2,132.3,66.3,20.9,1.1,4.1,0.2,0.2,0.2,28.2,2.2,11.1,5.5,1.2,0.0,0.0,0.0,0.0,0.0,11.1,2.2,100.0,1.0,4.7,2.5,0.8,0.0,0.2,0.0,0.0,0.0,1.0,10.0,10.0,10.0,10.0,10.0,8.0,32,30,33,34,32,68,70,67,66,68,36,34,否,否,否,否,否,否,否,否,否,否,否,否,否,否,否,否,否,否,35,34,35,0.250,1.636,0.186,0.008,3.016,0.676,0.221,0.500,35.0,30.0,64.0,64.0,0,17.7,7.0,1.2,1.6,53.2,2.7,13.1,6.3,1.5,0.1,0.4,0.0,0.0,0.0,95.3,83.4,98.4,99.6,99.9,1066.7,10.67,15,15,15,35,74,374,1,2,否,否,否,否,否,否,否,否,否,否,否,否,否,否,否,否,否,否,否,否,否,否,否,否,否,否,否,否,否,否,否,否,否,否,否,否,否,32.0,33,33,32,97.0,100.0,否,否,24293,21074,0.0,0.9,0.9,0.000,0.010,5726,2132,36,0.008,100.0,1066.0,0.0,0.0,0.0,0.0,0.0,0.0,0.0,317,否,否,否,否,否,否,7.415,20.559,49.8,-5.554,25.2,222.1,60.9,61.8,60.1,60.1,60.1,60.1,60.5,61.1,60.0,60.0,60.0,60.0,16.33,16.57,16.09,16.09,16.58,16.58,1.86,13.89,16.06,0.27,0.23,0,0,0.0,0.0,0,0.000,
17.9.2026,23:23:43.306,6042,33469,15.2,5761,10421,35.6,0.0,23329,0,0.764,0.795,0.760,0.750,0.750,0.681,0.741,1000.0,1000.0,1000.0,1000.0,1000.0,100.0,800.0,29.5,131.2,73.8,29.3,0.2,0.9,0.2,0.2,0.2,29.5,2.5,10.9,6.0,1.3,0.4,0.0,0.4,0.4,0.4,10.9,2.5,100.0,1.1,4.7,2.7,1.2,0.0,0.0,0.0,0.0,0.0,1.1,10.0,10.0,10.0,10.0,10.0,8.0,32,30,32,33,32,68,70,68,67,68,35,33,否,否,否,否,否,否,否,否,否,否,否,否,否,否,否,否,否,否,36,34,36,0.250,1.468,0.159,0.007,2.665,0.621,0.201,0.431,35.0,30.0,64.0,64.0,0,17.3,11.5,1.3,1.6,48.6,2.8,13.1,7.1,1.7,0.0,0.1,0.0,0.0,0.0,95.3,83.2,98.2,99.9,99.9,1066.7,10.67,15,15,15,35,74,374,1,2,是,否,否,否,否,否,否,是,否,否,是,否,否,否,否,否,否,否,否,否,否,否,否,否,否,否,否,否,否,否,否,否,否,否,否,否,否,32.0,33,33,32,97.0,100.0,否,否,24293,21074,0.0,3.9,3.9,0.000,0.075,5726,2132,36,0.007,100.0,1066.0,0.0,0.0,0.0,0.0,0.0,0.0,0.0,317,否,否,否,否,否,否,7.427,20.559,49.8,-5.548,25.2,222.3,60.9,61.8,60.1,60.1,60.1,60.1,60.5,61.1,60.0,60.0,60.0,60.0,16.33,16.57,16.09,16.09,16.58,16.58,1.86,13.89,16.06,0.27,0.23,0,0,0.0,0.0,0,0.000,
17.9.2026,23:23:45.325,6042,33470,15.2,5761,10421,35.6,0.0,23329,0,0.764,0.795,0.762,0.750,0.750,0.681,0.701,1000.0,1000.0,1000.0,1000.0,1000.0,100.0,800.0,28.6,119.5,78.7,27.2,1.1,1.3,0.2,0.2,0.2,28.6,2.3,10.1,6.8,1.5,0.0,0.1,0.0,0.0,0.0,10.1,2.3,100.0,1.0,4.2,2.9,1.1,0.0,0.0,0.0,0.0,0.0,1.0,10.0,10.0,10.0,10.0,10.0,8.0,32,31,32,33,33,68,69,68,67,67,36,33,否,否,否,否,否,否,否,否,否,否,否,否,否,否,否,否,否,否,35,33,35,0.250,1.695,0.194,0.007,3.175,0.674,0.215,0.562,35.0,30.0,64.0,64.0,0,17.9,9.4,1.7,1.8,49.8,2.7,12.0,7.6,1.6,0.1,0.1,0.0,0.0,0.0,95.3,83.4,98.2,99.8,99.9,1066.7,10.67,15,15,15,35,74,374,1,2,是,否,否,否,否,否,否,是,否,否,否,否,否,否,否,否,否,否,否,否,否,否,否,否,否,否,否,否,否,否,否,否,否,否,否,否,否,32.0,33,33,32,97.0,100.0,否,否,24293,21074,0.0,2.0,2.0,0.000,0.065,5726,2132,36,0.007,100.0,1066.0,0.0,0.0,0.0,0.0,0.0,0.0,0.0,317,否,否,否,否,否,否,7.424,20.552,49.8,-5.531,25.2,222.9,60.9,61.8,60.1,60.1,60.1,60.1,60.5,61.1,60.0,60.0,60.0,60.0,16.33,16.57,16.09,16.09,16.58,16.58,1.86,13.89,16.06,0.27,0.23,0,0,0.0,0.0,0,0.000,
17.9.2026,23:23:47.308,6042,33469,15.2,5760,10423,35.5,0.0,23329,0,0.766,0.797,0.760,0.755,0.750,0.681,0.701,1000.0,1000.0,1000.0,1000.0,1000.0,100.0,800.0,29.1,124.6,74.7,30.3,0.3,1.3,0.2,0.8,0.2,29.1,2.9,10.5,6.4,2.1,0.7,0.8,0.7,0.8,0.7,10.5,2.9,100.0,1.1,4.4,2.8,1.2,0.0,0.0,0.0,0.0,0.0,1.1,10.0,10.0,10.0,10.0,10.0,8.0,32,30,32,33,33,68,70,68,67,67,36,33,否,否,否,否,否,否,否,否,否,否,否,否,否,否,否,否,否,否,36,33,36,0.250,1.640,0.190,0.007,2.987,0.673,0.221,0.509,35.0,30.0,64.0,64.0,0,17.5,7.3,1.4,1.9,52.3,2.8,12.5,7.1,2.2,0.0,0.1,0.0,0.1,0.0,95.2,83.6,97.7,99.8,99.9,1066.7,10.67,15,15,15,35,74,374,1,2,否,否,否,否,否,否,否,否,否,否,否,否,否,否,否,否,否,否,否,否,否,否,否,否,否,否,否,否,否,否,否,否,否,否,否,否,否,32.0,33,33,31,97.0,100.0,否,否,24293,21074,0.0,1.0,1.0,0.000,0.042,5726,2132,35,0.007,100.0,1066.0,0.0,0.0,0.0,0.0,0.0,0.0,0.0,317,否,否,否,否,否,否,7.445,20.552,49.8,-5.561,25.2,221.7,60.9,61.8,60.1,60.1,60.1,60.1,60.5,61.1,60.0,60.0,60.0,60.0,16.33,16.57,16.09,16.09,16.58,16.58,1.86,13.89,16.06,0.27,0.23,0,0,0.0,0.0,0,0.000,
17.9.2026,23:23:49.323,6043,33469,15.2,5758,10424,35.5,0.0,23329,0,0.765,0.797,0.760,0.752,0.750,0.681,0.741,1000.0,1000.0,1000.0,1000.0,1000.0,100.0,800.0,29.0,131.9,85.8,12.4,1.2,0.5,0.2,0.2,0.2,29.0,2.6,11.1,7.5,1.4,0.4,0.0,0.0,0.0,0.0,11.1,2.6,100.0,1.1,4.7,3.3,0.5,0.0,0.0,0.0,0.0,0.0,1.1,10.0,10.0,10.0,10.0,10.0,8.0,32,31,32,34,32,68,69,68,66,68,35,34,否,否,否,否,否,否,否,否,否,否,否,否,否,否,否,否,否,否,36,33,36,0.250,1.507,0.173,0.004,2.725,0.632,0.208,0.444,35.0,30.0,64.0,64.0,0,17.6,7.5,1.7,2.1,51.0,2.8,12.8,7.9,1.2,0.1,0.1,0.0,0.0,0.0,95.2,82.4,98.6,99.9,99.9,1066.7,10.67,15,15,15,35,74,374,1,2,否,否,否,否,否,否,否,否,否,否,否,否,否,否,否,否,否,否,否,否,否,否,否,否,否,否,否,否,否,否,否,否,否,否,否,否,否,32.0,33,33,32,97.0,100.0,否,否,24293,21074,0.0,1.1,1.1,0.000,0.044,5726,2132,36,0.004,100.0,1066.0,0.0,0.0,0.0,0.0,0.0,0.0,0.0,317,否,否,否,否,否,否,7.451,20.544,49.7,-5.514,25.2,223.5,60.9,61.8,60.1,60.1,60.1,60.1,60.5,61.1,60.0,60.0,60.0,60.0,16.33,16.57,16.09,16.09,16.58,16.58,1.86,13.89,16.06,0.27,0.23,0,0,0.0,0.0,0,0.000,
17.9.2026,23:23:51.316,6042,33469,15.2,5757,10425,35.5,0.0,23329,0,0.767,0.797,0.762,0.755,0.752,0.681,0.741,1000.0,1000.0,1000.0,1000.0,1000.0,100.0,800.0,28.5,126.1,81.9,16.3,1.5,1.2,0.2,0.2,0.2,28.5,2.2,10.2,6.1,1.0,0.0,0.4,0.0,0.0,0.0,10.2,2.2,100.0,1.0,4.5,3.1,0.6,0.0,0.0,0.0,0.0,0.0,1.0,10.0,10.0,10.0,10.0,10.0,8.0,31,29,31,33,32,69,71,69,67,68,35,33,否,否,否,否,否,否,否,否,否,否,否,否,否,否,否,否,否,否,36,34,36,0.250,1.504,0.160,0.005,2.750,0.637,0.207,0.447,35.0,30.0,64.0,64.0,0,18.0,6.8,1.6,2.5,51.4,2.7,12.5,7.2,1.6,0.2,0.1,0.0,0.0,0.0,95.3,83.1,98.2,99.8,99.9,1066.7,10.67,15,15,15,35,74,374,1,2,否,否,否,否,否,否,否,否,否,否,否,否,否,否,否,否,否,否,否,否,否,否,否,否,否,否,否,否,否,否,否,否,否,否,否,否,否,32.0,33,33,31,97.0,100.0,否,否,24293,21074,0.0,1.0,1.0,0.000,0.012,5726,2132,36,0.005,100.0,1066.0,0.0,0.0,0.0,0.0,0.0,0.0,0.0,317,否,否,否,否,否,否,7.449,20.544,49.7,-5.490,25.2,224.5,60.9,61.8,60.1,60.1,60.1,60.1,60.5,61.1,60.0,60.0,60.0,60.0,16.33,16.57,16.09,16.09,16.58,16.58,1.86,13.89,16.06,0.27,0.23,0,0,0.0,0.0,0,0.000,
17.9.2026,23:23:53.307,6042,33469,15.2,5755,10427,35.5,0.0,23329,0,0.765,0.795,0.760,0.755,0.750,0.681,0.741,1000.0,1000.0,1000.0,1000.0,1000.0,100.0,800.0,34.5,142.0,82.7,42.6,5.6,2.7,0.2,0.2,0.2,34.5,2.8,11.0,6.1,2.6,0.4,0.0,0.7,0.7,0.7,11.0,2.8,100.0,1.3,5.1,3.1,1.7,0.2,0.1,0.0,0.0,0.0,1.3,10.0,10.0,10.0,10.0,10.0,8.0,32,30,33,33,32,68,70,67,67,68,36,33,否,否,否,否,否,否,否,否,否,否,否,否,否,否,否,否,否,否,36,33,36,0.250,1.513,0.159,0.006,2.716,0.651,0.219,0.434,35.0,30.0,64.0,64.0,0,17.5,4.9,1.4,1.9,54.7,3.0,12.9,6.9,2.9,0.6,0.3,0.0,0.0,0.0,94.9,83.5,96.6,99.7,99.9,1066.7,10.67,15,15,15,35,74,374,1,2,是,否,否,否,否,否,否,是,否,否,否,否,否,否,否,否,否,否,否,否,否,否,否,否,否,否,是,否,否,否,否,否,否,否,是,否,否,32.0,33,33,31,97.0,100.0,否,否,24293,21074,0.0,0.5,0.5,0.000,0.026,5726,2132,35,0.006,100.0,1066.0,0.0,0.0,0.0,0.0,0.0,0.0,0.0,317,否,否,否,否,否,否,7.459,20.544,49.7,-5.490,25.2,224.5,60.9,61.8,60.1,60.1,60.1,60.1,60.5,61.1,60.0,60.0,60.0,60.0,16.33,16.57,16.09,16.09,16.58,16.58,1.86,13.89,16.06,0.27,0.23,0,0,0.0,0.0,0,0.000,
17.9.2026,23:23:55.320,6042,33470,15.2,5753,10429,35.5,0.0,23329,0,0.765,0.795,0.760,0.755,0.750,0.681,0.741,1000.0,1000.0,1000.0,1000.0,1000.0,100.0,800.0,29.1,126.7,79.1,14.6,2.0,9.7,0.2,0.2,0.2,29.1,4.0,10.8,7.0,1.8,0.7,10.2,0.5,0.5,0.5,10.8,4.0,100.0,1.1,4.5,3.0,0.6,0.1,0.4,0.0,0.0,0.0,1.1,10.0,10.0,10.0,10.0,10.0,8.0,32,30,32,32,33,68,70,68,68,67,35,33,否,否,否,否,否,否,否,否,否,否,否,否,否,否,否,否,否,否,36,33,35,0.250,1.499,0.215,0.007,2.597,0.634,0.227,0.384,35.0,30.0,64.0,64.0,0,17.9,8.7,1.6,2.2,50.0,2.7,12.3,7.2,1.4,0.2,0.7,0.0,0.0,0.0,95.2,83.3,98.3,99.3,99.9,1066.7,10.67,15,15,15,35,74,374,1,2,否,否,否,否,否,否,否,否,否,否,否,否,否,否,否,否,否,否,否,否,否,否,否,否,否,否,否,否,否,否,否,否,否,否,否,否,否,32.0,33,33,31,97.0,100.0,否,否,24293,21074,0.0,1.0,1.0,0.000,0.100,5726,2132,36,0.007,100.0,1066.0,0.0,0.0,0.0,0.0,0.0,0.0,0.0,317,否,否,否,否,否,否,7.460,20.536,49.7,-5.453,25.2,225.9,60.9,61.8,60.1,60.1,60.1,60.1,60.5,61.1,60.0,60.0,60.0,60.0,16.33,16.57,16.09,16.09,16.58,16.58,1.86,13.89,16.06,0.27,0.23,0,0,0.0,0.0,0,0.000,
17.9.2026,23:23:57.320,6042,33470,15.2,5753,10430,35.5,0.0,23329,0,0.768,0.800,0.760,0.757,0.755,0.681,0.741,1050.0,1000.0,1000.0,1100.0,1100.0,100.0,800.0,28.2,122.8,84.5,15.2,1.1,1.0,0.2,0.2,0.2,28.2,2.1,10.2,6.6,0.0,0.0,0.0,0.0,0.0,0.0,10.2,2.1,100.0,1.0,4.3,3.2,0.6,0.0,0.0,0.0,0.0,0.0,1.0,10.5,10.0,10.0,11.0,11.0,8.0,32,30,32,33,32,68,70,68,67,68,35,33,否,否,否,否,否,否,否,否,否,否,否,否,否,否,否,否,否,否,36,34,35,0.250,1.583,0.173,0.007,2.903,0.657,0.218,0.489,35.0,30.0,64.0,64.0,0,17.6,6.0,1.7,1.9,53.5,2.7,12.3,7.6,1.4,0.1,0.1,0.0,0.0,0.0,95.3,83.1,98.4,99.8,99.9,1066.7,10.67,15,15,15,35,74,374,1,2,否,否,否,否,否,否,否,否,否,否,否,否,否,否,否,否,否,否,否,否,否,否,否,否,否,否,否,否,否,否,否,否,否,否,否,否,否,32.0,33,33,31,97.0,100.0,否,否,24293,21074,0.0,0.5,0.5,0.000,0.012,5726,2132,36,0.007,100.0,1066.0,0.0,0.0,0.0,0.0,0.0,0.0,0.0,317,否,否,否,否,否,否,7.461,20.536,49.7,-5.461,25.2,225.6,60.9,61.8,60.1,60.1,60.1,60.1,60.5,61.1,60.0,60.0,60.0,60.0,16.33,16.57,16.09,16.09,16.58,16.58,1.86,13.89,16.06,0.27,0.23,0,0,0.0,0.0,0,0.000,
17.9.2026,23:23:59.334,6042,33470,15.2,5753,10430,35.5,0.0,23329,0,0.767,0.800,0.762,0.755,0.750,0.681,0.741,1000.0,1000.0,1000.0,1000.0,1000.0,100.0,800.0,29.1,119.8,74.8,34.6,1.9,1.0,0.2,0.2,0.2,29.1,4.2,10.0,6.4,13.4,1.0,0.0,0.8,0.8,0.8,13.4,4.2,100.0,1.1,4.2,2.8,1.4,0.1,0.0,0.0,0.0,0.0,1.1,10.0,10.0,10.0,10.0,10.0,8.0,32,30,32,34,33,68,70,68,66,67,36,34,否,否,否,否,否,否,否,否,否,否,否,否,否,否,否,否,否,否,35,34,35,0.250,1.472,0.152,0.008,2.606,0.635,0.216,0.420,35.0,30.0,64.0,64.0,0,17.4,9.4,1.4,2.2,50.0,2.8,12.0,7.1,2.7,0.2,0.1,0.0,0.0,0.0,95.2,83.8,97.1,99.9,99.9,1066.7,10.67,15,15,15,35,74,374,1,2,否,否,否,否,否,否,否,否,否,否,否,否,否,否,否,否,否,否,否,否,否,否,否,否,否,否,否,否,否,否,否,否,否,否,否,否,否,32.0,33,33,32,97.0,100.0,否,否,24293,21074,0.0,1.5,1.5,0.000,0.016,5726,2132,36,0.008,100.0,1066.0,0.0,0.0,0.0,0.0,0.0,0.0,0.0,317,否,否,否,否,否,否,7.455,20.529,49.7,-5.412,25.2,227.6,60.9,61.8,60.1,60.1,60.1,60.1,60.5,61.1,60.0,60.0,60.0,60.0,16.33,16.57,16.09,16.09,16.58,16.58,1.86,13.89,16.06,0.27,0.23,0,0,0.0,0.0,0,0.000,
17.9.2026,23:24:1.344,6043,33469,15.2,5757,10425,35.5,0.0,23329,0,0.767,0.800,0.762,0.755,0.750,0.681,0.698,1000.0,1000.0,1000.0,1000.0,1000.0,100.0,800.0,32.0,142.6,71.0,29.2,4.5,7.4,0.3,0.3,0.3,32.0,2.7,12.4,6.3,2.4,0.7,0.0,0.0,0.0,0.0,12.4,2.7,100.0,1.2,5.2,2.7,1.2,0.2,0.3,0.0,0.0,0.0,1.2,10.0,10.0,10.0,10.0,10.0,8.0,32,29,32,33,32,68,71,68,67,68,36,33,否,否,否,否,否,否,否,否,否,否,否,否,否,否,否,否,否,否,35,33,35,0.250,1.586,0.168,0.007,2.932,0.656,0.218,0.497,35.0,30.0,64.0,64.0,0,17.7,4.7,1.7,2.4,52.8,3.0,14.0,6.7,2.2,0.5,0.7,0.0,0.0,0.0,94.8,82.7,97.3,99.2,99.9,1066.7,10.67,15,15,15,35,74,374,1,2,否,否,否,否,否,否,否,否,否,否,否,否,否,否,否,否,否,否,否,否,否,否,否,否,否,否,否,否,否,否,否,否,否,否,否,否,否,32.0,33,33,31,97.0,100.0,否,否,24293,21074,0.0,0.5,0.5,0.000,0.010,5726,2132,36,0.007,100.0,1066.0,0.0,0.0,0.0,0.0,0.0,0.0,0.0,317,否,否,否,否,否,否,7.453,20.529,49.7,-5.441,25.2,226.4,60.9,61.8,60.1,60.1,60.1,60.1,60.5,61.1,60.0,60.0,60.0,60.0,16.33,16.57,16.09,16.09,16.58,16.58,1.86,13.89,16.06,0.27,0.23,0,0,0.0,0.0,0,0.000,
17.9.2026,23:24:3.354,6043,33469,15.2,5759,10423,35.5,0.0,23329,0,0.766,0.797,0.762,0.752,0.750,0.681,0.741,1000.0,1000.0,1000.0,1000.0,1000.0,100.0,800.0,28.5,130.1,61.1,32.9,2.0,1.0,0.2,0.2,0.2,28.5,4.5,11.0,5.1,2.3,0.0,17.5,0.0,0.0,0.0,17.5,4.5,100.0,1.0,4.6,2.2,1.3,0.1,0.0,0.0,0.0,0.0,1.0,10.0,10.0,10.0,10.0,10.0,8.0,32,29,31,33,33,68,71,69,67,67,35,33,否,否,否,否,否,否,否,否,否,否,否,否,否,否,否,否,否,否,35,34,35,0.250,1.444,0.165,0.008,2.562,0.637,0.225,0.372,35.0,30.0,64.0,64.0,0,17.8,6.5,1.7,2.4,51.9,2.7,12.9,5.8,2.4,0.2,0.1,0.0,0.0,0.0,95.2,83.8,97.3,99.8,99.9,1066.7,10.67,15,15,15,35,74,374,1,2,否,否,否,否,否,否,否,否,否,否,否,否,否,否,否,否,否,否,否,否,否,否,否,否,否,否,否,否,否,否,否,否,否,否,否,否,否,33.0,33,33,31,97.0,100.0,否,否,24293,21074,0.0,1.0,1.0,0.000,0.012,5726,2132,35,0.008,100.0,1066.0,0.0,0.0,0.0,0.0,0.0,0.0,0.0,317,否,否,否,否,否,否,7.458,20.529,49.7,-5.415,25.2,227.5,60.9,61.8,60.1,60.1,60.1,60.1,60.5,61.1,60.0,60.0,60.0,60.0,16.33,16.57,16.09,16.09,16.58,16.58,1.86,13.89,16.06,0.27,0.23,0,0,0.0,0.0,0,0.000,
17.9.2026,23:24:5.343,6042,33469,15.2,5760,10422,35.5,0.0,23329,0,0.764,0.797,0.757,0.752,0.750,0.681,0.738,1000.0,1000.0,1000.0,1000.0,1000.0,100.0,800.0,29.2,128.8,73.2,29.2,1.4,0.6,0.2,0.2,0.2,29.2,2.7,10.5,6.0,1.8,0.7,0.7,0.6,0.6,0.6,10.5,2.7,100.0,1.1,4.6,2.8,1.2,0.0,0.0,0.0,0.0,0.0,1.1,10.0,10.0,10.0,10.0,10.0,8.0,32,31,32,34,33,68,69,68,66,67,35,34,否,否,否,否,否,否,否,否,否,否,否,否,否,否,否,否,否,否,35,33,35,0.250,1.530,0.169,0.007,2.710,0.659,0.230,0.433,35.0,30.0,64.0,64.0,0,17.9,7.4,1.4,2.4,51.2,2.7,12.6,6.8,2.1,0.1,0.1,0.0,0.0,0.0,95.2,83.4,97.7,99.9,99.9,1066.7,10.67,15,15,15,35,74,374,1,2,否,否,否,否,否,否,否,否,否,否,否,否,否,否,否,否,否,否,否,否,否,否,否,否,否,否,否,否,否,否,否,否,否,否,否,否,否,31.0,33,33,31,97.0,100.0,否,否,24293,21074,0.0,1.0,1.0,0.000,0.087,5726,2133,36,0.007,100.0,1066.0,0.0,0.0,0.0,0.0,0.0,0.0,0.0,317,否,否,否,否,否,否,7.452,20.521,49.7,-5.388,25.2,228.5,60.9,61.8,60.1,60.1,60.1,60.1,60.5,61.1,60.0,60.0,60.0,60.0,16.33,16.57,16.09,16.09,16.58,16.58,1.86,13.89,16.06,0.27,0.23,0,0,0.0,0.0,0,0.000,
17.9.2026,23:24:7.343,6042,33469,15.2,5759,10423,35.5,0.0,23329,0,0.766,0.800,0.760,0.755,0.750,0.681,0.743,1000.0,1000.0,1000.0,1000.0,1000.0,100.0,800.0,28.8,133.2,79.2,13.3,2.3,2.0,0.2,0.2,0.2,28.8,2.3,11.1,6.4,1.0,0.1,0.1,0.0,0.0,0.0,11.1,2.3,100.0,1.1,4.8,3.0,0.5,0.1,0.1,0.0,0.0,0.0,1.1,10.0,10.0,10.0,10.0,10.0,8.0,33,30,33,34,34,67,70,67,66,66,35,34,否,否,否,否,否,否,否,否,否,否,否,否,否,否,否,否,否,否,35,34,35,0.250,1.578,0.167,0.009,2.814,0.680,0.236,0.455,35.0,30.0,64.0,64.0,0,17.9,7.6,1.7,2.1,51.5,2.8,13.1,7.1,1.3,0.2,0.2,0.0,0.0,0.0,95.3,83.0,98.4,99.8,99.9,1066.7,10.67,15,15,15,35,74,374,1,2,否,否,否,否,否,否,否,否,否,否,否,否,否,否,否,否,否,否,否,否,否,否,否,否,否,否,否,否,否,否,否,否,否,否,否,否,否,33.0,33,33,31,97.0,100.0,否,否,24293,21074,0.0,1.0,1.0,0.000,0.018,5726,2133,35,0.009,100.0,1066.0,0.0,0.0,0.0,0.0,0.0,0.0,0.0,317,否,否,否,否,否,否,7.451,20.521,49.7,-5.395,25.2,228.2,60.9,61.8,60.1,60.1,60.1,60.1,60.5,61.1,60.0,60.0,60.0,60.0,16.33,16.57,16.09,16.09,16.58,16.58,1.86,13.89,16.06,0.27,0.23,0,0,0.0,0.0,0,0.000,
17.9.2026,23:24:9.344,6042,33469,15.2,5758,10424,35.5,0.0,23329,0,0.764,0.795,0.760,0.752,0.750,0.681,0.741,1000.0,1000.0,1000.0,1000.0,1000.0,100.0,800.0,29.6,125.8,80.7,27.9,1.2,0.9,0.2,0.2,0.2,29.6,2.2,10.2,6.2,1.5,0.0,0.0,0.0,0.0,0.0,10.2,2.2,100.0,1.1,4.4,3.1,1.1,0.0,0.0,0.0,0.0,0.0,1.1,10.0,10.0,10.0,10.0,10.0,8.0,32,30,31,33,32,68,70,69,67,68,36,33,否,否,否,否,否,否,否,否,否,否,否,否,否,否,否,否,否,否,36,34,36,0.250,1.533,0.154,0.008,2.771,0.653,0.220,0.461,35.0,30.0,64.0,64.0,0,17.9,9.9,2.0,2.2,48.4,2.8,12.5,7.3,2.0,0.1,0.1,0.0,0.0,0.0,95.2,83.3,97.9,99.9,99.9,1066.7,10.67,15,15,15,35,74,374,1,2,是,否,否,否,否,否,否,是,否,否,否,否,否,否,否,否,否,否,否,否,否,否,否,否,否,否,否,否,否,否,否,否,否,否,否,否,否,32.0,33,33,31,97.0,100.0,否,否,24293,21074,0.0,1.6,1.6,0.000,0.079,5726,2133,36,0.008,100.0,1066.0,0.0,0.0,0.0,0.0,0.0,0.0,0.0,317,否,否,否,否,否,否,7.451,20.521,49.7,-5.387,25.2,228.6,60.9,61.8,60.1,60.1,60.1,60.1,60.5,61.1,60.0,60.0,60.0,60.0,16.33,16.57,16.09,16.09,16.58,16.58,1.86,13.89,16.06,0.27,0.23,0,0,0.0,0.0,0,0.000,
17.9.2026,23:24:11.350,6042,33470,15.2,5757,10425,35.5,0.0,23329,0,0.764,0.795,0.760,0.752,0.750,0.681,0.741,1000.0,1000.0,1000.0,1000.0,1000.0,100.0,800.0,28.0,135.0,70.7,13.1,2.9,1.8,0.2,0.2,0.2,28.0,2.4,11.6,6.1,1.7,0.0,0.0,0.0,0.0,0.0,11.6,2.4,100.0,1.0,4.8,2.6,0.5,0.1,0.1,0.0,0.0,0.0,1.0,10.0,10.0,10.0,10.0,10.0,8.0,32,30,33,33,32,68,70,67,67,68,35,33,否,否,否,否,否,否,否,否,否,否,否,否,否,否,否,否,否,否,35,33,35,0.250,1.677,0.186,0.007,3.049,0.699,0.234,0.518,35.0,30.0,64.0,64.0,0,18.1,6.5,1.9,2.2,52.0,2.7,13.1,6.4,1.3,0.3,0.2,0.0,0.0,0.0,95.3,83.3,98.4,99.8,99.9,1066.7,10.67,15,15,15,35,74,374,1,2,否,否,否,否,否,否,否,否,否,否,否,否,否,否,否,否,否,否,否,否,否,否,否,否,否,否,否,否,否,否,否,否,否,否,否,否,否,32.0,33,33,31,97.0,100.0,否,否,24293,21074,0.0,0.5,0.5,0.000,0.012,5726,2133,35,0.007,100.0,1066.0,0.0,0.0,0.0,0.0,0.0,0.0,0.0,317,否,否,否,否,否,否,7.453,20.521,49.7,-5.389,25.2,228.5,60.9,61.8,60.1,60.1,60.1,60.1,60.5,61.1,60.0,60.0,60.0,60.0,16.33,16.57,16.09,16.09,16.58,16.58,1.86,13.89,16.06,0.27,0.23,0,0,0.0,0.0,0,0.000,
17.9.2026,23:24:13.350,6041,33470,15.2,5765,10418,35.6,0.0,23329,0,0.765,0.797,0.760,0.752,0.750,0.681,0.741,1000.0,1000.0,1000.0,1000.0,1000.0,100.0,800.0,33.2,124.0,86.0,41.6,5.6,2.8,2.0,1.7,1.4,33.2,3.5,10.2,7.3,2.9,1.2,0.0,1.0,4.6,0.9,10.2,3.5,100.0,1.2,4.4,3.3,1.6,0.2,0.1,0.1,0.1,0.0,1.2,10.0,10.0,10.0,10.0,10.0,8.0,32,30,33,33,32,68,70,67,67,68,36,33,否,否,否,否,否,否,否,否,否,否,否,否,否,否,否,否,否,否,35,33,35,0.250,1.499,0.158,0.007,2.668,0.650,0.218,0.425,35.0,30.0,64.0,64.0,0,17.8,7.3,1.2,2.5,50.4,3.1,12.2,7.9,3.1,0.6,0.3,0.2,0.2,0.2,94.6,82.6,96.4,99.5,99.7,1066.7,10.67,15,15,15,35,74,374,1,2,否,否,否,否,否,否,否,否,否,否,否,否,否,否,否,否,否,否,否,否,否,否,否,否,否,否,否,否,否,否,否,否,否,否,否,否,否,32.0,33,33,31,97.0,100.0,否,否,24293,21074,0.0,1.0,1.0,0.000,0.032,5726,2133,36,0.007,100.0,1066.0,0.0,0.0,0.0,0.0,0.0,0.0,0.0,317,否,否,否,否,否,否,7.456,20.521,49.7,-5.406,25.2,227.8,60.9,61.8,60.1,60.1,60.1,60.1,60.5,61.1,60.0,60.0,60.0,60.0,16.33,16.57,16.09,16.09,16.58,16.58,1.86,13.89,16.06,0.27,0.23,0,0,0.0,0.0,0,0.000,
17.9.2026,23:24:15.353,6041,33471,15.2,5761,10421,35.6,0.0,23329,0,0.765,0.797,0.760,0.752,0.750,0.683,0.741,1000.0,1000.0,1000.0,1000.0,1000.0,100.0,800.0,28.2,123.8,80.2,19.3,1.1,0.7,0.2,0.2,0.2,28.2,4.2,10.2,6.2,0.0,0.0,17.3,0.0,0.0,0.0,17.3,4.2,100.0,1.0,4.4,3.1,0.8,0.0,0.0,0.0,0.0,0.0,1.0,10.0,10.0,10.0,10.0,10.0,8.0,32,30,33,33,33,68,70,67,67,67,35,33,否,否,否,否,否,否,否,否,否,否,否,否,否,否,否,否,否,否,35,34,35,0.250,1.590,0.188,0.005,2.870,0.685,0.244,0.443,35.0,30.0,64.0,64.0,0,18.1,7.6,1.6,2.5,51.0,2.6,12.3,7.0,1.5,0.1,0.1,0.0,0.0,0.0,95.4,83.5,98.3,99.9,99.9,1066.7,10.67,15,15,15,35,74,374,1,2,否,否,否,否,否,否,否,否,否,否,否,否,否,否,否,否,否,否,否,否,否,否,否,否,否,否,否,否,否,否,否,否,否,否,否,否,否,32.0,33,33,31,97.0,100.0,否,否,24293,21074,0.0,1.0,1.0,0.000,0.065,5726,2133,35,0.005,100.0,1066.0,0.0,0.0,0.0,0.0,0.0,0.0,0.0,317,否,否,否,否,否,否,7.463,20.513,49.7,-5.396,25.2,228.1,60.9,61.8,60.1,60.1,60.1,60.1,60.5,61.1,60.0,60.0,60.0,60.0,16.33,16.57,16.09,16.09,16.58,16.58,1.86,13.89,16.06,0.27,0.23,0,0,0.0,0.0,0,0.000,
17.9.2026,23:24:17.351,6041,33471,15.2,5760,10423,35.5,0.0,23329,0,0.763,0.800,0.755,0.747,0.750,0.681,0.738,950.0,1000.0,900.0,900.0,1000.0,100.0,800.0,28.5,133.8,71.8,17.4,1.8,1.8,0.2,1.1,0.2,28.5,3.2,11.0,6.0,7.4,1.0,0.3,0.0,0.0,0.0,11.0,3.2,100.0,1.0,4.8,2.7,0.7,0.1,0.1,0.0,0.0,0.0,1.0,9.5,10.0,9.0,9.0,10.0,8.0,32,29,32,34,33,68,71,68,66,67,36,34,否,否,否,否,否,否,否,否,否,否,否,否,否,否,否,否,否,否,35,34,35,0.250,1.590,0.174,0.006,2.810,0.677,0.235,0.464,35.0,30.0,64.0,64.0,0,18.2,7.0,1.4,3.1,50.9,2.7,12.9,6.6,1.7,0.2,0.2,0.0,0.1,0.0,95.2,83.2,98.0,99.8,99.8,1066.7,10.67,15,15,15,35,74,374,1,2,否,否,否,否,否,否,否,否,否,否,否,否,否,否,否,否,否,否,否,否,否,否,否,否,否,否,否,否,否,否,否,否,否,否,否,否,否,32.0,33,33,31,97.0,100.0,否,否,24293,21074,0.0,1.0,1.0,0.000,0.012,5726,2133,35,0.006,100.0,1066.0,0.0,0.0,0.0,0.0,0.0,0.0,0.0,317,否,否,否,否,否,否,7.461,20.513,49.7,-5.424,25.2,226.9,60.9,61.8,60.1,60.1,60.1,60.1,60.5,61.1,60.0,60.0,60.0,60.0,16.33,16.57,16.09,16.09,16.58,16.58,1.86,13.89,16.06,0.27,0.23,0,0,0.0,0.0,0,0.000,
17.9.2026,23:24:19.349,6041,33470,15.2,5758,10424,35.5,0.0,23329,0,0.765,0.797,0.760,0.752,0.750,0.681,0.741,1000.0,1000.0,1000.0,1000.0,1000.0,100.0,800.0,29.0,147.9,78.2,4.1,0.2,1.0,0.2,0.2,0.2,29.0,2.3,11.9,6.5,0.3,0.0,0.0,0.0,0.0,0.0,11.9,2.3,100.0,1.1,5.4,2.9,0.1,0.0,0.0,0.0,0.0,0.0,1.1,10.0,10.0,10.0,10.0,10.0,8.0,32,30,32,33,32,68,70,68,67,68,35,33,否,否,否,否,否,否,否,否,否,否,否,否,否,否,否,否,否,否,35,33,35,0.250,1.528,0.167,0.006,2.725,0.661,0.225,0.434,35.0,30.0,64.0,64.0,0,18.1,6.6,1.5,2.7,51.4,2.7,13.9,7.3,0.4,0.0,0.1,0.0,0.0,0.0,95.3,82.0,99.5,99.9,99.9,1066.7,10.67,15,15,15,35,74,374,1,2,否,否,否,否,否,否,否,否,否,否,否,否,否,否,否,否,否,否,否,否,否,否,否,否,否,否,否,否,否,否,否,否,否,否,否,否,否,32.0,33,33,31,97.0,100.0,否,否,24293,21074,0.0,0.6,0.6,0.000,0.042,5726,2133,36,0.006,100.0,1066.0,0.0,0.0,0.0,0.0,0.0,0.0,0.0,317,否,否,否,否,否,否,7.464,20.506,49.6,-5.411,25.2,227.4,60.9,61.8,60.1,60.1,60.1,60.1,60.5,61.1,60.0,60.0,60.0,60.0,16.33,16.57,16.09,16.09,16.58,16.58,1.86,13.89,16.06,0.27,0.23,0,0,0.0,0.0,0,0.000,
17.9.2026,23:24:21.350,6041,33471,15.2,5756,10426,35.5,0.0,23329,0,0.766,0.797,0.760,0.752,0.752,0.681,0.741,1000.0,1000.0,1000.0,1000.0,1000.0,100.0,800.0,29.1,129.0,64.7,35.4,2.0,0.9,0.3,0.4,0.2,29.1,2.6,11.2,5.7,2.4,0.5,0.4,0.3,0.3,0.3,11.2,2.6,100.0,1.1,4.6,2.4,1.4,0.1,0.0,0.0,0.0,0.0,1.1,10.0,10.0,10.0,10.0,10.0,8.0,32,30,32,33,32,68,70,68,67,68,35,33,否,否,否,否,否,否,否,否,否,否,否,否,否,否,否,否,否,否,35,33,36,0.250,1.498,0.159,0.006,2.697,0.650,0.221,0.424,35.0,30.0,64.0,64.0,0,18.4,6.7,1.8,2.8,50.8,2.7,12.9,6.1,2.2,0.2,0.1,0.0,0.0,0.0,95.3,83.8,97.6,99.9,99.9,1066.7,10.67,15,15,15,35,74,374,1,2,否,否,否,否,否,否,否,否,否,否,否,否,否,否,否,否,否,否,否,否,否,否,否,否,否,否,否,否,否,否,否,否,否,否,否,否,否,32.0,33,33,31,97.0,100.0,否,否,24293,21074,0.0,1.0,1.0,0.000,0.010,5726,2133,35,0.006,100.0,1066.0,0.0,0.0,0.0,0.0,0.0,0.0,0.0,317,否,否,否,否,否,否,7.461,20.506,49.6,-5.394,25.2,228.1,60.9,61.8,60.1,60.1,60.1,60.1,60.5,61.1,60.0,60.0,60.0,60.0,16.33,16.57,16.09,16.09,16.58,16.58,1.86,13.89,16.06,0.27,0.23,0,0,0.0,0.0,0,0.000,
17.9.2026,23:24:23.351,6040,33471,15.2,5755,10428,35.5,0.0,23329,0,0.766,0.800,0.760,0.752,0.750,0.678,0.741,1000.0,1000.0,1000.0,1000.0,1000.0,100.0,800.0,29.7,136.5,69.6,28.0,2.1,0.5,0.2,0.2,0.2,29.7,2.4,11.4,5.7,2.1,0.0,0.0,0.0,0.0,0.0,11.4,2.4,100.0,1.1,4.9,2.6,1.1,0.1,0.0,0.0,0.0,0.0,1.1,10.0,10.0,10.0,10.0,10.0,8.0,32,30,32,34,33,68,70,68,66,67,35,34,否,否,否,否,否,否,否,否,否,否,否,否,否,否,否,否,否,否,36,33,36,0.250,1.528,0.187,0.008,2.747,0.642,0.213,0.434,35.0,30.0,64.0,64.0,0,17.9,7.6,1.8,2.7,49.5,2.9,13.5,6.6,2.4,0.2,0.1,0.0,0.0,0.0,95.0,82.9,97.4,99.9,99.9,1066.7,10.67,15,15,15,35,74,374,1,2,否,否,否,否,否,否,否,否,否,否,否,否,否,否,否,否,否,否,否,否,否,否,否,否,否,否,否,否,否,否,否,否,否,否,否,否,否,32.0,33,33,31,97.0,100.0,否,否,24293,21074,0.0,1.0,1.0,0.000,0.016,5726,2133,35,0.008,100.0,1066.0,0.0,0.0,0.0,0.0,0.0,0.0,0.0,317,否,否,否,否,否,否,7.455,20.506,49.6,-5.405,25.2,227.6,60.9,61.8,60.1,60.1,60.1,60.1,60.5,61.1,60.0,60.0,60.0,60.0,16.33,16.57,16.09,16.09,16.58,16.58,1.86,13.89,16.06,0.27,0.23,0,0,0.0,0.0,0,0.000,
17.9.2026,23:24:25.340,6041,33471,15.2,5753,10429,35.5,0.0,23329,0,0.766,0.797,0.760,0.755,0.750,0.683,0.741,1000.0,1000.0,1000.0,1000.0,1000.0,100.0,800.0,28.6,131.6,71.3,22.0,1.9,0.9,0.3,0.7,0.3,28.6,2.4,11.1,6.1,1.0,0.9,0.0,0.0,0.0,0.0,11.1,2.4,100.0,1.0,4.7,2.7,0.9,0.1,0.0,0.0,0.0,0.0,1.0,10.0,10.0,10.0,10.0,10.0,8.0,32,30,33,33,33,68,70,67,67,67,35,33,否,否,否,否,否,否,否,否,否,否,否,否,否,否,否,否,否,否,36,34,36,0.250,1.545,0.156,0.008,2.871,0.655,0.216,0.466,35.0,30.0,64.0,64.0,0,18.0,11.4,1.4,2.6,46.9,2.7,13.2,6.9,1.2,0.2,0.1,0.0,0.1,0.0,95.2,82.7,98.5,99.8,99.9,1066.7,10.67,15,15,15,35,74,374,1,2,是,否,否,否,否,否,否,是,否,否,否,否,否,否,否,否,否,否,否,否,否,否,否,否,否,否,是,否,否,否,否,否,否,否,是,否,否,33.0,33,33,31,97.0,100.0,否,否,24293,21074,0.0,2.0,2.0,0.000,0.118,5726,2133,35,0.008,100.0,1066.0,0.0,0.0,0.0,0.0,0.0,0.0,0.0,317,否,否,否,否,否,否,7.459,20.498,49.6,-5.408,25.2,227.4,60.9,61.8,60.1,60.1,60.1,60.1,60.5,61.1,60.0,60.0,60.0,60.0,16.33,16.57,16.09,16.09,16.58,16.58,1.86,13.89,16.06,0.27,0.23,0,0,0.0,0.0,0,0.000,
17.9.2026,23:24:27.355,6041,33471,15.2,5752,10430,35.5,0.0,23329,0,0.765,0.797,0.760,0.752,0.750,0.681,0.741,1000.0,1000.0,1000.0,1000.0,1000.0,100.0,800.0,28.5,120.7,79.3,23.0,2.4,2.1,0.2,0.3,0.2,28.5,2.4,10.0,6.1,0.0,0.1,0.9,0.7,0.7,0.7,10.0,2.4,100.0,1.0,4.2,3.0,0.9,0.1,0.1,0.0,0.0,0.0,1.0,10.0,10.0,10.0,10.0,10.0,8.0,32,30,32,33,32,68,70,68,67,68,35,33,否,否,否,否,否,否,否,否,否,否,否,否,否,否,否,否,否,否,36,33,35,0.250,1.705,0.195,0.006,3.193,0.686,0.221,0.554,35.0,30.0,64.0,64.0,0,18.0,9.3,1.9,2.8,48.9,2.7,12.0,6.9,1.8,0.2,0.2,0.0,0.0,0.0,95.4,84.0,97.9,99.7,99.9,1066.7,10.67,15,15,15,35,74,374,1,2,否,否,否,否,否,否,否,否,否,否,否,否,否,否,否,否,否,否,否,否,否,否,否,否,否,否,否,否,否,否,否,否,否,否,否,否,否,32.0,33,33,31,97.0,100.0,否,否,24293,21074,0.0,3.3,3.3,0.000,0.028,5726,2133,35,0.006,100.0,1066.0,0.0,0.0,0.0,0.0,0.0,0.0,0.0,317,否,否,否,否,否,否,7.431,20.498,49.6,-5.417,25.2,227.0,60.9,61.8,60.1,60.1,60.1,60.1,60.5,61.1,60.0,60.0,60.0,60.0,16.33,16.57,16.09,16.09,16.58,16.58,1.86,13.89,16.06,0.27,0.23,0,0,0.0,0.0,0,0.000,
17.9.2026,23:24:29.367,6041,33471,15.2,5751,10431,35.5,0.0,23329,0,0.766,0.800,0.760,0.752,0.750,0.681,0.743,1000.0,1000.0,1000.0,1000.0,1000.0,100.0,800.0,29.5,124.9,83.3,23.7,2.0,1.2,0.2,0.4,0.2,29.5,3.3,10.3,6.9,8.2,0.0,0.8,0.0,0.0,0.0,10.3,3.3,100.0,1.1,4.4,3.2,0.9,0.1,0.0,0.0,0.0,0.0,1.1,10.0,10.0,10.0,10.0,10.0,8.0,32,29,33,34,34,68,71,67,66,66,36,34,否,否,否,否,否,否,否,否,否,否,否,否,否,否,否,否,否,否,35,34,35,0.250,1.610,0.179,0.007,2.920,0.673,0.225,0.487,35.0,30.0,64.0,64.0,0,17.9,9.2,1.6,2.4,48.6,2.8,12.5,7.8,2.0,0.2,0.1,0.0,0.0,0.0,95.1,82.7,97.7,99.8,99.9,1066.7,10.67,15,15,15,35,74,374,1,2,否,否,否,否,否,否,否,否,否,否,否,否,否,否,否,否,否,否,否,否,否,否,否,否,否,否,否,否,否,否,否,否,否,否,否,否,否,32.0,33,33,31,97.0,100.0,否,否,24293,21074,0.0,1.5,1.5,0.000,0.116,5726,2134,35,0.007,100.0,1066.0,0.0,0.0,0.0,0.0,0.0,0.0,0.0,317,否,否,否,否,否,否,7.459,20.490,49.6,-5.453,25.2,225.4,60.9,61.8,60.1,60.1,60.1,60.1,60.5,61.1,60.0,60.0,60.0,60.0,16.33,16.57,16.09,16.09,16.58,16.58,1.86,13.89,16.06,0.27,0.23,0,0,0.0,0.0,0,0.000,
17.9.2026,23:24:31.369,6040,33471,15.2,5750,10432,35.5,0.0,23329,0,0.766,0.797,0.760,0.755,0.750,0.683,0.741,1000.0,1000.0,1000.0,1000.0,1000.0,100.0,800.0,28.6,122.0,78.4,20.0,1.4,2.0,0.2,5.0,0.2,28.6,2.7,10.2,6.7,1.2,0.8,0.0,0.7,1.1,0.7,10.2,2.7,100.0,1.0,4.3,3.0,0.8,0.0,0.1,0.0,0.2,0.0,1.0,10.0,10.0,10.0,10.0,10.0,8.0,32,30,33,33,32,68,70,67,67,68,35,33,否,否,否,否,否,否,否,否,否,否,否,否,否,否,否,否,否,否,36,33,36,0.250,1.612,0.156,0.007,2.994,0.683,0.226,0.499,35.0,30.0,64.0,64.0,0,18.0,8.2,1.3,2.5,50.4,2.7,12.2,7.4,1.3,0.1,0.2,0.0,0.5,0.0,95.2,83.2,98.5,99.8,99.5,1066.7,10.67,15,15,15,35,74,374,1,2,是,否,否,否,否,否,否,是,否,否,否,否,否,否,否,否,否,否,否,否,否,否,否,否,否,否,否,否,否,否,否,否,否,否,否,否,否,32.0,33,33,31,97.0,100.0,否,否,24293,21074,0.0,1.5,1.5,0.000,0.045,5726,2134,36,0.007,100.0,1066.0,0.0,0.0,0.0,0.0,0.0,0.0,0.0,317,否,否,否,否,否,否,7.456,20.490,49.6,-5.428,25.2,226.5,60.9,61.8,60.1,60.1,60.1,60.1,60.5,61.1,60.0,60.0,60.0,60.0,16.33,16.57,16.09,16.09,16.58,16.58,1.86,13.89,16.06,0.27,0.23,0,0,0.0,0.0,0,0.000,
17.9.2026,23:24:33.390,6042,33470,15.2,5751,10431,35.5,0.0,23329,0,0.765,0.797,0.760,0.752,0.750,0.681,0.741,1000.0,1000.0,1000.0,1000.0,1000.0,100.0,800.0,30.7,117.3,84.2,36.5,4.8,1.2,0.2,1.0,0.2,30.7,2.5,9.7,7.2,2.1,0.4,0.1,0.0,0.1,0.0,9.7,2.5,100.0,1.1,4.1,3.2,1.5,0.2,0.0,0.0,0.0,0.0,1.1,10.0,10.0,10.0,10.0,10.0,8.0,32,31,33,33,32,68,69,67,67,68,35,33,否,否,否,否,否,否,否,否,否,否,否,否,否,否,否,否,否,否,36,33,35,0.250,1.582,0.172,0.005,2.877,0.666,0.221,0.477,35.0,30.0,64.0,64.0,0,17.9,7.4,2.0,2.1,50.7,2.9,11.8,7.9,2.3,0.5,0.1,0.0,0.1,0.0,95.0,83.1,97.3,99.8,99.9,1066.7,10.67,15,15,15,35,74,374,1,2,是,否,否,否,否,否,否,是,否,否,否,否,否,否,否,否,否,否,否,否,否,否,否,否,否,否,是,否,否,否,否,否,否,否,是,否,否,33.0,33,33,31,97.0,100.0,否,否,24293,21074,0.6,1.0,1.5,0.023,0.012,5726,2134,35,0.005,100.0,1066.0,0.0,0.0,0.0,0.0,0.0,0.0,0.0,317,否,否,否,否,否,否,7.455,20.483,49.6,-5.427,25.2,226.4,60.9,61.8,60.1,60.1,60.1,60.1,60.5,61.1,60.0,60.0,60.0,60.0,16.33,16.57,16.09,16.09,16.58,16.58,1.86,13.89,16.06,0.27,0.23,0,0,0.0,0.0,0,0.000,
17.9.2026,23:24:35.402,6042,33470,15.2,5754,10429,35.5,0.0,23329,0,0.766,0.797,0.762,0.755,0.750,0.681,0.741,1000.0,1000.0,1000.0,1000.0,1000.0,100.0,800.0,28.2,125.7,64.8,30.2,2.1,1.5,0.2,0.6,0.2,28.2,2.4,11.0,5.8,2.5,0.0,0.0,0.0,0.0,0.0,11.0,2.4,100.0,1.0,4.4,2.4,1.2,0.1,0.1,0.0,0.0,0.0,1.0,10.0,10.0,10.0,10.0,10.0,8.0,32,30,32,33,34,68,70,68,67,66,35,34,否,否,否,否,否,否,否,否,否,否,否,否,否,否,否,否,否,否,36,34,36,0.250,1.567,0.198,0.006,2.846,0.647,0.213,0.462,35.0,30.0,64.0,64.0,0,18.2,8.4,1.3,2.5,50.2,2.7,12.7,6.2,2.3,0.2,0.2,0.0,0.1,0.0,95.2,83.8,97.5,99.8,99.9,1066.7,10.67,15,15,15,35,74,374,1,2,是,否,否,否,否,否,否,是,否,否,否,否,否,否,否,否,否,否,否,否,否,否,否,否,否,否,否,否,否,否,否,否,否,否,否,否,否,32.0,33,33,31,97.0,100.0,否,否,24293,21074,0.0,1.9,1.9,0.000,0.022,5726,2134,35,0.006,100.0,1066.0,0.0,0.0,0.0,0.0,0.0,0.0,0.0,317,否,否,否,否,否,否,7.456,20.483,49.6,-5.435,25.2,226.1,60.9,61.8,60.1,60.1,60.1,60.1,60.5,61.1,60.0,60.0,60.0,60.0,16.33,16.57,16.09,16.09,16.58,16.58,1.86,13.89,16.06,0.27,0.23,0,0,0.0,0.0,0,0.000,
17.9.2026,23:24:37.391,6041,33470,15.2,5757,10425,35.5,0.0,23329,0,0.766,0.800,0.757,0.755,0.750,0.678,0.741,1000.0,1000.0,1000.0,1000.0,1000.0,100.0,800.0,30.6,133.0,72.8,33.6,2.9,1.3,0.3,0.6,0.3,30.6,2.8,10.9,5.9,2.6,0.7,0.6,0.5,0.5,0.5,10.9,2.8,100.0,1.1,4.7,2.7,1.4,0.1,0.0,0.0,0.0,0.0,1.1,10.0,10.0,10.0,10.0,10.0,8.0,32,29,32,33,33,68,71,68,67,67,35,33,否,否,否,否,否,否,否,否,否,否,否,否,否,否,否,否,否,否,35,33,35,0.250,1.603,0.173,0.007,2.933,0.667,0.217,0.496,35.0,30.0,64.0,64.0,0,17.8,4.9,1.1,2.7,52.7,3.0,13.2,6.9,3.0,0.3,0.1,0.0,0.1,0.0,94.9,83.0,96.7,99.8,99.9,1066.7,10.67,15,15,15,35,74,374,1,2,否,否,否,否,否,否,否,否,否,否,否,否,否,否,否,否,否,否,否,否,否,否,否,否,否,否,否,否,否,否,否,否,否,否,否,否,否,33.0,33,33,31,97.0,100.0,否,否,24293,21074,0.5,0.0,0.5,0.032,0.010,5726,2134,35,0.007,100.0,1066.0,0.0,0.0,0.0,0.0,0.0,0.0,0.0,317,否,否,否,否,否,否,7.464,20.483,49.6,-5.426,25.2,226.5,60.9,61.8,60.1,60.1,60.1,60.1,60.5,61.1,60.0,60.0,60.0,60.0,16.33,16.57,16.09,16.09,16.58,16.58,1.86,13.89,16.06,0.27,0.23,0,0,0.0,0.0,0,0.000,
17.9.2026,23:24:39.404,6042,33470,15.2,5759,10423,35.5,0.0,23329,0,0.766,0.797,0.760,0.755,0.752,0.681,0.741,1000.0,1000.0,1000.0,1000.0,1000.0,100.0,800.0,30.5,130.7,91.0,17.0,2.0,1.2,0.5,1.6,0.4,30.5,2.5,10.6,7.6,1.2,0.1,0.1,0.0,0.1,0.0,10.6,2.5,100.0,1.1,4.6,3.5,0.7,0.1,0.0,0.0,0.1,0.0,1.1,10.0,10.0,10.0,10.0,10.0,8.0,32,30,32,33,32,68,70,68,67,68,35,33,否,否,否,否,否,否,否,否,否,否,否,否,否,否,否,否,否,否,35,33,35,0.250,1.432,0.146,0.005,2.584,0.641,0.220,0.382,35.0,30.0,64.0,64.0,0,17.9,6.7,1.7,3.0,50.3,2.9,12.6,8.3,1.4,0.2,0.1,0.1,0.2,0.0,95.0,82.1,98.4,99.8,99.8,1066.7,10.67,15,15,15,35,74,374,1,2,否,否,否,否,否,否,否,否,否,否,否,否,否,否,否,否,否,否,否,否,否,否,否,否,否,否,否,否,否,否,否,否,否,否,否,否,否,32.0,32,32,31,97.0,100.0,否,否,24293,21074,0.0,1.5,1.5,0.000,0.094,5726,2134,36,0.005,100.0,1066.0,0.0,0.0,0.0,0.0,0.0,0.0,0.0,317,否,否,否,否,否,否,7.462,20.483,49.6,-5.417,25.2,226.9,60.9,61.8,60.1,60.1,60.1,60.1,60.5,61.1,60.0,60.0,60.0,60.0,16.33,16.57,16.09,16.09,16.58,16.58,1.86,13.89,16.06,0.27,0.23,0,0,0.0,0.0,0,0.000,
17.9.2026,23:24:41.422,6041,33470,15.2,5759,10423,35.5,0.0,23329,0,0.766,0.797,0.762,0.755,0.750,0.681,0.698,1000.0,1000.0,1000.0,1000.0,1000.0,100.0,800.0,28.5,121.2,86.0,16.6,2.0,1.0,0.2,0.6,0.2,28.5,2.3,10.0,7.3,1.3,0.0,0.0,0.0,0.0,0.0,10.0,2.3,100.0,1.0,4.3,3.3,0.7,0.1,0.0,0.0,0.0,0.0,1.0,10.0,10.0,10.0,10.0,10.0,8.0,32,29,32,33,32,68,71,68,67,68,36,33,否,否,否,否,否,否,否,否,否,否,否,否,否,否,否,否,否,否,35,33,35,0.250,1.508,0.170,0.006,2.742,0.644,0.214,0.430,35.0,30.0,64.0,64.0,0,18.0,5.5,2.1,2.7,51.7,2.8,12.2,8.1,1.5,0.2,0.1,0.0,0.1,0.0,95.1,82.7,98.2,99.8,99.9,1066.7,10.67,15,15,15,35,74,374,1,2,否,否,否,否,否,否,否,否,否,否,否,否,否,否,否,否,否,否,否,否,否,否,否,否,否,否,否,否,否,否,否,否,否,否,否,否,否,32.0,32,32,30,97.0,100.0,否,否,24293,21074,0.0,0.5,0.5,0.000,0.016,5726,2134,36,0.006,100.0,1066.0,0.0,0.0,0.0,0.0,0.0,0.0,0.0,317,否,否,否,否,否,否,7.455,20.475,49.6,-5.405,25.2,227.3,60.9,61.8,60.1,60.1,60.1,60.1,60.5,61.1,60.0,60.0,60.0,60.0,16.33,16.57,16.09,16.09,16.58,16.58,1.86,13.89,16.06,0.27,0.23,0,0,0.0,0.0,0,0.000,
17.9.2026,23:24:43.426,6041,33471,15.2,5758,10424,35.5,0.0,23329,0,0.766,0.797,0.760,0.755,0.750,0.681,0.698,1000.0,1000.0,1000.0,1000.0,1000.0,100.0,800.0,29.6,127.3,78.3,27.5,2.2,0.8,0.2,0.4,0.2,29.6,2.4,10.6,6.6,2.0,0.2,0.1,0.0,0.0,0.0,10.6,2.4,100.0,1.1,4.5,2.9,1.1,0.1,0.0,0.0,0.0,0.0,1.1,10.0,10.0,10.0,10.0,10.0,8.0,32,29,33,32,33,68,71,67,68,67,36,33,否,否,否,否,否,否,否,否,否,否,否,否,否,否,否,否,否,否,35,32,35,0.250,1.451,0.142,0.007,2.595,0.645,0.219,0.398,35.0,30.0,64.0,64.0,0,17.6,10.4,2.1,2.4,47.7,2.8,12.5,7.4,2.2,0.2,0.1,0.0,0.0,0.0,95.2,83.2,97.6,99.9,99.9,1066.7,10.67,15,15,15,35,74,374,1,2,否,否,否,否,否,否,否,否,否,否,否,否,否,否,否,否,否,否,否,否,否,否,否,否,否,否,否,否,否,否,否,否,否,否,否,否,否,32.0,32,32,31,97.0,100.0,否,否,24293,21074,0.0,3.2,3.2,0.000,0.065,5726,2134,35,0.007,100.0,1066.0,0.0,0.0,0.0,0.0,0.0,0.0,0.0,317,否,否,否,否,否,否,7.460,20.475,49.6,-5.386,25.2,228.1,60.9,61.8,60.1,60.1,60.1,60.1,60.5,61.1,60.0,60.0,60.0,60.0,16.33,16.57,16.09,16.09,16.58,16.58,1.86,13.89,16.06,0.27,0.23,0,0,0.0,0.0,0,0.000,
17.9.2026,23:24:45.430,6035,33477,15.2,5749,10434,35.5,0.0,23329,0,0.766,0.795,0.765,0.750,0.752,0.681,0.741,1000.0,1000.0,1000.0,1000.0,1000.0,100.0,800.0,36.1,135.9,81.5,51.5,16.5,2.0,0.8,0.8,0.2,36.1,3.0,11.7,7.1,4.4,1.0,0.0,0.0,0.0,0.0,11.7,3.0,100.0,1.3,4.9,3.1,2.1,0.7,0.1,0.0,0.0,0.0,1.3,10.0,10.0,10.0,10.0,10.0,8.0,32,30,33,33,32,68,70,67,67,68,36,33,否,否,否,否,否,否,否,否,否,否,否,否,否,否,否,否,否,否,35,33,35,0.250,1.647,0.181,0.006,3.091,0.666,0.215,0.534,35.0,30.0,64.0,64.0,0,17.0,10.0,1.7,2.2,46.0,3.4,13.4,7.5,4.2,1.4,0.2,0.1,0.1,0.0,94.1,82.1,94.6,99.7,99.9,1066.7,10.67,15,15,15,35,74,374,1,2,否,否,否,否,否,否,否,否,否,否,否,否,否,否,否,否,否,否,否,否,否,否,否,否,否,否,否,否,否,否,否,否,否,否,否,否,否,32.0,32,32,31,97.0,100.0,否,否,24293,21074,0.4,0.5,1.0,0.008,0.095,5726,2134,35,0.006,100.0,1066.0,0.0,0.0,0.0,0.0,0.0,0.0,0.0,317,否,否,否,否,否,否,7.416,20.468,49.5,-5.384,25.2,228.1,60.9,61.8,60.1,60.1,60.1,60.1,60.5,61.1,60.0,60.0,60.0,60.0,16.33,16.57,16.09,16.09,16.58,16.58,1.86,13.89,16.06,0.27,0.23,0,0,0.0,0.0,0,0.000,
17.9.2026,23:24:47.427,6036,33476,15.2,5748,10435,35.5,0.0,23329,0,0.765,0.797,0.760,0.752,0.750,0.681,0.701,1000.0,1000.0,1000.0,1000.0,1000.0,100.0,800.0,28.6,129.4,60.9,33.6,3.7,0.8,0.2,0.2,0.2,28.6,2.3,10.9,5.0,2.3,0.2,0.0,0.0,0.0,0.0,10.9,2.3,100.0,1.0,4.6,2.2,1.4,0.1,0.0,0.0,0.0,0.0,1.0,10.0,10.0,10.0,10.0,10.0,8.0,32,29,33,33,33,68,71,67,67,67,36,33,否,否,否,否,否,否,否,否,否,否,否,否,否,否,否,否,否,否,35,33,35,0.250,1.687,0.184,0.007,3.271,0.693,0.226,0.537,35.0,30.0,64.0,64.0,0,17.9,6.2,1.7,2.0,52.7,2.7,13.0,5.9,2.6,0.4,0.1,0.0,0.0,0.0,95.2,84.2,97.0,99.9,99.9,1066.7,10.67,15,15,15,35,74,374,1,2,否,否,否,否,否,否,否,否,否,否,否,否,否,否,否,否,否,否,否,否,否,否,否,否,否,否,否,否,否,否,否,否,否,否,否,否,否,32.0,32,32,31,97.0,100.0,否,否,24293,21074,0.0,0.5,0.5,0.000,0.010,5726,2134,36,0.007,100.0,1066.0,0.0,0.0,0.0,0.0,0.0,0.0,0.0,317,否,否,否,否,否,否,7.465,20.468,49.5,-5.449,25.2,225.4,60.9,61.8,60.1,60.1,60.1,60.1,60.5,61.1,60.0,60.0,60.0,60.0,16.33,16.57,16.09,16.09,16.58,16.58,1.86,13.89,16.06,0.27,0.23,0,0,0.0,0.0,0,0.000,
17.9.2026,23:24:49.439,6036,33476,15.2,5746,10436,35.5,0.0,23329,0,0.767,0.800,0.762,0.752,0.752,0.678,0.701,1025.0,1000.0,1000.0,1000.0,1100.0,100.0,800.0,30.6,132.4,56.7,32.9,7.4,5.7,3.0,4.7,2.0,30.6,2.7,11.1,4.5,1.7,1.2,1.0,0.8,0.9,0.7,11.1,2.7,100.0,1.1,4.7,2.1,1.3,0.3,0.2,0.1,0.2,0.1,1.1,10.2,10.0,10.0,10.0,11.0,8.0,32,29,33,32,33,68,71,67,68,67,35,33,否,否,否,否,否,否,否,否,否,否,否,否,否,否,否,否,否,否,35,33,36,0.250,1.495,0.165,0.006,2.659,0.641,0.218,0.424,35.0,30.0,64.0,64.0,0,17.9,7.3,2.0,1.8,51.6,2.9,13.3,5.5,2.1,0.8,0.6,0.3,0.5,0.2,94.9,84.0,97.2,99.1,99.4,1066.7,10.67,15,15,15,35,74,374,1,2,是,否,否,否,否,否,否,是,否,否,否,否,否,否,否,否,否,否,否,否,否,否,否,否,否,否,否,否,否,否,否,否,否,否,否,否,否,32.0,32,32,31,97.0,100.0,否,否,24293,21074,0.0,1.0,1.0,0.000,0.018,5726,2134,35,0.006,100.0,1066.0,0.0,0.0,0.0,0.0,0.0,0.0,0.0,317,否,否,否,否,否,否,7.465,20.460,49.5,-5.427,25.2,226.2,60.9,61.8,60.1,60.1,60.1,60.1,60.5,61.1,60.0,60.0,60.0,60.0,16.33,16.57,16.09,16.09,16.58,16.58,1.86,13.89,16.06,0.27,0.23,0,0,0.0,0.0,0,0.000,
17.9.2026,23:24:51.450,6036,33476,15.2,5745,10437,35.5,0.0,23329,0,0.767,0.800,0.767,0.752,0.750,0.686,0.698,1050.0,1100.0,1100.0,1000.0,1000.0,100.0,900.0,27.8,133.8,69.3,13.5,2.8,2.3,0.2,0.3,0.2,27.8,2.8,10.9,5.8,1.2,1.0,1.0,0.8,0.8,0.8,10.9,2.8,100.0,1.0,4.8,2.6,0.5,0.1,0.1,0.0,0.0,0.0,1.0,10.5,11.0,11.0,10.0,10.0,9.0,32,29,33,33,33,68,71,67,67,67,35,33,否,否,否,否,否,否,否,否,否,否,否,否,否,否,否,否,否,否,35,33,35,0.250,1.528,0.199,0.008,2.749,0.633,0.207,0.437,35.0,30.0,64.0,64.0,0,18.0,4.2,1.8,1.6,55.1,2.7,12.9,6.5,1.3,0.3,0.2,0.0,0.0,0.0,95.3,83.1,98.3,99.7,99.9,1066.7,10.67,15,15,15,35,74,374,1,2,否,否,否,否,否,否,否,否,否,否,否,否,否,否,否,否,否,否,否,否,否,否,否,否,否,否,否,否,否,否,否,否,否,否,否,否,否,32.0,32,32,30,97.0,100.0,否,否,24293,21074,0.0,0.0,0.0,0.000,0.008,5726,2134,36,0.008,100.0,1066.0,0.0,0.0,0.0,0.0,0.0,0.0,0.0,317,否,否,否,否,否,否,7.464,20.460,49.5,-5.419,25.2,226.5,60.9,61.8,60.1,60.1,60.1,60.1,60.5,61.1,60.0,60.0,60.0,60.0,16.33,16.57,16.09,16.09,16.58,16.58,1.86,13.89,16.06,0.27,0.23,0,0,0.0,0.0,0,0.000,
17.9.2026,23:24:53.438,6038,33474,15.2,5747,10435,35.5,0.0,23329,0,0.764,0.797,0.760,0.750,0.750,0.683,0.701,1000.0,1000.0,1000.0,1000.0,1000.0,100.0,800.0,34.2,158.6,87.0,24.0,3.0,0.5,0.1,0.3,0.1,34.2,2.8,13.1,7.0,2.5,0.0,0.0,0.0,0.0,0.0,13.1,2.8,100.0,1.3,5.8,3.3,0.9,0.1,0.0,0.0,0.0,0.0,1.3,10.0,10.0,10.0,10.0,10.0,8.0,32,30,33,34,33,68,70,67,66,67,36,34,否,否,否,否,否,否,否,否,否,否,否,否,否,否,否,否,否,否,34,34,34,0.250,1.401,0.150,0.007,2.423,0.626,0.215,0.363,35.0,30.0,64.0,64.0,0,17.5,9.0,2.1,1.9,48.9,3.0,14.4,7.1,1.9,0.3,0.1,0.0,0.0,0.0,94.9,82.2,97.7,99.9,99.9,1600.0,16.00,22,22,22,52,74,560,1,2,否,否,否,否,否,否,否,否,否,否,否,否,否,否,否,否,否,否,否,否,否,否,否,否,否,否,否,否,否,否,否,否,否,否,否,否,否,32.0,32,32,30,97.0,100.0,否,否,24293,21074,0.0,1.0,1.0,0.000,0.028,5726,2135,36,0.007,100.0,1066.0,0.0,0.0,0.0,0.0,0.0,0.0,0.0,317,否,否,否,否,否,否,7.463,20.460,49.5,-5.381,25.2,228.1,60.9,61.8,60.1,60.1,60.1,60.1,60.5,61.1,60.0,60.0,60.0,60.0,16.33,16.57,16.09,16.09,16.58,16.58,1.86,13.89,16.06,0.27,0.23,0,0,0.0,0.0,0,0.000,
17.9.2026,23:24:55.434,6037,33475,15.2,5748,10434,35.5,0.0,23329,0,0.765,0.797,0.760,0.752,0.750,0.678,0.741,1000.0,1000.0,1000.0,1000.0,1000.0,100.0,800.0,28.4,117.2,87.4,15.2,2.8,2.6,0.2,1.6,0.2,28.4,4.8,9.8,7.0,1.3,1.0,17.0,0.8,0.9,0.8,17.0,4.8,100.0,1.0,4.1,3.3,0.6,0.1,0.1,0.0,0.1,0.0,1.0,10.0,10.0,10.0,10.0,10.0,8.0,32,29,32,34,32,68,71,68,66,68,35,34,否,否,否,否,否,否,否,否,否,否,否,否,否,否,否,否,否,否,36,33,36,0.250,1.620,0.201,0.007,3.008,0.665,0.216,0.488,35.0,30.0,64.0,64.0,0,17.7,8.8,1.5,1.7,51.4,2.7,11.7,7.8,1.4,0.3,0.2,0.0,0.2,0.0,95.4,83.7,98.3,99.7,99.8,1066.7,10.67,15,15,15,35,74,374,1,2,否,否,否,否,否,否,否,否,否,否,否,否,否,否,否,否,否,否,否,否,否,否,否,否,否,否,否,否,否,否,否,否,否,否,否,否,否,33.0,32,32,31,97.0,100.0,否,否,24293,21074,0.0,0.6,0.6,0.000,0.100,5726,2135,35,0.007,100.0,1599.0,0.0,0.0,0.0,0.0,0.0,0.0,0.0,317,否,否,否,否,否,否,7.454,20.452,49.5,-5.374,25.2,228.3,60.9,61.8,60.1,60.1,60.1,60.1,60.5,61.1,60.0,60.0,60.0,60.0,16.33,16.57,16.09,16.09,16.58,16.58,1.86,13.89,16.06,0.27,0.23,0,0,0.0,0.0,0,0.000,
17.9.2026,23:24:57.436,6038,33474,15.2,5752,10430,35.5,0.0,23329,0,0.764,0.795,0.760,0.752,0.750,0.681,0.738,1000.0,1000.0,1000.0,1000.0,1000.0,100.0,800.0,47.2,195.2,135.9,39.0,6.0,0.9,0.2,0.2,0.2,47.2,3.7,15.7,10.3,3.2,0.0,0.0,0.0,0.0,0.0,15.7,3.7,100.0,1.8,7.4,5.4,1.6,0.2,0.0,0.0,0.0,0.0,1.8,10.0,10.0,10.0,10.0,10.0,8.0,32,30,33,34,33,68,70,67,66,67,35,34,否,否,否,否,否,否,否,否,否,否,否,否,否,否,否,否,否,否,35,34,35,0.250,1.534,0.165,0.005,2.820,0.635,0.203,0.480,35.0,30.0,64.0,64.0,0,15.9,9.9,1.5,2.3,41.6,4.1,17.5,11.1,3.4,0.5,0.1,0.0,0.0,0.0,92.4,73.5,96.3,99.9,99.9,1066.7,10.67,15,15,15,35,74,374,1,2,是,否,否,否,否,否,否,否,否,否,是,否,否,否,否,否,否,否,否,否,否,否,否,否,否,否,否,否,否,否,否,否,否,否,否,否,否,32.0,32,32,31,97.0,100.0,否,否,24293,21074,0.0,2.0,2.0,0.000,0.034,5726,2135,36,0.005,100.0,1066.0,0.0,0.0,0.0,0.0,0.0,0.0,0.0,317,否,否,否,否,否,否,7.449,20.452,49.5,-5.393,25.2,227.5,60.9,61.8,60.1,60.1,60.1,60.1,60.5,61.1,60.0,60.0,60.0,60.0,16.33,16.57,16.09,16.09,16.58,16.58,1.86,13.89,16.06,0.27,0.23,0,0,0.0,0.0,0,0.000,
17.9.2026,23:24:59.449,6037,33475,15.2,5754,10428,35.5,0.0,23329,0,0.765,0.797,0.760,0.752,0.750,0.681,0.698,1000.0,1000.0,1000.0,1000.0,1000.0,100.0,800.0,29.3,134.6,70.7,25.7,1.3,1.1,0.2,0.2,0.2,29.3,2.5,11.0,5.4,1.7,0.5,0.5,0.4,0.4,0.4,11.0,2.5,100.0,1.1,4.8,2.6,1.0,0.0,0.0,0.0,0.0,0.0,1.1,10.0,10.0,10.0,10.0,10.0,8.0,32,30,32,33,34,68,70,68,67,66,35,34,否,否,否,否,否,否,否,否,否,否,否,否,否,否,否,否,否,否,35,33,36,0.250,1.832,0.233,0.008,3.700,0.748,0.236,0.554,35.0,30.0,64.0,64.0,0,17.7,7.4,2.0,1.9,51.0,2.8,13.4,6.5,2.2,0.1,0.1,0.0,0.0,0.0,95.1,83.1,97.6,99.8,99.9,1066.7,10.67,15,15,15,35,74,374,1,2,否,否,否,否,否,否,否,否,否,否,否,否,否,否,否,否,否,否,否,否,否,否,否,否,否,否,否,否,否,否,否,否,否,否,否,否,否,32.0,32,32,31,97.0,100.0,否,否,24293,21074,0.0,1.4,1.4,0.000,0.040,5726,2135,36,0.008,100.0,1066.0,0.0,0.0,0.0,0.0,0.0,0.0,0.0,317,否,否,否,否,否,否,7.429,20.452,49.5,-5.431,25.2,225.9,60.9,61.8,60.1,60.1,60.1,60.1,60.5,61.1,60.0,60.0,60.0,60.0,16.33,16.57,16.09,16.09,16.58,16.58,1.86,13.89,16.06,0.27,0.23,0,0,0.0,0.0,0,0.000,
17.9.2026,23:25:1.445,6037,33475,15.2,5753,10430,35.5,0.0,23329,0,0.764,0.797,0.757,0.752,0.750,0.681,0.701,1000.0,1000.0,1000.0,1000.0,1000.0,100.0,800.0,32.5,143.2,85.4,24.6,2.5,3.5,0.3,0.5,0.3,32.5,2.8,12.2,7.5,2.5,0.0,0.0,0.0,0.0,0.0,12.2,2.8,100.0,1.2,5.2,3.2,1.0,0.1,0.1,0.0,0.0,0.0,1.2,10.0,10.0,10.0,10.0,10.0,8.0,32,29,33,34,33,68,71,67,66,67,36,34,否,否,否,否,否,否,否,否,否,否,否,否,否,否,否,否,否,否,35,33,35,0.250,1.516,0.158,0.007,2.798,0.641,0.211,0.455,35.0,30.0,64.0,64.0,0,17.9,6.6,2.1,2.0,50.9,3.0,13.7,7.7,2.2,0.3,0.3,0.0,0.1,0.0,94.8,82.2,97.6,99.6,99.9,1066.7,10.67,15,15,15,35,74,374,1,2,是,否,否,否,否,否,否,否,否,否,是,否,否,否,否,否,否,否,否,否,否,否,否,否,否,否,否,否,否,否,否,否,否,否,否,否,否,32.0,32,32,30,97.0,100.0,否,否,24293,21074,0.0,1.0,1.0,0.000,0.014,5726,2135,34,0.007,100.0,1066.0,0.0,0.0,0.0,0.0,0.0,0.0,0.0,317,否,否,否,否,否,否,7.413,20.452,49.5,-5.434,25.2,225.8,60.9,61.8,60.1,60.1,60.1,60.1,60.5,61.1,60.0,60.0,60.0,60.0,16.33,16.57,16.09,16.09,16.58,16.58,1.86,13.89,16.06,0.27,0.23,0,0,0.0,0.0,0,0.000,
17.9.2026,23:25:3.454,6038,33474,15.2,5758,10424,35.5,0.0,23329,0,0.765,0.797,0.760,0.752,0.750,0.678,0.738,1000.0,1000.0,1000.0,1000.0,1000.0,100.0,800.0,41.5,153.3,92.7,50.8,8.8,7.2,10.3,5.2,4.0,41.5,3.0,11.7,6.8,2.3,0.7,0.6,0.7,0.4,0.3,11.7,3.0,100.0,1.6,5.6,3.6,2.1,0.3,0.3,0.4,0.2,0.1,1.6,10.0,10.0,10.0,10.0,10.0,8.0,32,29,32,33,32,68,71,68,67,68,35,33,否,否,否,否,否,否,否,否,否,否,否,否,否,否,否,否,否,否,36,33,36,0.250,1.554,0.180,0.007,2.794,0.669,0.233,0.434,35.0,30.0,64.0,64.0,0,17.3,10.1,1.9,2.7,45.6,3.7,14.3,8.2,4.0,0.8,0.6,0.8,0.5,0.4,94.0,81.9,95.7,98.9,99.4,1066.7,10.67,15,15,15,35,74,374,1,2,是,否,否,否,否,否,否,否,否,否,是,否,否,否,否,否,否,否,否,否,否,否,否,否,否,否,否,否,否,否,否,否,否,否,否,否,否,32.0,32,32,31,97.0,100.0,否,否,24293,21074,0.0,2.4,2.4,0.000,0.024,5726,2135,36,0.007,100.0,1066.0,0.0,0.0,0.0,0.0,0.0,0.0,0.0,317,否,否,否,否,否,否,7.414,20.452,49.5,-5.420,25.2,226.4,60.9,61.8,60.1,60.1,60.1,60.1,60.5,61.1,60.0,60.0,60.0,60.0,16.33,16.57,16.09,16.09,16.58,16.58,1.86,13.89,16.06,0.27,0.23,0,0,0.0,0.0,0,0.000,
17.9.2026,23:25:5.473,6038,33474,15.2,5757,10425,35.5,0.0,23329,0,0.765,0.797,0.760,0.752,0.750,0.681,0.701,1000.0,1000.0,1000.0,1000.0,1000.0,100.0,800.0,29.3,126.3,79.9,24.3,2.0,1.2,0.2,0.2,0.2,29.3,2.6,10.8,6.8,3.1,0.0,0.0,0.0,0.0,0.0,10.8,2.6,100.0,1.1,4.5,3.0,1.0,0.1,0.0,0.0,0.0,0.0,1.1,10.0,10.0,10.0,10.0,10.0,8.0,32,29,33,33,33,68,71,67,67,67,35,33,否,否,否,否,否,否,否,否,否,否,否,否,否,否,否,否,否,否,35,33,35,0.250,1.782,0.233,0.005,3.369,0.710,0.243,0.558,35.0,30.0,64.0,64.0,0,17.9,11.1,2.2,1.6,47.6,2.8,12.5,7.2,2.1,0.2,0.1,0.0,0.0,0.0,95.2,83.3,97.6,99.8,99.9,1066.7,10.67,15,15,15,35,74,374,1,2,否,否,否,否,否,否,否,否,否,否,否,否,否,否,否,否,否,否,否,否,否,否,否,否,否,否,否,否,否,否,否,否,否,否,否,否,否,33.0,32,32,31,97.0,100.0,否,否,24293,21074,0.0,1.9,1.9,0.000,0.087,5726,2135,35,0.005,100.0,1066.0,0.0,0.0,0.0,0.0,0.0,0.0,0.0,317,否,否,否,否,否,否,7.411,20.445,49.5,-5.469,25.2,224.3,60.9,61.8,60.1,60.1,60.1,60.1,60.5,61.1,60.0,60.0,60.0,60.0,16.33,16.57,16.09,16.09,16.58,16.58,1.86,13.89,16.06,0.27,0.23,0,0,0.0,0.0,0,0.000,
17.9.2026,23:25:7.480,6037,33474,15.2,5756,10427,35.5,0.0,23329,0,0.767,0.802,0.760,0.755,0.750,0.678,0.743,1000.0,1000.0,1000.0,1000.0,1000.0,100.0,800.0,28.3,115.9,80.2,26.7,2.5,0.9,0.2,0.2,0.2,28.3,2.6,9.5,6.4,2.0,0.7,0.6,0.5,0.5,0.5,9.5,2.6,100.0,1.0,4.0,3.0,1.1,0.1,0.0,0.0,0.0,0.0,1.0,10.0,10.0,10.0,10.0,10.0,8.0,32,28,33,33,33,68,72,67,67,67,33,33,否,否,否,否,否,否,否,否,否,否,否,否,否,否,否,否,否,否,35,33,35,0.250,1.681,0.165,0.008,3.177,0.686,0.217,0.561,35.0,30.0,64.0,64.0,0,17.6,9.2,1.9,2.0,49.7,2.7,11.7,7.3,2.5,0.3,0.1,0.0,0.0,0.0,95.2,83.7,97.2,99.9,99.9,1066.7,10.67,15,15,15,35,74,374,1,2,否,否,否,否,否,否,否,否,否,否,否,否,否,否,否,否,否,否,否,否,否,否,否,否,否,否,否,否,否,否,否,否,否,否,否,否,否,32.0,32,32,31,97.0,100.0,否,否,24293,21074,0.0,1.6,1.6,0.000,0.044,5726,2135,36,0.008,100.0,1066.0,0.0,0.0,0.0,0.0,0.0,0.0,0.0,317,否,否,否,否,否,否,7.419,20.445,49.5,-5.497,25.2,223.2,60.9,61.8,60.1,60.1,60.1,60.1,60.5,61.1,60.0,60.0,60.0,60.0,16.33,16.57,16.09,16.09,16.58,16.58,1.86,13.89,16.06,0.27,0.23,0,0,0.0,0.0,0,0.000,
17.9.2026,23:25:9.471,6037,33474,15.2,5754,10428,35.5,0.0,23329,0,0.765,0.797,0.760,0.752,0.750,0.681,0.698,1000.0,1000.0,1000.0,1000.0,1000.0,100.0,800.0,29.4,138.5,70.7,24.8,0.2,0.2,0.2,0.2,0.2,29.4,2.7,12.4,6.7,2.3,0.0,0.0,0.0,0.0,0.0,12.4,2.7,100.0,1.1,5.0,2.6,1.0,0.0,0.0,0.0,0.0,0.0,1.1,10.0,10.0,10.0,10.0,10.0,8.0,32,29,33,33,33,68,71,67,67,67,36,33,否,否,否,否,否,否,否,否,否,否,否,否,否,否,否,否,否,否,35,33,36,0.250,1.566,0.161,0.005,2.907,0.654,0.206,0.493,35.0,30.0,64.0,64.0,0,17.9,7.3,2.0,2.4,50.2,2.8,13.7,6.8,1.7,0.0,0.0,0.0,0.0,0.0,95.2,82.8,98.2,99.9,99.9,1066.7,10.67,15,15,15,35,74,374,1,2,是,否,否,否,否,否,否,是,否,否,否,否,否,否,否,否,否,否,否,否,否,否,否,否,否,否,否,否,否,否,否,否,否,否,否,否,否,32.0,32,32,31,97.0,100.0,否,否,24293,21074,0.0,1.5,1.5,0.000,0.044,5726,2135,35,0.005,100.0,1066.0,0.0,0.0,0.0,0.0,0.0,0.0,0.0,317,否,否,否,否,否,否,7.444,20.437,49.5,-5.501,25.2,222.9,60.9,61.8,60.1,60.1,60.1,60.1,60.5,61.1,60.0,60.0,60.0,60.0,16.33,16.57,16.09,16.09,16.58,16.58,1.86,13.89,16.06,0.27,0.23,0,0,0.0,0.0,0,0.000,
17.9.2026,23:25:11.473,6037,33474,15.2,5753,10429,35.5,0.0,23329,0,0.762,0.797,0.755,0.747,0.747,0.676,0.701,925.0,1000.0,900.0,900.0,900.0,100.0,700.0,28.3,125.7,78.1,19.3,1.6,0.9,0.2,0.4,0.2,28.3,2.3,10.4,6.3,1.6,0.0,0.0,0.0,0.0,0.0,10.4,2.3,100.0,1.0,4.4,3.0,0.8,0.1,0.0,0.0,0.0,0.0,1.0,9.2,10.0,9.0,9.0,9.0,7.0,32,30,33,33,33,68,70,67,67,67,36,33,否,否,否,否,否,否,否,否,否,否,否,否,否,否,否,否,否,否,36,33,35,0.250,1.537,0.169,0.007,2.781,0.661,0.220,0.438,35.0,30.0,64.0,64.0,0,17.7,9.5,1.4,2.2,49.7,2.7,12.4,7.1,1.8,0.2,0.1,0.0,0.0,0.0,95.2,83.3,97.9,99.9,99.9,1066.7,10.67,15,15,15,35,74,374,1,2,否,否,否,否,否,否,否,否,否,否,否,否,否,否,否,否,否,否,否,否,否,否,否,否,否,否,否,否,否,否,否,否,否,否,否,否,否,33.0,32,32,31,97.0,100.0,否,否,24293,21074,0.0,3.9,3.9,0.000,0.059,5726,2135,36,0.007,100.0,1066.0,0.0,0.0,0.0,0.0,0.0,0.0,0.0,317,否,否,否,否,否,否,7.443,20.437,49.5,-5.485,25.2,223.6,60.9,61.8,60.1,60.1,60.1,60.1,60.5,61.1,60.0,60.0,60.0,60.0,16.33,16.57,16.09,16.09,16.58,16.58,1.86,13.89,16.06,0.27,0.23,0,0,0.0,0.0,0,0.000,
17.9.2026,23:25:13.488,6039,33473,15.2,5752,10431,35.5,0.0,23329,0,0.765,0.797,0.760,0.752,0.750,0.681,0.698,1000.0,1000.0,1000.0,1000.0,1000.0,100.0,800.0,29.0,126.7,79.2,25.0,0.2,0.4,0.2,0.2,0.2,29.0,2.6,10.4,6.6,1.4,0.5,0.5,0.5,0.5,0.5,10.4,2.6,100.0,1.1,4.5,3.0,1.0,0.0,0.0,0.0,0.0,0.0,1.1,10.0,10.0,10.0,10.0,10.0,8.0,32,30,32,33,32,68,70,68,67,68,36,33,否,否,否,否,否,否,否,否,否,否,否,否,否,否,否,否,否,否,35,33,35,0.250,1.588,0.165,0.008,2.943,0.662,0.213,0.496,35.0,30.0,64.0,64.0,0,17.8,9.5,1.6,2.2,48.8,2.8,12.6,7.6,1.8,0.0,0.0,0.0,0.0,0.0,95.2,82.7,98.1,99.9,99.9,1066.7,10.67,15,15,15,35,74,374,1,2,是,否,否,否,否,否,否,是,否,否,否,否,否,否,否,否,否,否,否,否,否,否,否,否,否,否,是,否,否,否,否,否,否,否,是,否,否,33.0,32,32,31,97.0,100.0,否,否,24293,21074,0.0,1.5,1.5,0.000,0.040,5726,2135,35,0.008,100.0,1066.0,0.0,0.0,0.0,0.0,0.0,0.0,0.0,317,否,否,否,否,否,否,7.455,20.437,49.5,-5.487,25.2,223.5,60.9,61.8,60.1,60.1,60.1,60.1,60.5,61.1,60.0,60.0,60.0,60.0,16.33,16.57,16.09,16.09,16.58,16.58,1.86,13.89,16.06,0.27,0.23,0,0,0.0,0.0,0,0.000,
17.9.2026,23:25:15.508,6039,33473,15.2,5750,10432,35.5,0.0,23329,0,0.766,0.797,0.760,0.752,0.755,0.681,0.698,1025.0,1000.0,1000.0,1000.0,1100.0,100.0,800.0,29.3,131.2,79.2,19.1,2.2,2.1,0.2,0.3,0.2,29.3,2.3,10.6,6.3,1.3,0.0,0.0,0.0,0.0,0.0,10.6,2.3,100.0,1.1,4.7,3.0,0.7,0.1,0.1,0.0,0.0,0.0,1.1,10.2,10.0,10.0,10.0,11.0,8.0,32,29,33,32,33,68,71,67,68,67,35,33,否,否,否,否,否,否,否,否,否,否,否,否,否,否,否,否,否,否,34,33,34,0.250,1.647,0.174,0.006,3.022,0.692,0.231,0.508,35.0,30.0,64.0,64.0,0,17.7,9.2,1.6,1.7,50.4,2.8,12.8,7.3,1.8,0.2,0.2,0.0,0.0,0.0,95.2,83.3,97.9,99.7,99.9,1066.7,10.67,15,15,15,35,74,374,1,2,否,否,否,否,否,否,否,否,否,否,否,否,否,否,否,否,否,否,否,否,否,否,否,否,否,否,否,否,否,否,否,否,否,否,否,否,否,32.0,32,32,31,97.0,100.0,否,否,24293,21074,0.0,1.9,1.9,0.000,0.098,5726,2136,36,0.006,100.0,1066.0,0.0,0.0,0.0,0.0,0.0,0.0,0.0,317,否,否,否,否,否,否,7.454,20.429,49.5,-5.486,25.2,223.4,60.9,61.8,60.1,60.1,60.1,60.1,60.5,61.1,60.0,60.0,60.0,60.0,16.33,16.57,16.09,16.09,16.58,16.58,1.86,13.89,16.06,0.27,0.23,0,0,0.0,0.0,0,0.000,
17.9.2026,23:25:17.513,6040,33472,15.2,5749,10433,35.5,0.0,23329,0,0.765,0.797,0.760,0.752,0.750,0.681,0.698,1000.0,1000.0,1000.0,1000.0,1000.0,100.0,800.0,28.7,127.7,87.2,13.5,0.2,0.4,0.2,0.2,0.2,28.7,2.5,11.1,7.5,1.3,0.0,0.0,0.0,0.0,0.0,11.1,2.5,100.0,1.1,4.6,3.3,0.5,0.0,0.0,0.0,0.0,0.0,1.1,10.0,10.0,10.0,10.0,10.0,8.0,32,29,33,33,33,68,71,67,67,67,35,33,否,否,否,否,否,否,否,否,否,否,否,否,否,否,否,否,否,否,34,33,35,0.250,1.579,0.156,0.007,2.932,0.662,0.214,0.499,35.0,30.0,64.0,64.0,0,17.8,6.9,1.5,2.1,52.2,2.7,12.7,8.0,1.1,0.0,0.0,0.0,0.0,0.0,95.3,82.8,98.7,99.9,99.9,1066.7,10.67,15,15,15,35,74,374,1,2,否,否,否,否,否,否,否,否,否,否,否,否,否,否,否,否,否,否,否,否,否,否,否,否,否,否,否,否,否,否,否,否,否,否,否,否,否,32.0,32,32,31,97.0,100.0,否,否,24293,21074,0.0,2.3,2.3,0.000,0.053,5726,2136,35,0.007,100.0,1066.0,0.0,0.0,0.0,0.0,0.0,0.0,0.0,317,否,否,否,否,否,否,7.452,20.429,49.5,-5.485,25.2,223.5,60.9,61.8,60.1,60.1,60.1,60.1,60.5,61.1,60.0,60.0,60.0,60.0,16.33,16.57,16.09,16.09,16.58,16.58,1.86,13.89,16.06,0.27,0.23,0,0,0.0,0.0,0,0.000,
17.9.2026,23:25:19.512,6044,33468,15.2,5752,10430,35.5,0.0,23329,0,0.766,0.797,0.762,0.752,0.750,0.683,0.698,1000.0,1000.0,1000.0,1000.0,1000.0,100.0,800.0,35.1,146.0,91.4,37.9,2.9,1.3,0.2,0.7,0.3,35.1,3.1,12.0,7.5,2.3,0.7,0.6,0.5,0.5,0.5,12.0,3.1,100.0,1.3,5.3,3.5,1.5,0.1,0.0,0.0,0.0,0.0,1.3,10.0,10.0,10.0,10.0,10.0,8.0,32,29,31,33,33,68,71,69,67,67,35,33,否,否,否,否,否,否,否,否,否,否,否,否,否,否,否,否,否,否,35,34,35,0.250,1.534,0.154,0.006,2.708,0.671,0.233,0.436,35.0,30.0,64.0,64.0,0,17.4,10.0,1.7,2.4,46.2,3.3,14.3,8.5,2.7,0.3,0.1,0.0,0.1,0.0,94.4,81.1,96.9,99.8,99.9,1066.7,10.67,15,15,15,35,74,374,1,2,否,否,否,否,否,否,否,否,否,否,否,否,否,否,否,否,否,否,否,否,否,否,否,否,否,否,否,否,否,否,否,否,否,否,否,否,否,32.0,32,32,31,97.0,100.0,否,否,24293,21074,0.5,1.5,2.0,0.048,0.057,5726,2136,36,0.006,100.0,1066.0,0.0,0.0,0.0,0.0,0.0,0.0,0.0,317,否,否,否,否,否,否,7.445,20.422,49.4,-5.465,25.2,224.2,60.9,61.8,60.1,60.1,60.1,60.1,60.5,61.1,60.0,60.0,60.0,60.0,16.33,16.57,16.09,16.09,16.58,16.58,1.86,13.89,16.06,0.27,0.23,0,0,0.0,0.0,0,0.000,
17.9.2026,23:25:21.500,6044,33468,15.2,5760,10423,35.5,0.0,23329,0,0.766,0.797,0.762,0.752,0.750,0.681,0.741,1000.0,1000.0,1000.0,1000.0,1000.0,100.0,800.0,39.0,175.0,102.9,31.6,0.2,1.5,0.2,0.2,0.2,39.0,3.2,14.5,8.1,2.6,0.0,0.1,0.0,0.0,0.0,14.5,3.2,100.0,1.5,6.5,4.0,1.3,0.0,0.1,0.0,0.0,0.0,1.5,10.0,10.0,10.0,10.0,10.0,8.0,32,30,33,33,32,68,70,67,67,68,35,33,否,否,否,否,否,否,否,否,否,否,否,否,否,否,否,否,否,否,36,34,36,0.250,1.712,0.199,0.009,3.262,0.691,0.231,0.544,35.0,30.0,64.0,64.0,0,16.9,6.3,1.4,2.8,47.5,3.5,16.3,8.8,2.7,0.0,0.1,0.0,0.0,0.0,93.9,78.5,97.2,99.8,99.9,1066.7,10.67,15,15,15,35,74,374,1,2,是,否,否,否,否,否,否,是,否,否,否,否,否,否,否,否,否,否,否,否,否,否,否,否,否,否,否,否,否,否,否,否,否,否,否,否,否,32.0,32,32,31,97.0,100.0,否,否,24293,21074,0.0,1.0,1.0,0.000,0.012,5726,2136,35,0.009,100.0,1066.0,0.0,0.0,0.0,0.0,0.0,0.0,0.0,317,否,否,否,否,否,否,7.456,20.422,49.4,-5.495,25.2,223.0,60.9,61.8,60.1,60.1,60.1,60.1,60.5,61.1,60.0,60.0,60.0,60.0,16.33,16.57,16.09,16.09,16.58,16.58,1.86,13.89,16.06,0.27,0.23,0,0,0.0,0.0,0,0.000,
17.9.2026,23:25:23.512,6044,33468,15.2,5759,10423,35.5,0.0,23329,0,0.766,0.797,0.762,0.752,0.750,0.681,0.698,1000.0,1000.0,1000.0,1000.0,1000.0,100.0,800.0,30.1,135.7,89.7,11.9,1.3,1.1,0.2,0.4,0.2,30.1,2.7,12.0,7.8,1.6,0.0,0.0,0.0,0.0,0.0,12.0,2.7,100.0,1.1,4.9,3.4,0.4,0.0,0.0,0.0,0.0,0.0,1.1,10.0,10.0,10.0,10.0,10.0,8.0,32,30,33,33,32,68,70,67,67,68,35,33,否,否,否,否,否,否,否,否,否,否,否,否,否,否,否,否,否,否,35,33,35,0.250,1.623,0.195,0.007,3.052,0.703,0.238,0.437,35.0,30.0,64.0,64.0,0,17.5,6.4,1.3,2.3,52.4,2.9,13.4,7.9,1.2,0.1,0.1,0.0,0.0,0.0,95.1,82.1,98.6,99.8,99.9,1066.7,10.67,15,15,15,35,74,374,1,2,否,否,否,否,否,否,否,否,否,否,否,否,否,否,否,否,否,否,否,否,否,否,否,否,否,否,否,否,否,否,否,否,否,否,否,否,否,32.0,32,32,31,97.0,100.0,否,否,24293,21074,0.0,1.0,1.0,0.000,0.012,5726,2136,35,0.007,100.0,1066.0,0.0,0.0,0.0,0.0,0.0,0.0,0.0,317,否,否,否,否,否,否,7.459,20.422,49.4,-5.505,25.2,222.6,60.9,61.8,60.1,60.1,60.1,60.1,60.5,61.1,60.0,60.0,60.0,60.0,16.33,16.57,16.09,16.09,16.58,16.58,1.86,13.89,16.06,0.27,0.23,0,0,0.0,0.0,0,0.000,
17.9.2026,23:25:25.528,6044,33467,15.2,5757,10425,35.5,0.0,23329,0,0.769,0.797,0.767,0.757,0.755,0.686,0.698,1100.0,1100.0,1100.0,1100.0,1100.0,100.0,900.0,30.1,124.6,73.3,34.4,3.6,3.7,0.3,0.4,0.3,30.1,2.2,10.3,6.1,0.5,0.1,0.2,0.0,0.0,0.0,10.3,2.2,100.0,1.1,4.4,2.7,1.4,0.1,0.1,0.0,0.0,0.0,1.1,11.0,11.0,11.0,11.0,11.0,9.0,32,30,32,34,33,68,70,68,66,67,35,34,否,否,否,否,否,否,否,否,否,否,否,否,否,否,否,否,否,否,34,34,34,0.250,1.514,0.159,0.005,2.710,0.657,0.224,0.432,35.0,30.0,64.0,64.0,0,17.8,9.9,1.2,2.1,48.9,2.8,12.5,7.0,2.4,0.4,0.3,0.0,0.0,0.0,95.1,83.5,97.3,99.6,99.9,1066.7,10.67,15,15,15,35,74,374,1,2,是,否,否,否,否,否,否,是,否,否,否,否,否,否,否,否,否,否,否,否,否,否,否,否,否,否,否,否,否,否,否,否,否,否,否,否,否,32.0,32,32,31,97.0,100.0,否,否,24293,21074,0.0,2.0,2.0,0.000,0.073,5726,2136,34,0.005,100.0,1066.0,0.0,0.0,0.0,0.0,0.0,0.0,0.0,317,否,否,否,否,否,否,7.453,20.414,49.4,-5.478,25.2,223.6,60.9,61.8,60.1,60.1,60.1,60.1,60.5,61.1,60.0,60.0,60.0,60.0,16.33,16.57,16.09,16.09,16.58,16.58,1.86,13.89,16.06,0.27,0.23,0,0,0.0,0.0,0,0.000,
17.9.2026,23:25:27.547,6044,33467,15.2,5756,10426,35.5,0.0,23329,0,0.770,0.800,0.767,0.760,0.752,0.688,0.698,1100.0,1100.0,1100.0,1100.0,1100.0,100.0,900.0,29.0,137.2,66.9,25.1,1.3,0.7,0.2,0.2,0.2,29.0,2.7,11.4,5.4,2.7,0.5,0.5,0.4,0.4,0.4,11.4,2.7,100.0,1.1,4.9,2.5,1.0,0.0,0.0,0.0,0.0,0.0,1.1,11.0,11.0,11.0,11.0,11.0,9.0,32,30,32,34,33,68,70,68,66,67,35,34,否,否,否,否,否,否,否,否,否,否,否,否,否,否,否,否,否,否,35,33,35,0.250,1.686,0.191,0.006,3.156,0.678,0.222,0.547,35.0,30.0,64.0,64.0,0,18.2,6.0,1.7,2.2,52.1,2.8,13.7,6.5,1.6,0.1,0.1,0.0,0.0,0.0,95.2,82.9,98.2,99.9,99.9,1066.7,10.67,15,15,15,35,74,374,1,2,是,否,否,否,否,否,否,是,否,否,否,否,否,否,否,否,否,否,否,否,否,否,否,否,否,否,是,否,否,否,否,否,否,否,是,否,否,32.0,32,32,31,97.0,100.0,否,否,24293,21074,0.0,3.8,3.8,0.000,0.071,5726,2136,35,0.006,100.0,1066.0,0.0,0.0,0.0,0.0,0.0,0.0,0.0,317,否,否,否,否,否,否,7.448,20.414,49.4,-5.497,25.2,222.8,60.9,61.8,60.1,60.1,60.1,60.1,60.5,61.1,60.0,60.0,60.0,60.0,16.33,16.57,16.09,16.09,16.58,16.58,1.86,13.89,16.06,0.27,0.23,0,0,0.0,0.0,0,0.000,
17.9.2026,23:25:29.566,6046,33466,15.3,5755,10428,35.5,0.0,23329,0,0.768,0.800,0.767,0.755,0.750,0.686,0.698,1075.0,1100.0,1100.0,1100.0,1000.0,100.0,900.0,32.8,145.8,87.7,23.1,2.2,2.4,0.3,0.3,0.3,32.8,3.2,12.5,7.5,1.5,1.0,1.0,0.8,0.8,0.8,12.5,3.2,100.0,1.2,5.4,3.3,0.9,0.1,0.1,0.0,0.0,0.0,1.2,10.8,11.0,11.0,11.0,10.0,9.0,32,31,32,33,33,68,69,68,67,67,34,33,否,否,否,否,否,否,否,否,否,否,否,否,否,否,否,否,否,否,35,33,35,0.250,1.503,0.176,0.007,2.697,0.641,0.215,0.422,35.0,30.0,64.0,64.0,0,17.1,12.6,1.6,1.6,45.5,3.1,14.4,8.2,1.5,0.2,0.2,0.0,0.0,0.0,94.7,81.0,98.2,99.7,99.9,1066.7,10.67,15,15,15,35,74,374,1,2,否,否,否,否,否,否,否,否,否,否,否,否,否,否,否,否,否,否,否,否,否,否,否,否,否,否,否,否,否,否,否,否,否,否,否,否,否,33.0,32,32,31,97.0,100.0,否,否,24293,21074,0.0,3.9,3.9,0.000,0.126,5726,2136,35,0.007,100.0,1066.0,0.0,0.0,0.0,0.0,0.0,0.0,0.0,317,否,否,否,否,否,否,7.449,20.406,49.4,-5.482,25.2,223.3,60.9,61.8,60.1,60.1,60.1,60.1,60.5,61.1,60.0,60.0,60.0,60.0,16.33,16.57,16.09,16.09,16.58,16.58,1.86,13.89,16.06,0.27,0.23,0,0,0.0,0.0,0,0.000,
17.9.2026,23:25:31.574,6035,33477,15.2,5745,10438,35.5,0.0,23329,0,0.769,0.800,0.767,0.757,0.752,0.686,0.698,1100.0,1100.0,1100.0,1100.0,1100.0,100.0,900.0,35.4,154.9,106.8,19.2,0.9,0.4,0.1,0.4,0.1,35.4,2.8,12.2,8.6,1.9,0.0,0.0,0.0,0.0,0.0,12.2,2.8,100.0,1.3,5.5,4.1,0.8,0.0,0.0,0.0,0.0,0.0,1.3,11.0,11.0,11.0,11.0,11.0,9.0,32,29,33,34,33,68,71,67,66,67,35,34,否,否,否,否,否,否,否,否,否,否,否,否,否,否,否,否,否,否,34,33,34,0.250,1.772,0.189,0.006,3.450,0.701,0.225,0.609,35.0,30.0,64.0,64.0,0,17.3,10.4,1.3,2.5,46.4,3.2,14.1,9.1,1.9,0.1,0.0,0.0,0.0,0.0,94.6,80.6,98.0,99.9,99.9,1066.7,10.67,15,15,15,35,74,374,1,2,否,否,否,否,否,否,否,否,否,否,否,否,否,否,否,否,否,否,否,否,否,否,否,否,否,否,否,否,否,否,否,否,否,否,否,否,否,33.0,32,32,31,97.0,100.0,否,否,24293,21074,0.6,1.1,1.6,0.122,0.155,5726,2137,36,0.006,100.0,1066.0,0.0,0.0,0.0,0.0,0.0,0.0,0.0,317,否,否,否,否,否,否,7.439,20.406,49.4,-5.520,25.2,221.8,60.9,61.8,60.1,60.1,60.1,60.1,60.5,61.1,60.0,60.0,60.0,60.0,16.33,16.57,16.09,16.09,16.58,16.58,1.86,13.89,16.06,0.27,0.23,0,0,0.0,0.0,0,0.000,
17.9.2026,23:25:33.571,6034,33478,15.2,5745,10437,35.5,0.0,23329,0,0.766,0.797,0.762,0.752,0.750,0.678,0.698,1000.0,1000.0,1000.0,1000.0,1000.0,100.0,800.0,30.1,143.8,72.3,20.6,2.4,1.1,0.2,0.2,0.2,30.1,2.9,11.7,5.7,1.3,0.6,3.5,0.0,0.0,0.0,11.7,2.9,100.0,1.1,5.2,2.7,0.8,0.1,0.0,0.0,0.0,0.0,1.1,10.0,10.0,10.0,10.0,10.0,8.0,32,30,31,33,33,68,70,69,67,67,35,33,否,否,否,否,否,否,否,否,否,否,否,否,否,否,否,否,否,否,35,34,35,0.250,1.750,0.186,0.008,3.377,0.699,0.235,0.584,35.0,30.0,64.0,64.0,0,18.1,6.8,2.0,2.0,50.7,2.9,14.1,6.7,1.8,0.2,0.1,0.0,0.0,0.0,95.0,82.5,98.0,99.8,99.9,1066.7,10.67,15,15,15,35,74,374,1,2,否,否,否,否,否,否,否,否,否,否,否,否,否,否,否,否,否,否,否,否,否,否,否,否,否,否,否,否,否,否,否,否,否,否,否,否,否,32.0,32,32,31,97.0,100.0,否,否,24293,21074,0.0,1.5,1.5,0.000,0.014,5726,2137,35,0.008,100.0,1066.0,0.0,0.0,0.0,0.0,0.0,0.0,0.0,317,否,否,否,否,否,否,7.434,20.399,49.4,-5.561,25.2,220.1,60.9,61.8,60.1,60.1,60.1,60.1,60.5,61.1,60.0,60.0,60.0,60.0,16.33,16.57,16.09,16.09,16.58,16.58,1.86,13.89,16.06,0.27,0.23,0,0,0.0,0.0,0,0.000,
17.9.2026,23:25:35.566,6035,33477,15.2,5749,10434,35.5,0.0,23329,0,0.766,0.797,0.762,0.755,0.750,0.681,0.741,1000.0,1000.0,1000.0,1000.0,1000.0,100.0,800.0,31.6,148.1,72.3,30.9,0.2,1.1,0.2,0.2,0.2,31.6,2.8,11.9,6.0,2.3,0.4,0.5,0.4,0.4,0.4,11.9,2.8,100.0,1.2,5.4,2.7,1.3,0.0,0.0,0.0,0.0,0.0,1.2,10.0,10.0,10.0,10.0,10.0,8.0,32,30,33,33,33,68,70,67,67,67,35,33,否,否,否,否,否,否,否,否,否,否,否,否,否,否,否,否,否,否,35,34,35,0.250,1.555,0.153,0.008,2.872,0.657,0.224,0.476,35.0,30.0,64.0,64.0,0,17.6,10.6,2.2,2.1,47.6,2.8,13.5,6.4,2.0,0.0,0.1,0.0,0.0,0.0,95.2,83.3,97.9,99.8,99.9,1066.7,10.67,15,15,15,35,74,374,1,2,否,否,否,否,否,否,否,否,否,否,否,否,否,否,否,否,否,否,否,否,否,否,否,否,否,否,否,否,否,否,否,否,否,否,否,否,否,32.0,32,32,31,97.0,100.0,否,否,24293,21074,0.0,2.0,2.0,0.000,0.055,5726,2137,35,0.008,100.0,1066.0,0.0,0.0,0.0,0.0,0.0,0.0,0.0,317,否,否,否,否,否,否,7.419,20.399,49.4,-5.542,25.2,220.8,60.9,61.8,60.1,60.1,60.1,60.1,60.5,61.1,60.0,60.0,60.0,60.0,16.33,16.57,16.09,16.09,16.58,16.58,1.86,13.89,16.06,0.27,0.23,0,0,0.0,0.0,0,0.000,
17.9.2026,23:25:37.561,6032,33480,15.2,5753,10429,35.5,0.0,23329,0,0.766,0.797,0.760,0.755,0.750,0.681,0.698,1000.0,1000.0,1000.0,1000.0,1000.0,100.0,800.0,37.0,134.8,75.6,67.0,14.6,3.0,0.2,0.6,0.2,37.0,2.6,11.0,5.9,3.3,0.3,0.0,0.0,0.0,0.0,11.0,2.6,100.0,1.4,4.8,2.8,2.7,0.6,0.1,0.0,0.0,0.0,1.4,10.0,10.0,10.0,10.0,10.0,8.0,32,29,32,34,32,68,71,68,66,68,35,34,否,否,否,否,否,否,否,否,否,否,否,否,否,否,否,否,否,否,34,34,34,0.250,1.714,0.219,0.008,3.169,0.676,0.224,0.549,35.0,30.0,64.0,64.0,0,17.2,7.9,1.9,2.0,49.6,3.1,13.0,6.8,3.6,1.3,0.3,0.0,0.1,0.0,94.6,83.3,95.6,99.7,99.9,1066.7,10.67,15,15,15,35,74,374,1,2,是,否,否,否,否,否,否,是,否,否,是,否,否,否,否,否,否,否,否,否,否,否,否,否,否,否,否,否,否,否,否,否,否,否,否,否,否,32.0,32,32,31,97.0,100.0,否,否,24293,21074,0.0,0.9,0.9,0.000,0.006,5726,2137,35,0.008,100.0,1066.0,0.0,0.0,0.0,0.0,0.0,0.0,0.0,317,否,否,否,否,否,否,7.416,20.399,49.4,-5.555,25.2,220.3,60.9,61.8,60.1,60.1,60.1,60.1,60.5,61.1,60.0,60.0,60.0,60.0,16.33,16.57,16.09,16.09,16.58,16.58,1.86,13.89,16.06,0.27,0.23,0,0,0.0,0.0,0,0.000,
17.9.2026,23:25:39.564,6032,33479,15.2,5752,10431,35.5,0.0,23329,0,0.766,0.800,0.760,0.755,0.750,0.681,0.741,1000.0,1000.0,1000.0,1000.0,1000.0,100.0,800.0,29.2,131.5,70.5,30.6,0.2,0.5,0.2,0.2,0.2,29.2,2.5,11.0,5.7,1.7,0.6,0.6,0.0,0.0,0.0,11.0,2.5,100.0,1.1,4.7,2.6,1.3,0.0,0.0,0.0,0.0,0.0,1.1,10.0,10.0,10.0,10.0,10.0,8.0,32,30,32,33,33,68,70,68,67,67,34,33,否,否,否,否,否,否,否,否,否,否,否,否,否,否,否,否,否,否,34,32,35,0.250,1.677,0.241,0.007,3.079,0.671,0.234,0.491,35.0,30.0,64.0,64.0,0,17.6,6.6,2.5,1.9,51.9,2.7,13.0,6.6,1.9,0.0,0.1,0.0,0.0,0.0,95.3,83.5,98.0,99.9,99.9,1066.7,10.67,15,15,15,35,74,374,1,2,是,否,否,否,否,否,否,是,否,否,否,否,否,否,否,否,否,否,否,否,否,否,否,否,否,否,否,否,否,否,否,否,否,否,否,否,否,32.0,32,32,31,97.0,100.0,否,否,24293,21074,0.0,0.5,0.5,0.000,0.010,5726,2137,35,0.007,100.0,1066.0,0.0,0.0,0.0,0.0,0.0,0.0,0.0,317,否,否,否,否,否,否,7.444,20.391,49.4,-5.583,25.2,219.1,60.9,61.8,60.1,60.1,60.1,60.1,60.5,61.1,60.0,60.0,60.0,60.0,16.33,16.57,16.09,16.09,16.58,16.58,1.86,13.89,16.06,0.27,0.23,0,0,0.0,0.0,0,0.000,
17.9.2026,23:25:41.562,6033,33479,15.2,5750,10432,35.5,0.0,23329,0,0.766,0.797,0.762,0.752,0.752,0.681,0.741,1000.0,1000.0,1000.0,1000.0,1000.0,100.0,800.0,28.7,126.3,85.8,13.9,2.2,1.2,0.2,0.2,0.2,28.7,2.5,11.0,7.2,1.7,0.0,0.0,0.0,0.0,0.0,11.0,2.5,100.0,1.0,4.5,3.3,0.5,0.1,0.0,0.0,0.0,0.0,1.0,10.0,10.0,10.0,10.0,10.0,8.0,32,30,31,33,33,68,70,69,67,67,34,33,否,否,否,否,否,否,否,否,否,否,否,否,否,否,否,否,否,否,36,33,36,0.250,1.517,0.179,0.006,2.707,0.646,0.221,0.427,35.0,30.0,64.0,64.0,0,17.8,9.0,1.9,2.1,49.9,2.7,12.5,7.5,1.4,0.2,0.1,0.0,0.0,0.0,95.3,83.0,98.4,99.8,99.9,1066.7,10.67,15,15,15,35,74,374,1,2,否,否,否,否,否,否,否,否,否,否,否,否,否,否,否,否,否,否,否,否,否,否,否,否,否,否,否,否,否,否,否,否,否,否,否,否,否,32.0,32,32,31,97.0,100.0,否,否,24293,21074,0.0,1.4,1.4,0.000,0.071,5726,2137,36,0.006,100.0,1066.0,0.0,0.0,0.0,0.0,0.0,0.0,0.0,317,否,否,否,否,否,否,7.427,20.391,49.4,-5.533,25.2,221.1,60.9,61.8,60.1,60.1,60.1,60.1,60.5,61.1,60.0,60.0,60.0,60.0,16.33,16.57,16.09,16.09,16.58,16.58,1.86,13.89,16.06,0.27,0.23,0,0,0.0,0.0,0,0.000,
17.9.2026,23:25:43.561,6032,33480,15.2,5749,10433,35.5,0.0,23329,0,0.766,0.797,0.762,0.752,0.750,0.683,0.741,1000.0,1000.0,1000.0,1000.0,1000.0,100.0,800.0,29.3,126.0,86.4,17.7,1.3,2.6,0.2,0.2,0.2,29.3,2.3,10.5,7.4,0.0,0.1,0.2,0.0,0.0,0.0,10.5,2.3,100.0,1.1,4.5,3.3,0.7,0.0,0.1,0.0,0.0,0.0,1.1,10.0,10.0,10.0,10.0,10.0,8.0,32,29,31,34,32,68,71,69,66,68,35,34,否,否,否,否,否,否,否,否,否,否,否,否,否,否,否,否,否,否,35,33,35,0.250,1.611,0.167,0.008,2.928,0.677,0.229,0.495,35.0,30.0,64.0,64.0,0,17.9,9.6,2.2,2.3,48.1,2.8,12.4,8.2,1.1,0.1,0.3,0.0,0.0,0.0,95.2,82.3,98.8,99.7,99.9,1066.7,10.67,15,15,15,35,74,374,1,2,否,否,否,否,否,否,否,否,否,否,否,否,否,否,否,否,否,否,否,否,否,否,否,否,否,否,否,否,否,否,否,否,否,否,否,否,否,33.0,32,32,31,97.0,100.0,否,否,24293,21074,0.0,3.5,3.5,0.000,0.098,5726,2137,35,0.008,100.0,1066.0,0.0,0.0,0.0,0.0,0.0,0.0,0.0,317,否,否,否,否,否,否,7.450,20.384,49.3,-5.550,25.2,220.4,60.9,61.8,60.1,60.1,60.1,60.1,60.5,61.1,60.0,60.0,60.0,60.0,16.33,16.57,16.09,16.09,16.58,16.58,1.86,13.89,16.06,0.27,0.23,0,0,0.0,0.0,0,0.000,
17.9.2026,23:25:45.578,6032,33480,15.2,5751,10431,35.5,0.0,23329,0,0.766,0.797,0.762,0.752,0.750,0.681,0.741,1000.0,1000.0,1000.0,1000.0,1000.0,100.0,800.0,28.5,122.9,64.9,36.1,1.7,1.4,0.2,0.4,0.2,28.5,2.6,10.0,5.1,3.5,0.5,0.5,0.4,0.4,0.4,10.0,2.6,100.0,1.0,4.3,2.4,1.5,0.1,0.1,0.0,0.0,0.0,1.0,10.0,10.0,10.0,10.0,10.0,8.0,32,28,32,34,32,68,72,68,66,68,35,34,否,否,否,否,否,否,否,否,否,否,否,否,否,否,否,否,否,否,35,34,35,0.250,1.661,0.174,0.009,3.070,0.686,0.231,0.525,35.0,30.0,64.0,64.0,0,18.0,8.1,2.3,2.2,49.9,2.7,12.4,6.2,2.6,0.2,0.2,0.0,0.1,0.0,95.3,84.2,97.2,99.8,99.9,1066.7,10.67,15,15,15,35,74,374,1,2,否,否,否,否,否,否,否,否,否,否,否,否,否,否,否,否,否,否,否,否,否,否,否,否,否,否,否,否,否,否,否,否,否,否,否,否,否,32.0,32,32,31,97.0,100.0,否,否,24293,21074,0.0,1.4,1.4,0.000,0.089,5726,2137,36,0.009,100.0,1066.0,0.0,0.0,0.0,0.0,0.0,0.0,0.0,317,否,否,否,否,否,否,7.451,20.384,49.3,-5.558,25.2,220.1,60.9,61.8,60.1,60.1,60.1,60.1,60.5,61.1,60.0,60.0,60.0,60.0,16.33,16.57,16.09,16.09,16.58,16.58,1.86,13.89,16.06,0.27,0.23,0,0,0.0,0.0,0,0.000,
17.9.2026,23:25:47.590,6032,33480,15.2,5750,10433,35.5,0.0,23329,0,0.765,0.800,0.760,0.752,0.747,0.681,0.741,975.0,1000.0,1000.0,1000.0,900.0,100.0,800.0,28.9,127.9,69.9,29.0,1.5,1.9,0.2,0.4,0.2,28.9,2.5,11.4,6.6,2.3,0.0,0.0,0.0,0.0,0.0,11.4,2.5,100.0,1.1,4.5,2.6,1.2,0.0,0.1,0.0,0.0,0.0,1.1,9.8,10.0,10.0,10.0,9.0,8.0,32,29,32,34,33,68,71,68,66,67,35,34,否,否,否,否,否,否,否,否,否,否,否,否,否,否,否,否,否,否,36,34,35,0.250,1.597,0.179,0.007,2.897,0.662,0.224,0.486,35.0,30.0,64.0,64.0,0,18.1,6.6,2.6,2.6,50.7,2.7,12.9,6.7,1.8,0.2,0.2,0.0,0.1,0.0,95.3,83.6,98.0,99.8,99.9,1066.7,10.67,15,15,15,35,74,374,1,2,是,否,否,否,否,否,否,是,否,否,否,否,否,否,否,否,否,否,否,否,否,否,否,否,否,否,否,否,否,否,否,否,否,否,否,否,否,32.0,32,32,31,97.0,100.0,否,否,24293,21074,0.0,1.5,1.5,0.000,0.014,5726,2137,35,0.007,100.0,1066.0,0.0,0.0,0.0,0.0,0.0,0.0,0.0,317,否,否,否,否,否,否,7.416,20.384,49.3,-5.525,25.2,221.3,60.9,61.8,60.1,60.1,60.1,60.1,60.5,61.1,60.0,60.0,60.0,60.0,16.33,16.57,16.09,16.09,16.58,16.58,1.86,13.89,16.06,0.27,0.23,0,0,0.0,0.0,0,0.000,
17.9.2026,23:25:49.579,6032,33480,15.2,5749,10434,35.5,0.0,23329,0,0.766,0.797,0.760,0.755,0.750,0.681,0.741,1000.0,1000.0,1000.0,1000.0,1000.0,100.0,800.0,28.7,127.2,97.0,4.1,0.2,0.3,0.2,0.2,0.2,28.7,2.6,10.2,7.7,0.0,0.4,1.1,0.4,0.4,0.4,10.2,2.6,100.0,1.1,4.5,3.7,0.1,0.0,0.0,0.0,0.0,0.0,1.1,10.0,10.0,10.0,10.0,10.0,8.0,32,30,33,33,33,68,70,67,67,67,35,33,否,否,否,否,否,否,否,否,否,否,否,否,否,否,否,否,否,否,35,34,35,0.250,1.520,0.184,0.008,2.726,0.637,0.214,0.435,35.0,30.0,64.0,64.0,0,17.8,7.0,2.3,2.5,50.8,2.7,12.4,8.8,0.4,0.0,0.0,0.0,0.0,0.0,95.4,82.2,99.5,99.9,99.9,1066.7,10.67,15,15,15,35,74,374,1,2,否,否,否,否,否,否,否,否,否,否,否,否,否,否,否,否,否,否,否,否,否,否,否,否,否,否,否,否,否,否,否,否,否,否,否,否,否,32.0,32,32,31,97.0,100.0,否,否,24293,21074,0.0,1.0,1.0,0.000,0.042,5726,2137,36,0.008,100.0,1066.0,0.0,0.0,0.0,0.0,0.0,0.0,0.0,317,否,否,否,否,否,否,7.451,20.384,49.3,-5.521,25.2,221.5,60.9,61.8,60.1,60.1,60.1,60.1,60.5,61.1,60.0,60.0,60.0,60.0,16.33,16.57,16.09,16.09,16.58,16.58,1.86,13.89,16.06,0.27,0.23,0,0,0.0,0.0,0,0.000,
17.9.2026,23:25:51.582,6032,33480,15.2,5751,10431,35.5,0.0,23329,0,0.766,0.795,0.762,0.755,0.750,0.681,0.741,1000.0,1000.0,1000.0,1000.0,1000.0,100.0,800.0,28.8,118.7,70.5,36.3,3.5,0.6,0.2,0.2,0.2,28.8,2.3,10.0,6.1,2.2,0.0,0.0,0.0,0.0,0.0,10.0,2.3,100.0,1.0,4.1,2.6,1.5,0.1,0.0,0.0,0.0,0.0,1.0,10.0,10.0,10.0,10.0,10.0,8.0,32,31,32,33,33,68,69,68,67,67,35,33,否,否,否,否,否,否,否,否,否,否,否,否,否,否,否,否,否,否,35,33,35,0.250,1.548,0.160,0.007,2.761,0.663,0.229,0.455,35.0,30.0,64.0,64.0,0,18.3,8.1,2.3,2.2,49.7,2.7,12.1,6.8,2.4,0.4,0.1,0.0,0.0,0.0,95.3,84.0,97.3,99.9,99.9,1066.7,10.67,15,15,15,35,74,374,1,2,否,否,否,否,否,否,否,否,否,否,否,否,否,否,否,否,否,否,否,否,否,否,否,否,否,否,否,否,否,否,否,否,否,否,否,否,否,32.0,32,32,31,97.0,100.0,否,否,24293,21074,0.0,1.0,1.0,0.000,0.020,5726,2138,35,0.007,100.0,1066.0,0.0,0.0,0.0,0.0,0.0,0.0,0.0,317,否,否,否,否,否,否,7.457,20.384,49.3,-5.511,25.2,221.9,60.9,61.8,60.1,60.1,60.1,60.1,60.5,61.1,60.0,60.0,60.0,60.0,16.33,16.57,16.09,16.09,16.58,16.58,1.86,13.89,16.06,0.27,0.23,0,0,0.0,0.0,0,0.000,
17.9.2026,23:25:53.593,6032,33480,15.2,5748,10434,35.5,0.0,23329,0,0.766,0.797,0.760,0.755,0.750,0.681,0.741,1000.0,1000.0,1000.0,1000.0,1000.0,100.0,800.0,35.0,143.2,80.4,45.9,9.1,0.6,0.2,0.2,0.2,35.0,3.1,12.2,7.0,4.2,1.0,0.0,0.0,0.0,0.0,12.2,3.1,100.0,1.3,5.2,3.0,1.8,0.3,0.0,0.0,0.0,0.0,1.3,10.0,10.0,10.0,10.0,10.0,8.0,32,30,31,34,33,68,70,69,66,67,35,34,否,否,否,否,否,否,否,否,否,否,否,否,否,否,否,否,否,否,34,33,34,0.250,1.592,0.192,0.007,2.880,0.663,0.221,0.470,35.0,30.0,64.0,64.0,0,17.7,6.3,2.8,2.5,48.8,3.3,13.9,7.4,4.0,0.8,0.1,0.0,0.0,0.0,94.4,82.2,95.6,99.9,99.9,1066.7,10.67,15,15,15,35,74,374,1,2,否,否,否,否,否,否,否,否,否,否,否,否,否,否,否,否,否,否,否,否,否,否,否,否,否,否,否,否,否,否,否,否,否,否,否,否,否,33.0,32,32,31,97.0,100.0,否,否,24293,21074,0.0,0.5,0.5,0.000,0.012,5726,2138,35,0.007,100.0,1066.0,0.0,0.0,0.0,0.0,0.0,0.0,0.0,317,否,否,否,否,否,否,7.421,20.376,49.3,-5.469,25.2,223.5,60.9,61.8,60.1,60.1,60.1,60.1,60.5,61.1,60.0,60.0,60.0,60.0,16.33,16.57,16.09,16.09,16.58,16.58,1.86,13.89,16.06,0.27,0.23,0,0,0.0,0.0,0,0.000,
17.9.2026,23:25:55.601,6031,33481,15.2,5747,10435,35.5,0.0,23329,0,0.764,0.795,0.760,0.752,0.750,0.676,0.701,975.0,900.0,1000.0,1000.0,1000.0,100.0,700.0,28.3,130.9,74.4,18.2,1.2,0.8,0.2,0.2,0.2,28.3,2.3,11.1,6.4,0.9,0.0,0.0,0.0,0.0,0.0,11.1,2.3,100.0,1.0,4.7,2.8,0.7,0.0,0.0,0.0,0.0,0.0,1.0,9.8,9.0,10.0,10.0,10.0,7.0,32,29,32,33,32,68,71,68,67,68,35,33,否,否,否,否,否,否,否,否,否,否,否,否,否,否,否,否,否,否,35,34,35,0.250,1.538,0.163,0.007,2.836,0.675,0.235,0.427,35.0,30.0,64.0,64.0,0,17.8,10.5,1.9,2.0,48.1,2.7,13.2,7.2,1.1,0.1,0.1,0.0,0.0,0.0,95.3,82.6,98.7,99.9,99.9,1066.7,10.67,15,15,15,35,74,374,1,2,否,否,否,否,否,否,否,否,否,否,否,否,否,否,否,否,否,否,否,否,否,否,否,否,否,否,否,否,否,否,否,否,否,否,否,否,否,32.0,32,32,31,97.0,100.0,否,否,24293,21074,0.0,1.4,1.4,0.000,0.116,5726,2138,35,0.007,100.0,1066.0,0.0,0.0,0.0,0.0,0.0,0.0,0.0,317,否,否,否,否,否,否,7.422,20.376,49.3,-5.455,25.2,224.1,60.9,61.8,60.1,60.1,60.1,60.1,60.5,61.1,60.0,60.0,60.0,60.0,16.33,16.57,16.09,16.09,16.58,16.58,1.86,13.89,16.06,0.27,0.23,0,0,0.0,0.0,0,0.000,
17.9.2026,23:25:57.609,6031,33481,15.2,5746,10437,35.5,0.0,23329,0,0.766,0.795,0.762,0.755,0.750,0.678,0.701,1000.0,1000.0,1000.0,1000.0,1000.0,100.0,800.0,28.8,125.8,71.9,27.5,2.3,0.8,1.0,0.7,0.2,28.8,2.7,10.6,6.0,1.8,0.8,0.7,0.7,0.7,0.6,10.6,2.7,100.0,1.1,4.5,2.7,1.1,0.1,0.0,0.0,0.0,0.0,1.1,10.0,10.0,10.0,10.0,10.0,8.0,32,29,32,34,32,68,71,68,66,68,34,34,否,否,否,否,否,否,否,否,否,否,否,否,否,否,否,否,否,否,35,33,35,0.250,1.655,0.181,0.006,3.109,0.665,0.210,0.544,35.0,30.0,64.0,64.0,0,17.9,7.0,2.3,2.6,50.6,2.8,12.6,6.9,2.0,0.2,0.1,0.1,0.1,0.0,95.3,83.5,97.8,99.8,99.9,1066.7,10.67,15,15,15,35,74,374,1,2,否,否,否,否,否,否,否,否,否,否,否,否,否,否,否,否,否,否,否,否,否,否,否,否,否,否,否,否,否,否,否,否,否,否,否,否,否,32.0,32,32,31,97.0,100.0,否,否,24293,21074,0.0,1.0,1.0,0.000,0.012,5726,2138,36,0.006,100.0,1066.0,0.0,0.0,0.0,0.0,0.0,0.0,0.0,317,否,否,否,否,否,否,7.449,20.376,49.3,-5.490,25.2,222.7,60.9,61.8,60.1,60.1,60.1,60.1,60.5,61.1,60.0,60.0,60.0,60.0,16.33,16.57,16.09,16.09,16.58,16.58,1.86,13.89,16.06,0.27,0.23,0,0,0.0,0.0,0,0.000,
17.9.2026,23:25:59.620,6031,33481,15.2,5750,10432,35.5,0.0,23329,0,0.764,0.797,0.760,0.750,0.750,0.681,0.741,1000.0,1000.0,1000.0,1000.0,1000.0,100.0,800.0,29.1,123.4,74.1,31.6,2.3,0.7,0.2,0.2,0.2,29.1,2.5,10.7,6.8,2.6,0.0,0.0,0.0,0.0,0.0,10.7,2.5,100.0,1.1,4.3,2.8,1.3,0.1,0.0,0.0,0.0,0.0,1.1,10.0,10.0,10.0,10.0,10.0,8.0,32,30,33,34,32,68,70,67,66,68,35,34,否,否,否,否,否,否,否,否,否,否,否,否,否,否,否,否,否,否,35,34,35,0.250,1.510,0.170,0.006,2.728,0.645,0.217,0.433,35.0,30.0,64.0,64.0,0,18.0,7.1,2.4,1.8,51.0,2.8,12.4,7.2,2.4,0.2,0.1,0.0,0.0,0.0,95.1,83.4,97.4,99.9,99.9,1066.7,10.67,15,15,15,35,74,374,1,2,否,否,否,否,否,否,否,否,否,否,否,否,否,否,否,否,否,否,否,否,否,否,否,否,否,否,否,否,否,否,否,否,否,否,否,否,否,31.0,32,32,31,97.0,100.0,否,否,24293,21074,0.0,1.0,1.0,0.000,0.012,5726,2138,35,0.006,100.0,1066.0,0.0,0.0,0.0,0.0,0.0,0.0,0.0,317,否,否,否,否,否,否,7.463,20.368,49.3,-5.485,25.2,222.8,60.9,61.8,60.1,60.1,60.1,60.1,60.5,61.1,60.0,60.0,60.0,60.0,16.33,16.57,16.09,16.09,16.58,16.58,1.86,13.89,16.06,0.27,0.23,0,0,0.0,0.0,0,0.000,
17.9.2026,23:26:1.614,6032,33480,15.2,5748,10435,35.5,0.0,23329,0,0.765,0.797,0.760,0.752,0.750,0.681,0.698,1000.0,1000.0,1000.0,1000.0,1000.0,100.0,800.0,32.7,142.2,74.3,32.8,2.3,8.7,0.3,0.5,0.3,32.7,2.7,12.0,6.3,2.8,0.1,0.7,0.0,0.0,0.0,12.0,2.7,100.0,1.2,5.1,2.8,1.3,0.1,0.4,0.0,0.0,0.0,1.2,10.0,10.0,10.0,10.0,10.0,8.0,32,30,32,33,33,68,70,68,67,67,35,33,否,否,否,否,否,否,否,否,否,否,否,否,否,否,否,否,否,否,35,34,35,0.250,1.505,0.170,0.007,2.737,0.640,0.213,0.434,35.0,30.0,64.0,64.0,0,17.5,8.6,2.0,1.7,48.8,3.2,14.0,7.1,3.0,0.3,0.8,0.0,0.1,0.0,94.6,82.5,96.8,99.1,99.9,1066.7,10.67,15,15,15,35,74,374,1,2,否,否,否,否,否,否,否,否,否,否,否,否,否,否,否,否,否,否,否,否,否,否,否,否,否,否,否,否,否,否,否,否,否,否,否,否,否,32.0,32,32,31,97.0,100.0,否,否,24293,21074,0.0,1.0,1.0,0.000,0.018,5726,2138,35,0.007,100.0,1066.0,0.0,0.0,0.0,0.0,0.0,0.0,0.0,317,否,否,否,否,否,否,7.452,20.368,49.3,-5.455,25.2,224.0,60.9,61.8,60.1,60.1,60.1,60.1,60.5,61.1,60.0,60.0,60.0,60.0,16.33,16.57,16.09,16.09,16.58,16.58,1.86,13.89,16.06,0.27,0.23,0,0,0.0,0.0,0,0.000,
17.9.2026,23:26:3.617,6034,33477,15.2,5742,10441,35.4,0.0,23329,0,0.765,0.797,0.760,0.752,0.750,0.681,0.701,1000.0,1000.0,1000.0,1000.0,1000.0,100.0,800.0,71.1,234.7,176.4,79.7,68.3,6.5,1.4,1.0,0.6,71.1,5.3,17.2,12.1,5.2,5.4,0.9,0.5,0.5,0.4,17.2,5.3,100.0,2.8,9.0,7.0,3.2,2.8,0.2,0.1,0.0,0.0,2.8,10.0,10.0,10.0,10.0,10.0,8.0,32,30,33,34,33,68,70,67,66,67,35,34,否,否,否,否,否,否,否,否,否,否,否,否,否,否,否,否,否,否,35,35,35,1.500,1.578,0.167,0.006,2.967,0.669,0.226,0.474,35.0,30.0,64.0,64.0,0,14.7,6.9,1.6,3.1,39.5,5.6,19.3,13.2,6.0,5.2,0.6,0.1,0.1,0.1,89.9,69.8,90.6,99.2,99.8,1066.7,10.67,15,15,15,35,74,374,1,2,是,否,否,否,否,否,否,是,否,否,是,否,否,否,否,否,否,否,否,否,否,否,否,否,否,否,是,否,否,否,否,否,否,否,是,否,否,32.0,32,32,31,97.0,100.0,否,否,24293,21074,0.0,2.4,2.4,0.000,0.034,5726,2138,34,0.006,100.0,1066.0,0.0,0.0,0.0,0.0,0.0,0.0,0.0,317,否,否,否,否,否,否,7.463,20.368,49.3,-5.463,25.2,223.7,60.9,61.8,60.1,60.1,60.1,60.1,60.5,61.1,60.0,60.0,60.0,60.0,16.33,16.57,16.09,16.09,16.58,16.58,1.86,13.89,16.06,0.27,0.23,0,0,0.0,0.0,0,0.000,
17.9.2026,23:26:5.625,6033,33478,15.2,5741,10441,35.4,0.0,23329,0,0.766,0.797,0.760,0.755,0.750,0.683,0.741,1000.0,1000.0,1000.0,1000.0,1000.0,100.0,800.0,28.7,136.7,82.1,8.4,1.4,0.8,0.2,0.2,0.2,28.7,2.8,11.8,7.1,1.1,0.5,0.5,0.4,0.4,0.4,11.8,2.8,100.0,1.1,4.9,3.1,0.3,0.0,0.0,0.0,0.0,0.0,1.1,10.0,10.0,10.0,10.0,10.0,8.0,32,30,32,33,32,68,70,68,67,68,35,33,否,否,否,否,否,否,否,否,否,否,否,否,否,否,否,否,否,否,34,34,35,0.250,2.029,0.389,0.004,4.097,0.771,0.278,0.558,35.0,30.0,64.0,64.0,0,18.0,8.9,2.6,2.2,48.4,2.7,13.4,7.4,0.8,0.1,0.1,0.0,0.0,0.0,95.2,82.1,99.0,99.9,99.9,1066.7,10.67,15,15,15,35,74,374,1,2,否,否,否,否,否,否,否,否,否,否,否,否,否,否,否,否,否,否,否,否,否,否,否,否,否,否,否,否,否,否,否,否,否,否,否,否,否,31.0,32,32,31,97.0,100.0,否,否,24293,21074,0.0,1.5,1.5,0.000,0.095,5726,2138,36,0.004,100.0,1066.0,0.0,0.0,0.0,0.0,0.0,0.0,0.0,317,否,否,否,否,否,否,7.455,20.361,49.3,-5.539,25.2,220.6,60.9,61.8,60.1,60.1,60.1,60.1,60.5,61.1,60.0,60.0,60.0,60.0,16.33,16.57,16.09,16.09,16.58,16.58,1.86,13.89,16.06,0.27,0.23,0,0,0.0,0.0,0,0.000,
17.9.2026,23:26:7.632,6033,33478,15.2,5751,10431,35.5,0.0,23329,0,0.764,0.797,0.757,0.752,0.750,0.683,0.701,1000.0,1000.0,1000.0,1000.0,1000.0,100.0,800.0,28.7,115.8,74.1,35.3,1.3,2.2,0.2,0.2,0.2,28.7,2.2,9.4,6.1,2.0,0.0,0.0,0.0,0.0,0.0,9.4,2.2,100.0,1.0,4.0,2.8,1.4,0.0,0.1,0.0,0.0,0.0,1.0,10.0,10.0,10.0,10.0,10.0,8.0,32,28,32,34,32,68,72,68,66,68,35,34,否,否,否,否,否,否,否,否,否,否,否,否,否,否,否,否,否,否,35,33,35,0.250,1.594,0.161,0.008,2.957,0.665,0.220,0.498,35.0,30.0,64.0,64.0,0,18.0,6.4,1.8,2.3,51.9,2.7,11.7,7.1,2.5,0.1,0.2,0.0,0.0,0.0,95.2,84.0,97.3,99.7,99.9,1066.7,10.67,15,15,15,35,74,374,1,2,否,否,否,否,否,否,否,否,否,否,否,否,否,否,否,否,否,否,否,否,否,否,否,否,否,否,否,否,否,否,否,否,否,否,否,否,否,32.0,32,32,31,97.0,100.0,否,否,24293,21074,0.0,1.0,1.0,0.000,0.012,5726,2138,36,0.008,100.0,1066.0,0.0,0.0,0.0,0.0,0.0,0.0,0.0,317,否,否,否,否,否,否,7.459,20.361,49.3,-5.557,25.2,219.8,60.9,61.8,60.1,60.1,60.1,60.1,60.5,61.1,60.0,60.0,60.0,60.0,16.33,16.57,16.09,16.09,16.58,16.58,1.86,13.89,16.06,0.27,0.23,0,0,0.0,0.0,0,0.000,
17.9.2026,23:26:9.644,6033,33478,15.2,5750,10432,35.5,0.0,23329,0,0.765,0.797,0.760,0.752,0.750,0.681,0.701,1000.0,1000.0,1000.0,1000.0,1000.0,100.0,800.0,30.7,138.2,77.1,24.6,4.8,0.5,0.2,0.2,0.2,30.7,3.0,11.6,6.5,2.0,1.1,0.7,0.7,0.7,0.7,11.6,3.0,100.0,1.1,5.0,2.9,1.0,0.2,0.0,0.0,0.0,0.0,1.1,10.0,10.0,10.0,10.0,10.0,8.0,32,30,32,34,33,68,70,68,66,67,36,34,否,否,否,否,否,否,否,否,否,否,否,否,否,否,否,否,否,否,35,34,35,0.250,1.514,0.176,0.005,2.706,0.643,0.220,0.432,35.0,30.0,64.0,64.0,0,17.7,7.9,2.1,2.4,48.9,3.0,13.5,7.3,2.2,0.5,0.1,0.0,0.0,0.0,94.9,82.3,97.3,99.9,99.9,1066.7,10.67,15,15,15,35,74,374,1,2,否,否,否,否,否,否,否,否,否,否,否,否,否,否,否,否,否,否,否,否,否,否,否,否,否,否,否,否,否,否,否,否,否,否,否,否,否,33.0,32,32,31,97.0,100.0,否,否,24293,21074,0.0,1.5,1.5,0.000,0.018,5726,2138,35,0.005,100.0,1066.0,0.0,0.0,0.0,0.0,0.0,0.0,0.0,317,否,否,否,否,否,否,7.455,20.353,49.3,-5.524,25.2,221.1,60.9,61.8,60.1,60.1,60.1,60.1,60.5,61.1,60.0,60.0,60.0,60.0,16.33,16.57,16.09,16.09,16.58,16.58,1.86,13.89,16.06,0.27,0.23,0,0,0.0,0.0,0,0.000,
17.9.2026,23:26:11.652,6033,33479,15.2,5749,10433,35.5,0.0,23329,0,0.767,0.800,0.760,0.755,0.752,0.688,0.698,1075.0,1100.0,1000.0,1100.0,1100.0,100.0,900.0,28.7,145.6,70.3,11.4,0.2,1.8,0.2,0.2,0.2,28.7,2.4,12.1,5.7,1.0,0.0,0.2,0.0,0.0,0.0,12.1,2.4,100.0,1.1,5.3,2.6,0.5,0.0,0.1,0.0,0.0,0.0,1.1,10.8,11.0,10.0,11.0,11.0,9.0,32,29,33,33,33,68,71,67,67,67,36,33,否,否,否,否,否,否,否,否,否,否,否,否,否,否,否,否,否,否,35,34,35,0.250,1.601,0.151,0.006,2.978,0.682,0.235,0.494,35.0,30.0,64.0,64.0,0,17.8,11.2,1.6,2.2,47.3,2.7,14.1,6.4,1.1,0.0,0.2,0.0,0.0,0.0,95.2,82.5,98.8,99.8,99.9,1066.7,10.67,15,15,15,35,74,374,1,2,否,否,否,否,否,否,否,否,否,否,否,否,否,否,否,否,否,否,否,否,否,否,否,否,否,否,否,否,否,否,否,否,否,否,否,否,否,32.0,32,32,31,97.0,100.0,否,否,24293,21074,0.0,5.3,5.3,0.000,0.069,5726,2138,36,0.006,100.0,1066.0,0.0,0.0,0.0,0.0,0.0,0.0,0.0,317,否,否,否,否,否,否,7.460,20.353,49.3,-5.528,25.2,220.9,60.9,61.8,60.1,60.1,60.1,60.1,60.5,61.1,60.0,60.0,60.0,60.0,16.33,16.57,16.09,16.09,16.58,16.58,1.86,13.89,16.06,0.27,0.23,0,0,0.0,0.0,0,0.000,
17.9.2026,23:26:13.675,6032,33479,15.2,5747,10435,35.5,0.0,23329,0,0.770,0.800,0.767,0.757,0.755,0.688,0.701,1100.0,1100.0,1100.0,1100.0,1100.0,100.0,900.0,29.3,129.8,74.2,27.2,1.7,0.5,0.2,0.4,0.2,29.3,2.9,11.5,6.9,2.5,0.6,0.5,0.5,0.5,0.5,11.5,2.9,100.0,1.1,4.6,2.8,1.1,0.1,0.0,0.0,0.0,0.0,1.1,11.0,11.0,11.0,11.0,11.0,9.0,32,31,33,33,33,68,69,67,67,67,35,33,否,否,否,否,否,否,否,否,否,否,否,否,否,否,否,否,否,否,36,34,36,0.250,1.664,0.164,0.007,3.187,0.671,0.213,0.559,35.0,30.0,64.0,64.0,0,17.8,6.2,1.8,2.1,51.8,2.8,13.0,7.2,2.2,0.2,0.1,0.0,0.1,0.0,95.1,83.0,97.6,99.9,99.9,1066.7,10.67,15,15,15,35,74,374,1,2,否,否,否,否,否,否,否,否,否,否,否,否,否,否,否,否,否,否,否,否,否,否,否,否,否,否,否,否,否,否,否,否,否,否,否,否,否,32.0,32,32,31,97.0,100.0,否,否,24293,21074,0.0,1.2,1.2,0.000,0.036,5726,2138,35,0.007,100.0,1066.0,0.0,0.0,0.0,0.0,0.0,0.0,0.0,317,否,否,否,否,否,否,7.457,20.353,49.3,-5.541,25.2,220.4,60.9,61.8,60.1,60.1,60.1,60.1,60.5,61.1,60.0,60.0,60.0,60.0,16.33,16.57,16.09,16.09,16.58,16.58,1.86,13.89,16.06,0.27,0.23,0,0,0.0,0.0,0,0.000,
17.9.2026,23:26:15.674,6032,33480,15.2,5751,10432,35.5,0.0,23329,0,0.765,0.797,0.760,0.752,0.750,0.681,0.741,1000.0,1000.0,1000.0,1000.0,1000.0,100.0,800.0,27.9,129.0,74.0,15.7,2.7,1.6,0.2,0.2,0.2,27.9,2.4,10.4,5.6,0.9,0.6,0.5,0.4,0.4,0.4,10.4,2.4,100.0,1.0,4.6,2.8,0.6,0.1,0.1,0.0,0.0,0.0,1.0,10.0,10.0,10.0,10.0,10.0,8.0,32,29,33,33,33,68,71,67,67,67,35,33,否,否,否,否,否,否,否,否,否,否,否,否,否,否,否,否,否,否,36,34,36,0.250,1.499,0.149,0.007,2.736,0.647,0.222,0.437,35.0,30.0,64.0,64.0,0,18.0,8.5,1.8,2.3,50.6,2.7,12.7,6.6,1.4,0.3,0.2,0.0,0.0,0.0,95.4,83.4,98.3,99.8,99.9,1066.7,10.67,15,15,15,35,74,374,1,2,否,否,否,否,否,否,否,否,否,否,否,否,否,否,否,否,否,否,否,否,否,否,否,否,否,否,否,否,否,否,否,否,否,否,否,否,否,32.0,32,32,32,97.0,100.0,否,否,24293,21074,0.0,1.4,1.4,0.000,0.087,5726,2139,35,0.007,100.0,1066.0,0.0,0.0,0.0,0.0,0.0,0.0,0.0,317,否,否,否,否,否,否,7.461,20.345,49.3,-5.514,25.2,221.4,60.9,61.8,60.1,60.1,60.1,60.1,60.5,61.1,60.0,60.0,60.0,60.0,16.33,16.57,16.09,16.09,16.58,16.58,1.86,13.89,16.06,0.27,0.23,0,0,0.0,0.0,0,0.000,
17.9.2026,23:26:17.675,6031,33480,15.2,5751,10432,35.5,0.0,23329,0,0.765,0.800,0.757,0.752,0.750,0.678,0.738,1000.0,1000.0,1000.0,1000.0,1000.0,100.0,800.0,28.6,122.9,70.3,31.1,3.0,1.0,0.2,0.2,0.2,28.6,2.2,10.3,6.0,1.7,0.0,0.0,0.0,0.0,0.0,10.3,2.2,100.0,1.0,4.3,2.6,1.2,0.1,0.0,0.0,0.0,0.0,1.0,10.0,10.0,10.0,10.0,10.0,8.0,32,30,33,34,33,68,70,67,66,67,35,34,否,否,否,否,否,否,否,否,否,否,否,否,否,否,否,否,否,否,35,32,35,0.250,1.601,0.159,0.007,2.888,0.677,0.229,0.493,35.0,30.0,64.0,64.0,0,17.9,6.7,1.6,1.8,53.2,2.7,12.4,6.8,2.0,0.3,0.1,0.0,0.0,0.0,95.4,84.0,97.7,99.9,99.9,1066.7,10.67,15,15,15,35,74,374,1,2,否,否,否,否,否,否,否,否,否,否,否,否,否,否,否,否,否,否,否,否,否,否,否,否,否,否,否,否,否,否,否,否,否,否,否,否,否,32.0,32,32,31,97.0,100.0,否,否,24293,21074,0.0,0.9,0.9,0.000,0.010,5726,2139,34,0.007,100.0,1066.0,0.0,0.0,0.0,0.0,0.0,0.0,0.0,317,否,否,否,否,否,否,7.422,20.345,49.3,-5.477,25.2,222.9,60.9,61.8,60.1,60.1,60.1,60.1,60.5,61.1,60.0,60.0,60.0,60.0,16.33,16.57,16.09,16.09,16.58,16.58,1.86,13.89,16.06,0.27,0.23,0,0,0.0,0.0,0,0.000,
17.9.2026,23:26:19.673,6032,33479,15.2,5749,10433,35.5,0.0,23329,0,0.766,0.797,0.760,0.755,0.750,0.683,0.741,1000.0,1000.0,1000.0,1000.0,1000.0,100.0,800.0,28.6,127.7,76.2,23.4,0.4,0.6,0.2,0.3,0.2,28.6,2.6,11.2,6.9,1.9,0.5,0.0,0.0,0.0,0.0,11.2,2.6,100.0,1.1,4.5,2.9,1.0,0.0,0.0,0.0,0.0,0.0,1.1,10.0,10.0,10.0,10.0,10.0,8.0,32,29,32,34,32,68,71,68,66,68,35,34,否,否,否,否,否,否,否,否,否,否,否,否,否,否,否,否,否,否,34,33,34,0.250,1.514,0.182,0.005,2.671,0.639,0.219,0.432,35.0,30.0,64.0,64.0,0,18.0,5.7,1.8,2.2,52.7,2.7,12.7,7.3,1.5,0.0,0.1,0.0,0.0,0.0,95.3,83.1,98.4,99.9,99.9,1066.7,10.67,15,15,15,35,74,374,1,2,否,否,否,否,否,否,否,否,否,否,否,否,否,否,否,否,否,否,否,否,否,否,否,否,否,否,否,否,否,否,否,否,否,否,否,否,否,32.0,32,32,31,97.0,100.0,否,否,24293,21074,0.0,1.4,1.4,0.000,0.040,5726,2139,35,0.005,100.0,1066.0,0.0,0.0,0.0,0.0,0.0,0.0,0.0,317,否,否,否,否,否,否,7.453,20.338,49.2,-5.485,25.2,222.5,60.9,61.8,60.1,60.1,60.1,60.1,60.5,61.1,60.0,60.0,60.0,60.0,16.33,16.57,16.09,16.09,16.58,16.58,1.86,13.89,16.06,0.27,0.23,0,0,0.0,0.0,0,0.000,
17.9.2026,23:26:21.676,6032,33480,15.2,5748,10434,35.5,0.0,23329,0,0.766,0.800,0.762,0.752,0.750,0.681,0.741,1000.0,1000.0,1000.0,1000.0,1000.0,100.0,800.0,33.4,148.0,66.3,48.3,2.0,1.1,0.2,1.5,0.2,33.4,2.8,12.1,5.0,3.8,0.6,0.6,0.0,0.6,0.0,12.1,2.8,100.0,1.2,5.4,2.4,2.0,0.1,0.0,0.0,0.1,0.0,1.2,10.0,10.0,10.0,10.0,10.0,8.0,32,30,32,33,32,68,70,68,67,68,36,33,否,否,否,否,否,否,否,否,否,否,否,否,否,否,否,否,否,否,35,32,35,0.250,1.482,0.167,0.007,2.617,0.646,0.222,0.405,35.0,30.0,64.0,64.0,0,17.0,9.1,1.4,2.0,47.8,3.1,14.3,6.1,4.2,0.2,0.1,0.0,0.2,0.0,94.4,82.6,95.5,99.8,99.8,1066.7,10.67,15,15,15,35,74,374,1,2,否,否,否,否,否,否,否,否,否,否,否,否,否,否,否,否,否,否,否,否,否,否,否,否,否,否,否,否,否,否,否,否,否,否,否,否,否,33.0,32,32,31,97.0,100.0,否,否,24293,21074,0.0,1.5,1.5,0.000,0.018,5726,2139,35,0.007,100.0,1066.0,0.0,0.0,0.0,0.0,0.0,0.0,0.0,317,否,否,否,否,否,否,7.449,20.338,49.2,-5.445,25.2,224.1,60.9,61.8,60.1,60.1,60.1,60.1,60.5,61.1,60.0,60.0,60.0,60.0,16.33,16.57,16.09,16.09,16.58,16.58,1.86,13.89,16.06,0.27,0.23,0,0,0.0,0.0,0,0.000,
17.9.2026,23:26:23.684,6034,33478,15.2,5750,10432,35.5,0.0,23329,0,0.766,0.797,0.760,0.755,0.752,0.678,0.741,1000.0,1000.0,1000.0,1000.0,1000.0,100.0,800.0,34.8,151.1,97.6,24.8,3.1,1.1,0.2,0.2,0.2,34.8,3.2,12.8,8.7,2.7,0.1,0.0,0.6,0.0,0.6,12.8,3.2,100.0,1.3,5.5,3.8,1.0,0.1,0.0,0.0,0.0,0.0,1.3,10.0,10.0,10.0,10.0,10.0,8.0,32,29,32,33,32,68,71,68,67,68,36,33,否,否,否,否,否,否,否,否,否,否,否,否,否,否,否,否,否,否,34,33,34,0.250,1.609,0.168,0.007,3.094,0.672,0.213,0.499,35.0,30.0,64.0,64.0,0,17.2,6.9,1.6,2.2,49.1,3.2,14.3,8.9,2.3,0.3,0.1,0.0,0.0,0.0,94.3,80.0,97.3,99.8,99.9,1066.7,10.67,15,15,15,35,74,374,1,2,否,否,否,否,否,否,否,否,否,否,否,否,否,否,否,否,否,否,否,否,否,否,否,否,否,否,否,否,否,否,否,否,否,否,否,否,否,31.0,32,32,31,97.0,100.0,否,否,24293,21074,0.0,0.9,0.9,0.000,0.012,5726,2139,35,0.007,100.0,1066.0,0.0,0.0,0.0,0.0,0.0,0.0,0.0,317,否,否,否,否,否,否,7.450,20.338,49.2,-5.453,25.2,223.8,60.9,61.8,60.1,60.1,60.1,60.1,60.5,61.1,60.0,60.0,60.0,60.0,16.33,16.57,16.09,16.09,16.58,16.58,1.86,13.89,16.06,0.27,0.23,0,0,0.0,0.0,0,0.000,
17.9.2026,23:26:25.682,6033,33479,15.2,5750,10432,35.5,0.0,23329,0,0.766,0.797,0.762,0.752,0.750,0.681,0.741,1000.0,1000.0,1000.0,1000.0,1000.0,100.0,800.0,29.1,125.5,81.8,23.4,1.3,0.4,0.3,0.3,0.3,29.1,2.3,10.3,6.7,1.1,0.0,0.0,0.0,0.0,0.0,10.3,2.3,100.0,1.1,4.4,3.1,0.9,0.0,0.0,0.0,0.0,0.0,1.1,10.0,10.0,10.0,10.0,10.0,8.0,32,29,31,33,33,68,71,69,67,67,35,33,否,否,否,否,否,否,否,否,否,否,否,否,否,否,否,否,否,否,36,33,36,0.250,1.551,0.165,0.007,2.915,0.675,0.231,0.437,35.0,30.0,64.0,64.0,0,17.6,8.8,1.5,1.7,51.4,2.8,12.5,7.7,1.5,0.1,0.0,0.0,0.0,0.0,95.4,83.3,98.3,99.9,99.9,1066.7,10.67,15,15,15,35,74,374,1,2,是,否,否,否,否,否,否,是,否,否,否,否,否,否,否,否,否,否,否,否,否,否,否,否,否,否,是,否,否,否,否,否,否,否,是,否,否,32.0,32,32,31,97.0,100.0,否,否,24293,21074,0.0,1.4,1.4,0.000,0.085,5726,2139,36,0.007,100.0,1066.0,0.0,0.0,0.0,0.0,0.0,0.0,0.0,317,否,否,否,否,否,否,7.453,20.330,49.2,-5.456,25.2,223.6,60.9,61.8,60.1,60.1,60.1,60.1,60.5,61.1,60.0,60.0,60.0,60.0,16.33,16.57,16.09,16.09,16.58,16.58,1.86,13.89,16.06,0.27,0.23,0,0,0.0,0.0,0,0.000,
17.9.2026,23:26:27.680,6033,33479,15.2,5750,10432,35.5,0.0,23329,0,0.763,0.800,0.755,0.750,0.747,0.681,0.741,925.0,1000.0,900.0,900.0,900.0,100.0,800.0,28.8,133.4,78.6,15.2,1.7,0.7,0.2,0.2,0.2,28.8,2.6,10.8,6.3,1.1,0.7,0.6,0.6,0.6,0.6,10.8,2.6,100.0,1.1,4.8,3.0,0.6,0.1,0.0,0.0,0.0,0.0,1.1,9.2,10.0,9.0,9.0,9.0,8.0,32,29,32,33,33,68,71,68,67,67,35,33,否,否,否,否,否,否,否,否,否,否,否,否,否,否,否,否,否,否,35,33,34,0.250,1.600,0.176,0.007,2.894,0.660,0.224,0.494,35.0,30.0,64.0,64.0,0,17.7,8.8,1.6,1.8,50.4,2.7,12.9,7.2,1.4,0.2,0.1,0.0,0.0,0.0,95.3,82.9,98.4,99.9,99.9,1066.7,10.67,15,15,15,35,74,374,1,2,否,否,否,否,否,否,否,否,否,否,否,否,否,否,否,否,否,否,否,否,否,否,否,否,否,否,否,否,否,否,否,否,否,否,否,否,否,32.0,32,32,31,97.0,100.0,否,否,24293,21074,0.0,1.1,1.1,0.000,0.024,5726,2139,35,0.007,100.0,1066.0,0.0,0.0,0.0,0.0,0.0,0.0,0.0,317,否,否,否,否,否,否,7.453,20.330,49.2,-5.463,25.2,223.3,60.9,61.8,60.1,60.1,60.1,60.1,60.5,61.1,60.0,60.0,60.0,60.0,16.33,16.57,16.09,16.09,16.58,16.58,1.86,13.89,16.06,0.27,0.23,0,0,0.0,0.0,0,0.000,
17.9.2026,23:26:29.686,6033,33479,15.2,5749,10433,35.5,0.0,23329,0,0.766,0.797,0.762,0.752,0.750,0.681,0.741,1000.0,1000.0,1000.0,1000.0,1000.0,100.0,800.0,29.6,140.4,72.9,19.5,1.2,2.0,0.2,0.2,0.2,29.6,2.6,12.3,6.6,1.9,0.0,0.0,0.0,0.0,0.0,12.3,2.6,100.0,1.1,5.0,2.7,0.8,0.0,0.1,0.0,0.0,0.0,1.1,10.0,10.0,10.0,10.0,10.0,8.0,32,30,33,33,32,68,70,67,67,68,35,33,否,否,否,否,否,否,否,否,否,否,否,否,否,否,否,否,否,否,35,33,35,0.250,1.572,0.164,0.008,2.892,0.656,0.214,0.487,35.0,30.0,64.0,64.0,0,17.4,6.6,1.4,1.8,52.3,2.8,13.9,6.9,1.6,0.1,0.2,0.0,0.0,0.0,95.1,82.3,98.2,99.8,99.9,1066.7,10.67,15,15,15,35,74,374,1,2,否,否,否,否,否,否,否,否,否,否,否,否,否,否,否,否,否,否,否,否,否,否,否,否,否,否,否,否,否,否,否,否,否,否,否,否,否,32.0,32,32,31,97.0,100.0,否,否,24293,21074,0.0,1.2,1.2,0.000,0.040,5726,2139,35,0.008,100.0,1066.0,0.0,0.0,0.0,0.0,0.0,0.0,0.0,317,否,否,否,否,否,否,7.451,20.322,49.2,-5.454,25.2,223.6,60.9,61.8,60.1,60.1,60.1,60.1,60.5,61.1,60.0,60.0,60.0,60.0,16.33,16.57,16.09,16.09,16.58,16.58,1.86,13.89,16.06,0.27,0.23,0,0,0.0,0.0,0,0.000,
17.9.2026,23:26:31.700,6033,33479,15.2,5748,10434,35.5,0.0,23329,0,0.766,0.797,0.760,0.755,0.750,0.681,0.741,1000.0,1000.0,1000.0,1000.0,1000.0,100.0,800.0,28.7,136.4,81.3,10.1,0.2,0.8,0.2,0.2,0.2,28.7,2.3,10.9,6.7,0.6,0.0,0.0,0.0,0.0,0.0,10.9,2.3,100.0,1.1,4.9,3.1,0.4,0.0,0.0,0.0,0.0,0.0,1.1,10.0,10.0,10.0,10.0,10.0,8.0,32,30,33,33,33,68,70,67,67,67,34,33,否,否,否,否,否,否,否,否,否,否,否,否,否,否,否,否,否,否,35,33,35,0.250,1.482,0.157,0.005,2.718,0.631,0.208,0.436,35.0,30.0,64.0,64.0,0,17.5,11.2,1.3,1.7,48.6,2.7,13.1,7.6,0.9,0.0,0.1,0.0,0.0,0.0,95.3,82.4,99.0,99.9,99.9,1066.7,10.67,15,15,15,35,74,374,1,2,否,否,否,否,否,否,否,否,否,否,否,否,否,否,否,否,否,否,否,否,否,否,否,否,否,否,否,否,否,否,否,否,否,否,否,否,否,31.0,32,32,32,97.0,100.0,否,否,24293,21074,0.0,2.0,2.0,0.000,0.096,5726,2139,35,0.005,100.0,1066.0,0.0,0.0,0.0,0.0,0.0,0.0,0.0,317,否,否,否,否,否,否,7.458,20.322,49.2,-5.452,25.2,223.6,60.9,61.8,60.1,60.1,60.1,60.1,60.5,61.1,60.0,60.0,60.0,60.0,16.33,16.57,16.09,16.09,16.58,16.58,1.86,13.89,16.06,0.27,0.23,0,0,0.0,0.0,0,0.000,
17.9.2026,23:26:33.714,6033,33479,15.2,5747,10436,35.5,0.0,23329,0,0.766,0.797,0.762,0.752,0.750,0.681,0.741,1000.0,1000.0,1000.0,1000.0,1000.0,100.0,800.0,30.1,137.7,71.1,30.9,0.2,0.5,0.2,0.2,0.2,30.1,2.4,11.6,5.9,1.7,0.0,0.0,0.0,0.0,0.0,11.6,2.4,100.0,1.1,5.0,2.6,1.3,0.0,0.0,0.0,0.0,0.0,1.1,10.0,10.0,10.0,10.0,10.0,8.0,32,30,32,33,32,68,70,68,67,68,35,33,否,否,否,否,否,否,否,否,否,否,否,否,否,否,否,否,否,否,35,33,35,0.250,1.660,0.164,0.007,3.135,0.672,0.214,0.557,35.0,30.0,64.0,64.0,0,17.6,9.2,1.6,1.6,49.7,2.8,13.6,6.8,1.9,0.0,0.1,0.0,0.0,0.0,95.1,82.7,98.0,99.9,99.9,1066.7,10.67,15,15,15,35,74,374,1,2,否,否,否,否,否,否,否,否,否,否,否,否,否,否,否,否,否,否,否,否,否,否,否,否,否,否,否,否,否,否,否,否,否,否,否,否,否,31.0,32,32,31,97.0,100.0,否,否,24293,21074,0.0,1.5,1.5,0.000,0.028,5726,2139,35,0.007,100.0,1066.0,0.0,0.0,0.0,0.0,0.0,0.0,0.0,317,否,否,否,否,否,否,7.461,20.322,49.2,-5.484,25.2,222.3,60.9,61.8,60.1,60.1,60.1,60.1,60.5,61.1,60.0,60.0,60.0,60.0,16.33,16.57,16.09,16.09,16.58,16.58,1.86,13.89,16.06,0.27,0.23,0,0,0.0,0.0,0,0.000,
17.9.2026,23:26:35.719,6032,33479,15.2,5750,10432,35.5,0.0,23329,0,0.756,0.797,0.725,0.752,0.750,0.681,0.698,850.0,1000.0,400.0,1000.0,1000.0,100.0,800.0,28.9,134.8,75.0,18.8,0.8,0.9,0.2,0.2,0.2,28.9,5.3,11.4,6.6,1.8,0.4,21.2,0.3,0.3,0.3,21.2,5.3,100.0,1.1,4.8,2.8,0.7,0.0,0.0,0.0,0.0,0.0,1.1,8.5,10.0,4.0,10.0,10.0,8.0,32,31,32,33,33,68,69,68,67,67,35,33,否,否,否,否,否,否,否,否,否,否,否,否,否,否,否,否,否,否,35,33,35,0.250,1.610,0.190,0.007,2.995,0.657,0.212,0.497,35.0,30.0,64.0,64.0,0,17.5,12.2,1.6,1.9,46.9,2.8,13.1,7.1,1.6,0.1,0.1,0.0,0.0,0.0,95.1,82.6,98.2,99.9,99.9,1066.7,10.67,15,15,15,35,74,374,1,2,否,否,否,否,否,否,否,否,否,否,否,否,否,否,否,否,否,否,否,否,否,否,否,否,否,否,否,否,否,否,否,否,否,否,否,否,否,32.0,32,32,31,97.0,100.0,否,否,24293,21074,0.0,2.0,2.0,0.000,0.101,5726,2139,35,0.007,100.0,1066.0,0.0,0.0,0.0,0.0,0.0,0.0,0.0,317,否,否,否,否,否,否,7.458,20.315,49.2,-5.489,25.2,222.1,60.9,61.8,60.1,60.1,60.1,60.1,60.5,61.1,60.0,60.0,60.0,60.0,16.33,16.57,16.09,16.09,16.58,16.58,1.86,13.89,16.06,0.27,0.23,0,0,0.0,0.0,0,0.000,
17.9.2026,23:26:37.717,6033,33479,15.2,5749,10434,35.5,0.0,23329,0,0.766,0.800,0.760,0.752,0.750,0.681,0.741,1000.0,1000.0,1000.0,1000.0,1000.0,100.0,800.0,29.0,128.7,66.8,34.8,0.2,0.8,0.2,0.3,0.2,29.0,2.6,10.6,5.4,2.0,0.5,0.6,0.5,0.5,0.5,10.6,2.6,100.0,1.1,4.6,2.5,1.4,0.0,0.0,0.0,0.0,0.0,1.1,10.0,10.0,10.0,10.0,10.0,8.0,32,30,33,34,32,68,70,67,66,68,35,34,否,否,否,否,否,否,否,否,否,否,否,否,否,否,否,否,否,否,35,34,35,0.250,1.720,0.168,0.006,3.280,0.690,0.219,0.591,35.0,30.0,64.0,64.0,0,17.8,8.8,1.8,2.3,49.7,2.7,12.9,6.4,2.3,0.0,0.1,0.0,0.0,0.0,95.3,83.8,97.6,99.9,99.9,1066.7,10.67,15,15,15,35,74,374,1,2,是,否,否,否,否,否,否,是,否,否,是,否,否,否,否,否,否,否,否,否,否,否,否,否,否,否,是,否,否,否,否,否,否,否,是,否,否,31.0,32,32,31,97.0,100.0,否,否,24293,21074,0.0,0.9,0.9,0.000,0.032,5726,2139,36,0.006,100.0,1066.0,0.0,0.0,0.0,0.0,0.0,0.0,0.0,317,否,否,否,否,否,否,7.452,20.315,49.2,-5.500,25.2,221.6,60.9,61.8,60.1,60.1,60.1,60.1,60.5,61.1,60.0,60.0,60.0,60.0,16.33,16.57,16.09,16.09,16.58,16.58,1.86,13.89,16.06,0.27,0.23,0,0,0.0,0.0,0,0.000,
17.9.2026,23:26:39.727,6033,33479,15.2,5747,10435,35.5,0.0,23329,0,0.767,0.797,0.762,0.755,0.752,0.681,0.741,1000.0,1000.0,1000.0,1000.0,1000.0,100.0,800.0,29.8,134.6,74.7,26.6,0.9,1.0,0.2,0.2,0.2,29.8,2.8,11.8,6.7,1.9,0.0,0.5,0.4,0.4,0.4,11.8,2.8,100.0,1.1,4.8,2.8,1.1,0.0,0.0,0.0,0.0,0.0,1.1,10.0,10.0,10.0,10.0,10.0,8.0,31,29,31,33,32,69,71,69,67,68,35,33,否,否,否,否,否,否,否,否,否,否,否,否,否,否,否,否,否,否,35,33,35,0.250,1.603,0.190,0.006,2.947,0.654,0.213,0.495,35.0,30.0,64.0,64.0,0,17.5,8.7,1.3,2.1,50.4,2.8,13.4,7.1,1.6,0.1,0.1,0.0,0.0,0.0,95.2,82.6,98.2,99.9,99.9,1066.7,10.67,15,15,15,35,74,374,1,2,否,否,否,否,否,否,否,否,否,否,否,否,否,否,否,否,否,否,否,否,否,否,否,否,否,否,否,否,否,否,否,否,否,否,否,否,否,31.0,32,32,32,97.0,100.0,否,否,24293,21074,0.0,1.5,1.5,0.000,0.026,5726,2140,36,0.006,100.0,1066.0,0.0,0.0,0.0,0.0,0.0,0.0,0.0,317,否,否,否,否,否,否,7.458,20.315,49.2,-5.519,25.2,220.8,60.9,61.8,60.1,60.1,60.1,60.1,60.5,61.1,60.0,60.0,60.0,60.0,16.33,16.57,16.09,16.09,16.58,16.58,1.86,13.89,16.06,0.27,0.23,0,0,0.0,0.0,0,0.000,
17.9.2026,23:26:41.713,6033,33479,15.2,5746,10436,35.5,0.0,23329,0,0.766,0.800,0.762,0.752,0.750,0.681,0.741,1000.0,1000.0,1000.0,1000.0,1000.0,100.0,800.0,27.9,126.5,56.9,38.8,0.2,0.7,0.2,0.2,0.2,27.9,2.2,10.6,4.7,2.6,0.0,0.0,0.0,0.0,0.0,10.6,2.2,100.0,1.0,4.5,2.1,1.6,0.0,0.0,0.0,0.0,0.0,1.0,10.0,10.0,10.0,10.0,10.0,8.0,31,29,31,33,32,69,71,69,67,68,34,33,否,否,否,否,否,否,否,否,否,否,否,否,否,否,否,否,否,否,35,33,35,0.250,1.594,0.185,0.005,2.947,0.653,0.212,0.496,35.0,30.0,64.0,64.0,0,17.9,8.6,1.5,2.1,50.8,2.6,12.7,5.5,2.7,0.0,0.1,0.0,0.0,0.0,95.4,84.6,97.2,99.9,99.9,1066.7,10.67,15,15,15,35,74,374,1,2,否,否,否,否,否,否,否,否,否,否,否,否,否,否,否,否,否,否,否,否,否,否,否,否,否,否,否,否,否,否,否,否,否,否,否,否,否,32.0,32,32,31,97.0,100.0,否,否,24293,21074,0.0,1.5,1.5,0.000,0.092,5726,2140,35,0.005,100.0,1066.0,0.0,0.0,0.0,0.0,0.0,0.0,0.0,317,否,否,否,否,否,否,7.462,20.315,49.2,-5.522,25.2,220.7,60.9,61.8,60.1,60.1,60.1,60.1,60.5,61.1,60.0,60.0,60.0,60.0,16.33,16.57,16.09,16.09,16.58,16.58,1.86,13.89,16.06,0.27,0.23,0,0,0.0,0.0,0,0.000,
17.9.2026,23:26:43.730,6033,33479,15.2,5745,10438,35.5,0.0,23329,0,0.767,0.797,0.762,0.755,0.752,0.681,0.741,1000.0,1000.0,1000.0,1000.0,1000.0,100.0,800.0,29.2,128.5,86.4,15.9,1.1,0.8,0.2,0.2,0.2,29.2,2.4,10.8,7.3,1.3,0.1,0.1,0.0,0.0,0.0,10.8,2.4,100.0,1.1,4.6,3.3,0.6,0.0,0.0,0.0,0.0,0.0,1.1,10.0,10.0,10.0,10.0,10.0,8.0,32,30,32,34,32,68,70,68,66,68,35,34,否,否,否,否,否,否,否,否,否,否,否,否,否,否,否,否,否,否,35,33,35,0.250,1.615,0.180,0.007,2.914,0.668,0.223,0.497,35.0,30.0,64.0,64.0,0,17.4,11.0,1.4,1.8,48.2,2.8,12.8,8.0,1.5,0.1,0.1,0.0,0.0,0.0,95.1,82.4,98.3,99.9,99.9,1066.7,10.67,15,15,15,35,74,374,1,2,否,否,否,否,否,否,否,否,否,否,否,否,否,否,否,否,否,否,否,否,否,否,否,否,否,否,否,否,否,否,否,否,否,否,否,否,否,32.0,32,32,31,97.0,100.0,否,否,24293,21074,0.0,2.9,2.9,0.000,0.077,5726,2140,34,0.007,100.0,1066.0,0.0,0.0,0.0,0.0,0.0,0.0,0.0,317,否,否,否,否,否,否,7.460,20.307,49.2,-5.513,25.2,221.0,60.9,61.8,60.1,60.1,60.1,60.1,60.5,61.1,60.0,60.0,60.0,60.0,16.33,16.57,16.09,16.09,16.58,16.58,1.86,13.89,16.06,0.27,0.23,0,0,0.0,0.0,0,0.000,
17.9.2026,23:26:45.726,6032,33480,15.2,5743,10440,35.4,0.0,23329,0,0.766,0.797,0.760,0.755,0.750,0.681,0.741,1000.0,1000.0,1000.0,1000.0,1000.0,100.0,800.0,28.8,134.2,67.0,22.4,2.3,4.0,0.2,0.5,0.2,28.8,2.3,11.2,5.5,1.1,0.6,0.0,0.0,0.0,0.0,11.2,2.3,100.0,1.1,4.8,2.5,0.9,0.1,0.2,0.0,0.0,0.0,1.1,10.0,10.0,10.0,10.0,10.0,8.0,32,30,31,33,32,68,70,69,67,68,35,33,否,否,否,否,否,否,否,否,否,否,否,否,否,否,否,否,否,否,35,33,36,0.250,1.655,0.159,0.005,3.114,0.683,0.220,0.542,35.0,30.0,64.0,64.0,0,17.8,8.5,2.0,1.7,50.8,2.8,13.4,6.5,1.6,0.3,0.4,0.0,0.1,0.0,95.2,83.2,98.1,99.5,99.9,1066.7,10.67,15,15,15,35,74,374,1,2,否,否,否,否,否,否,否,否,否,否,否,否,否,否,否,否,否,否,否,否,否,否,否,否,否,否,否,否,否,否,否,否,否,否,否,否,否,31.0,32,32,31,97.0,100.0,否,否,24293,21074,0.0,1.1,1.1,0.000,0.063,5726,2140,35,0.005,100.0,1066.0,0.0,0.0,0.0,0.0,0.0,0.0,0.0,317,否,否,否,否,否,否,7.428,20.307,49.2,-5.482,25.2,222.2,60.9,61.8,60.1,60.1,60.1,60.1,60.5,61.1,60.0,60.0,60.0,60.0,16.33,16.57,16.09,16.09,16.58,16.58,1.86,13.89,16.06,0.27,0.23,0,0,0.0,0.0,0,0.000,
17.9.2026,23:26:47.734,6032,33480,15.2,5742,10441,35.4,0.0,23329,0,0.766,0.797,0.762,0.755,0.750,0.681,0.741,1000.0,1000.0,1000.0,1000.0,1000.0,100.0,800.0,28.3,129.6,76.6,17.2,0.8,1.4,0.2,0.4,0.2,28.3,3.2,10.8,6.1,1.5,0.0,4.6,0.8,0.8,0.8,10.8,3.2,100.0,1.0,4.6,2.9,0.7,0.0,0.1,0.0,0.0,0.0,1.0,10.0,10.0,10.0,10.0,10.0,8.0,31,29,32,32,32,69,71,68,68,68,34,32,否,否,否,否,否,否,否,否,否,否,否,否,否,否,否,否,否,否,35,34,35,0.250,1.560,0.175,0.005,2.850,0.648,0.211,0.478,35.0,30.0,64.0,64.0,0,17.9,4.9,1.4,2.5,53.8,2.7,12.7,6.8,1.6,0.1,0.2,0.0,0.0,0.0,95.3,83.4,98.2,99.8,99.9,1066.7,10.67,15,15,15,35,74,374,1,2,否,否,否,否,否,否,否,否,否,否,否,否,否,否,否,否,否,否,否,否,否,否,否,否,否,否,否,否,否,否,否,否,否,否,否,否,否,32.0,32,32,31,97.0,100.0,否,否,24293,21074,0.0,0.5,0.5,0.000,0.012,5726,2140,35,0.005,100.0,1066.0,0.0,0.0,0.0,0.0,0.0,0.0,0.0,317,否,否,否,否,否,否,7.458,20.307,49.2,-5.511,25.2,221.1,60.9,61.8,60.1,60.1,60.1,60.1,60.5,61.1,60.0,60.0,60.0,60.0,16.33,16.57,16.09,16.09,16.58,16.58,1.86,13.89,16.06,0.27,0.23,0,0,0.0,0.0,0,0.000,
17.9.2026,23:26:49.749,6033,33479,15.2,5741,10441,35.4,0.0,23329,0,0.764,0.795,0.760,0.752,0.750,0.681,0.743,1000.0,1000.0,1000.0,1000.0,1000.0,100.0,800.0,29.3,126.3,68.5,37.2,1.1,0.5,0.2,0.2,0.2,29.3,2.5,10.6,5.8,2.6,0.7,0.0,0.0,0.0,0.0,10.6,2.5,100.0,1.1,4.5,2.6,1.5,0.0,0.0,0.0,0.0,0.0,1.1,10.0,10.0,10.0,10.0,10.0,8.0,32,30,32,33,32,68,70,68,67,68,35,33,否,否,否,否,否,否,否,否,否,否,否,否,否,否,否,否,否,否,35,33,35,0.250,1.474,0.150,0.007,2.544,0.663,0.236,0.392,35.0,30.0,64.0,64.0,0,17.7,6.7,1.8,2.3,51.7,2.8,12.6,6.6,2.8,0.1,0.1,0.0,0.0,0.0,95.1,83.8,97.0,99.9,99.9,1066.7,10.67,15,15,15,35,74,374,1,2,是,否,否,否,否,否,否,是,否,否,否,否,否,否,否,否,否,否,否,否,否,否,否,否,否,否,否,否,否,否,否,否,否,否,否,否,否,31.0,32,32,31,97.0,100.0,否,否,24293,21074,0.0,1.0,1.0,0.000,0.010,5726,2140,35,0.007,100.0,1066.0,0.0,0.0,0.0,0.0,0.0,0.0,0.0,317,否,否,否,否,否,否,7.456,20.299,49.1,-5.473,25.2,222.5,60.9,61.8,60.1,60.1,60.1,60.1,60.5,61.1,60.0,60.0,60.0,60.0,16.33,16.57,16.09,16.09,16.58,16.58,1.86,13.89,16.06,0.27,0.23,0,0,0.0,0.0,0,0.000,
17.9.2026,23:26:51.761,6033,33479,15.2,5741,10441,35.4,0.0,23329,0,0.766,0.797,0.762,0.755,0.750,0.681,0.741,1000.0,1000.0,1000.0,1000.0,1000.0,100.0,800.0,28.4,121.6,76.0,22.2,1.7,2.0,2.0,1.6,0.2,28.4,2.3,10.2,6.5,1.3,0.0,0.0,0.1,0.0,0.0,10.2,2.3,100.0,1.0,4.3,2.9,0.9,0.1,0.1,0.1,0.1,0.0,1.0,10.0,10.0,10.0,10.0,10.0,8.0,32,30,31,33,33,68,70,69,67,67,36,33,否,否,否,否,否,否,否,否,否,否,否,否,否,否,否,否,否,否,35,33,35,0.250,1.529,0.167,0.009,2.704,0.662,0.229,0.426,35.0,30.0,64.0,64.0,0,17.7,7.1,1.6,2.3,52.0,2.7,12.2,7.3,1.5,0.2,0.2,0.2,0.2,0.0,95.3,83.5,98.3,99.6,99.8,1066.7,10.67,15,15,15,35,74,374,1,2,否,否,否,否,否,否,否,否,否,否,否,否,否,否,否,否,否,否,否,否,否,否,否,否,否,否,否,否,否,否,否,否,否,否,否,否,否,32.0,32,32,31,97.0,100.0,否,否,24293,21074,0.0,1.1,1.1,0.000,0.045,5726,2140,35,0.009,100.0,1066.0,0.0,0.0,0.0,0.0,0.0,0.0,0.0,317,否,否,否,否,否,否,7.456,20.299,49.1,-5.458,25.2,223.1,60.9,61.8,60.1,60.1,60.1,60.1,60.5,61.1,60.0,60.0,60.0,60.0,16.33,16.57,16.09,16.09,16.58,16.58,1.86,13.89,16.06,0.27,0.23,0,0,0.0,0.0,0,0.000,
17.9.2026,23:26:53.761,6033,33479,15.2,5745,10438,35.4,0.0,23329,0,0.765,0.797,0.760,0.752,0.750,0.681,0.741,1000.0,1000.0,1000.0,1000.0,1000.0,100.0,800.0,35.0,139.9,118.5,19.5,1.0,0.4,0.2,0.2,0.2,35.0,3.0,11.6,10.1,2.1,0.0,0.0,0.0,0.0,0.0,11.6,3.0,100.0,1.3,5.0,4.6,0.8,0.0,0.0,0.0,0.0,0.0,1.3,10.0,10.0,10.0,10.0,10.0,8.0,32,30,32,33,32,68,70,68,67,68,35,33,否,否,否,否,否,否,否,否,否,否,否,否,否,否,否,否,否,否,35,33,35,0.250,1.542,0.172,0.005,2.710,0.662,0.229,0.438,35.0,30.0,64.0,64.0,0,17.3,7.0,1.7,2.0,50.0,3.2,13.0,10.3,1.7,0.1,0.0,0.0,0.0,0.0,94.7,80.7,98.1,99.9,99.9,1066.7,10.67,15,15,15,35,74,374,1,2,否,否,否,否,否,否,否,否,否,否,否,否,否,否,否,否,否,否,否,否,否,否,否,否,否,否,否,否,否,否,否,否,否,否,否,否,否,32.0,32,32,31,97.0,100.0,否,否,24293,21074,0.0,1.4,1.4,0.000,0.018,5726,2140,36,0.005,100.0,1066.0,0.0,0.0,0.0,0.0,0.0,0.0,0.0,317,否,否,否,否,否,否,7.448,20.292,49.1,-5.437,25.2,223.9,60.9,61.8,60.1,60.1,60.1,60.1,60.5,61.1,60.0,60.0,60.0,60.0,16.33,16.57,16.09,16.09,16.58,16.58,1.86,13.89,16.06,0.27,0.23,0,0,0.0,0.0,0,0.000,
17.9.2026,23:26:55.774,6032,33480,15.2,5752,10431,35.5,0.0,23329,0,0.765,0.797,0.760,0.752,0.750,0.681,0.741,1000.0,1000.0,1000.0,1000.0,1000.0,100.0,800.0,28.8,124.1,57.3,43.4,3.1,0.7,0.2,1.4,0.2,28.8,2.4,10.1,4.4,2.6,0.6,0.4,0.3,0.5,0.3,10.1,2.4,100.0,1.1,4.4,2.1,1.8,0.1,0.0,0.0,0.1,0.0,1.1,10.0,10.0,10.0,10.0,10.0,8.0,32,29,31,34,33,68,71,69,66,67,36,34,否,否,否,否,否,否,否,否,否,否,否,否,否,否,否,否,否,否,35,33,35,0.250,1.593,0.176,0.006,2.933,0.682,0.241,0.458,35.0,30.0,64.0,64.0,0,18.1,7.8,2.1,2.0,50.4,2.7,12.5,5.5,3.1,0.3,0.1,0.0,0.1,0.0,95.2,84.6,96.6,99.9,99.8,1066.7,10.67,15,15,15,35,74,374,1,2,否,否,否,否,否,否,否,否,否,否,否,否,否,否,否,否,否,否,否,否,否,否,否,否,否,否,否,否,否,否,否,否,否,否,否,否,否,32.0,32,32,31,97.0,100.0,否,否,24293,21074,0.0,1.0,1.0,0.000,0.112,5726,2140,35,0.006,100.0,1066.0,0.0,0.0,0.0,0.0,0.0,0.0,0.0,317,否,否,否,否,否,否,7.453,20.292,49.1,-5.448,25.2,223.5,60.9,61.8,60.1,60.1,60.1,60.1,60.5,61.1,60.0,60.0,60.0,60.0,16.33,16.57,16.09,16.09,16.58,16.58,1.86,13.89,16.06,0.27,0.23,0,0,0.0,0.0,0,0.000,
17.9.2026,23:26:57.770,6032,33479,15.2,5750,10432,35.5,0.0,23329,0,0.765,0.797,0.760,0.752,0.750,0.681,0.741,1000.0,1000.0,1000.0,1000.0,1000.0,100.0,800.0,28.9,130.0,70.9,26.8,1.5,0.9,0.2,0.3,0.2,28.9,2.6,11.4,6.3,2.7,0.6,0.0,0.0,0.0,0.0,11.4,2.6,100.0,1.1,4.6,2.6,1.1,0.0,0.0,0.0,0.0,0.0,1.1,10.0,10.0,10.0,10.0,10.0,8.0,32,29,33,32,33,68,71,67,68,67,35,33,否,否,否,否,否,否,否,否,否,否,否,否,否,否,否,否,否,否,34,33,35,0.250,1.593,0.184,0.008,2.873,0.663,0.227,0.475,35.0,30.0,64.0,64.0,0,17.8,10.7,2.1,1.9,47.4,2.8,12.9,6.6,2.3,0.2,0.1,0.0,0.0,0.0,95.2,83.3,97.5,99.8,99.9,1066.7,10.67,15,15,15,35,74,374,1,2,是,否,否,否,否,否,否,否,否,否,是,否,否,否,否,否,否,否,否,否,否,否,否,否,否,否,否,否,否,否,否,否,否,否,否,否,否,32.0,32,32,31,97.0,100.0,否,否,24293,21074,0.0,1.6,1.6,0.000,0.049,5726,2140,36,0.008,100.0,1066.0,0.0,0.0,0.0,0.0,0.0,0.0,0.0,317,否,否,否,否,否,否,7.449,20.292,49.1,-5.453,25.2,223.3,60.9,61.8,60.1,60.1,60.1,60.1,60.5,61.1,60.0,60.0,60.0,60.0,16.33,16.57,16.09,16.09,16.58,16.58,1.86,13.89,16.06,0.27,0.23,0,0,0.0,0.0,0,0.000,
17.9.2026,23:26:59.777,6032,33479,15.2,5749,10433,35.5,0.0,23329,0,0.766,0.800,0.760,0.755,0.750,0.683,0.741,1000.0,1000.0,1000.0,1000.0,1000.0,100.0,800.0,28.7,135.6,82.0,9.3,1.1,1.4,0.2,0.2,0.2,28.7,4.9,11.2,6.5,0.5,0.0,19.9,0.5,0.5,0.5,19.9,4.9,100.0,1.1,4.9,3.1,0.3,0.0,0.1,0.0,0.0,0.0,1.1,10.0,10.0,10.0,10.0,10.0,8.0,31,29,31,32,32,69,71,69,68,68,36,32,否,否,否,否,否,否,否,否,否,否,否,否,否,否,否,否,否,否,35,34,36,0.250,1.678,0.167,0.007,3.165,0.681,0.220,0.561,35.0,30.0,64.0,64.0,0,18.1,6.8,2.4,2.1,50.8,2.8,13.4,7.5,0.9,0.1,0.1,0.0,0.0,0.0,95.3,82.3,98.9,99.8,99.9,1066.7,10.67,15,15,15,35,74,374,1,2,否,否,否,否,否,否,否,否,否,否,否,否,否,否,否,否,否,否,否,否,否,否,否,否,否,否,否,否,否,否,否,否,否,否,否,否,否,31.0,32,32,31,97.0,100.0,否,否,24293,21074,0.0,0.5,0.5,0.000,0.012,5726,2140,35,0.007,100.0,1066.0,0.0,0.0,0.0,0.0,0.0,0.0,0.0,317,否,否,否,否,否,否,7.457,20.284,49.1,-5.481,25.2,222.0,60.9,61.8,60.1,60.1,60.1,60.1,60.5,61.1,60.0,60.0,60.0,60.0,16.33,16.57,16.09,16.09,16.58,16.58,1.86,13.89,16.06,0.27,0.23,0,0,0.0,0.0,0,0.000,
17.9.2026,23:27:1.781,6034,33478,15.2,5747,10435,35.5,0.0,23329,0,0.770,0.802,0.767,0.755,0.755,0.686,0.741,1100.0,1100.0,1100.0,1100.0,1100.0,100.0,900.0,50.2,220.9,143.2,25.7,1.5,5.7,0.3,4.2,0.3,50.2,4.0,18.1,10.7,1.4,0.6,1.0,0.0,0.1,0.0,18.1,4.0,100.0,2.0,8.5,5.7,1.0,0.0,0.2,0.0,0.2,0.0,2.0,11.0,11.0,11.0,11.0,11.0,9.0,32,30,33,34,32,68,70,67,66,68,36,34,否,否,否,否,否,否,否,否,否,否,否,否,否,否,否,否,否,否,34,33,34,0.250,1.517,0.155,0.007,2.836,0.664,0.229,0.426,35.0,30.0,64.0,64.0,0,15.3,6.9,1.4,3.4,41.4,4.3,20.0,11.6,1.8,0.2,0.6,0.0,0.4,0.0,92.0,71.0,98.0,99.4,99.6,1066.7,10.67,15,15,15,35,74,374,1,2,是,否,否,否,否,否,否,是,否,否,否,否,否,否,否,否,否,否,否,否,否,否,否,否,否,否,否,否,否,否,否,否,否,否,否,否,否,31.0,32,32,31,97.0,100.0,否,否,24293,21074,0.0,1.5,1.5,0.000,0.016,5726,2140,36,0.007,100.0,1066.0,0.0,0.0,0.0,0.0,0.0,0.0,0.0,317,否,否,否,否,否,否,7.441,20.284,49.1,-5.484,25.2,221.9,60.9,61.8,60.1,60.1,60.1,60.1,60.5,61.1,60.0,60.0,60.0,60.0,16.33,16.57,16.09,16.09,16.58,16.58,1.86,13.89,16.06,0.27,0.23,0,0,0.0,0.0,0,0.000,
17.9.2026,23:27:3.797,6033,33479,15.2,5745,10438,35.5,0.0,23329,0,0.766,0.797,0.760,0.755,0.750,0.681,0.741,1000.0,1000.0,1000.0,1000.0,1000.0,100.0,800.0,29.1,125.3,76.8,29.0,1.1,0.2,0.2,0.3,0.2,29.1,2.6,10.9,7.1,2.5,0.0,0.0,0.0,0.0,0.0,10.9,2.6,100.0,1.1,4.4,2.9,1.2,0.0,0.0,0.0,0.0,0.0,1.1,10.0,10.0,10.0,10.0,10.0,8.0,32,30,33,34,33,68,70,67,66,67,35,34,否,否,否,否,否,否,否,否,否,否,否,否,否,否,否,否,否,否,36,33,36,0.250,1.743,0.269,0.005,3.502,0.732,0.240,0.445,35.0,30.0,64.0,64.0,0,17.9,9.4,1.6,2.4,48.6,2.8,12.5,7.4,2.1,0.1,0.0,0.0,0.0,0.0,95.2,83.2,97.7,99.9,99.9,1066.7,10.67,15,15,15,35,74,374,1,2,否,否,否,否,否,否,否,否,否,否,否,否,否,否,否,否,否,否,否,否,否,否,否,否,否,否,否,否,否,否,否,否,否,否,否,否,否,31.0,32,32,31,97.0,100.0,否,否,24293,21074,0.0,1.9,1.9,0.000,0.034,5726,2141,36,0.005,100.0,1066.0,0.0,0.0,0.0,0.0,0.0,0.0,0.0,317,否,否,否,否,否,否,7.454,20.277,49.1,-5.494,25.2,221.4,60.9,61.8,60.1,60.1,60.1,60.1,60.5,61.1,60.0,60.0,60.0,60.0,16.33,16.57,16.09,16.09,16.58,16.58,1.86,13.89,16.06,0.27,0.23,0,0,0.0,0.0,0,0.000,
17.9.2026,23:27:5.812,6033,33478,15.2,5743,10439,35.4,0.0,23329,0,0.763,0.797,0.755,0.750,0.750,0.681,0.701,950.0,1000.0,900.0,900.0,1000.0,100.0,800.0,28.9,129.5,81.9,18.2,1.2,0.2,0.2,0.2,0.2,28.9,2.3,10.8,6.5,1.3,0.0,0.0,0.0,0.0,0.0,10.8,2.3,100.0,1.1,4.6,3.1,0.7,0.0,0.0,0.0,0.0,0.0,1.1,9.5,10.0,9.0,9.0,10.0,8.0,32,29,31,33,33,68,71,69,67,67,36,33,否,否,否,否,否,否,否,否,否,否,否,否,否,否,否,否,否,否,35,33,35,0.250,1.635,0.175,0.006,3.016,0.689,0.230,0.498,35.0,30.0,64.0,64.0,0,17.6,12.6,1.4,1.9,46.3,2.8,13.0,7.4,1.5,0.1,0.0,0.0,0.0,0.0,95.1,82.3,98.3,99.9,99.9,1066.7,10.67,15,15,15,35,74,374,1,2,否,否,否,否,否,否,否,否,否,否,否,否,否,否,否,否,否,否,否,否,否,否,否,否,否,否,否,否,否,否,否,否,否,否,否,否,否,32.0,32,32,31,97.0,100.0,否,否,24293,21074,0.0,2.0,2.0,0.000,0.141,5726,2141,35,0.006,100.0,1066.0,0.0,0.0,0.0,0.0,0.0,0.0,0.0,317,否,否,否,否,否,否,7.457,20.277,49.1,-5.541,25.2,219.6,60.9,61.8,60.1,60.1,60.1,60.1,60.5,61.1,60.0,60.0,60.0,60.0,16.33,16.57,16.09,16.09,16.58,16.58,1.86,13.89,16.06,0.27,0.23,0,0,0.0,0.0,0,0.000,
17.9.2026,23:27:7.825,6033,33479,15.2,5741,10441,35.4,0.0,23329,0,0.766,0.797,0.760,0.755,0.750,0.681,0.741,1000.0,1000.0,1000.0,1000.0,1000.0,100.0,800.0,29.5,124.0,74.1,33.4,2.9,1.2,0.2,0.2,0.2,29.5,2.8,10.5,6.4,2.0,0.9,0.8,0.7,0.7,0.7,10.5,2.8,100.0,1.1,4.3,2.8,1.3,0.1,0.0,0.0,0.0,0.0,1.1,10.0,10.0,10.0,10.0,10.0,8.0,32,29,33,34,32,68,71,67,66,68,35,34,否,否,否,否,否,否,否,否,否,否,否,否,否,否,否,否,否,否,35,34,35,0.250,1.702,0.176,0.007,3.262,0.691,0.218,0.562,35.0,30.0,64.0,64.0,0,18.1,10.6,1.7,2.3,47.4,2.8,12.7,7.2,2.3,0.3,0.1,0.0,0.0,0.0,95.1,83.2,97.4,99.8,99.9,1066.7,10.67,15,15,15,35,74,374,1,2,否,否,否,否,否,否,否,否,否,否,否,否,否,否,否,否,否,否,否,否,否,否,否,否,否,否,否,否,否,否,否,否,否,否,否,否,否,32.0,32,32,32,97.0,100.0,否,否,24293,21074,0.0,1.5,1.5,0.000,0.026,5726,2141,35,0.007,100.0,1066.0,0.0,0.0,0.0,0.0,0.0,0.0,0.0,317,否,否,否,否,否,否,7.448,20.277,49.1,-5.534,25.2,219.8,60.9,61.8,60.1,60.1,60.1,60.1,60.5,61.1,60.0,60.0,60.0,60.0,16.33,16.57,16.09,16.09,16.58,16.58,1.86,13.89,16.06,0.27,0.23,0,0,0.0,0.0,0,0.000,
17.9.2026,23:27:9.812,6034,33478,15.2,5740,10442,35.4,0.0,23329,0,0.765,0.797,0.760,0.752,0.750,0.681,0.741,1000.0,1000.0,1000.0,1000.0,1000.0,100.0,800.0,29.6,132.2,86.1,16.6,1.0,0.5,0.2,0.2,0.2,29.6,2.7,11.4,7.2,1.5,0.4,0.4,0.4,0.4,0.4,11.4,2.7,100.0,1.1,4.7,3.3,0.7,0.0,0.0,0.0,0.0,0.0,1.1,10.0,10.0,10.0,10.0,10.0,8.0,32,30,33,33,33,68,70,67,67,67,35,33,否,否,否,否,否,否,否,否,否,否,否,否,否,否,否,否,否,否,35,33,35,0.250,1.674,0.193,0.005,3.111,0.682,0.222,0.530,35.0,30.0,64.0,64.0,0,17.8,9.4,1.8,2.6,47.9,2.8,13.1,7.6,1.3,0.1,0.1,0.0,0.0,0.0,95.1,82.1,98.6,99.9,99.9,1066.7,10.67,15,15,15,35,74,374,1,2,否,否,否,否,否,否,否,否,否,否,否,否,否,否,否,否,否,否,否,否,否,否,否,否,否,否,否,否,否,否,否,否,否,否,否,否,否,30.0,32,32,31,97.0,100.0,否,否,24293,21074,0.0,3.9,3.9,0.000,0.054,5726,2141,35,0.005,100.0,1066.0,0.0,0.0,0.0,0.0,0.0,0.0,0.0,317,否,否,否,否,否,否,7.453,20.269,49.1,-5.560,25.2,218.7,60.9,61.8,60.1,60.1,60.1,60.1,60.5,61.1,60.0,60.0,60.0,60.0,16.33,16.57,16.09,16.09,16.58,16.58,1.86,13.89,16.06,0.27,0.23,0,0,0.0,0.0,0,0.000,
17.9.2026,23:27:11.821,6033,33479,15.2,5740,10442,35.4,0.0,23329,0,0.766,0.797,0.762,0.755,0.750,0.683,0.741,1000.0,1000.0,1000.0,1000.0,1000.0,100.0,800.0,28.3,128.6,73.9,21.5,1.1,0.8,0.2,0.2,0.2,28.3,2.3,10.6,6.1,1.6,0.0,0.0,0.0,0.0,0.0,10.6,2.3,100.0,1.0,4.5,2.8,0.9,0.0,0.0,0.0,0.0,0.0,1.0,10.0,10.0,10.0,10.0,10.0,8.0,31,29,32,32,32,69,71,68,68,68,35,32,否,否,否,否,否,否,否,否,否,否,否,否,否,否,否,否,否,否,36,33,36,0.250,1.626,0.175,0.005,3.010,0.681,0.225,0.499,35.0,30.0,64.0,64.0,0,18.1,8.8,1.6,2.7,49.1,2.7,12.7,6.8,1.8,0.1,0.1,0.0,0.0,0.0,95.3,83.3,98.0,99.9,99.9,1066.7,10.67,15,15,15,35,74,374,1,2,否,否,否,否,否,否,否,否,否,否,否,否,否,否,否,否,否,否,否,否,否,否,否,否,否,否,否,否,否,否,否,否,否,否,否,否,否,32.0,32,32,31,97.0,100.0,否,否,24293,21074,0.0,1.0,1.0,0.000,0.116,5726,2141,35,0.005,100.0,1066.0,0.0,0.0,0.0,0.0,0.0,0.0,0.0,317,否,否,否,否,否,否,7.447,20.269,49.1,-5.555,25.2,218.9,60.9,61.8,60.1,60.1,60.1,60.1,60.5,61.1,60.0,60.0,60.0,60.0,16.33,16.57,16.09,16.09,16.58,16.58,1.86,13.89,16.06,0.27,0.23,0,0,0.0,0.0,0,0.000,
17.9.2026,23:27:13.814,6030,33482,15.2,5740,10443,35.4,0.0,23329,0,0.765,0.797,0.760,0.752,0.750,0.681,0.741,1000.0,1000.0,1000.0,1000.0,1000.0,100.0,800.0,30.2,129.9,78.7,28.8,1.1,2.3,0.2,0.2,0.2,30.2,2.2,10.8,6.6,0.0,0.0,0.0,0.0,0.0,0.0,10.8,2.2,100.0,1.1,4.6,3.0,1.1,0.0,0.1,0.0,0.0,0.0,1.1,10.0,10.0,10.0,10.0,10.0,8.0,32,29,32,33,32,68,71,68,67,68,35,33,否,否,否,否,否,否,否,否,否,否,否,否,否,否,否,否,否,否,35,33,35,0.250,1.609,0.172,0.007,2.944,0.676,0.224,0.491,35.0,30.0,64.0,64.0,0,17.6,9.3,1.6,2.8,48.7,2.9,12.9,7.5,2.0,0.1,0.2,0.0,0.0,0.0,95.1,82.9,97.7,99.7,99.9,1066.7,10.67,15,15,15,35,74,374,1,2,是,否,否,否,否,否,否,是,否,否,否,否,否,否,否,否,否,否,否,否,否,否,否,否,否,否,否,否,否,否,否,否,否,否,否,否,否,33.0,32,32,31,97.0,100.0,否,否,24293,21074,0.0,1.0,1.0,0.000,0.036,5726,2141,36,0.007,100.0,1066.0,0.0,0.0,0.0,0.0,0.0,0.0,0.0,317,否,否,否,否,否,否,7.439,20.261,49.0,-5.535,25.2,219.6,60.9,61.8,60.1,60.1,60.1,60.1,60.5,61.1,60.0,60.0,60.0,60.0,16.33,16.57,16.09,16.09,16.58,16.58,1.86,13.89,16.06,0.27,0.23,0,0,0.0,0.0,0,0.000,
17.9.2026,23:27:15.818,6028,33483,15.2,5741,10442,35.4,0.0,23329,0,0.766,0.797,0.762,0.755,0.750,0.681,0.741,1000.0,1000.0,1000.0,1000.0,1000.0,100.0,800.0,29.2,130.2,72.2,28.7,1.0,1.1,0.2,0.2,0.2,29.2,3.8,11.0,6.1,9.0,0.8,0.8,0.8,0.8,0.8,11.0,3.8,100.0,1.1,4.6,2.7,1.1,0.0,0.0,0.0,0.0,0.0,1.1,10.0,10.0,10.0,10.0,10.0,8.0,32,29,34,33,32,68,71,66,67,68,36,34,否,否,否,否,否,否,否,否,否,否,否,否,否,否,否,否,否,否,35,33,35,0.250,1.591,0.180,0.006,2.960,0.658,0.215,0.493,35.0,30.0,64.0,64.0,0,18.2,9.6,1.8,2.7,47.6,2.8,13.1,6.9,2.1,0.1,0.1,0.0,0.0,0.0,95.1,83.0,97.7,99.8,99.9,1066.7,10.67,15,15,15,35,74,374,1,2,否,否,否,否,否,否,否,否,否,否,否,否,否,否,否,否,否,否,否,否,否,否,否,否,否,否,否,否,否,否,否,否,否,否,否,否,否,32.0,32,32,31,97.0,100.0,否,否,24293,21074,0.0,1.5,1.5,0.000,0.063,5726,2141,35,0.006,100.0,1066.0,0.0,0.0,0.0,0.0,0.0,0.0,0.0,317,否,否,否,否,否,否,7.456,20.261,49.0,-5.510,25.2,220.6,60.9,61.8,60.1,60.1,60.1,60.1,60.5,61.1,60.0,60.0,60.0,60.0,16.33,16.57,16.09,16.09,16.58,16.58,1.86,13.89,16.06,0.27,0.23,0,0,0.0,0.0,0,0.000,
17.9.2026,23:27:17.816,6028,33484,15.2,5742,10440,35.4,0.0,23329,0,0.764,0.802,0.755,0.747,0.750,0.683,0.741,950.0,1000.0,900.0,900.0,1000.0,100.0,800.0,28.7,130.9,76.0,18.7,2.0,1.6,0.2,0.3,0.2,28.7,2.7,10.8,6.2,4.4,0.0,0.0,0.0,0.0,0.0,10.8,2.7,100.0,1.0,4.6,2.9,0.7,0.1,0.1,0.0,0.0,0.0,1.0,9.5,10.0,9.0,9.0,10.0,8.0,32,29,33,33,33,68,71,67,67,67,36,33,否,否,否,否,否,否,否,否,否,否,否,否,否,否,否,否,否,否,35,33,35,0.250,1.642,0.180,0.006,3.037,0.687,0.227,0.499,35.0,30.0,64.0,64.0,0,18.3,6.2,2.0,2.7,51.1,2.8,13.1,7.3,1.2,0.2,0.2,0.0,0.0,0.0,95.2,82.7,98.5,99.8,99.9,1066.7,10.67,15,15,15,35,74,374,1,2,是,否,否,否,否,否,否,是,否,否,否,否,否,否,否,否,否,否,否,否,否,否,否,否,否,否,否,否,否,否,否,否,否,否,否,否,否,33.0,32,32,31,97.0,100.0,否,否,24293,21074,0.0,1.0,1.0,0.000,0.010,5726,2141,36,0.006,100.0,1066.0,0.0,0.0,0.0,0.0,0.0,0.0,0.0,317,否,否,否,否,否,否,7.454,20.261,49.0,-5.523,25.2,220.1,60.9,61.8,60.1,60.1,60.1,60.1,60.5,61.1,60.0,60.0,60.0,60.0,16.33,16.57,16.09,16.09,16.58,16.58,1.86,13.89,16.06,0.27,0.23,0,0,0.0,0.0,0,0.000,
17.9.2026,23:27:19.827,6027,33484,15.2,5743,10439,35.4,0.0,23329,0,0.766,0.797,0.762,0.752,0.750,0.681,0.741,1000.0,1000.0,1000.0,1000.0,1000.0,100.0,800.0,29.2,131.0,72.4,27.5,1.1,0.6,0.2,0.4,0.2,29.2,2.8,11.4,6.6,2.2,0.5,0.4,0.4,0.4,0.4,11.4,2.8,100.0,1.1,4.7,2.7,1.1,0.0,0.0,0.0,0.0,0.0,1.1,10.0,10.0,10.0,10.0,10.0,8.0,32,29,31,33,33,68,71,69,67,67,36,33,否,否,否,否,否,否,否,否,否,否,否,否,否,否,否,否,否,否,35,32,35,0.250,1.517,0.170,0.007,2.677,0.664,0.231,0.413,35.0,30.0,64.0,64.0,0,18.2,6.6,1.8,2.4,51.0,2.8,13.1,7.0,2.0,0.1,0.1,0.0,0.1,0.0,95.1,82.9,97.8,99.9,99.9,1066.7,10.67,15,15,15,35,74,374,1,2,否,否,否,否,否,否,否,否,否,否,否,否,否,否,否,否,否,否,否,否,否,否,否,否,否,否,否,否,否,否,否,否,否,否,否,否,否,32.0,32,32,31,97.0,100.0,否,否,24293,21074,0.0,1.0,1.0,0.000,0.014,5726,2141,35,0.007,100.0,1066.0,0.0,0.0,0.0,0.0,0.0,0.0,0.0,317,否,否,否,否,否,否,7.450,20.254,49.0,-5.498,25.2,221.0,60.9,61.8,60.1,60.1,60.1,60.1,60.5,61.1,60.0,60.0,60.0,60.0,16.33,16.57,16.09,16.09,16.58,16.58,1.86,13.89,16.06,0.27,0.23,0,0,0.0,0.0,0,0.000,
17.9.2026,23:27:21.834,6027,33485,15.2,5744,10438,35.4,0.0,23329,0,0.766,0.800,0.762,0.752,0.750,0.681,0.741,1000.0,1000.0,1000.0,1000.0,1000.0,100.0,800.0,28.6,129.6,75.2,20.5,1.0,1.9,0.2,0.2,0.2,28.6,2.3,10.6,6.1,1.8,0.0,0.1,0.0,0.0,0.0,10.6,2.3,100.0,1.0,4.6,2.8,0.8,0.0,0.1,0.0,0.0,0.0,1.0,10.0,10.0,10.0,10.0,10.0,8.0,32,28,32,33,34,68,72,68,67,66,34,34,否,否,否,否,否,否,否,否,否,否,否,否,否,否,否,否,否,否,34,33,34,0.250,1.531,0.171,0.006,2.761,0.659,0.224,0.432,35.0,30.0,64.0,64.0,0,18.3,7.6,2.2,2.9,48.9,2.7,12.7,6.9,2.0,0.1,0.2,0.0,0.0,0.0,95.1,83.0,97.9,99.7,99.9,1066.7,10.67,15,15,15,35,74,374,1,2,否,否,否,否,否,否,否,否,否,否,否,否,否,否,否,否,否,否,否,否,否,否,否,否,否,否,否,否,否,否,否,否,否,否,否,否,否,32.0,32,32,31,97.0,100.0,否,否,24293,21074,0.0,1.1,1.1,0.000,0.042,5726,2142,35,0.006,100.0,1066.0,0.0,0.0,0.0,0.0,0.0,0.0,0.0,317,否,否,否,否,否,否,7.422,20.254,49.0,-5.470,25.2,222.2,60.9,61.8,60.1,60.1,60.1,60.1,60.5,61.1,60.0,60.0,60.0,60.0,16.33,16.57,16.09,16.09,16.58,16.58,1.86,13.89,16.06,0.27,0.23,0,0,0.0,0.0,0,0.000,
17.9.2026,23:27:23.835,6027,33485,15.2,5743,10439,35.4,0.0,23329,0,0.766,0.797,0.760,0.755,0.750,0.681,0.741,1000.0,1000.0,1000.0,1000.0,1000.0,100.0,800.0,30.0,127.5,82.4,28.2,1.2,0.2,0.2,0.2,0.2,30.0,2.5,10.6,7.0,2.2,0.0,0.0,0.0,0.0,0.0,10.6,2.5,100.0,1.1,4.5,3.1,1.1,0.0,0.0,0.0,0.0,0.0,1.1,10.0,10.0,10.0,10.0,10.0,8.0,32,30,32,33,33,68,70,68,67,67,35,33,否,否,否,否,否,否,否,否,否,否,否,否,否,否,否,否,否,否,36,33,36,0.250,1.540,0.150,0.008,2.825,0.669,0.221,0.453,35.0,30.0,64.0,64.0,0,17.6,6.7,1.8,2.5,50.6,2.9,12.7,7.9,2.5,0.1,0.0,0.0,0.0,0.0,95.0,82.6,97.3,99.9,99.9,1066.7,10.67,15,15,15,35,74,374,1,2,否,否,否,否,否,否,否,否,否,否,否,否,否,否,否,否,否,否,否,否,否,否,否,否,否,否,否,否,否,否,否,否,否,否,否,否,否,31.0,32,32,31,97.0,100.0,否,否,24293,21074,0.0,1.0,1.0,0.000,0.012,5726,2142,35,0.008,100.0,1066.0,0.0,0.0,0.0,0.0,0.0,0.0,0.0,317,否,否,否,否,否,否,7.417,20.254,49.0,-5.444,25.2,223.2,60.9,61.8,60.1,60.1,60.1,60.1,60.5,61.1,60.0,60.0,60.0,60.0,16.33,16.57,16.09,16.09,16.58,16.58,1.86,13.89,16.06,0.27,0.23,0,0,0.0,0.0,0,0.000,
17.9.2026,23:27:25.836,6026,33486,15.2,5740,10442,35.4,0.0,23329,0,0.766,0.800,0.760,0.752,0.750,0.681,0.701,1000.0,1000.0,1000.0,1000.0,1000.0,100.0,800.0,29.6,122.1,80.0,30.0,2.6,1.0,0.3,0.4,0.4,29.6,2.4,10.2,6.9,2.1,0.2,0.1,0.0,0.0,0.0,10.2,2.4,100.0,1.1,4.3,3.0,1.2,0.1,0.0,0.0,0.0,0.0,1.1,10.0,10.0,10.0,10.0,10.0,8.0,32,29,33,33,33,68,71,67,67,67,36,33,否,否,否,否,否,否,否,否,否,否,否,否,否,否,否,否,否,否,34,33,35,0.250,1.518,0.147,0.005,2.763,0.665,0.225,0.436,35.0,30.0,64.0,64.0,0,17.7,11.4,1.6,2.6,47.0,2.8,12.3,7.7,2.2,0.3,0.1,0.0,0.0,0.0,95.1,83.2,97.5,99.8,99.9,1066.7,10.67,15,15,15,35,74,374,1,2,否,否,否,否,否,否,否,否,否,否,否,否,否,否,否,否,否,否,否,否,否,否,否,否,否,否,否,否,否,否,否,否,否,否,否,否,否,33.0,32,32,31,97.0,100.0,否,否,24293,21074,0.0,2.0,2.0,0.000,0.122,5726,2142,35,0.005,100.0,1066.0,0.0,0.0,0.0,0.0,0.0,0.0,0.0,317,否,否,否,否,否,否,7.436,20.246,49.0,-5.443,25.2,223.2,60.9,61.8,60.1,60.1,60.1,60.1,60.5,61.1,60.0,60.0,60.0,60.0,16.33,16.57,16.09,16.09,16.58,16.58,1.86,13.89,16.06,0.27,0.23,0,0,0.0,0.0,0,0.000,
17.9.2026,23:27:27.838,6026,33486,15.2,5739,10443,35.4,0.0,23329,0,0.767,0.800,0.765,0.752,0.752,0.683,0.741,1000.0,1000.0,1000.0,1000.0,1000.0,100.0,800.0,28.4,131.7,66.7,27.8,0.2,0.4,0.2,0.2,0.2,28.4,2.5,11.5,6.0,2.8,0.0,0.0,0.0,0.0,0.0,11.5,2.5,100.0,1.0,4.7,2.5,1.1,0.0,0.0,0.0,0.0,0.0,1.0,10.0,10.0,10.0,10.0,10.0,8.0,32,29,32,33,32,68,71,68,67,68,35,33,否,否,否,否,否,否,否,否,否,否,否,否,否,否,否,否,否,否,34,33,35,0.250,1.697,0.181,0.007,3.192,0.688,0.222,0.558,35.0,30.0,64.0,64.0,0,18.0,9.0,1.4,2.8,48.6,2.8,13.2,6.4,2.5,0.0,0.0,0.0,0.0,0.0,95.1,83.3,97.4,99.9,99.9,1066.7,10.67,15,15,15,35,74,374,1,2,否,否,否,否,否,否,否,否,否,否,否,否,否,否,否,否,否,否,否,否,否,否,否,否,否,否,否,否,否,否,否,否,否,否,否,否,否,31.0,32,32,31,97.0,100.0,否,否,24293,21074,0.0,2.4,2.4,0.000,0.026,5726,2142,35,0.007,100.0,1066.0,0.0,0.0,0.0,0.0,0.0,0.0,0.0,317,否,否,否,否,否,否,7.422,20.246,49.0,-5.418,25.2,224.2,60.9,61.8,60.1,60.1,60.1,60.1,60.5,61.1,60.0,60.0,60.0,60.0,16.33,16.57,16.09,16.09,16.58,16.58,1.86,13.89,16.06,0.27,0.23,0,0,0.0,0.0,0,0.000,
17.9.2026,23:27:29.851,6026,33485,15.2,5738,10445,35.4,0.0,23329,0,0.766,0.797,0.760,0.755,0.752,0.681,0.701,1000.0,1000.0,1000.0,1000.0,1000.0,100.0,800.0,29.7,137.7,71.3,24.4,1.3,2.1,0.2,0.2,0.2,29.7,2.9,11.7,6.0,1.9,0.8,0.9,0.7,0.7,0.7,11.7,2.9,100.0,1.1,4.9,2.7,1.0,0.0,0.1,0.0,0.0,0.0,1.1,10.0,10.0,10.0,10.0,10.0,8.0,32,29,32,34,32,68,71,68,66,68,35,34,否,否,否,否,否,否,否,否,否,否,否,否,否,否,否,否,否,否,36,33,36,0.250,1.588,0.152,0.005,2.946,0.678,0.223,0.488,35.0,30.0,64.0,64.0,0,17.8,9.1,1.5,2.8,48.1,2.9,13.8,6.8,2.1,0.1,0.2,0.0,0.0,0.0,94.9,82.4,97.6,99.7,99.9,1066.7,10.67,15,15,15,35,74,374,1,2,否,否,否,否,否,否,否,否,否,否,否,否,否,否,否,否,否,否,否,否,否,否,否,否,否,否,否,否,否,否,否,否,否,否,否,否,否,31.0,32,32,31,97.0,100.0,否,否,24293,21074,0.0,1.5,1.5,0.000,0.038,5726,2142,36,0.005,100.0,1066.0,0.0,0.0,0.0,0.0,0.0,0.0,0.0,317,否,否,否,否,否,否,7.446,20.246,49.0,-5.480,25.2,221.7,60.9,61.8,60.1,60.1,60.1,60.1,60.5,61.1,60.0,60.0,60.0,60.0,16.33,16.57,16.09,16.09,16.58,16.58,1.86,13.89,16.06,0.27,0.23,0,0,0.0,0.0,0,0.000,
17.9.2026,23:27:31.863,6026,33485,15.2,5737,10446,35.4,0.0,23329,0,0.767,0.802,0.762,0.752,0.750,0.683,0.701,1000.0,1000.0,1000.0,1000.0,1000.0,100.0,800.0,29.3,123.9,71.0,35.1,1.8,2.1,0.2,0.2,0.2,29.3,2.4,10.1,5.8,1.9,0.5,0.6,0.0,0.0,0.0,10.1,2.4,100.0,1.1,4.3,2.7,1.4,0.1,0.1,0.0,0.0,0.0,1.1,10.0,10.0,10.0,10.0,10.0,8.0,31,28,32,33,32,69,72,68,67,68,34,33,否,否,否,否,否,否,否,否,否,否,否,否,否,否,否,否,否,否,35,33,35,0.250,1.606,0.155,0.006,3.016,0.677,0.225,0.500,35.0,30.0,64.0,64.0,0,17.7,10.1,1.2,2.4,48.9,2.8,12.5,6.9,2.4,0.2,0.2,0.0,0.0,0.0,95.2,83.6,97.4,99.7,99.9,1066.7,10.67,15,15,15,35,74,374,1,2,否,否,否,否,否,否,否,否,否,否,否,否,否,否,否,否,否,否,否,否,否,否,否,否,否,否,否,否,否,否,否,否,否,否,否,否,否,32.0,32,32,31,97.0,100.0,否,否,24293,21074,0.0,1.0,1.0,0.000,0.087,5726,2142,36,0.006,100.0,1066.0,0.0,0.0,0.0,0.0,0.0,0.0,0.0,317,否,否,否,否,否,否,7.448,20.246,49.0,-5.482,25.2,221.6,60.9,61.8,60.1,60.1,60.1,60.1,60.5,61.1,60.0,60.0,60.0,60.0,16.33,16.57,16.09,16.09,16.58,16.58,1.86,13.89,16.06,0.27,0.23,0,0,0.0,0.0,0,0.000,
17.9.2026,23:27:33.875,6027,33485,15.2,5738,10445,35.4,0.0,23329,0,0.766,0.797,0.762,0.752,0.750,0.683,0.701,1000.0,1000.0,1000.0,1000.0,1000.0,100.0,800.0,30.4,129.2,73.5,18.1,5.3,3.6,2.9,3.7,6.6,30.4,2.7,11.6,6.9,2.1,0.0,0.0,0.2,0.2,0.5,11.6,2.7,100.0,1.1,4.6,2.8,0.7,0.2,0.1,0.1,0.1,0.3,1.1,10.0,10.0,10.0,10.0,10.0,8.0,32,29,32,34,32,68,71,68,66,68,36,34,否,否,否,否,否,否,否,否,否,否,否,否,否,否,否,否,否,否,36,33,35,0.250,1.620,0.191,0.004,3.011,0.660,0.214,0.508,35.0,30.0,64.0,64.0,0,17.8,7.1,1.6,2.5,50.5,3.0,13.0,7.0,1.6,0.5,0.4,0.3,0.4,0.6,94.8,82.7,98.0,99.4,99.1,1066.7,10.67,15,15,15,35,74,374,1,2,否,否,否,否,否,否,否,否,否,否,否,否,否,否,否,否,否,否,否,否,否,否,否,否,否,否,否,否,否,否,否,否,否,否,否,否,否,31.0,32,32,31,97.0,100.0,否,否,24293,21074,0.0,1.0,1.0,0.000,0.012,5726,2142,35,0.004,100.0,1066.0,0.0,0.0,0.0,0.0,0.0,0.0,0.0,317,否,否,否,否,否,否,7.444,20.246,49.0,-5.471,25.2,222.0,60.9,61.8,60.1,60.1,60.1,60.1,60.5,61.1,60.0,60.0,60.0,60.0,16.33,16.57,16.09,16.09,16.58,16.58,1.86,13.89,16.06,0.27,0.23,0,0,0.0,0.0,0,0.000,
17.9.2026,23:27:35.895,6026,33485,15.2,5739,10444,35.4,0.0,23329,0,0.766,0.800,0.760,0.752,0.750,0.683,0.701,1000.0,1000.0,1000.0,1000.0,1000.0,100.0,800.0,27.4,117.9,71.1,27.8,1.4,0.4,0.2,0.2,0.2,27.4,2.3,9.5,5.6,1.4,0.4,0.3,0.3,0.3,0.3,9.5,2.3,100.0,1.0,4.1,2.7,1.1,0.0,0.0,0.0,0.0,0.0,1.0,10.0,10.0,10.0,10.0,10.0,8.0,32,30,32,33,33,68,70,68,67,67,35,33,否,否,否,否,否,否,否,否,否,否,否,否,否,否,否,否,否,否,35,34,36,0.250,1.520,0.164,0.005,2.768,0.651,0.219,0.435,35.0,30.0,64.0,64.0,0,18.1,8.9,1.8,2.3,50.0,2.6,11.9,6.8,2.0,0.2,0.0,0.0,0.0,0.0,95.4,84.1,97.9,99.9,99.9,1066.7,10.67,15,15,15,35,74,374,1,2,是,否,否,否,否,否,否,是,否,否,否,否,否,否,否,否,否,否,否,否,否,否,否,否,否,否,否,否,否,否,否,否,否,否,否,否,否,31.0,32,32,31,97.0,100.0,否,否,24293,21074,0.0,1.9,1.9,0.000,0.026,5726,2142,35,0.005,100.0,1066.0,0.0,0.0,0.0,0.0,0.0,0.0,0.0,317,否,否,否,否,否,否,7.453,20.238,49.0,-5.471,25.2,221.9,60.9,61.8,60.1,60.1,60.1,60.1,60.5,61.1,60.0,60.0,60.0,60.0,16.33,16.57,16.09,16.09,16.58,16.58,1.86,13.89,16.06,0.27,0.23,0,0,0.0,0.0,0,0.000,
17.9.2026,23:27:37.913,6027,33485,15.2,5739,10443,35.4,0.0,23329,0,0.805,0.925,0.775,0.765,0.755,0.831,0.701,1600.0,2900.0,1200.0,1200.0,1100.0,100.0,2700.0,28.4,119.9,80.2,23.2,1.2,1.0,0.2,0.9,0.2,28.4,2.7,9.8,6.6,1.8,0.6,0.6,0.6,0.6,0.6,9.8,2.7,100.0,1.0,4.2,3.0,0.9,0.0,0.0,0.0,0.0,0.0,1.0,16.0,29.0,12.0,12.0,11.0,27.0,32,30,33,34,32,68,70,67,66,68,34,34,否,否,否,否,否,否,否,否,否,否,否,否,否,否,否,否,否,否,35,33,35,0.250,1.600,0.172,0.006,2.896,0.670,0.219,0.489,35.0,30.0,64.0,64.0,0,17.9,6.5,2.1,2.5,51.0,2.8,11.9,7.6,2.2,0.1,0.1,0.0,0.1,0.0,95.2,83.3,97.7,99.8,99.9,1066.7,10.67,15,15,15,35,74,374,1,2,是,否,否,否,否,否,否,否,否,否,是,否,否,否,否,否,否,否,否,否,否,否,否,否,否,否,否,否,否,否,否,否,否,否,否,否,否,31.0,32,32,31,97.0,100.0,否,否,24293,21074,0.0,1.0,1.0,0.000,0.012,5726,2142,36,0.006,100.0,1066.0,0.0,0.0,0.0,0.0,0.0,0.0,0.0,317,否,否,否,否,否,否,7.443,20.238,49.0,-5.419,25.2,224.1,60.9,61.8,60.1,60.1,60.1,60.1,60.5,61.1,60.0,60.0,60.0,60.0,16.33,16.57,16.09,16.09,16.58,16.58,1.86,13.89,16.06,0.27,0.23,0,0,0.0,0.0,0,0.000,
17.9.2026,23:27:39.920,6027,33485,15.2,5739,10443,35.4,0.0,23329,0,0.766,0.797,0.762,0.755,0.750,0.681,0.741,1000.0,1000.0,1000.0,1000.0,1000.0,100.0,800.0,29.5,128.9,92.1,11.7,2.1,0.6,0.1,0.2,0.1,29.5,2.5,11.0,7.7,1.3,0.0,0.0,0.0,0.0,0.0,11.0,2.5,100.0,1.1,4.6,3.5,0.4,0.1,0.0,0.0,0.0,0.0,1.1,10.0,10.0,10.0,10.0,10.0,8.0,32,30,32,33,32,68,70,68,67,68,34,33,否,否,否,否,否,否,否,否,否,否,否,否,否,否,否,否,否,否,35,34,35,0.250,1.498,0.147,0.005,2.702,0.653,0.220,0.434,35.0,30.0,64.0,64.0,0,18.2,5.2,2.2,2.8,52.1,2.8,12.6,8.1,1.2,0.2,0.1,0.0,0.0,0.0,95.2,82.6,98.6,99.9,99.9,1600.0,16.00,22,22,22,52,74,560,1,2,否,否,否,否,否,否,否,否,否,否,否,否,否,否,否,否,否,否,否,否,否,否,否,否,否,否,否,否,否,否,否,否,否,否,否,否,否,32.0,32,32,30,97.0,100.0,否,否,24293,21074,0.0,0.5,0.5,0.000,0.010,5726,2142,35,0.005,100.0,1066.0,0.0,0.0,0.0,0.0,0.0,0.0,0.0,317,否,否,否,否,否,否,7.456,20.231,49.0,-5.450,25.2,222.7,60.9,61.8,60.1,60.1,60.1,60.1,60.5,61.1,60.0,60.0,60.0,60.0,16.33,16.57,16.09,16.09,16.58,16.58,1.86,13.89,16.06,0.27,0.23,0,0,0.0,0.0,0,0.000,
17.9.2026,23:27:41.928,6027,33485,15.2,5741,10441,35.4,0.0,23329,0,0.766,0.797,0.762,0.755,0.750,0.681,0.701,1000.0,1000.0,1000.0,1000.0,1000.0,100.0,800.0,28.7,107.8,72.6,41.4,3.8,3.3,0.2,0.3,0.2,28.7,2.6,8.6,6.0,3.0,0.7,0.7,0.5,0.5,0.5,8.6,2.6,100.0,1.0,3.7,2.7,1.7,0.1,0.1,0.0,0.0,0.0,1.0,10.0,10.0,10.0,10.0,10.0,8.0,32,29,31,33,33,68,71,69,67,67,35,33,否,否,否,否,否,否,否,否,否,否,否,否,否,否,否,否,否,否,36,33,35,0.250,1.463,0.156,0.007,2.572,0.647,0.221,0.395,35.0,30.0,64.0,64.0,0,17.8,13.5,1.6,2.1,46.0,2.7,10.9,7.0,3.4,0.3,0.3,0.0,0.1,0.0,95.1,84.7,96.3,99.7,99.9,1066.7,10.67,15,15,15,35,74,374,1,2,是,否,否,否,否,否,否,否,否,否,是,否,否,否,否,否,否,否,否,否,否,否,否,否,否,否,否,否,否,否,否,否,否,否,否,否,否,32.0,32,32,31,97.0,100.0,否,否,24293,21074,0.0,1.9,1.9,0.000,0.125,5726,2142,36,0.007,100.0,1599.0,0.0,0.0,0.0,0.0,0.0,0.0,0.0,317,否,否,否,否,否,否,7.452,20.231,49.0,-5.418,25.2,224.0,60.9,61.8,60.1,60.1,60.1,60.1,60.5,61.1,60.0,60.0,60.0,60.0,16.33,16.57,16.09,16.09,16.58,16.58,1.86,13.89,16.06,0.27,0.23,0,0,0.0,0.0,0,0.000,
17.9.2026,23:27:43.932,6027,33485,15.2,5742,10440,35.4,0.0,23329,0,0.767,0.800,0.762,0.755,0.750,0.681,0.741,1000.0,1000.0,1000.0,1000.0,1000.0,100.0,800.0,30.0,135.2,75.6,24.6,2.2,0.7,0.2,0.9,0.2,30.0,2.7,11.8,7.0,2.6,0.0,0.0,0.0,0.0,0.0,11.8,2.7,100.0,1.1,4.8,2.9,1.0,0.1,0.0,0.0,0.0,0.0,1.1,10.0,10.0,10.0,10.0,10.0,8.0,31,29,32,32,32,69,71,68,68,68,35,32,否,否,否,否,否,否,否,否,否,否,否,否,否,否,否,否,否,否,35,33,35,0.250,1.760,0.181,0.005,3.364,0.695,0.219,0.617,35.0,30.0,64.0,64.0,0,17.7,11.5,2.3,1.7,46.4,2.9,13.4,7.2,2.2,0.2,0.1,0.0,0.1,0.0,95.0,82.5,97.6,99.9,99.9,1066.7,10.67,15,15,15,35,74,374,1,2,是,否,否,否,否,否,否,是,否,否,否,否,否,否,否,否,否,否,否,否,否,否,否,否,否,否,是,否,否,否,否,否,否,否,是,否,否,32.0,32,32,31,97.0,100.0,否,否,24293,21074,0.0,2.9,2.9,0.000,0.061,5726,2143,35,0.005,100.0,1066.0,0.0,0.0,0.0,0.0,0.0,0.0,0.0,317,否,否,否,否,否,否,7.449,20.231,49.0,-5.445,25.2,222.9,60.9,61.8,60.1,60.1,60.1,60.1,60.5,61.1,60.0,60.0,60.0,60.0,16.33,16.57,16.09,16.09,16.58,16.58,1.86,13.89,16.06,0.27,0.23,0,0,0.0,0.0,0,0.000,
17.9.2026,23:27:45.921,6026,33485,15.2,5744,10439,35.4,0.0,23329,0,0.766,0.800,0.760,0.752,0.750,0.681,0.698,1000.0,1000.0,1000.0,1000.0,1000.0,100.0,800.0,31.7,138.6,74.0,25.7,7.0,5.8,0.2,2.1,0.2,31.7,2.7,11.2,6.1,2.0,0.3,1.8,0.0,0.0,0.0,11.2,2.7,100.0,1.2,5.0,2.8,1.0,0.3,0.2,0.0,0.1,0.0,1.2,10.0,10.0,10.0,10.0,10.0,8.0,32,29,31,33,33,68,71,69,67,67,35,33,否,否,否,否,否,否,否,否,否,否,否,否,否,否,否,否,否,否,35,33,35,0.250,1.681,0.166,0.006,3.202,0.691,0.222,0.552,35.0,30.0,64.0,64.0,0,17.6,11.8,2.1,1.9,46.0,3.0,13.4,7.1,2.4,0.7,0.6,0.0,0.2,0.0,94.7,82.5,97.3,99.4,99.8,1066.7,10.67,15,15,15,35,74,374,1,2,否,否,否,否,否,否,否,否,否,否,否,否,否,否,否,否,否,否,否,否,否,否,否,否,否,否,否,否,否,否,否,否,否,否,否,否,否,32.0,32,32,31,97.0,100.0,否,否,24293,21074,0.0,1.5,1.5,0.000,0.091,5726,2143,36,0.006,100.0,1066.0,0.0,0.0,0.0,0.0,0.0,0.0,0.0,317,否,否,否,否,否,否,7.430,20.223,49.0,-5.431,25.2,223.4,60.9,61.8,60.1,60.1,60.1,60.1,60.5,61.1,60.0,60.0,60.0,60.0,16.33,16.57,16.09,16.09,16.58,16.58,1.86,13.89,16.06,0.27,0.23,0,0,0.0,0.0,0,0.000,
17.9.2026,23:27:47.922,6028,33484,15.2,5742,10440,35.4,0.0,23329,0,0.764,0.795,0.757,0.755,0.750,0.678,0.701,975.0,900.0,1000.0,1000.0,1000.0,100.0,700.0,28.7,116.1,76.7,32.3,3.1,0.6,0.2,0.2,0.2,28.7,2.7,9.7,6.6,2.3,1.0,0.0,0.7,0.7,0.7,9.7,2.7,100.0,1.1,4.0,2.9,1.3,0.1,0.0,0.0,0.0,0.0,1.1,9.8,9.0,10.0,10.0,10.0,7.0,32,29,33,33,32,68,71,67,67,68,35,33,否,否,否,否,否,否,否,否,否,否,否,否,否,否,否,否,否,否,35,33,35,0.250,1.682,0.175,0.007,3.241,0.686,0.219,0.552,35.0,30.0,64.0,64.0,0,17.9,9.1,1.9,1.9,50.1,2.7,11.7,7.3,2.4,0.3,0.1,0.0,0.0,0.0,95.3,84.0,97.3,99.9,99.9,1066.7,10.67,15,15,15,35,74,374,1,2,否,否,否,否,否,否,否,否,否,否,否,否,否,否,否,否,否,否,否,否,否,否,否,否,否,否,否,否,否,否,否,否,否,否,否,否,否,32.0,32,32,31,97.0,100.0,否,否,24293,21074,0.0,1.4,1.4,0.000,0.024,5726,2143,36,0.007,100.0,1066.0,0.0,0.0,0.0,0.0,0.0,0.0,0.0,317,否,否,否,否,否,否,7.443,20.223,49.0,-5.478,25.2,221.5,60.9,61.8,60.1,60.1,60.1,60.1,60.5,61.1,60.0,60.0,60.0,60.0,16.33,16.57,16.09,16.09,16.58,16.58,1.86,13.89,16.06,0.27,0.23,0,0,0.0,0.0,0,0.000,
17.9.2026,23:27:49.939,6028,33484,15.2,5741,10441,35.4,0.0,23329,0,0.766,0.797,0.762,0.755,0.750,0.681,0.741,1000.0,1000.0,1000.0,1000.0,1000.0,100.0,800.0,29.3,120.6,69.1,34.0,4.8,3.0,1.8,1.2,0.2,29.3,2.4,10.1,5.9,2.1,0.4,0.3,0.2,0.1,0.0,10.1,2.4,100.0,1.1,4.2,2.6,1.4,0.2,0.1,0.1,0.0,0.0,1.1,10.0,10.0,10.0,10.0,10.0,8.0,32,29,31,34,33,68,71,69,66,67,35,34,否,否,否,否,否,否,否,否,否,否,否,否,否,否,否,否,否,否,35,33,35,0.250,1.589,0.172,0.008,2.899,0.662,0.221,0.485,35.0,30.0,64.0,64.0,0,18.0,7.0,1.8,2.0,52.2,2.8,12.1,6.6,2.3,0.5,0.3,0.2,0.1,0.0,95.2,84.0,97.3,99.5,99.8,1066.7,10.67,15,15,15,35,74,374,1,2,是,否,否,否,否,否,否,是,否,否,否,否,否,否,否,否,否,否,否,否,否,否,否,否,否,否,否,否,否,否,否,否,否,否,否,否,否,31.0,32,32,31,97.0,100.0,否,否,24293,21074,0.0,1.1,1.1,0.000,0.012,5726,2143,35,0.008,100.0,1066.0,0.0,0.0,0.0,0.0,0.0,0.0,0.0,317,否,否,否,否,否,否,7.445,20.215,48.9,-5.487,25.2,221.0,60.9,61.8,60.1,60.1,60.1,60.1,60.5,61.1,60.0,60.0,60.0,60.0,16.33,16.57,16.09,16.09,16.58,16.58,1.86,13.89,16.06,0.27,0.23,0,0,0.0,0.0,0,0.000,
17.9.2026,23:27:51.950,6027,33484,15.2,5740,10442,35.4,0.0,23329,0,0.766,0.797,0.762,0.752,0.750,0.681,0.741,1000.0,1000.0,1000.0,1000.0,1000.0,100.0,800.0,27.9,120.0,70.3,30.8,1.2,0.6,0.2,0.2,0.2,27.9,2.4,9.9,5.8,2.5,0.0,0.8,0.0,0.0,0.0,9.9,2.4,100.0,1.0,4.2,2.6,1.2,0.0,0.0,0.0,0.0,0.0,1.0,10.0,10.0,10.0,10.0,10.0,8.0,32,29,32,32,33,68,71,68,68,67,36,33,否,否,否,否,否,否,否,否,否,否,否,否,否,否,否,否,否,否,36,33,35,0.250,1.522,0.189,0.006,2.719,0.639,0.215,0.435,35.0,30.0,64.0,64.0,0,18.0,6.9,1.7,2.1,51.9,2.7,11.9,6.6,2.6,0.1,0.1,0.0,0.0,0.0,95.3,84.2,97.2,99.9,99.9,1066.7,10.67,15,15,15,35,74,374,1,2,否,否,否,否,否,否,否,否,否,否,否,否,否,否,否,否,否,否,否,否,否,否,否,否,否,否,否,否,否,否,否,否,否,否,否,否,否,32.0,32,32,31,97.0,100.0,否,否,24293,21074,0.0,1.5,1.5,0.000,0.018,5726,2143,35,0.006,100.0,1066.0,0.0,0.0,0.0,0.0,0.0,0.0,0.0,317,否,否,否,否,否,否,7.448,20.215,48.9,-5.482,25.2,221.2,60.9,61.8,60.1,60.1,60.1,60.1,60.5,61.1,60.0,60.0,60.0,60.0,16.33,16.57,16.09,16.09,16.58,16.58,1.86,13.89,16.06,0.27,0.23,0,0,0.0,0.0,0,0.000,
17.9.2026,23:27:53.936,6028,33484,15.2,5739,10443,35.4,0.0,23329,0,0.767,0.800,0.762,0.755,0.750,0.681,0.741,1000.0,1000.0,1000.0,1000.0,1000.0,100.0,800.0,35.0,139.6,80.9,42.4,7.6,6.0,0.8,1.8,0.8,35.0,3.1,11.8,7.0,3.8,1.0,0.0,0.4,0.5,0.4,11.8,3.1,100.0,1.3,5.0,3.1,1.7,0.3,0.2,0.0,0.1,0.0,1.3,10.0,10.0,10.0,10.0,10.0,8.0,31,28,31,32,32,69,72,69,68,68,35,32,否,否,否,否,否,否,否,否,否,否,否,否,否,否,否,否,否,否,36,34,35,0.250,1.514,0.146,0.005,2.728,0.661,0.227,0.439,35.0,30.0,64.0,64.0,0,17.5,5.8,2.0,2.0,51.4,3.2,13.4,7.4,3.6,0.7,0.5,0.1,0.2,0.1,94.4,82.7,95.7,99.5,99.8,1066.7,10.67,15,15,15,35,74,374,1,2,否,否,否,否,否,否,否,否,否,否,否,否,否,否,否,否,否,否,否,否,否,否,否,否,否,否,否,否,否,否,否,否,否,否,否,否,否,32.0,32,32,31,97.0,100.0,否,否,24293,21074,0.0,1.0,1.0,0.000,0.020,5726,2143,36,0.005,100.0,1066.0,0.0,0.0,0.0,0.0,0.0,0.0,0.0,317,否,否,否,否,否,否,7.452,20.215,48.9,-5.462,25.2,222.1,60.9,61.8,60.1,60.1,60.1,60.1,60.5,61.1,60.0,60.0,60.0,60.0,16.33,16.57,16.09,16.09,16.58,16.58,1.86,13.89,16.06,0.27,0.23,0,0,0.0,0.0,0,0.000,
17.9.2026,23:27:55.938,6028,33484,15.2,5749,10433,35.5,0.0,23329,0,0.766,0.797,0.762,0.755,0.750,0.681,0.701,1000.0,1000.0,1000.0,1000.0,1000.0,100.0,800.0,29.6,123.0,77.9,33.8,0.2,1.5,0.2,0.2,0.2,29.6,2.2,9.9,6.3,1.7,0.0,0.0,0.0,0.0,0.0,9.9,2.2,100.0,1.1,4.3,2.9,1.4,0.0,0.1,0.0,0.0,0.0,1.1,10.0,10.0,10.0,10.0,10.0,8.0,31,29,31,32,33,69,71,69,68,67,35,33,否,否,否,否,否,否,否,否,否,否,否,否,否,否,否,否,否,否,35,33,35,0.250,1.532,0.168,0.008,2.790,0.657,0.231,0.433,35.0,30.0,64.0,64.0,0,17.6,12.0,2.0,1.5,47.3,2.7,12.1,7.3,2.1,0.0,0.2,0.0,0.0,0.0,95.2,83.4,97.8,99.8,99.9,1066.7,10.67,15,15,15,35,74,374,1,2,是,否,否,否,否,否,否,是,否,否,否,否,否,否,否,否,否,否,否,否,否,否,否,否,否,否,否,否,否,否,否,否,否,否,否,否,否,32.0,32,32,31,97.0,100.0,否,否,24293,21074,0.0,1.5,1.5,0.000,0.136,5726,2143,35,0.008,100.0,1066.0,0.0,0.0,0.0,0.0,0.0,0.0,0.0,317,否,否,否,否,否,否,7.451,20.208,48.9,-5.454,25.2,222.3,60.9,61.8,60.1,60.1,60.1,60.1,60.5,61.1,60.0,60.0,60.0,60.0,16.33,16.57,16.09,16.09,16.58,16.58,1.86,13.89,16.06,0.27,0.23,0,0,0.0,0.0,0,0.000,
17.9.2026,23:27:57.940,6028,33483,15.2,5747,10435,35.5,0.0,23329,0,0.766,0.800,0.760,0.752,0.750,0.681,0.741,1000.0,1000.0,1000.0,1000.0,1000.0,100.0,800.0,27.9,117.3,74.8,17.9,0.2,12.4,0.2,0.3,0.2,27.9,2.5,10.1,6.8,0.0,0.4,1.2,0.4,0.4,0.4,10.1,2.5,100.0,1.0,4.1,2.8,0.7,0.0,0.5,0.0,0.0,0.0,1.0,10.0,10.0,10.0,10.0,10.0,8.0,31,28,31,33,32,69,72,69,67,68,34,33,否,否,否,否,否,否,否,否,否,否,否,否,否,否,否,否,否,否,35,33,35,0.250,1.742,0.198,0.008,3.257,0.696,0.225,0.576,35.0,30.0,64.0,64.0,0,17.8,7.1,2.0,1.7,52.4,2.6,11.7,7.1,1.2,0.0,0.8,0.0,0.0,0.0,95.5,84.1,98.7,99.1,99.9,1066.7,10.67,15,15,15,35,74,374,1,2,否,否,否,否,否,否,否,否,否,否,否,否,否,否,否,否,否,否,否,否,否,否,否,否,否,否,否,否,否,否,否,否,否,否,否,否,否,32.0,32,32,31,97.0,100.0,否,否,24293,21074,0.0,1.0,1.0,0.000,0.012,5726,2143,34,0.008,100.0,1066.0,0.0,0.0,0.0,0.0,0.0,0.0,0.0,317,否,否,否,否,否,否,7.445,20.208,48.9,-5.442,25.2,222.8,60.9,61.8,60.1,60.1,60.1,60.1,60.5,61.1,60.0,60.0,60.0,60.0,16.33,16.57,16.09,16.09,16.58,16.58,1.86,13.89,16.06,0.27,0.23,0,0,0.0,0.0,0,0.000,
17.9.2026,23:27:59.942,6028,33484,15.2,5746,10436,35.5,0.0,23329,0,0.766,0.800,0.760,0.755,0.750,0.681,0.741,1000.0,1000.0,1000.0,1000.0,1000.0,100.0,800.0,28.9,128.4,71.2,27.4,1.9,1.3,0.2,0.3,0.2,28.9,4.3,10.9,6.1,16.8,0.1,0.1,0.0,0.0,0.0,16.8,4.3,100.0,1.1,4.6,2.7,1.1,0.1,0.0,0.0,0.0,0.0,1.1,10.0,10.0,10.0,10.0,10.0,8.0,32,29,33,33,33,68,71,67,67,67,34,33,否,否,否,否,否,否,否,否,否,否,否,否,否,否,否,否,否,否,35,33,35,0.250,1.509,0.172,0.006,2.682,0.647,0.217,0.432,35.0,30.0,64.0,64.0,0,17.8,9.1,1.6,2.1,50.0,2.8,12.8,6.8,2.0,0.2,0.1,0.0,0.0,0.0,95.2,83.3,97.7,99.8,99.9,1066.7,10.67,15,15,15,35,74,374,1,2,否,否,否,否,否,否,否,否,否,否,否,否,否,否,否,否,否,否,否,否,否,否,否,否,否,否,否,否,否,否,否,否,否,否,否,否,否,31.0,32,32,31,97.0,100.0,否,否,24293,21074,0.0,2.0,2.0,0.000,0.018,5726,2143,35,0.006,100.0,1066.0,0.0,0.0,0.0,0.0,0.0,0.0,0.0,317,否,否,否,否,否,否,7.454,20.200,48.9,-5.471,25.2,221.5,60.9,61.8,60.1,60.1,60.1,60.1,60.5,61.1,60.0,60.0,60.0,60.0,16.33,16.57,16.09,16.09,16.58,16.58,1.86,13.89,16.06,0.27,0.23,0,0,0.0,0.0,0,0.000,
17.9.2026,23:28:1.935,6028,33484,15.2,5744,10439,35.4,0.0,23329,0,0.767,0.802,0.765,0.752,0.750,0.686,0.741,1025.0,1100.0,1000.0,1000.0,1000.0,100.0,900.0,32.3,134.9,78.3,36.0,4.7,2.3,0.3,2.1,0.3,32.3,2.7,11.0,6.3,2.0,0.6,0.5,0.3,0.5,0.3,11.0,2.7,100.0,1.2,4.8,3.0,1.4,0.2,0.1,0.0,0.1,0.0,1.2,10.2,11.0,10.0,10.0,10.0,9.0,32,30,32,32,32,68,70,68,68,68,35,32,否,否,否,否,否,否,否,否,否,否,否,否,否,否,否,否,否,否,35,33,35,0.250,1.622,0.173,0.006,2.922,0.686,0.234,0.488,35.0,30.0,64.0,64.0,0,17.6,7.7,1.8,2.1,50.1,3.1,13.4,7.5,2.7,0.5,0.2,0.0,0.2,0.0,94.7,82.3,96.9,99.7,99.7,1066.7,10.67,15,15,15,35,74,374,1,2,否,否,否,否,否,否,否,否,否,否,否,否,否,否,否,否,否,否,否,否,否,否,否,否,否,否,否,否,否,否,否,否,否,否,否,否,否,31.0,32,32,31,97.0,100.0,否,否,24293,21074,0.0,1.0,1.0,0.000,0.016,5726,2143,35,0.006,100.0,1066.0,0.0,0.0,0.0,0.0,0.0,0.0,0.0,317,否,否,否,否,否,否,7.442,20.200,48.9,-5.440,25.2,222.8,60.9,61.8,60.1,60.1,60.1,60.1,60.5,61.1,60.0,60.0,60.0,60.0,16.33,16.57,16.09,16.09,16.58,16.58,1.86,13.89,16.06,0.27,0.23,0,0,0.0,0.0,0,0.000,
17.9.2026,23:28:3.939,6028,33484,15.2,5742,10440,35.4,0.0,23329,0,0.766,0.802,0.757,0.752,0.750,0.688,0.701,1025.0,1100.0,1000.0,1000.0,1000.0,100.0,900.0,29.8,123.1,77.5,32.2,2.7,1.9,0.2,0.6,0.2,29.8,2.4,10.2,6.7,1.8,0.2,0.1,0.0,0.0,0.0,10.2,2.4,100.0,1.1,4.3,2.9,1.3,0.1,0.1,0.0,0.0,0.0,1.1,10.2,11.0,10.0,10.0,10.0,9.0,32,29,33,34,33,68,71,67,66,67,35,34,否,否,否,否,否,否,否,否,否,否,否,否,否,否,否,否,否,否,35,32,36,0.250,1.578,0.180,0.007,2.875,0.673,0.230,0.453,35.0,30.0,64.0,64.0,0,17.9,6.0,2.1,2.0,52.4,2.8,12.3,7.4,2.0,0.3,0.2,0.0,0.1,0.0,95.1,83.2,97.6,99.8,99.9,1066.7,10.67,15,15,15,35,74,374,1,2,是,否,否,否,否,否,否,是,否,否,否,否,否,否,否,否,否,否,否,否,否,否,否,否,否,否,是,否,否,否,否,否,否,否,是,否,否,32.0,32,32,31,97.0,100.0,否,否,24293,21074,0.0,1.0,1.0,0.000,0.010,5726,2143,36,0.007,100.0,1066.0,0.0,0.0,0.0,0.0,0.0,0.0,0.0,317,否,否,否,否,否,否,7.454,20.193,48.9,-5.464,25.2,221.7,60.9,61.8,60.1,60.1,60.1,60.1,60.5,61.1,60.0,60.0,60.0,60.0,16.33,16.57,16.09,16.09,16.58,16.58,1.86,13.89,16.06,0.27,0.23,0,0,0.0,0.0,0,0.000,
17.9.2026,23:28:5.952,6029,33483,15.2,5741,10441,35.4,0.0,23329,0,0.765,0.795,0.762,0.752,0.750,0.681,0.701,1000.0,1000.0,1000.0,1000.0,1000.0,100.0,800.0,28.6,129.1,68.0,27.2,1.3,0.6,0.2,1.9,0.2,28.6,2.3,10.9,5.7,1.4,0.1,0.0,0.0,0.1,0.0,10.9,2.3,100.0,1.0,4.6,2.5,1.1,0.0,0.0,0.0,0.1,0.0,1.0,10.0,10.0,10.0,10.0,10.0,8.0,32,30,32,33,32,68,70,68,67,68,35,33,否,否,否,否,否,否,否,否,否,否,否,否,否,否,否,否,否,否,35,33,35,0.250,1.505,0.182,0.009,2.657,0.642,0.221,0.413,35.0,30.0,64.0,64.0,0,17.9,10.2,2.1,1.7,48.8,2.7,12.9,6.5,1.5,0.1,0.1,0.0,0.2,0.0,95.3,83.5,98.3,99.9,99.8,1066.7,10.67,15,15,15,35,74,374,1,2,否,否,否,否,否,否,否,否,否,否,否,否,否,否,否,否,否,否,否,否,否,否,否,否,否,否,否,否,否,否,否,否,否,否,否,否,否,33.0,32,32,31,97.0,100.0,否,否,24293,21074,0.0,1.9,1.9,0.000,0.110,5726,2143,35,0.009,100.0,1066.0,0.0,0.0,0.0,0.0,0.0,0.0,0.0,317,否,否,否,否,否,否,7.458,20.193,48.9,-5.444,25.2,222.6,60.9,61.8,60.1,60.1,60.1,60.1,60.5,61.1,60.0,60.0,60.0,60.0,16.33,16.57,16.09,16.09,16.58,16.58,1.86,13.89,16.06,0.27,0.23,0,0,0.0,0.0,0,0.000,
17.9.2026,23:28:7.972,6029,33483,15.2,5740,10443,35.4,0.0,23329,0,0.765,0.797,0.760,0.752,0.750,0.683,0.741,1000.0,1000.0,1000.0,1000.0,1000.0,100.0,800.0,27.4,128.0,76.8,10.9,0.2,0.8,0.2,1.8,0.2,27.4,2.7,11.2,6.8,1.2,0.4,0.5,0.4,0.6,0.4,11.2,2.7,100.0,1.0,4.6,2.9,0.4,0.0,0.0,0.0,0.1,0.0,1.0,10.0,10.0,10.0,10.0,10.0,8.0,32,29,33,33,33,68,71,67,67,67,35,33,否,否,否,否,否,否,否,否,否,否,否,否,否,否,否,否,否,否,35,33,35,0.250,1.632,0.196,0.006,3.043,0.652,0.206,0.523,35.0,30.0,64.0,64.0,0,18.0,4.8,1.7,2.3,54.0,2.6,12.7,7.1,0.8,0.0,0.1,0.0,0.2,0.0,95.4,82.9,99.1,99.9,99.8,1066.7,10.67,15,15,15,35,74,374,1,2,否,否,否,否,否,否,否,否,否,否,否,否,否,否,否,否,否,否,否,否,否,否,否,否,否,否,否,否,否,否,否,否,否,否,否,否,否,32.0,32,32,31,97.0,100.0,否,否,24293,21074,0.0,1.0,1.0,0.000,0.010,5726,2143,36,0.006,100.0,1066.0,0.0,0.0,0.0,0.0,0.0,0.0,0.0,317,否,否,否,否,否,否,7.453,20.193,48.9,-5.456,25.2,222.1,60.9,61.8,60.1,60.1,60.1,60.1,60.5,61.1,60.0,60.0,60.0,60.0,16.33,16.57,16.09,16.09,16.58,16.58,1.86,13.89,16.06,0.27,0.23,0,0,0.0,0.0,0,0.000,
17.9.2026,23:28:9.976,6028,33483,15.2,5739,10444,35.4,0.0,23329,0,0.766,0.797,0.760,0.755,0.750,0.683,0.741,1000.0,1000.0,1000.0,1000.0,1000.0,100.0,800.0,30.2,129.4,88.7,18.8,2.3,1.7,0.4,0.4,0.2,30.2,2.2,10.5,6.8,0.0,0.0,0.0,0.0,0.0,0.0,10.5,2.2,100.0,1.1,4.6,3.4,0.7,0.1,0.1,0.0,0.0,0.0,1.1,10.0,10.0,10.0,10.0,10.0,8.0,32,30,33,33,32,68,70,67,67,68,36,33,否,否,否,否,否,否,否,否,否,否,否,否,否,否,否,否,否,否,35,33,35,0.250,1.425,0.144,0.008,2.477,0.637,0.218,0.379,35.0,30.0,64.0,64.0,0,18.0,6.3,1.5,2.1,52.2,2.9,12.8,7.8,1.9,0.2,0.2,0.0,0.1,0.0,95.1,82.7,97.8,99.8,99.9,1066.7,10.67,15,15,15,35,74,374,1,2,否,否,否,否,否,否,否,否,否,否,否,否,否,否,否,否,否,否,否,否,否,否,否,否,否,否,否,否,否,否,否,否,否,否,否,否,否,32.0,32,32,30,97.0,100.0,否,否,24293,21074,0.0,3.8,3.8,0.000,0.051,5726,2144,35,0.008,100.0,1066.0,0.0,0.0,0.0,0.0,0.0,0.0,0.0,317,否,否,否,否,否,否,7.457,20.185,48.9,-5.421,25.2,223.4,60.9,61.8,60.1,60.1,60.1,60.1,60.5,61.1,60.0,60.0,60.0,60.0,16.33,16.57,16.09,16.09,16.58,16.58,1.86,13.89,16.06,0.27,0.23,0,0,0.0,0.0,0,0.000,
17.9.2026,23:28:11.969,6028,33484,15.2,5738,10445,35.4,0.0,23329,0,0.767,0.800,0.762,0.755,0.750,0.681,0.741,1000.0,1000.0,1000.0,1000.0,1000.0,100.0,800.0,27.8,127.5,59.7,29.6,2.8,2.1,0.2,0.4,0.2,27.8,2.9,10.8,5.1,3.4,1.0,0.9,0.7,0.8,0.8,10.8,2.9,100.0,1.0,4.5,2.2,1.2,0.1,0.1,0.0,0.0,0.0,1.0,10.0,10.0,10.0,10.0,10.0,8.0,32,30,32,33,32,68,70,68,67,68,35,33,否,否,否,否,否,否,否,否,否,否,否,否,否,否,否,否,否,否,35,33,35,0.250,1.510,0.155,0.008,2.725,0.654,0.223,0.434,35.0,30.0,64.0,64.0,0,17.9,7.3,1.8,2.2,51.6,2.7,12.8,5.8,2.0,0.3,0.2,0.0,0.0,0.0,95.3,84.0,97.7,99.7,99.9,1066.7,10.67,15,15,15,35,74,374,1,2,是,否,否,否,否,否,否,否,否,否,是,否,否,否,否,否,否,否,否,否,否,否,否,否,否,否,否,否,否,否,否,否,否,否,否,否,否,32.0,32,32,31,97.0,100.0,否,否,24293,21074,0.0,1.0,1.0,0.000,0.059,5726,2144,36,0.008,100.0,1066.0,0.0,0.0,0.0,0.0,0.0,0.0,0.0,317,否,否,否,否,否,否,7.450,20.185,48.9,-5.409,25.2,223.9,60.9,61.8,60.1,60.1,60.1,60.1,60.5,61.1,60.0,60.0,60.0,60.0,16.33,16.57,16.09,16.09,16.58,16.58,1.86,13.89,16.06,0.27,0.23,0,0,0.0,0.0,0,0.000,
17.9.2026,23:28:13.964,6028,33484,15.2,5738,10445,35.4,0.0,23329,0,0.766,0.797,0.762,0.752,0.750,0.681,0.741,1000.0,1000.0,1000.0,1000.0,1000.0,100.0,800.0,28.7,119.7,87.2,18.4,2.9,0.4,0.2,0.2,0.2,28.7,2.6,10.6,7.9,2.0,0.0,0.0,0.0,0.0,0.0,10.6,2.6,100.0,1.0,4.2,3.3,0.7,0.1,0.0,0.0,0.0,0.0,1.0,10.0,10.0,10.0,10.0,10.0,8.0,32,31,33,34,32,68,69,67,66,68,35,34,否,否,否,否,否,否,否,否,否,否,否,否,否,否,否,否,否,否,36,33,36,0.250,1.526,0.177,0.007,2.733,0.641,0.212,0.445,35.0,30.0,64.0,64.0,0,17.9,4.7,1.7,2.3,53.6,2.8,12.0,8.0,1.6,0.3,0.0,0.0,0.0,0.0,95.2,82.8,98.1,99.9,99.9,1066.7,10.67,15,15,15,35,74,374,1,2,否,否,否,否,否,否,否,否,否,否,否,否,否,否,否,否,否,否,否,否,否,否,否,否,否,否,否,否,否,否,否,否,否,否,否,否,否,32.0,32,32,30,97.0,100.0,否,否,24293,21074,0.0,0.5,0.5,0.000,0.032,5726,2144,36,0.007,100.0,1066.0,0.0,0.0,0.0,0.0,0.0,0.0,0.0,317,否,否,否,否,否,否,7.455,20.185,48.9,-5.397,25.2,224.4,60.9,61.8,60.1,60.1,60.1,60.1,60.5,61.1,60.0,60.0,60.0,60.0,16.33,16.57,16.09,16.09,16.58,16.58,1.86,13.89,16.06,0.27,0.23,0,0,0.0,0.0,0,0.000,
17.9.2026,23:28:15.986,6027,33484,15.2,5737,10445,35.4,0.0,23329,0,0.764,0.795,0.760,0.755,0.747,0.678,0.701,950.0,900.0,1000.0,1000.0,900.0,100.0,700.0,27.8,128.3,64.4,28.6,0.2,0.5,0.2,0.2,0.2,27.8,2.2,10.7,5.3,1.4,0.0,0.0,0.0,0.0,0.0,10.7,2.2,100.0,1.0,4.6,2.4,1.2,0.0,0.0,0.0,0.0,0.0,1.0,9.5,9.0,10.0,10.0,9.0,7.0,32,29,32,34,33,68,71,68,66,67,35,34,否,否,否,否,否,否,否,否,否,否,否,否,否,否,否,否,否,否,34,32,35,0.250,1.452,0.146,0.007,2.556,0.646,0.225,0.394,35.0,30.0,64.0,64.0,0,17.8,7.4,1.7,1.8,52.2,2.6,12.9,6.3,1.7,0.0,0.1,0.0,0.0,0.0,95.5,83.8,98.2,99.9,99.9,1066.7,10.67,15,15,15,35,74,374,1,2,是,否,否,否,否,否,否,是,否,否,否,否,否,否,否,否,否,否,否,否,否,否,否,否,否,否,否,否,否,否,否,否,否,否,否,否,否,32.0,32,32,30,97.0,100.0,否,否,24293,21074,0.0,1.0,1.0,0.000,0.085,5726,2144,35,0.007,100.0,1066.0,0.0,0.0,0.0,0.0,0.0,0.0,0.0,317,否,否,否,否,否,否,7.448,20.177,48.8,-5.377,25.2,225.1,60.9,61.8,60.1,60.1,60.1,60.1,60.5,61.1,60.0,60.0,60.0,60.0,16.33,16.57,16.09,16.09,16.58,16.58,1.86,13.89,16.06,0.27,0.23,0,0,0.0,0.0,0,0.000,
17.9.2026,23:28:18.006,6027,33484,15.2,5740,10442,35.4,0.0,23329,0,0.764,0.797,0.755,0.755,0.750,0.678,0.701,975.0,1000.0,900.0,1000.0,1000.0,100.0,700.0,28.5,134.5,65.7,24.9,2.2,0.2,0.2,0.2,0.2,28.5,2.6,11.3,5.3,1.3,0.7,0.5,0.5,0.5,0.5,11.3,2.6,100.0,1.0,4.8,2.4,1.0,0.1,0.0,0.0,0.0,0.0,1.0,9.8,10.0,9.0,10.0,10.0,7.0,32,29,32,33,32,68,71,68,67,68,35,33,否,否,否,否,否,否,否,否,否,否,否,否,否,否,否,否,否,否,35,33,36,0.250,1.536,0.184,0.006,2.768,0.634,0.206,0.460,35.0,30.0,64.0,64.0,0,18.0,5.5,1.8,2.4,52.6,2.7,13.5,6.3,1.7,0.2,0.0,0.0,0.0,0.0,95.2,83.1,98.0,99.9,99.9,1066.7,10.67,15,15,15,35,74,374,1,2,否,否,否,否,否,否,否,否,否,否,否,否,否,否,否,否,否,否,否,否,否,否,否,否,否,否,否,否,否,否,否,否,否,否,否,否,否,32.0,32,32,30,97.0,100.0,否,否,24293,21074,0.0,0.5,0.5,0.000,0.016,5726,2144,35,0.006,100.0,1066.0,0.0,0.0,0.0,0.0,0.0,0.0,0.0,317,否,否,否,否,否,否,7.425,20.177,48.8,-5.353,25.2,226.2,60.9,61.8,60.1,60.1,60.1,60.1,60.5,61.1,60.0,60.0,60.0,60.0,16.33,16.57,16.09,16.09,16.58,16.58,1.86,13.89,16.06,0.27,0.23,0,0,0.0,0.0,0,0.000,
17.9.2026,23:28:20.006,6027,33484,15.2,5742,10440,35.4,0.0,23329,0,0.766,0.800,0.757,0.755,0.750,0.681,0.741,1000.0,1000.0,1000.0,1000.0,1000.0,100.0,800.0,29.0,130.1,70.0,27.6,2.7,0.7,0.2,0.2,0.2,29.0,2.4,11.1,6.1,1.6,0.2,0.1,0.0,0.0,0.0,11.1,2.4,100.0,1.1,4.6,2.6,1.1,0.1,0.0,0.0,0.0,0.0,1.1,10.0,10.0,10.0,10.0,10.0,8.0,31,29,32,33,30,69,71,68,67,70,34,33,否,否,否,否,否,否,否,否,否,否,否,否,否,否,否,否,否,否,34,33,36,0.250,1.478,0.165,0.007,2.608,0.641,0.217,0.407,35.0,30.0,64.0,64.0,0,17.9,6.1,1.9,2.5,52.0,2.7,13.1,6.8,1.7,0.3,0.1,0.0,0.0,0.0,95.3,83.2,98.0,99.9,99.9,1066.7,10.67,15,15,15,35,74,374,1,2,否,否,否,否,否,否,否,否,否,否,否,否,否,否,否,否,否,否,否,否,否,否,否,否,否,否,否,否,否,否,否,否,否,否,否,否,否,33.0,32,32,30,97.0,100.0,否,否,24293,21074,0.0,0.5,0.5,0.000,0.012,5726,2144,34,0.007,100.0,1066.0,0.0,0.0,0.0,0.0,0.0,0.0,0.0,317,否,否,否,否,否,否,7.442,20.177,48.8,-5.351,25.2,226.2,60.9,61.8,60.1,60.1,60.1,60.1,60.5,61.1,60.0,60.0,60.0,60.0,16.33,16.57,16.09,16.09,16.58,16.58,1.86,13.89,16.06,0.27,0.23,0,0,0.0,0.0,0,0.000,
17.9.2026,23:28:21.996,6026,33485,15.2,5745,10437,35.5,0.0,23329,0,0.766,0.800,0.760,0.752,0.750,0.681,0.741,1000.0,1000.0,1000.0,1000.0,1000.0,100.0,800.0,28.3,130.6,69.9,24.1,0.2,0.8,0.2,0.2,0.2,28.3,2.4,11.3,6.2,1.7,0.0,0.0,0.0,0.0,0.0,11.3,2.4,100.0,1.0,4.7,2.6,1.0,0.0,0.0,0.0,0.0,0.0,1.0,10.0,10.0,10.0,10.0,10.0,8.0,32,30,32,34,32,68,70,68,66,68,36,34,否,否,否,否,否,否,否,否,否,否,否,否,否,否,否,否,否,否,35,33,35,0.250,1.487,0.178,0.006,2.655,0.635,0.214,0.416,35.0,30.0,64.0,64.0,0,17.9,9.2,1.9,2.0,49.7,2.7,13.0,6.7,1.4,0.0,0.1,0.0,0.0,0.0,95.4,83.5,98.5,99.9,99.9,1066.7,10.67,15,15,15,35,74,374,1,2,否,否,否,否,否,否,否,否,否,否,否,否,否,否,否,否,否,否,否,否,否,否,否,否,否,否,否,否,否,否,否,否,否,否,否,否,否,33.0,32,32,31,97.0,100.0,否,否,24293,21074,0.0,1.0,1.0,0.000,0.042,5726,2144,35,0.006,100.0,1066.0,0.0,0.0,0.0,0.0,0.0,0.0,0.0,317,否,否,否,否,否,否,7.452,20.177,48.8,-5.343,25.2,226.6,60.9,61.8,60.1,60.1,60.1,60.1,60.5,61.1,60.0,60.0,60.0,60.0,16.33,16.57,16.09,16.09,16.58,16.58,1.86,13.89,16.06,0.27,0.23,0,0,0.0,0.0,0,0.000,
17.9.2026,23:28:24.013,6027,33485,15.2,5746,10436,35.5,0.0,23329,0,0.766,0.797,0.760,0.755,0.750,0.681,0.741,1000.0,1000.0,1000.0,1000.0,1000.0,100.0,800.0,29.3,131.6,65.2,33.2,3.4,0.6,0.2,0.2,0.2,29.3,2.3,11.0,5.3,2.0,0.2,0.0,0.0,0.0,0.0,11.0,2.3,100.0,1.1,4.7,2.4,1.3,0.1,0.0,0.0,0.0,0.0,1.1,10.0,10.0,10.0,10.0,10.0,8.0,32,30,33,33,32,68,70,67,67,68,35,33,否,否,否,否,否,否,否,否,否,否,否,否,否,否,否,否,否,否,35,34,35,0.250,1.591,0.182,0.007,2.919,0.657,0.212,0.486,35.0,30.0,64.0,64.0,0,18.1,6.2,2.6,2.4,51.0,2.7,13.1,6.2,2.2,0.4,0.1,0.0,0.0,0.0,95.2,83.5,97.4,99.9,99.9,1066.7,10.67,15,15,15,35,74,374,1,2,否,否,否,否,否,否,否,否,否,否,否,否,否,否,否,否,否,否,否,否,否,否,否,否,否,否,否,否,否,否,否,否,否,否,否,否,否,32.0,32,32,30,97.0,100.0,否,否,24293,21074,0.0,0.5,0.5,0.000,0.010,5726,2144,35,0.007,100.0,1066.0,0.0,0.0,0.0,0.0,0.0,0.0,0.0,317,否,否,否,否,否,否,7.452,20.177,48.8,-5.358,25.2,225.9,60.9,61.8,60.1,60.1,60.1,60.1,60.5,61.1,60.0,60.0,60.0,60.0,16.33,16.57,16.09,16.09,16.58,16.58,1.86,13.89,16.06,0.27,0.23,0,0,0.0,0.0,0,0.000,
17.9.2026,23:28:26.005,6027,33484,15.2,5745,10437,35.5,0.0,23329,0,0.766,0.797,0.762,0.752,0.750,0.681,0.701,1000.0,1000.0,1000.0,1000.0,1000.0,100.0,800.0,28.5,125.2,66.5,31.5,1.2,1.8,0.3,1.0,0.3,28.5,2.6,10.8,5.9,2.3,0.4,0.5,0.4,0.4,0.4,10.8,2.6,100.0,1.0,4.4,2.5,1.3,0.0,0.1,0.0,0.0,0.0,1.0,10.0,10.0,10.0,10.0,10.0,8.0,32,29,31,33,33,68,71,69,67,67,34,33,否,否,否,否,否,否,否,否,否,否,否,否,否,否,否,否,否,否,35,33,35,0.250,1.520,0.183,0.007,2.692,0.657,0.225,0.415,35.0,30.0,64.0,64.0,0,18.1,8.9,2.1,2.2,49.8,2.7,12.4,6.3,2.0,0.1,0.2,0.0,0.1,0.0,95.4,84.1,97.7,99.8,99.8,1066.7,10.67,15,15,15,35,74,374,1,2,否,否,否,否,否,否,否,否,否,否,否,否,否,否,否,否,否,否,否,否,否,否,否,否,否,否,否,否,否,否,否,否,否,否,否,否,否,31.0,32,32,30,97.0,100.0,否,否,24293,21074,0.0,1.0,1.0,0.000,0.061,5726,2144,35,0.007,100.0,1066.0,0.0,0.0,0.0,0.0,0.0,0.0,0.0,317,否,否,否,否,否,否,7.455,20.170,48.8,-5.353,25.2,226.1,60.9,61.8,60.1,60.1,60.1,60.1,60.5,61.1,60.0,60.0,60.0,60.0,16.33,16.57,16.09,16.09,16.58,16.58,1.86,13.89,16.06,0.27,0.23,0,0,0.0,0.0,0,0.000,
17.9.2026,23:28:28.001,6027,33485,15.2,5743,10439,35.4,0.0,23329,0,0.761,0.795,0.755,0.747,0.747,0.678,0.698,900.0,900.0,900.0,900.0,900.0,100.0,700.0,28.2,135.7,80.8,7.2,1.1,0.6,0.2,0.3,0.2,28.2,2.7,11.2,6.5,0.4,0.7,0.7,0.6,0.7,0.6,11.2,2.7,100.0,1.0,4.9,3.1,0.3,0.0,0.0,0.0,0.0,0.0,1.0,9.0,9.0,9.0,9.0,9.0,7.0,31,29,31,33,32,69,71,69,67,68,34,33,否,否,否,否,否,否,否,否,否,否,否,否,否,否,否,否,否,否,34,33,35,0.250,1.584,0.184,0.008,2.902,0.651,0.209,0.487,35.0,30.0,64.0,64.0,0,17.9,6.3,1.9,2.2,52.1,2.7,13.3,7.3,0.7,0.1,0.1,0.0,0.0,0.0,95.3,82.4,99.1,99.9,99.9,1066.7,10.67,15,15,15,35,74,374,1,2,否,否,否,否,否,否,否,否,否,否,否,否,否,否,否,否,否,否,否,否,否,否,否,否,否,否,否,否,否,否,否,否,否,否,否,否,否,32.0,32,32,30,97.0,100.0,否,否,24293,21074,0.0,1.9,1.9,0.000,0.024,5726,2144,35,0.008,100.0,1066.0,0.0,0.0,0.0,0.0,0.0,0.0,0.0,317,否,否,否,否,否,否,7.452,20.170,48.8,-5.358,25.2,225.9,60.9,61.8,60.1,60.1,60.1,60.1,60.5,61.1,60.0,60.0,60.0,60.0,16.33,16.57,16.09,16.09,16.58,16.58,1.86,13.89,16.06,0.27,0.23,0,0,0.0,0.0,0,0.000,
17.9.2026,23:28:30.009,6028,33484,15.2,5742,10440,35.4,0.0,23329,0,0.764,0.797,0.755,0.755,0.750,0.681,0.698,975.0,1000.0,900.0,1000.0,1000.0,100.0,800.0,29.1,124.9,71.9,33.9,1.2,0.7,0.2,0.2,0.2,29.1,2.3,10.5,6.2,1.7,0.0,0.0,0.0,0.0,0.0,10.5,2.3,100.0,1.1,4.4,2.7,1.4,0.0,0.0,0.0,0.0,0.0,1.1,9.8,10.0,9.0,10.0,10.0,8.0,32,28,33,33,33,68,72,67,67,67,34,33,否,否,否,否,否,否,否,否,否,否,否,否,否,否,否,否,否,否,34,33,34,0.250,1.490,0.155,0.007,2.668,0.645,0.216,0.426,35.0,30.0,64.0,64.0,0,17.9,9.1,2.0,2.5,49.0,2.7,12.6,7.0,1.9,0.1,0.1,0.0,0.0,0.0,95.3,83.5,97.9,99.9,99.9,1066.7,10.67,15,15,15,35,74,374,1,2,否,否,否,否,否,否,否,否,否,否,否,否,否,否,否,否,否,否,否,否,否,否,否,否,否,否,否,否,否,否,否,否,否,否,否,否,否,33.0,32,32,30,97.0,100.0,否,否,24293,21074,0.0,1.7,1.7,0.000,0.104,5726,2144,35,0.007,100.0,1066.0,0.0,0.0,0.0,0.0,0.0,0.0,0.0,317,否,否,否,否,否,否,7.456,20.162,48.8,-5.353,25.2,226.0,60.9,61.8,60.1,60.1,60.1,60.1,60.5,61.1,60.0,60.0,60.0,60.0,16.33,16.57,16.09,16.09,16.58,16.58,1.86,13.89,16.06,0.27,0.23,0,0,0.0,0.0,0,0.000,
17.9.2026,23:28:32.004,6027,33485,15.2,5741,10441,35.4,0.0,23329,0,0.766,0.797,0.760,0.752,0.752,0.683,0.741,1000.0,1000.0,1000.0,1000.0,1000.0,100.0,800.0,28.7,140.7,63.2,23.2,1.1,0.8,0.2,0.2,0.2,28.7,2.2,11.5,5.0,0.7,0.0,0.0,0.0,0.0,0.0,11.5,2.2,100.0,1.0,5.1,2.3,0.9,0.0,0.0,0.0,0.0,0.0,1.1,10.0,10.0,10.0,10.0,10.0,8.0,32,29,33,32,32,68,71,67,68,68,35,33,否,否,否,否,否,否,否,否,否,否,否,否,否,否,否,否,否,否,34,33,34,0.250,1.611,0.195,0.007,2.982,0.654,0.211,0.499,35.0,30.0,64.0,64.0,0,17.7,9.2,1.9,1.9,49.1,2.8,13.9,6.0,2.0,0.1,0.1,0.0,0.0,0.0,95.1,82.9,97.8,99.9,99.9,1066.7,10.67,15,15,15,35,74,374,1,2,否,否,否,否,否,否,否,否,否,否,否,否,否,否,否,否,否,否,否,否,否,否,否,否,否,否,否,否,否,否,否,否,否,否,否,否,否,30.0,32,32,30,97.0,100.0,否,否,24293,21074,0.0,1.5,1.5,0.000,0.087,5726,2145,35,0.007,100.0,1066.0,0.0,0.0,0.0,0.0,0.0,0.0,0.0,317,否,否,否,否,否,否,7.458,20.162,48.8,-5.370,25.2,225.3,60.9,61.8,60.1,60.1,60.1,60.1,60.5,61.1,60.0,60.0,60.0,60.0,16.33,16.57,16.09,16.09,16.58,16.58,1.86,13.89,16.06,0.27,0.23,0,0,0.0,0.0,0,0.000,
17.9.2026,23:28:34.019,6027,33484,15.2,5740,10443,35.4,0.0,23329,0,0.764,0.792,0.760,0.755,0.750,0.681,0.701,975.0,900.0,1000.0,1000.0,1000.0,100.0,800.0,28.4,128.3,82.1,15.1,1.0,0.3,0.2,0.3,0.2,28.4,2.7,11.4,7.4,2.8,0.0,0.0,0.0,0.0,0.0,11.4,2.7,100.0,1.0,4.6,3.1,0.6,0.0,0.0,0.0,0.0,0.0,1.0,9.8,9.0,10.0,10.0,10.0,8.0,32,29,33,32,32,68,71,67,68,68,35,33,否,否,否,否,否,否,否,否,否,否,否,否,否,否,否,否,否,否,34,34,35,0.250,1.581,0.158,0.007,2.961,0.661,0.212,0.497,35.0,30.0,64.0,64.0,0,17.6,6.9,2.2,1.9,51.8,2.7,12.7,7.5,1.5,0.1,0.0,0.0,0.0,0.0,95.2,82.8,98.4,99.9,99.9,1066.7,10.67,15,15,15,35,74,374,1,2,否,否,否,否,否,否,否,否,否,否,否,否,否,否,否,否,否,否,否,否,否,否,否,否,否,否,否,否,否,否,否,否,否,否,否,否,否,31.0,32,32,30,97.0,100.0,否,否,24293,21074,0.0,1.0,1.0,0.000,0.016,5726,2145,36,0.007,100.0,1066.0,0.0,0.0,0.0,0.0,0.0,0.0,0.0,317,否,否,否,否,否,否,7.460,20.154,48.8,-5.401,25.2,223.9,60.9,61.8,60.1,60.1,60.1,60.1,60.5,61.1,60.0,60.0,60.0,60.0,16.33,16.57,16.09,16.09,16.58,16.58,1.86,13.89,16.06,0.27,0.23,0,0,0.0,0.0,0,0.000,
17.9.2026,23:28:36.017,6027,33485,15.2,5738,10444,35.4,0.0,23329,0,0.767,0.800,0.762,0.755,0.750,0.683,0.701,1000.0,1000.0,1000.0,1000.0,1000.0,100.0,800.0,29.0,135.9,56.9,33.5,2.4,1.5,0.2,1.3,0.2,29.0,2.2,11.3,4.5,2.1,0.0,0.0,0.0,0.0,0.0,11.3,2.2,100.0,1.1,4.8,2.1,1.3,0.1,0.1,0.0,0.0,0.0,1.1,10.0,10.0,10.0,10.0,10.0,8.0,31,29,31,32,32,69,71,69,68,68,35,32,否,否,否,否,否,否,否,否,否,否,否,否,否,否,否,否,否,否,35,33,35,0.250,1.481,0.154,0.006,2.676,0.641,0.212,0.426,35.0,30.0,64.0,64.0,0,18.0,11.8,2.1,2.2,46.4,2.8,13.5,5.5,2.5,0.3,0.2,0.0,0.1,0.0,95.0,83.4,97.2,99.8,99.8,1066.7,10.67,15,15,15,35,74,374,1,2,是,否,否,否,否,否,否,否,否,否,是,否,否,否,否,否,否,否,否,否,否,否,否,否,否,否,否,否,否,否,否,否,否,否,否,否,否,33.0,32,32,31,97.0,100.0,否,否,24293,21074,0.0,2.0,2.0,0.000,0.049,5726,2145,34,0.006,100.0,1066.0,0.0,0.0,0.0,0.0,0.0,0.0,0.0,317,否,否,否,否,否,否,7.458,20.154,48.8,-5.370,25.2,225.2,60.9,61.8,60.1,60.1,60.1,60.1,60.5,61.1,60.0,60.0,60.0,60.0,16.33,16.57,16.09,16.09,16.58,16.58,1.86,13.89,16.06,0.27,0.23,0,0,0.0,0.0,0,0.000,
17.9.2026,23:28:38.022,6027,33485,15.2,5737,10445,35.4,0.0,23329,0,0.763,0.797,0.755,0.750,0.750,0.681,0.701,950.0,1000.0,900.0,900.0,1000.0,100.0,800.0,28.6,118.4,87.8,19.4,1.4,1.2,0.2,0.2,0.2,28.6,2.3,9.8,7.7,1.1,0.1,0.1,0.0,0.0,0.0,9.8,2.3,100.0,1.0,4.1,3.4,0.8,0.0,0.0,0.0,0.0,0.0,1.0,9.5,10.0,9.0,9.0,10.0,8.0,32,29,32,32,33,68,71,68,68,67,35,33,否,否,否,否,否,否,否,否,否,否,否,否,否,否,否,否,否,否,35,33,35,0.250,1.730,0.187,0.007,3.234,0.706,0.228,0.561,35.0,30.0,64.0,64.0,0,17.8,7.3,2.6,1.9,50.9,2.7,11.9,8.4,1.2,0.2,0.1,0.0,0.0,0.0,95.3,82.8,98.6,99.8,99.9,1066.7,10.67,15,15,15,35,74,374,1,2,否,否,否,否,否,否,否,否,否,否,否,否,否,否,否,否,否,否,否,否,否,否,否,否,否,否,否,否,否,否,否,否,否,否,否,否,否,31.0,32,32,30,97.0,100.0,否,否,24293,21074,0.0,1.5,1.5,0.000,0.042,5726,2145,34,0.007,100.0,1066.0,0.0,0.0,0.0,0.0,0.0,0.0,0.0,317,否,否,否,否,否,否,7.455,20.154,48.8,-5.405,25.2,223.7,60.9,61.8,60.1,60.1,60.1,60.1,60.5,61.1,60.0,60.0,60.0,60.0,16.33,16.57,16.09,16.09,16.58,16.58,1.86,13.89,16.06,0.27,0.23,0,0,0.0,0.0,0,0.000,
17.9.2026,23:28:40.026,6027,33485,15.2,5738,10444,35.4,0.0,23329,0,0.766,0.797,0.762,0.752,0.750,0.683,0.741,1000.0,1000.0,1000.0,1000.0,1000.0,100.0,800.0,29.3,130.5,66.8,33.5,1.2,1.6,0.2,0.6,0.2,29.3,2.3,10.9,5.5,2.2,0.0,0.0,0.0,0.0,0.0,10.9,2.3,100.0,1.1,4.6,2.5,1.4,0.0,0.1,0.0,0.0,0.0,1.1,10.0,10.0,10.0,10.0,10.0,8.0,32,29,31,34,32,68,71,69,66,68,35,34,否,否,否,否,否,否,否,否,否,否,否,否,否,否,否,否,否,否,34,33,35,0.250,1.526,0.171,0.005,2.767,0.641,0.208,0.456,35.0,30.0,64.0,64.0,0,17.9,6.4,2.2,2.6,51.2,2.8,13.0,6.3,2.4,0.1,0.2,0.0,0.1,0.0,95.2,83.5,97.4,99.8,99.9,1066.7,10.67,15,15,15,35,74,374,1,2,否,否,否,否,否,否,否,否,否,否,否,否,否,否,否,否,否,否,否,否,否,否,否,否,否,否,否,否,否,否,否,否,否,否,否,否,否,33.0,32,32,30,97.0,100.0,否,否,24293,21074,0.0,1.0,1.0,0.000,0.010,5726,2145,35,0.005,100.0,1066.0,0.0,0.0,0.0,0.0,0.0,0.0,0.0,317,否,否,否,否,否,否,7.408,20.147,48.8,-5.363,25.2,225.4,60.9,61.8,60.1,60.1,60.1,60.1,60.5,61.1,60.0,60.0,60.0,60.0,16.33,16.57,16.09,16.09,16.58,16.58,1.86,13.89,16.06,0.27,0.23,0,0,0.0,0.0,0,0.000,
17.9.2026,23:28:42.032,6026,33485,15.2,5739,10444,35.4,0.0,23329,0,0.767,0.800,0.762,0.755,0.750,0.681,0.743,1000.0,1000.0,1000.0,1000.0,1000.0,100.0,800.0,27.6,128.3,72.0,19.3,0.2,0.3,0.2,0.2,0.2,27.6,2.6,10.6,5.9,1.3,0.5,1.2,0.5,0.5,0.5,10.6,2.6,100.0,1.0,4.6,2.7,0.8,0.0,0.0,0.0,0.0,0.0,1.0,10.0,10.0,10.0,10.0,10.0,8.0,32,29,31,33,33,68,71,69,67,67,35,33,否,否,否,否,否,否,否,否,否,否,否,否,否,否,否,否,否,否,35,33,35,0.250,1.553,0.172,0.007,2.743,0.675,0.234,0.434,35.0,30.0,64.0,64.0,0,17.8,8.4,2.0,2.3,49.8,2.7,12.8,6.9,1.6,0.0,0.0,0.0,0.0,0.0,95.3,83.0,98.3,99.9,99.9,1066.7,10.67,15,15,15,35,74,374,1,2,否,否,否,否,否,否,否,否,否,否,否,否,否,否,否,否,否,否,否,否,否,否,否,否,否,否,否,否,否,否,否,否,否,否,否,否,否,32.0,32,32,30,97.0,100.0,否,否,24293,21074,0.0,1.0,1.0,0.000,0.065,5726,2145,34,0.007,100.0,1066.0,0.0,0.0,0.0,0.0,0.0,0.0,0.0,317,否,否,否,否,否,否,7.414,20.147,48.8,-5.375,25.2,224.9,60.9,61.8,60.1,60.1,60.1,60.1,60.5,61.1,60.0,60.0,60.0,60.0,16.33,16.57,16.09,16.09,16.58,16.58,1.86,13.89,16.06,0.27,0.23,0,0,0.0,0.0,0,0.000,
17.9.2026,23:28:44.038,6027,33485,15.2,5742,10440,35.4,0.0,23329,0,0.762,0.797,0.755,0.750,0.747,0.683,0.701,925.0,1000.0,900.0,900.0,900.0,100.0,800.0,29.4,128.8,72.5,29.1,2.3,1.8,0.2,0.2,0.2,29.4,3.0,11.3,6.7,2.6,1.4,0.6,0.4,0.5,0.5,11.3,3.0,100.0,1.1,4.6,2.7,1.2,0.1,0.1,0.0,0.0,0.0,1.1,9.2,10.0,9.0,9.0,9.0,8.0,32,29,31,34,32,68,71,69,66,68,35,34,否,否,否,否,否,否,否,否,否,否,否,否,否,否,否,否,否,否,35,33,35,0.250,1.548,0.150,0.006,2.833,0.667,0.222,0.467,35.0,30.0,64.0,64.0,0,17.8,8.5,2.1,1.9,49.4,2.8,13.0,7.0,2.3,0.3,0.2,0.0,0.0,0.0,95.1,83.2,97.4,99.8,99.9,1066.7,10.67,15,15,15,35,74,374,1,2,否,否,否,否,否,否,否,否,否,否,否,否,否,否,否,否,否,否,否,否,否,否,否,否,否,否,否,否,否,否,否,否,否,否,否,否,否,32.0,32,32,31,97.0,100.0,否,否,24293,21074,0.0,3.4,3.4,0.000,0.055,5726,2145,34,0.006,100.0,1066.0,0.0,0.0,0.0,0.0,0.0,0.0,0.0,317,否,否,否,否,否,否,7.412,20.147,48.8,-5.374,25.2,224.9,60.9,61.8,60.1,60.1,60.1,60.1,60.5,61.1,60.0,60.0,60.0,60.0,16.33,16.57,16.09,16.09,16.58,16.58,1.86,13.89,16.06,0.27,0.23,0,0,0.0,0.0,0,0.000,
17.9.2026,23:28:46.045,6026,33486,15.2,5744,10439,35.4,0.0,23329,0,0.766,0.800,0.760,0.755,0.750,0.681,0.701,1000.0,1000.0,1000.0,1000.0,1000.0,100.0,800.0,29.0,128.3,78.5,21.7,1.9,0.8,0.2,0.2,0.2,29.0,2.3,10.6,6.4,1.6,0.0,0.0,0.0,0.0,0.0,10.6,2.3,100.0,1.1,4.5,2.9,0.9,0.1,0.0,0.0,0.0,0.0,1.1,10.0,10.0,10.0,10.0,10.0,8.0,31,28,31,33,32,69,72,69,67,68,35,33,否,否,否,否,否,否,否,否,否,否,否,否,否,否,否,否,否,否,34,33,35,0.250,1.581,0.163,0.006,2.954,0.658,0.213,0.496,35.0,30.0,64.0,64.0,0,17.9,9.0,2.6,2.2,47.9,2.8,12.9,7.5,2.0,0.1,0.1,0.0,0.0,0.0,95.1,82.7,97.9,99.9,99.9,1066.7,10.67,15,15,15,35,74,374,1,2,否,否,否,否,否,否,否,否,否,否,否,否,否,否,否,否,否,否,否,否,否,否,否,否,否,否,否,否,否,否,否,否,否,否,否,否,否,33.0,32,32,30,97.0,100.0,否,否,24293,21074,0.0,1.5,1.5,0.000,0.089,5726,2145,35,0.006,100.0,1066.0,0.0,0.0,0.0,0.0,0.0,0.0,0.0,317,否,否,否,否,否,否,7.425,20.139,48.8,-5.391,25.2,224.1,60.9,61.8,60.1,60.1,60.1,60.1,60.5,61.1,60.0,60.0,60.0,60.0,16.33,16.57,16.09,16.09,16.58,16.58,1.86,13.89,16.06,0.27,0.23,0,0,0.0,0.0,0,0.000,
17.9.2026,23:28:48.052,6027,33485,15.2,5744,10438,35.4,0.0,23329,0,0.767,0.800,0.762,0.755,0.750,0.681,0.701,1000.0,1000.0,1000.0,1000.0,1000.0,100.0,800.0,28.7,123.3,72.8,30.0,0.8,2.0,0.2,0.6,0.2,28.7,2.5,10.8,6.5,2.4,0.0,0.0,0.0,0.0,0.0,10.8,2.5,100.0,1.0,4.3,2.7,1.2,0.0,0.1,0.0,0.0,0.0,1.0,10.0,10.0,10.0,10.0,10.0,8.0,32,29,31,33,33,68,71,69,67,67,35,33,否,否,否,否,否,否,否,否,否,否,否,否,否,否,否,否,否,否,36,32,36,0.250,1.590,0.158,0.005,2.970,0.667,0.216,0.498,35.0,30.0,64.0,64.0,0,18.0,7.0,2.1,2.8,50.5,2.7,12.4,6.9,2.1,0.1,0.2,0.0,0.1,0.0,95.2,83.7,97.7,99.7,99.9,1066.7,10.67,15,15,15,35,74,374,1,2,否,否,否,否,否,否,否,否,否,否,否,否,否,否,否,否,否,否,否,否,否,否,否,否,否,否,否,否,否,否,否,否,否,否,否,否,否,32.0,32,32,30,97.0,100.0,否,否,24293,21074,0.0,1.0,1.0,0.000,0.012,5726,2145,35,0.005,100.0,1066.0,0.0,0.0,0.0,0.0,0.0,0.0,0.0,317,否,否,否,否,否,否,7.433,20.139,48.8,-5.389,25.2,224.2,60.9,61.8,60.1,60.1,60.1,60.1,60.5,61.1,60.0,60.0,60.0,60.0,16.33,16.57,16.09,16.09,16.58,16.58,1.86,13.89,16.06,0.27,0.23,0,0,0.0,0.0,0,0.000,
17.9.2026,23:28:50.045,6057,33455,15.3,5775,10407,35.6,0.0,23329,0,0.776,0.802,0.772,0.760,0.770,0.841,0.698,1250.0,1200.0,1200.0,1200.0,1400.0,100.0,2800.0,133.9,504.7,440.1,112.2,2.3,10.5,0.2,0.8,0.2,133.9,10.5,38.5,33.2,8.7,0.5,1.9,0.4,0.4,0.4,38.5,10.5,100.0,5.5,20.7,18.2,4.6,0.1,0.4,0.0,0.0,0.0,5.5,12.5,12.0,12.0,12.0,14.0,28.0,33,32,33,34,33,67,68,67,66,67,36,34,否,否,否,否,否,否,否,否,否,否,否,否,否,否,否,否,否,否,35,33,35,0.250,1.527,0.173,0.009,2.746,0.652,0.219,0.434,35.0,30.0,64.0,64.0,0,5.7,2.4,0.7,0.6,15.8,10.5,39.6,33.9,9.4,0.3,0.9,0.0,0.1,0.0,79.9,32.0,88.9,98.8,99.9,1600.0,16.00,22,22,22,52,74,560,1,2,是,否,否,否,否,否,否,是,否,否,是,否,否,否,否,否,否,否,否,否,否,否,否,否,否,否,是,否,否,否,否,否,否,否,是,否,否,32.0,32,32,30,97.0,100.0,否,否,24293,21074,0.0,1.4,1.4,0.000,0.016,5726,2145,35,0.009,100.0,1066.0,0.0,0.0,0.0,0.0,0.0,0.0,0.0,317,否,否,否,否,否,否,7.442,20.131,48.7,-5.403,25.2,223.6,60.9,61.8,60.1,60.1,60.1,60.1,60.5,61.1,60.0,60.0,60.0,60.0,16.33,16.57,16.09,16.09,16.58,16.58,1.86,13.89,16.06,0.27,0.23,0,0,0.0,0.0,0,0.000,
17.9.2026,23:28:52.051,6026,33485,15.2,5743,10440,35.4,0.0,23329,0,0.773,0.805,0.772,0.760,0.755,0.693,0.701,1175.0,1200.0,1200.0,1200.0,1100.0,100.0,1000.0,46.2,176.3,128.5,43.8,15.8,2.5,0.4,2.0,0.4,46.2,3.8,13.6,9.5,4.2,1.8,0.0,0.4,0.5,0.4,13.6,3.8,100.0,1.8,6.6,5.1,1.8,0.6,0.1,0.0,0.1,0.0,1.8,11.8,12.0,12.0,12.0,11.0,10.0,32,30,31,33,32,68,70,69,67,68,35,33,否,否,否,否,否,否,否,否,否,否,否,否,否,否,否,否,否,否,36,36,34,0.250,2.575,0.526,0.002,6.401,1.080,0.506,0.518,35.0,30.0,64.0,64.0,0,16.7,7.6,2.3,4.6,42.9,3.8,15.1,9.8,4.0,1.5,0.2,0.0,0.2,0.0,92.8,77.2,94.6,99.7,99.8,1066.7,10.67,15,15,15,35,74,374,1,2,是,否,否,否,否,否,否,是,否,否,是,否,否,否,否,否,否,否,否,否,否,否,否,否,否,否,是,否,否,否,否,否,否,否,是,否,否,33.0,32,32,31,97.0,100.0,否,否,24293,21074,0.0,1.1,1.1,0.000,0.042,5726,2145,36,0.002,100.0,1599.0,0.0,0.0,0.0,0.0,0.0,0.0,0.0,317,否,否,否,否,否,否,7.385,20.131,48.7,-5.583,25.2,216.3,60.9,61.8,60.1,60.1,60.1,60.1,60.5,61.1,60.0,60.0,60.0,60.0,16.33,16.57,16.09,16.09,16.58,16.58,1.86,13.89,16.06,0.27,0.23,0,0,0.0,0.0,0,0.000,
17.9.2026,23:28:54.060,6027,33485,15.2,5741,10442,35.4,0.0,23329,0,0.766,0.797,0.760,0.752,0.752,0.681,0.701,1000.0,1000.0,1000.0,1000.0,1000.0,100.0,800.0,35.5,144.2,95.7,37.6,4.5,1.1,0.2,0.8,0.2,35.5,2.7,11.0,7.4,2.7,0.7,0.0,0.0,0.0,0.0,11.0,2.7,100.0,1.3,5.2,3.7,1.5,0.2,0.0,0.0,0.0,0.0,1.3,10.0,10.0,10.0,10.0,10.0,8.0,31,30,32,33,30,69,70,68,67,70,34,33,否,否,否,否,否,否,否,否,否,否,否,否,否,否,否,否,否,否,36,36,36,0.250,1.708,0.244,0.005,3.274,0.715,0.271,0.459,35.0,30.0,64.0,64.0,0,17.4,9.4,2.4,3.5,45.7,3.2,13.4,8.5,3.4,0.5,0.1,0.0,0.1,0.0,94.5,82.0,96.1,99.8,99.9,1066.7,10.67,15,15,15,35,74,374,1,2,否,否,否,否,否,否,否,否,否,否,否,否,否,否,否,否,否,否,否,否,否,否,否,否,否,否,否,否,否,否,否,否,否,否,否,否,否,32.0,32,32,30,97.0,100.0,否,否,24293,21074,0.0,1.0,1.0,0.000,0.026,5726,2145,35,0.005,100.0,1066.0,0.0,0.0,0.0,0.0,0.0,0.0,0.0,317,否,否,否,否,否,否,7.448,20.124,48.7,-5.698,25.2,211.9,60.9,61.8,60.1,60.1,60.1,60.1,60.5,61.1,60.0,60.0,60.0,60.0,16.33,16.57,16.09,16.09,16.58,16.58,1.86,13.89,16.06,0.27,0.23,0,0,0.0,0.0,0,0.000,
17.9.2026,23:28:56.070,6027,33485,15.2,5739,10444,35.4,0.0,23329,0,0.766,0.802,0.760,0.752,0.750,0.688,0.698,1025.0,1100.0,1000.0,1000.0,1000.0,100.0,900.0,28.4,126.2,76.1,20.2,3.6,0.9,0.2,0.2,0.2,28.4,2.6,10.1,6.4,1.5,0.1,0.7,0.7,0.7,0.7,10.1,2.6,100.0,1.0,4.5,2.9,0.8,0.1,0.0,0.0,0.0,0.0,1.0,10.2,11.0,10.0,10.0,10.0,9.0,32,30,33,33,33,68,70,67,67,67,35,33,否,否,否,否,否,否,否,否,否,否,否,否,否,否,否,否,否,否,35,34,35,0.250,1.609,0.182,0.005,3.066,0.673,0.221,0.488,35.0,30.0,64.0,64.0,0,18.0,9.1,2.3,2.1,49.4,2.7,12.2,7.2,1.8,0.3,0.1,0.0,0.0,0.0,95.3,83.4,97.9,99.8,99.9,1066.7,10.67,15,15,15,35,74,374,1,2,是,否,否,否,否,否,否,否,否,否,是,否,否,否,否,否,否,否,否,否,否,否,否,否,否,否,否,否,否,否,否,否,否,否,否,否,否,33.0,32,32,31,97.0,100.0,否,否,24293,21074,0.0,1.5,1.5,0.000,0.102,5726,2146,35,0.005,100.0,1066.0,0.0,0.0,0.0,0.0,0.0,0.0,0.0,317,否,否,否,否,否,否,7.454,20.124,48.7,-5.658,25.2,213.4,60.9,61.8,60.1,60.1,60.1,60.1,60.5,61.1,60.0,60.0,60.0,60.0,16.33,16.57,16.09,16.09,16.58,16.58,1.86,13.89,16.06,0.27,0.23,0,0,0.0,0.0,0,0.000,
17.9.2026,23:28:58.072,6028,33484,15.2,5737,10445,35.4,0.0,23329,0,0.768,0.800,0.762,0.755,0.755,0.681,0.701,1000.0,1000.0,1000.0,1000.0,1000.0,100.0,800.0,27.8,126.3,82.8,11.0,1.1,0.5,0.2,0.2,0.2,27.8,2.5,11.3,7.4,1.6,0.0,0.0,0.0,0.0,0.0,11.3,2.5,100.0,1.0,4.5,3.2,0.4,0.0,0.0,0.0,0.0,0.0,1.0,10.0,10.0,10.0,10.0,10.0,8.0,32,28,33,33,32,68,72,67,67,68,35,33,否,否,否,否,否,否,否,否,否,否,否,否,否,否,否,否,否,否,34,34,34,0.250,1.605,0.170,0.006,2.935,0.670,0.222,0.497,35.0,30.0,64.0,64.0,0,17.9,9.3,2.0,2.0,49.4,2.7,12.6,7.4,1.0,0.1,0.1,0.0,0.0,0.0,95.4,82.8,98.9,99.9,99.9,1066.7,10.67,15,15,15,35,74,374,1,2,否,否,否,否,否,否,否,否,否,否,否,否,否,否,否,否,否,否,否,否,否,否,否,否,否,否,否,否,否,否,否,否,否,否,否,否,否,32.0,32,32,31,97.0,100.0,否,否,24293,21074,0.0,1.4,1.4,0.000,0.020,5726,2146,35,0.006,100.0,1066.0,0.0,0.0,0.0,0.0,0.0,0.0,0.0,317,否,否,否,否,否,否,7.413,20.124,48.7,-5.604,25.2,215.4,60.9,61.8,60.1,60.1,60.1,60.1,60.5,61.1,60.0,60.0,60.0,60.0,16.33,16.57,16.09,16.09,16.58,16.58,1.86,13.89,16.06,0.27,0.23,0,0,0.0,0.0,0,0.000,
17.9.2026,23:29:0.072,6027,33484,15.2,5736,10446,35.4,0.0,23329,0,0.764,0.797,0.757,0.752,0.750,0.681,0.701,1000.0,1000.0,1000.0,1000.0,1000.0,100.0,800.0,29.1,115.1,88.2,23.6,3.5,1.9,0.2,0.2,0.1,29.1,2.3,9.5,7.2,1.8,0.1,0.0,0.0,0.0,0.0,9.5,2.3,100.0,1.1,4.0,3.4,0.9,0.1,0.1,0.0,0.0,0.0,1.1,10.0,10.0,10.0,10.0,10.0,8.0,32,29,33,33,32,68,71,67,67,68,35,33,否,否,否,否,否,否,否,否,否,否,否,否,否,否,否,否,否,否,35,33,35,1.500,1.607,0.160,0.008,2.949,0.678,0.223,0.497,35.0,30.0,64.0,64.0,0,18.0,6.6,2.8,1.9,51.2,2.8,11.5,8.1,2.0,0.3,0.2,0.0,0.0,0.0,95.2,83.4,97.7,99.8,100.0,1066.7,10.67,15,15,15,35,74,374,1,2,否,否,否,否,否,否,否,否,否,否,否,否,否,否,否,否,否,否,否,否,否,否,否,否,否,否,否,否,否,否,否,否,否,否,否,否,否,32.0,32,32,30,97.0,100.0,否,否,24293,21074,0.0,1.0,1.0,0.000,0.012,5726,2146,35,0.008,100.0,1066.0,0.0,0.0,0.0,0.0,0.0,0.0,0.0,317,否,否,否,否,否,否,7.414,20.116,48.7,-5.605,25.2,215.3,60.9,61.8,60.1,60.1,60.1,60.1,60.5,61.1,60.0,60.0,60.0,60.0,16.33,16.57,16.09,16.09,16.58,16.58,1.86,13.89,16.06,0.27,0.23,0,0,0.0,0.0,0,0.000,
17.9.2026,23:29:2.073,6027,33485,15.2,5734,10448,35.4,0.0,23329,0,0.767,0.800,0.762,0.755,0.750,0.681,0.741,1000.0,1000.0,1000.0,1000.0,1000.0,100.0,800.0,32.2,152.7,79.9,17.0,3.1,3.9,0.3,0.3,0.3,32.2,3.3,12.2,6.5,1.1,1.4,1.5,1.2,1.2,1.2,12.2,3.3,100.0,1.2,5.6,3.0,0.7,0.1,0.2,0.0,0.0,0.0,1.2,10.0,10.0,10.0,10.0,10.0,8.0,32,30,32,32,32,68,70,68,68,68,35,32,否,否,否,否,否,否,否,否,否,否,否,否,否,否,否,否,否,否,35,34,35,0.250,1.530,0.158,0.005,2.714,0.669,0.233,0.434,35.0,30.0,64.0,64.0,0,17.4,8.9,1.6,2.1,49.0,3.1,14.5,7.7,1.5,0.3,0.4,0.0,0.0,0.0,94.8,81.5,98.2,99.6,99.9,1066.7,10.67,15,15,15,35,74,374,1,2,否,否,否,否,否,否,否,否,否,否,否,否,否,否,否,否,否,否,否,否,否,否,否,否,否,否,否,否,否,否,否,否,否,否,否,否,否,32.0,32,32,31,97.0,100.0,否,否,24293,21074,0.0,1.5,1.5,0.000,0.016,5726,2146,35,0.005,100.0,1066.0,0.0,0.0,0.0,0.0,0.0,0.0,0.0,317,否,否,否,否,否,否,7.452,20.116,48.7,-5.596,25.2,215.7,60.9,61.8,60.1,60.1,60.1,60.1,60.5,61.1,60.0,60.0,60.0,60.0,16.33,16.57,16.09,16.09,16.58,16.58,1.86,13.89,16.06,0.27,0.23,0,0,0.0,0.0,0,0.000,
17.9.2026,23:29:4.084,6027,33485,15.2,5733,10450,35.4,0.0,23329,0,0.767,0.802,0.760,0.752,0.752,0.681,0.703,1000.0,1000.0,1000.0,1000.0,1000.0,100.0,800.0,28.0,116.9,76.9,28.3,1.1,0.2,0.1,0.2,0.1,28.0,2.2,9.6,6.5,1.5,0.0,0.0,0.0,0.0,0.0,9.6,2.2,100.0,1.0,4.1,2.9,1.1,0.0,0.0,0.0,0.0,0.0,1.0,10.0,10.0,10.0,10.0,10.0,8.0,31,29,32,32,32,69,71,68,68,68,35,32,否,否,否,否,否,否,否,否,否,否,否,否,否,否,否,否,否,否,34,34,35,0.250,1.601,0.173,0.005,3.021,0.665,0.221,0.497,35.0,30.0,64.0,64.0,0,18.4,4.7,2.7,2.3,53.2,2.6,11.7,7.3,1.7,0.1,0.0,0.0,0.0,0.0,95.5,83.9,98.1,100.0,100.0,1066.7,10.67,15,15,15,35,74,374,1,2,否,否,否,否,否,否,否,否,否,否,否,否,否,否,否,否,否,否,否,否,否,否,否,否,否,否,否,否,否,否,否,否,否,否,否,否,否,31.0,32,32,30,97.0,100.0,否,否,24293,21074,0.0,0.5,0.5,0.000,0.008,5726,2146,34,0.005,100.0,1066.0,0.0,0.0,0.0,0.0,0.0,0.0,0.0,317,否,否,否,否,否,否,7.451,20.108,48.7,-5.588,25.2,215.9,60.9,61.8,60.1,60.1,60.1,60.1,60.5,61.1,60.0,60.0,60.0,60.0,16.33,16.57,16.09,16.09,16.58,16.58,1.86,13.89,16.06,0.27,0.23,0,0,0.0,0.0,0,0.000,
17.9.2026,23:29:6.087,6027,33485,15.2,5731,10451,35.4,0.0,23329,0,0.767,0.802,0.760,0.752,0.755,0.683,0.701,1000.0,1000.0,1000.0,1000.0,1000.0,100.0,800.0,28.5,131.6,76.5,17.5,1.2,0.2,0.2,0.2,0.2,28.5,2.4,11.6,6.6,1.2,0.0,0.0,0.0,0.0,0.0,11.6,2.4,100.0,1.0,4.7,2.9,0.7,0.0,0.0,0.0,0.0,0.0,1.0,10.0,10.0,10.0,10.0,10.0,8.0,31,27,33,33,32,69,73,67,67,68,35,33,否,否,否,否,否,否,否,否,否,否,否,否,否,否,否,否,否,否,35,33,35,0.250,1.457,0.175,0.008,2.488,0.642,0.227,0.373,35.0,30.0,64.0,64.0,0,18.0,9.3,2.1,4.0,47.3,2.7,13.1,6.7,1.5,0.1,0.0,0.0,0.0,0.0,95.4,83.3,98.3,99.9,99.9,1066.7,10.67,15,15,15,35,74,374,1,2,否,否,否,否,否,否,否,否,否,否,否,否,否,否,否,否,否,否,否,否,否,否,否,否,否,否,否,否,否,否,否,否,否,否,否,否,否,32.0,32,32,30,97.0,100.0,否,否,24293,21074,0.0,1.0,1.0,0.000,0.087,5726,2146,36,0.008,100.0,1066.0,0.0,0.0,0.0,0.0,0.0,0.0,0.0,317,否,否,否,否,否,否,7.448,20.108,48.7,-5.534,25.2,218.0,60.9,61.8,60.1,60.1,60.1,60.1,60.5,61.1,60.0,60.0,60.0,60.0,16.33,16.57,16.09,16.09,16.58,16.58,1.86,13.89,16.06,0.27,0.23,0,0,0.0,0.0,0,0.000,
17.9.2026,23:29:8.087,6027,33484,15.2,5732,10450,35.4,0.0,23329,0,0.766,0.797,0.762,0.752,0.750,0.681,0.701,1000.0,1000.0,1000.0,1000.0,1000.0,100.0,800.0,46.6,197.0,129.5,41.7,2.7,1.0,0.2,0.3,0.2,46.6,4.0,15.5,9.8,4.0,0.8,0.0,0.6,0.6,0.6,15.5,4.0,100.0,1.8,7.5,5.1,1.7,0.1,0.0,0.0,0.0,0.0,1.8,10.0,10.0,10.0,10.0,10.0,8.0,31,29,33,33,30,69,71,67,67,70,35,33,否,否,否,否,否,否,否,否,否,否,否,否,否,否,否,否,否,否,36,33,36,0.250,1.603,0.173,0.006,2.915,0.672,0.222,0.490,35.0,30.0,64.0,64.0,0,15.5,7.0,1.2,3.2,42.2,4.0,17.4,10.6,3.6,0.3,0.1,0.0,0.0,0.0,92.2,73.1,96.1,99.8,99.9,1066.7,10.67,15,15,15,35,74,374,1,2,否,否,否,否,否,否,否,否,否,否,否,否,否,否,否,否,否,否,否,否,否,否,否,否,否,否,否,否,否,否,否,否,否,否,否,否,否,32.0,32,32,30,97.0,100.0,否,否,24293,21074,0.0,1.0,1.0,0.000,0.024,5726,2146,36,0.006,100.0,1066.0,0.0,0.0,0.0,0.0,0.0,0.0,0.0,317,否,否,否,否,否,否,7.444,20.108,48.7,-5.501,25.2,219.3,60.9,61.8,60.1,60.1,60.1,60.1,60.5,61.1,60.0,60.0,60.0,60.0,16.33,16.57,16.09,16.09,16.58,16.58,1.86,13.89,16.06,0.27,0.23,0,0,0.0,0.0,0,0.000,
17.9.2026,23:29:10.082,6027,33485,15.2,5735,10447,35.4,0.0,23329,0,0.766,0.800,0.762,0.750,0.750,0.681,0.698,1000.0,1000.0,1000.0,1000.0,1000.0,100.0,800.0,29.3,123.4,68.4,36.0,6.0,0.3,0.2,0.2,0.2,29.3,4.9,10.1,5.6,2.0,0.3,21.3,0.0,0.0,0.0,21.3,4.9,100.0,1.1,4.3,2.5,1.5,0.2,0.0,0.0,0.0,0.0,1.1,10.0,10.0,10.0,10.0,10.0,8.0,32,28,31,34,33,68,72,69,66,67,35,34,否,否,否,否,否,否,否,否,否,否,否,否,否,否,否,否,否,否,35,34,35,0.250,1.767,0.228,0.006,3.539,0.748,0.241,0.492,35.0,30.0,64.0,64.0,0,18.0,6.8,1.7,2.2,51.6,2.7,12.3,6.5,2.4,0.5,0.0,0.0,0.0,0.0,95.2,83.8,97.1,99.9,99.9,1066.7,10.67,15,15,15,35,74,374,1,2,否,否,否,否,否,否,否,否,否,否,否,否,否,否,否,否,否,否,否,否,否,否,否,否,否,否,否,否,否,否,否,否,否,否,否,否,否,32.0,32,32,30,97.0,100.0,否,否,24293,21074,0.0,1.0,1.0,0.000,0.012,5726,2146,35,0.006,100.0,1066.0,0.0,0.0,0.0,0.0,0.0,0.0,0.0,317,否,否,否,否,否,否,7.409,20.108,48.7,-5.535,25.2,218.0,60.9,61.8,60.1,60.1,60.1,60.1,60.5,61.1,60.0,60.0,60.0,60.0,16.33,16.57,16.09,16.09,16.58,16.58,1.86,13.89,16.06,0.27,0.23,0,0,0.0,0.0,0,0.000,
17.9.2026,23:29:12.083,6027,33485,15.2,5737,10445,35.4,0.0,23329,0,0.766,0.797,0.762,0.752,0.750,0.681,0.701,1000.0,1000.0,1000.0,1000.0,1000.0,100.0,800.0,29.6,130.2,84.6,15.2,3.0,2.5,0.2,0.7,0.2,29.6,2.6,10.7,6.9,1.1,0.1,0.1,0.6,0.7,0.6,10.7,2.6,100.0,1.1,4.6,3.2,0.6,0.1,0.1,0.0,0.0,0.0,1.1,10.0,10.0,10.0,10.0,10.0,8.0,32,29,33,33,32,68,71,67,67,68,35,33,否,否,否,否,否,否,否,否,否,否,否,否,否,否,否,否,否,否,35,33,35,0.250,1.535,0.184,0.007,2.736,0.655,0.223,0.427,35.0,30.0,64.0,64.0,0,17.5,13.7,1.7,2.0,45.4,2.8,12.8,7.7,1.4,0.3,0.2,0.0,0.1,0.0,95.1,82.5,98.3,99.7,99.9,1066.7,10.67,15,15,15,35,74,374,1,2,否,否,否,否,否,否,否,否,否,否,否,否,否,否,否,否,否,否,否,否,否,否,否,否,否,否,否,否,否,否,否,否,否,否,否,否,否,32.0,32,32,31,97.0,100.0,否,否,24293,21074,0.0,4.3,4.3,0.000,0.120,5726,2146,35,0.007,100.0,1066.0,0.0,0.0,0.0,0.0,0.0,0.0,0.0,317,否,否,否,否,否,否,7.409,20.108,48.7,-5.497,25.2,219.5,60.9,61.8,60.1,60.1,60.1,60.1,60.5,61.1,60.0,60.0,60.0,60.0,16.33,16.57,16.09,16.09,16.58,16.58,1.86,13.89,16.06,0.27,0.23,0,0,0.0,0.0,0,0.000,
17.9.2026,23:29:14.075,6027,33484,15.2,5740,10442,35.4,0.0,23329,0,0.766,0.797,0.762,0.752,0.750,0.681,0.698,1000.0,1000.0,1000.0,1000.0,1000.0,100.0,800.0,29.6,125.1,75.8,30.6,3.5,0.5,0.4,0.3,0.2,29.6,2.6,11.0,7.0,2.9,0.1,0.0,0.0,0.0,0.0,11.0,2.6,100.0,1.1,4.4,2.9,1.2,0.1,0.0,0.0,0.0,0.0,1.1,10.0,10.0,10.0,10.0,10.0,8.0,31,29,31,33,32,69,71,69,67,68,35,33,否,否,否,否,否,否,否,否,否,否,否,否,否,否,否,否,否,否,35,34,35,0.250,1.766,0.171,0.006,3.396,0.704,0.221,0.620,35.0,30.0,64.0,64.0,0,18.0,7.5,1.7,1.9,51.3,2.8,12.5,7.2,2.5,0.4,0.1,0.0,0.0,0.0,95.1,83.3,97.1,99.9,99.9,1066.7,10.67,15,15,15,35,74,374,1,2,否,否,否,否,否,否,否,否,否,否,否,否,否,否,否,否,否,否,否,否,否,否,否,否,否,否,否,否,否,否,否,否,否,否,否,否,否,31.0,32,32,30,97.0,100.0,否,否,24293,21074,0.0,1.5,1.5,0.000,0.032,5726,2146,35,0.006,100.0,1066.0,0.0,0.0,0.0,0.0,0.0,0.0,0.0,317,否,否,否,否,否,否,7.407,20.101,48.7,-5.533,25.2,218.0,60.9,61.8,60.1,60.1,60.1,60.1,60.5,61.1,60.0,60.0,60.0,60.0,16.33,16.57,16.09,16.09,16.58,16.58,1.86,13.89,16.06,0.27,0.23,0,0,0.0,0.0,0,0.000,
17.9.2026,23:29:16.092,6027,33485,15.2,5740,10442,35.4,0.0,23329,0,0.764,0.800,0.755,0.750,0.752,0.681,0.701,950.0,1000.0,900.0,900.0,1000.0,100.0,800.0,28.2,121.3,69.4,31.0,1.1,1.4,0.2,0.8,0.2,28.2,2.4,10.0,5.7,1.9,0.0,0.0,0.7,0.0,0.7,10.0,2.4,100.0,1.0,4.3,2.6,1.3,0.0,0.0,0.0,0.0,0.0,1.0,9.5,10.0,9.0,9.0,10.0,8.0,32,29,33,34,32,68,71,67,66,68,35,34,否,否,否,否,否,否,否,否,否,否,否,否,否,否,否,否,否,否,34,33,34,0.250,1.546,0.159,0.007,2.794,0.664,0.225,0.453,35.0,30.0,64.0,64.0,0,18.1,7.1,1.8,2.1,51.8,2.6,12.1,6.5,2.1,0.1,0.1,0.0,0.1,0.0,95.4,84.1,97.8,99.8,99.9,1066.7,10.67,15,15,15,35,74,374,1,2,是,否,否,否,否,否,否,是,否,否,否,否,否,否,否,否,否,否,否,否,否,否,否,否,否,否,否,否,否,否,否,否,否,否,否,否,否,32.0,32,32,31,97.0,100.0,否,否,24293,21074,0.0,1.0,1.0,0.000,0.063,5726,2146,35,0.007,100.0,1066.0,0.0,0.0,0.0,0.0,0.0,0.0,0.0,317,否,否,否,否,否,否,7.397,20.101,48.7,-5.503,25.2,219.2,60.9,61.8,60.1,60.1,60.1,60.1,60.5,61.1,60.0,60.0,60.0,60.0,16.33,16.57,16.09,16.09,16.58,16.58,1.86,13.89,16.06,0.27,0.23,0,0,0.0,0.0,0,0.000,
17.9.2026,23:29:18.103,6026,33485,15.2,5740,10442,35.4,0.0,23329,0,0.766,0.797,0.760,0.755,0.750,0.681,0.701,1000.0,1000.0,1000.0,1000.0,1000.0,100.0,800.0,28.7,137.4,65.0,22.6,1.6,1.5,0.2,1.0,0.2,28.7,4.8,11.7,5.3,0.0,0.8,20.5,0.0,0.0,0.0,20.5,4.8,100.0,1.1,5.0,2.4,0.9,0.1,0.1,0.0,0.0,0.0,1.1,10.0,10.0,10.0,10.0,10.0,8.0,32,29,32,33,33,68,71,68,67,67,35,33,否,否,否,否,否,否,否,否,否,否,否,否,否,否,否,否,否,否,34,34,35,0.250,1.544,0.177,0.006,2.752,0.664,0.225,0.445,35.0,30.0,64.0,64.0,0,18.0,4.2,1.5,2.1,55.0,2.7,13.7,6.2,1.5,0.2,0.2,0.0,0.1,0.0,95.4,83.5,98.3,99.8,99.9,1066.7,10.67,15,15,15,35,74,374,1,2,否,否,否,否,否,否,否,否,否,否,否,否,否,否,否,否,否,否,否,否,否,否,否,否,否,否,否,否,否,否,否,否,否,否,否,否,否,32.0,32,32,31,97.0,100.0,否,否,24293,21074,0.0,0.5,0.5,0.000,0.008,5726,2146,35,0.006,100.0,1066.0,0.0,0.0,0.0,0.0,0.0,0.0,0.0,317,否,否,否,否,否,否,7.409,20.101,48.7,-5.483,25.2,219.9,60.9,61.8,60.1,60.1,60.1,60.1,60.5,61.1,60.0,60.0,60.0,60.0,16.33,16.57,16.09,16.09,16.58,16.58,1.86,13.89,16.06,0.27,0.23,0,0,0.0,0.0,0,0.000,
17.9.2026,23:29:20.108,6027,33485,15.2,5739,10444,35.4,0.0,23329,0,0.769,0.797,0.762,0.760,0.755,0.681,0.698,1050.0,1000.0,1000.0,1100.0,1100.0,100.0,800.0,28.6,136.6,70.7,20.7,0.2,0.2,0.2,0.2,0.2,28.6,2.7,11.5,5.8,4.1,0.0,0.0,0.0,0.0,0.0,11.5,2.7,100.0,1.1,4.9,2.6,0.8,0.0,0.0,0.0,0.0,0.0,1.1,10.5,10.0,10.0,11.0,11.0,8.0,32,30,32,33,32,68,70,68,67,68,35,33,否,否,否,否,否,否,否,否,否,否,否,否,否,否,否,否,否,否,35,34,35,0.250,1.418,0.168,0.005,2.423,0.630,0.222,0.349,35.0,30.0,64.0,64.0,0,17.8,7.8,1.9,1.9,51.0,2.7,13.5,6.6,1.3,0.0,0.0,0.0,0.0,0.0,95.4,82.9,98.6,99.9,99.9,1066.7,10.67,15,15,15,35,74,374,1,2,否,否,否,否,否,否,否,否,否,否,否,否,否,否,否,否,否,否,否,否,否,否,否,否,否,否,否,否,否,否,否,否,否,否,否,否,否,32.0,32,32,30,97.0,100.0,否,否,24293,21074,0.0,1.5,1.5,0.000,0.045,5726,2146,35,0.005,100.0,1066.0,0.0,0.0,0.0,0.0,0.0,0.0,0.0,317,否,否,否,否,否,否,7.409,20.093,48.6,-5.438,25.2,221.7,60.9,61.8,60.1,60.1,60.1,60.1,60.5,61.1,60.0,60.0,60.0,60.0,16.33,16.57,16.09,16.09,16.58,16.58,1.86,13.89,16.06,0.27,0.23,0,0,0.0,0.0,0,0.000,
17.9.2026,23:29:22.121,6027,33485,15.2,5737,10445,35.4,0.0,23329,0,0.769,0.795,0.767,0.760,0.755,0.681,0.698,1050.0,1000.0,1100.0,1100.0,1000.0,100.0,800.0,28.7,121.8,77.6,25.9,2.2,1.6,0.2,0.2,0.2,28.7,2.3,10.0,6.5,1.6,0.1,0.1,0.0,0.0,0.0,10.0,2.3,100.0,1.0,4.2,2.9,1.0,0.1,0.1,0.0,0.0,0.0,1.0,10.5,10.0,11.0,11.0,10.0,8.0,32,30,33,34,32,68,70,67,66,68,35,34,否,否,否,否,否,否,否,否,否,否,否,否,否,否,否,否,否,否,35,34,35,0.250,1.582,0.171,0.006,2.855,0.664,0.224,0.480,35.0,30.0,64.0,64.0,0,18.1,8.0,1.9,2.2,50.5,2.7,12.1,7.3,1.8,0.2,0.2,0.0,0.0,0.0,95.3,83.4,98.0,99.8,99.9,1066.7,10.67,15,15,15,35,74,374,1,2,否,否,否,否,否,否,否,否,否,否,否,否,否,否,否,否,否,否,否,否,否,否,否,否,否,否,否,否,否,否,否,否,否,否,否,否,否,32.0,32,32,31,97.0,100.0,否,否,24293,21074,0.0,1.5,1.5,0.000,0.042,5726,2147,35,0.006,100.0,1066.0,0.0,0.0,0.0,0.0,0.0,0.0,0.0,317,否,否,否,否,否,否,7.401,20.093,48.6,-5.440,25.2,221.6,60.9,61.8,60.1,60.1,60.1,60.1,60.5,61.1,60.0,60.0,60.0,60.0,16.33,16.57,16.09,16.09,16.58,16.58,1.86,13.89,16.06,0.27,0.23,0,0,0.0,0.0,0,0.000,
17.9.2026,23:29:24.113,6027,33485,15.2,5736,10446,35.4,0.0,23329,0,0.761,0.795,0.755,0.747,0.747,0.678,0.701,900.0,900.0,900.0,900.0,900.0,100.0,700.0,28.4,131.8,66.6,27.7,0.2,0.3,0.2,0.2,0.2,28.4,2.6,10.9,5.4,1.5,0.5,0.6,0.5,0.5,0.5,10.9,2.6,100.0,1.0,4.7,2.5,1.1,0.0,0.0,0.0,0.0,0.0,1.0,9.0,9.0,9.0,9.0,9.0,7.0,32,29,33,33,32,68,71,67,67,68,35,33,否,否,否,否,否,否,否,否,否,否,否,否,否,否,否,否,否,否,46,46,35,0.250,1.584,0.176,0.006,2.872,0.659,0.219,0.482,35.0,30.0,64.0,64.0,0,18.0,5.6,1.5,2.2,53.5,2.7,12.9,6.3,1.9,0.0,0.0,0.0,0.0,0.0,95.4,83.7,98.1,99.9,99.9,1066.7,10.67,15,15,15,35,74,374,1,2,否,否,否,否,否,否,否,否,否,否,否,否,否,否,否,否,否,否,否,否,否,否,否,否,否,否,否,否,否,否,否,否,否,否,否,否,否,33.0,32,32,31,97.0,100.0,否,否,24293,21074,0.0,1.0,1.0,0.000,0.012,5726,2147,36,0.006,100.0,1066.0,0.0,0.0,0.0,0.0,0.0,0.0,0.0,317,否,否,否,否,否,否,7.404,20.086,48.6,-5.442,25.2,221.4,60.9,61.8,60.1,60.1,60.1,60.1,60.5,61.1,60.0,60.0,60.0,60.0,16.33,16.57,16.09,16.09,16.58,16.58,1.86,13.89,16.06,0.27,0.23,0,0,0.0,0.0,0,0.000,
17.9.2026,23:29:26.111,6027,33485,15.2,5735,10448,35.4,0.0,23329,0,0.764,0.795,0.757,0.755,0.750,0.681,0.698,1000.0,1000.0,1000.0,1000.0,1000.0,100.0,800.0,28.3,120.0,83.5,20.6,0.3,0.4,0.3,0.4,0.3,28.3,2.3,10.0,7.2,1.3,0.0,0.0,0.0,0.0,0.0,10.0,2.3,100.0,1.0,4.2,3.2,0.8,0.0,0.0,0.0,0.0,0.0,1.0,10.0,10.0,10.0,10.0,10.0,8.0,31,29,33,33,30,69,71,67,67,70,35,33,否,否,否,否,否,否,否,否,否,否,否,否,否,否,否,否,否,否,34,34,35,0.250,1.515,0.166,0.007,2.640,0.660,0.231,0.419,35.0,30.0,64.0,64.0,0,17.7,9.1,1.3,2.1,50.7,2.7,11.9,7.9,1.3,0.0,0.1,0.0,0.0,0.0,95.4,83.3,98.5,99.9,99.9,1066.7,10.67,15,15,15,35,74,374,1,2,是,否,否,否,否,否,否,是,否,否,否,否,否,否,否,否,否,否,否,否,否,否,否,否,否,否,否,否,否,否,否,否,否,否,否,否,否,32.0,32,32,30,97.0,100.0,否,否,24293,21074,0.0,1.0,1.0,0.000,0.079,5726,2147,36,0.007,100.0,1066.0,0.0,0.0,0.0,0.0,0.0,0.0,0.0,317,否,否,否,否,否,否,7.403,20.086,48.6,-5.426,25.2,222.1,60.9,61.8,60.1,60.1,60.1,60.1,60.5,61.1,60.0,60.0,60.0,60.0,16.33,16.57,16.09,16.09,16.58,16.58,1.86,13.89,16.06,0.27,0.23,0,0,0.0,0.0,0,0.000,
17.9.2026,23:29:28.123,6027,33485,15.2,5733,10449,35.4,0.0,23329,0,0.768,0.800,0.762,0.755,0.755,0.681,0.741,1000.0,1000.0,1000.0,1000.0,1000.0,100.0,800.0,28.5,130.2,72.8,17.1,1.2,1.5,0.2,5.1,0.2,28.5,2.3,11.0,6.1,0.9,0.1,0.0,0.0,0.5,0.0,11.0,2.3,100.0,1.0,4.6,2.7,0.7,0.0,0.1,0.0,0.2,0.0,1.0,10.0,10.0,10.0,10.0,10.0,8.0,30,28,33,32,29,70,72,67,68,71,35,33,否,否,否,否,否,否,否,否,否,否,否,否,否,否,否,否,否,否,35,33,34,0.250,1.604,0.170,0.007,2.911,0.674,0.227,0.488,35.0,30.0,64.0,64.0,0,17.9,7.6,1.4,2.4,51.7,2.7,12.9,6.8,1.0,0.1,0.2,0.0,0.5,0.0,95.4,83.4,98.8,99.8,99.5,1066.7,10.67,15,15,15,35,74,374,1,2,否,否,否,否,否,否,否,否,否,否,否,否,否,否,否,否,否,否,否,否,否,否,否,否,否,否,否,否,否,否,否,否,否,否,否,否,否,32.0,32,32,30,97.0,100.0,否,否,24293,21074,0.0,2.4,2.4,0.000,0.028,5726,2147,35,0.007,100.0,1066.0,0.0,0.0,0.0,0.0,0.0,0.0,0.0,317,否,否,否,否,否,否,7.405,20.086,48.6,-5.420,25.2,222.3,60.9,61.8,60.1,60.1,60.1,60.1,60.5,61.1,60.0,60.0,60.0,60.0,16.33,16.57,16.09,16.09,16.58,16.58,1.86,13.89,16.06,0.27,0.23,0,0,0.0,0.0,0,0.000,
17.9.2026,23:29:30.107,6026,33486,15.2,5731,10451,35.4,0.0,23329,0,0.766,0.797,0.760,0.755,0.752,0.681,0.741,1000.0,1000.0,1000.0,1000.0,1000.0,100.0,800.0,29.6,130.7,87.4,15.1,1.2,1.3,0.2,0.8,0.2,29.6,2.4,10.9,7.4,1.1,0.1,0.1,0.0,0.0,0.0,10.9,2.4,100.0,1.1,4.6,3.3,0.6,0.0,0.0,0.0,0.0,0.0,1.1,10.0,10.0,10.0,10.0,10.0,8.0,31,28,32,33,30,69,72,68,67,70,35,33,否,否,否,否,否,否,否,否,否,否,否,否,否,否,否,否,否,否,35,34,35,0.250,1.569,0.172,0.007,2.764,0.669,0.230,0.457,35.0,30.0,64.0,64.0,0,17.9,6.2,1.5,2.1,52.0,2.8,12.9,8.1,1.2,0.1,0.1,0.0,0.1,0.0,95.1,82.1,98.6,99.8,99.9,1066.7,10.67,15,15,15,35,74,374,1,2,否,否,否,否,否,否,否,否,否,否,否,否,否,否,否,否,否,否,否,否,否,否,否,否,否,否,否,否,否,否,否,否,否,否,否,否,否,32.0,32,32,30,97.0,100.0,否,否,24293,21074,0.0,1.0,1.0,0.000,0.036,5726,2147,35,0.007,100.0,1066.0,0.0,0.0,0.0,0.0,0.0,0.0,0.0,317,否,否,否,否,否,否,7.411,20.078,48.6,-5.425,25.2,222.1,60.9,61.8,60.1,60.1,60.1,60.1,60.5,61.1,60.0,60.0,60.0,60.0,16.33,16.57,16.09,16.09,16.58,16.58,1.86,13.89,16.06,0.27,0.23,0,0,0.0,0.0,0,0.000,
17.9.2026,23:29:32.115,6026,33486,15.2,5730,10452,35.4,0.0,23329,0,0.764,0.797,0.760,0.750,0.750,0.681,0.741,1000.0,1000.0,1000.0,1000.0,1000.0,100.0,800.0,28.7,120.7,68.6,33.1,6.2,0.4,0.2,0.2,0.2,28.7,2.9,10.5,6.1,2.9,0.3,2.0,0.5,0.5,0.5,10.5,2.9,100.0,1.0,4.2,2.5,1.3,0.2,0.0,0.0,0.0,0.0,1.0,10.0,10.0,10.0,10.0,10.0,8.0,31,29,32,33,30,69,71,68,67,70,35,33,否,否,否,否,否,否,否,否,否,否,否,否,否,否,否,否,否,否,35,33,35,0.250,1.533,0.152,0.007,2.756,0.668,0.234,0.439,35.0,30.0,64.0,64.0,0,17.7,9.5,1.9,2.0,49.3,2.7,12.1,6.4,2.6,0.6,0.1,0.0,0.0,0.0,95.2,84.3,96.8,99.9,99.9,1066.7,10.67,15,15,15,35,74,374,1,2,否,否,否,否,否,否,否,否,否,否,否,否,否,否,否,否,否,否,否,否,否,否,否,否,否,否,否,否,否,否,否,否,否,否,否,否,否,32.0,32,32,30,97.0,100.0,否,否,24293,21074,0.0,1.0,1.0,0.000,0.067,5726,2147,35,0.007,100.0,1066.0,0.0,0.0,0.0,0.0,0.0,0.0,0.0,317,否,否,否,否,否,否,7.412,20.078,48.6,-5.411,25.2,222.6,60.9,61.8,60.1,60.1,60.1,60.1,60.5,61.1,60.0,60.0,60.0,60.0,16.33,16.57,16.09,16.09,16.58,16.58,1.86,13.89,16.06,0.27,0.23,0,0,0.0,0.0,0,0.000,
17.9.2026,23:29:34.119,6025,33486,15.2,5733,10450,35.4,0.0,23329,0,0.767,0.800,0.762,0.755,0.752,0.681,0.698,1000.0,1000.0,1000.0,1000.0,1000.0,100.0,800.0,28.6,124.2,71.6,27.9,3.4,0.8,0.2,0.2,0.2,28.6,2.3,10.1,5.6,1.2,0.7,0.0,0.4,0.4,0.4,10.1,2.3,100.0,1.0,4.4,2.7,1.1,0.1,0.0,0.0,0.0,0.0,1.0,10.0,10.0,10.0,10.0,10.0,8.0,31,28,31,33,32,69,72,69,67,68,35,33,否,否,否,否,否,否,否,否,否,否,否,否,否,否,否,否,否,否,36,35,35,0.250,1.640,0.176,0.005,3.025,0.675,0.224,0.522,35.0,30.0,64.0,64.0,0,17.9,6.3,1.8,1.8,52.8,2.7,12.5,6.8,1.7,0.4,0.1,0.0,0.0,0.0,95.3,83.5,97.9,99.9,99.9,1066.7,10.67,15,15,15,35,74,374,1,2,是,否,否,否,否,否,否,是,否,否,否,否,否,否,否,否,否,否,否,否,否,否,否,否,否,否,否,否,否,否,否,否,否,否,否,否,否,32.0,32,32,30,97.0,100.0,否,否,24293,21074,0.0,0.9,0.9,0.000,0.014,5726,2147,36,0.005,100.0,1066.0,0.0,0.0,0.0,0.0,0.0,0.0,0.0,317,否,否,否,否,否,否,7.409,20.070,48.6,-5.423,25.2,222.1,60.9,61.8,60.1,60.1,60.1,60.1,60.5,61.1,60.0,60.0,60.0,60.0,16.33,16.57,16.09,16.09,16.58,16.58,1.86,13.89,16.06,0.27,0.23,0,0,0.0,0.0,0,0.000,
17.9.2026,23:29:36.110,6025,33486,15.2,5733,10449,35.4,0.0,23329,0,0.765,0.795,0.762,0.752,0.750,0.681,0.701,1000.0,1000.0,1000.0,1000.0,1000.0,100.0,800.0,28.6,132.4,62.9,30.0,2.8,0.3,0.2,0.2,0.2,28.6,2.6,11.7,5.7,2.5,0.7,0.0,0.0,0.0,0.0,11.7,2.6,100.0,1.0,4.7,2.3,1.2,0.1,0.0,0.0,0.0,0.0,1.0,10.0,10.0,10.0,10.0,10.0,8.0,32,29,33,33,32,68,71,67,67,68,36,33,否,否,否,否,否,否,否,否,否,否,否,否,否,否,否,否,否,否,36,35,36,0.250,1.501,0.177,0.006,2.691,0.632,0.212,0.433,35.0,30.0,64.0,64.0,0,17.9,10.5,1.7,2.3,47.9,2.7,13.3,6.0,2.2,0.3,0.0,0.0,0.0,0.0,95.2,83.4,97.5,99.9,99.9,1066.7,10.67,15,15,15,35,74,374,1,2,否,否,否,否,否,否,否,否,否,否,否,否,否,否,否,否,否,否,否,否,否,否,否,否,否,否,否,否,否,否,否,否,否,否,否,否,否,32.0,32,32,30,97.0,100.0,否,否,24293,21074,0.0,2.0,2.0,0.000,0.051,5726,2147,34,0.006,100.0,1066.0,0.0,0.0,0.0,0.0,0.0,0.0,0.0,317,否,否,否,否,否,否,7.388,20.070,48.6,-5.393,25.2,223.3,60.9,61.8,60.1,60.1,60.1,60.1,60.5,61.1,60.0,60.0,60.0,60.0,16.33,16.57,16.09,16.09,16.58,16.58,1.86,13.89,16.06,0.27,0.23,0,0,0.0,0.0,0,0.000,
17.9.2026,23:29:38.116,6025,33487,15.2,5736,10446,35.4,0.0,23329,0,0.765,0.797,0.760,0.752,0.750,0.681,0.741,1000.0,1000.0,1000.0,1000.0,1000.0,100.0,800.0,29.1,134.1,80.8,10.6,1.0,5.3,0.2,0.2,0.2,29.1,2.3,10.9,6.7,0.8,0.0,0.0,0.0,0.0,0.0,10.9,2.3,100.0,1.1,4.8,3.1,0.4,0.0,0.2,0.0,0.0,0.0,1.1,10.0,10.0,10.0,10.0,10.0,8.0,32,29,33,34,32,68,71,67,66,68,34,34,否,否,否,否,否,否,否,否,否,否,否,否,否,否,否,否,否,否,35,34,35,0.250,1.681,0.174,0.010,3.136,0.688,0.224,0.544,35.0,30.0,64.0,64.0,0,17.7,6.4,1.4,1.8,53.1,2.8,12.9,7.5,1.0,0.1,0.5,0.0,0.0,0.0,95.3,82.9,98.8,99.5,99.9,1066.7,10.67,15,15,15,35,74,374,1,2,否,否,否,否,否,否,否,否,否,否,否,否,否,否,否,否,否,否,否,否,否,否,否,否,否,否,否,否,否,否,否,否,否,否,否,否,否,32.0,32,32,31,97.0,100.0,否,否,24293,21074,0.0,1.0,1.0,0.000,0.010,5726,2147,35,0.010,100.0,1066.0,0.0,0.0,0.0,0.0,0.0,0.0,0.0,317,否,否,否,否,否,否,7.386,20.070,48.6,-5.421,25.2,222.1,60.9,61.8,60.1,60.1,60.1,60.1,60.5,61.1,60.0,60.0,60.0,60.0,16.33,16.57,16.09,16.09,16.58,16.58,1.86,13.89,16.06,0.27,0.23,0,0,0.0,0.0,0,0.000,
17.9.2026,23:29:40.121,6025,33487,15.2,5737,10445,35.4,0.0,23329,0,0.765,0.797,0.762,0.750,0.750,0.683,0.741,1000.0,1000.0,1000.0,1000.0,1000.0,100.0,800.0,29.4,122.8,84.2,24.7,1.3,1.9,0.2,0.2,0.2,29.4,7.4,10.1,7.0,0.6,0.0,20.9,0.0,20.8,0.0,20.9,7.4,100.0,1.1,4.3,3.2,1.0,0.0,0.1,0.0,0.0,0.0,1.1,10.0,10.0,10.0,10.0,10.0,8.0,31,29,31,33,32,69,71,69,67,68,35,33,否,否,否,否,否,否,否,否,否,否,否,否,否,否,否,否,否,否,35,34,35,0.250,1.506,0.158,0.007,2.714,0.638,0.216,0.446,35.0,30.0,64.0,64.0,0,17.5,8.0,1.4,2.3,50.8,2.8,12.3,8.0,1.7,0.1,0.2,0.0,0.0,0.0,95.1,82.7,98.1,99.8,99.9,1066.7,10.67,15,15,15,35,74,374,1,2,否,否,否,否,否,否,否,否,否,否,否,否,否,否,否,否,否,否,否,否,否,否,否,否,否,否,否,否,否,否,否,否,否,否,否,否,否,33.0,32,32,30,97.0,100.0,否,否,24293,21074,0.0,1.0,1.0,0.000,0.016,5726,2147,35,0.007,100.0,1066.0,0.0,0.0,0.0,0.0,0.0,0.0,0.0,317,否,否,否,否,否,否,7.400,20.063,48.6,-5.409,25.2,222.6,60.9,61.8,60.1,60.1,60.1,60.1,60.5,61.1,60.0,60.0,60.0,60.0,16.33,16.57,16.09,16.09,16.58,16.58,1.86,13.89,16.06,0.27,0.23,0,0,0.0,0.0,0,0.000,
17.9.2026,23:29:42.123,6025,33487,15.2,5738,10445,35.4,0.0,23329,0,0.767,0.800,0.762,0.755,0.752,0.681,0.741,1000.0,1000.0,1000.0,1000.0,1000.0,100.0,800.0,28.5,122.3,75.2,28.3,0.2,0.6,0.2,1.2,0.2,28.5,2.8,10.2,6.4,2.5,0.7,0.7,0.7,0.8,0.7,10.2,2.8,100.0,1.0,4.3,2.8,1.2,0.0,0.0,0.0,0.0,0.0,1.0,10.0,10.0,10.0,10.0,10.0,8.0,31,28,32,33,32,69,72,68,67,68,34,33,否,否,否,否,否,否,否,否,否,否,否,否,否,否,否,否,否,否,35,34,35,0.250,1.554,0.173,0.006,2.833,0.653,0.220,0.463,35.0,30.0,64.0,64.0,0,17.9,8.4,1.5,1.8,51.0,2.7,12.3,7.2,1.9,0.0,0.1,0.0,0.1,0.0,95.4,83.7,98.0,99.9,99.8,1066.7,10.67,15,15,15,35,74,374,1,2,否,否,否,否,否,否,否,否,否,否,否,否,否,否,否,否,否,否,否,否,否,否,否,否,否,否,否,否,否,否,否,否,否,否,否,否,否,31.0,32,32,30,97.0,100.0,否,否,24293,21074,0.0,1.0,1.0,0.000,0.092,5726,2147,35,0.006,100.0,1066.0,0.0,0.0,0.0,0.0,0.0,0.0,0.0,317,否,否,否,否,否,否,7.405,20.063,48.6,-5.406,25.2,222.7,60.9,61.8,60.1,60.1,60.1,60.1,60.5,61.1,60.0,60.0,60.0,60.0,16.33,16.57,16.09,16.09,16.58,16.58,1.86,13.89,16.06,0.27,0.23,0,0,0.0,0.0,0,0.000,
17.9.2026,23:29:44.113,6024,33487,15.2,5737,10445,35.4,0.0,23329,0,0.762,0.795,0.755,0.750,0.747,0.678,0.701,900.0,900.0,900.0,900.0,900.0,100.0,700.0,29.4,135.5,65.2,31.2,1.9,1.0,0.2,0.2,0.2,29.4,2.6,12.0,6.0,2.8,0.0,0.0,0.0,0.0,0.0,12.0,2.6,100.0,1.1,4.8,2.4,1.3,0.1,0.0,0.0,0.0,0.0,1.1,9.0,9.0,9.0,9.0,9.0,7.0,32,29,33,32,32,68,71,67,68,68,35,33,否,否,否,否,否,否,否,否,否,否,否,否,否,否,否,否,否,否,35,33,35,0.250,1.559,0.177,0.006,2.838,0.646,0.214,0.472,35.0,30.0,64.0,64.0,0,17.6,9.7,1.6,1.6,49.2,2.9,13.7,6.4,2.5,0.2,0.1,0.0,0.0,0.0,95.0,83.0,97.3,99.8,99.9,1066.7,10.67,15,15,15,35,74,374,1,2,否,否,否,否,否,否,否,否,否,否,否,否,否,否,否,否,否,否,否,否,否,否,否,否,否,否,否,否,否,否,否,否,否,否,否,否,否,31.0,32,32,30,97.0,100.0,否,否,24293,21074,0.0,2.9,2.9,0.000,0.055,5726,2147,35,0.006,100.0,1066.0,0.0,0.0,0.0,0.0,0.0,0.0,0.0,317,否,否,否,否,否,否,7.408,20.055,48.5,-5.400,25.2,222.8,60.9,61.8,60.1,60.1,60.1,60.1,60.5,61.1,60.0,60.0,60.0,60.0,16.33,16.57,16.09,16.09,16.58,16.58,1.86,13.89,16.06,0.27,0.23,0,0,0.0,0.0,0,0.000,
17.9.2026,23:29:46.125,6024,33488,15.2,5735,10447,35.4,0.0,23329,0,0.766,0.800,0.762,0.752,0.750,0.681,0.698,1000.0,1000.0,1000.0,1000.0,1000.0,100.0,800.0,30.5,133.6,73.7,32.9,1.4,0.7,0.5,0.7,0.2,30.5,2.4,11.3,6.1,2.0,0.0,0.0,0.0,0.0,0.0,11.3,2.4,100.0,1.1,4.7,2.7,1.3,0.0,0.0,0.0,0.0,0.0,1.1,10.0,10.0,10.0,10.0,10.0,8.0,32,29,32,33,32,68,71,68,67,68,35,33,否,否,否,否,否,否,否,否,否,否,否,否,否,否,否,否,否,否,34,33,34,0.250,1.574,0.172,0.006,3.009,0.632,0.196,0.512,35.0,30.0,64.0,64.0,0,17.6,10.9,1.3,1.7,48.2,2.9,13.4,7.0,2.1,0.2,0.1,0.1,0.1,0.0,95.1,82.9,97.7,99.9,99.9,1066.7,10.67,15,15,15,35,74,374,1,2,是,否,否,否,否,否,否,否,否,否,是,否,否,否,否,否,否,否,否,否,否,否,否,否,否,否,否,否,否,否,否,否,否,否,否,否,否,32.0,32,32,30,97.0,100.0,否,否,24293,21074,0.0,2.0,2.0,0.000,0.110,5726,2148,35,0.006,100.0,1066.0,0.0,0.0,0.0,0.0,0.0,0.0,0.0,317,否,否,否,否,否,否,7.406,20.055,48.5,-5.414,25.2,222.2,60.9,61.8,60.1,60.1,60.1,60.1,60.5,61.1,60.0,60.0,60.0,60.0,16.33,16.57,16.09,16.09,16.58,16.58,1.86,13.89,16.06,0.27,0.23,0,0,0.0,0.0,0,0.000,
17.9.2026,23:29:48.134,6024,33488,15.2,5733,10449,35.4,0.0,23329,0,0.767,0.800,0.762,0.755,0.752,0.681,0.741,1000.0,1000.0,1000.0,1000.0,1000.0,100.0,800.0,28.8,122.2,74.4,31.2,1.1,0.7,0.2,0.2,0.2,28.8,2.2,10.1,6.1,1.6,0.0,0.0,0.0,0.0,0.0,10.1,2.2,100.0,1.1,4.3,2.8,1.3,0.0,0.0,0.0,0.0,0.0,1.1,10.0,10.0,10.0,10.0,10.0,8.0,31,28,33,33,30,69,72,67,67,70,35,33,否,否,否,否,否,否,否,否,否,否,否,否,否,否,否,否,否,否,35,33,35,0.250,1.688,0.194,0.009,3.170,0.680,0.225,0.540,35.0,30.0,64.0,64.0,0,18.3,6.6,1.6,1.8,52.7,2.7,12.2,7.0,1.9,0.1,0.1,0.0,0.0,0.0,95.4,83.9,97.9,99.9,99.9,1066.7,10.67,15,15,15,35,74,374,1,2,是,否,否,否,否,否,否,否,否,否,是,否,否,否,否,否,否,否,否,否,否,否,否,否,否,否,否,否,否,否,否,否,否,否,否,否,否,31.0,32,32,31,97.0,100.0,否,否,24293,21074,0.0,1.0,1.0,0.000,0.012,5726,2148,35,0.009,100.0,1066.0,0.0,0.0,0.0,0.0,0.0,0.0,0.0,317,否,否,否,否,否,否,7.397,20.055,48.5,-5.437,25.2,221.3,60.9,61.8,60.1,60.1,60.1,60.1,60.5,61.1,60.0,60.0,60.0,60.0,16.33,16.57,16.09,16.09,16.58,16.58,1.86,13.89,16.06,0.27,0.23,0,0,0.0,0.0,0,0.000,
17.9.2026,23:29:50.121,6024,33488,15.2,5732,10450,35.4,0.0,23329,0,0.766,0.797,0.762,0.752,0.750,0.681,0.741,1000.0,1000.0,1000.0,1000.0,1000.0,100.0,800.0,28.8,131.2,72.8,24.7,1.2,0.2,0.2,0.2,0.2,28.8,2.8,11.1,6.1,1.5,0.7,0.7,0.7,0.7,0.7,11.1,2.8,100.0,1.1,4.7,2.7,1.0,0.0,0.0,0.0,0.0,0.0,1.1,10.0,10.0,10.0,10.0,10.0,8.0,32,29,31,33,33,68,71,69,67,67,35,33,否,否,否,否,否,否,否,否,否,否,否,否,否,否,否,否,否,否,35,34,35,0.250,1.556,0.184,0.006,2.765,0.649,0.223,0.458,35.0,30.0,64.0,64.0,0,17.6,7.0,1.5,2.5,51.6,2.8,13.1,6.9,1.8,0.1,0.0,0.0,0.0,0.0,95.3,83.1,98.1,99.9,99.9,1066.7,10.67,15,15,15,35,74,374,1,2,否,否,否,否,否,否,否,否,否,否,否,否,否,否,否,否,否,否,否,否,否,否,否,否,否,否,否,否,否,否,否,否,否,否,否,否,否,31.0,32,32,30,97.0,100.0,否,否,24293,21074,0.0,1.0,1.0,0.000,0.012,5726,2148,35,0.006,100.0,1066.0,0.0,0.0,0.0,0.0,0.0,0.0,0.0,317,否,否,否,否,否,否,7.408,20.047,48.5,-5.430,25.2,221.5,60.9,61.8,60.1,60.1,60.1,60.1,60.5,61.1,60.0,60.0,60.0,60.0,16.33,16.57,16.09,16.09,16.58,16.58,1.86,13.89,16.06,0.27,0.23,0,0,0.0,0.0,0,0.000,
17.9.2026,23:29:52.138,6024,33488,15.2,5731,10451,35.4,0.0,23329,0,0.766,0.800,0.760,0.755,0.750,0.681,0.741,1000.0,1000.0,1000.0,1000.0,1000.0,100.0,800.0,28.4,130.8,72.5,20.8,1.4,0.7,0.2,0.6,0.2,28.4,2.3,11.2,6.3,1.2,0.1,0.0,0.0,0.0,0.0,11.2,2.3,100.0,1.0,4.6,2.7,0.8,0.0,0.0,0.0,0.0,0.0,1.0,10.0,10.0,10.0,10.0,10.0,8.0,32,30,33,32,32,68,70,67,68,68,35,33,否,否,否,否,否,否,否,否,否,否,否,否,否,否,否,否,否,否,35,33,35,0.250,1.527,0.165,0.006,2.715,0.660,0.229,0.433,35.0,30.0,64.0,64.0,0,17.7,9.3,2.0,2.1,49.0,2.7,13.2,7.0,1.4,0.2,0.1,0.0,0.1,0.0,95.2,82.7,98.4,99.9,99.9,1066.7,10.67,15,15,15,35,74,374,1,2,否,否,否,否,否,否,否,否,否,否,否,否,否,否,否,否,否,否,否,否,否,否,否,否,否,否,否,否,否,否,否,否,否,否,否,否,否,31.0,32,32,31,97.0,100.0,否,否,24293,21074,0.0,1.6,1.6,0.000,0.040,5726,2148,35,0.006,100.0,1066.0,0.0,0.0,0.0,0.0,0.0,0.0,0.0,317,否,否,否,否,否,否,7.411,20.047,48.5,-5.417,25.2,222.0,60.9,61.8,60.1,60.1,60.1,60.1,60.5,61.1,60.0,60.0,60.0,60.0,16.33,16.57,16.09,16.09,16.58,16.58,1.86,13.89,16.06,0.27,0.23,0,0,0.0,0.0,0,0.000,
17.9.2026,23:29:54.137,6023,33488,15.2,5741,10442,35.4,0.0,23329,0,0.766,0.800,0.760,0.755,0.750,0.681,0.741,1000.0,1000.0,1000.0,1000.0,1000.0,100.0,800.0,36.9,165.7,95.1,23.7,4.2,5.0,0.2,0.8,0.2,36.9,3.0,14.0,8.3,1.8,0.0,0.0,0.0,0.0,0.0,14.0,3.0,100.0,1.4,6.1,3.7,0.9,0.1,0.2,0.0,0.0,0.0,1.4,10.0,10.0,10.0,10.0,10.0,8.0,32,29,32,33,32,68,71,68,67,68,35,33,否,否,否,否,否,否,否,否,否,否,否,否,否,否,否,否,否,否,35,33,34,0.250,1.581,0.175,0.006,3.292,0.650,0.209,0.495,35.0,30.0,64.0,64.0,0,17.4,6.9,1.4,3.7,48.0,3.4,15.6,8.7,1.7,0.4,0.5,0.0,0.1,0.0,94.2,79.8,97.9,99.4,99.9,1066.7,10.67,15,15,15,35,74,374,1,2,否,否,否,否,否,否,否,否,否,否,否,否,否,否,否,否,否,否,否,否,否,否,否,否,否,否,否,否,否,否,否,否,否,否,否,否,否,32.0,32,32,32,97.0,100.0,否,否,24293,21074,0.0,0.7,0.7,0.000,0.010,5726,2148,35,0.006,100.0,1066.0,0.0,0.0,0.0,0.0,0.0,0.0,0.0,317,否,否,否,否,否,否,7.390,20.040,48.5,-5.535,25.2,217.2,60.9,61.8,60.1,60.1,60.1,60.1,60.5,61.1,60.0,60.0,60.0,60.0,16.33,16.57,16.09,16.09,16.58,16.58,1.86,13.89,16.06,0.27,0.23,0,0,0.0,0.0,0,0.000,
17.9.2026,23:29:56.134,6023,33488,15.2,5739,10443,35.4,0.0,23329,0,0.765,0.797,0.760,0.752,0.750,0.681,0.701,1000.0,1000.0,1000.0,1000.0,1000.0,100.0,800.0,28.7,130.3,73.3,23.1,1.5,1.1,0.2,0.2,0.2,28.7,2.5,11.1,6.2,1.9,0.2,0.1,0.1,0.1,0.1,11.1,2.5,100.0,1.0,4.6,2.8,0.9,0.0,0.0,0.0,0.0,0.0,1.0,10.0,10.0,10.0,10.0,10.0,8.0,32,29,33,34,32,68,71,67,66,68,35,34,否,否,否,否,否,否,否,否,否,否,否,否,否,否,否,否,否,否,35,34,35,0.250,1.566,0.192,0.005,3.212,0.669,0.233,0.432,35.0,30.0,64.0,64.0,0,17.8,10.1,1.4,2.1,48.4,2.8,13.1,6.9,2.0,0.2,0.1,0.0,0.0,0.0,95.1,83.0,97.8,99.8,99.9,1066.7,10.67,15,15,15,35,74,374,1,2,否,否,否,否,否,否,否,否,否,否,否,否,否,否,否,否,否,否,否,否,否,否,否,否,否,否,否,否,否,否,否,否,否,否,否,否,否,32.0,32,32,32,97.0,100.0,否,否,24293,21074,0.0,1.5,1.5,0.000,0.118,5726,2148,34,0.005,100.0,1066.0,0.0,0.0,0.0,0.0,0.0,0.0,0.0,317,否,否,否,否,否,否,7.407,20.040,48.5,-5.570,25.2,215.9,60.9,61.8,60.1,60.1,60.1,60.1,60.5,61.1,60.0,60.0,60.0,60.0,16.33,16.57,16.09,16.09,16.58,16.58,1.86,13.89,16.06,0.27,0.23,0,0,0.0,0.0,0,0.000,
17.9.2026,23:29:58.146,6024,33487,15.2,5738,10444,35.4,0.0,23329,0,0.761,0.795,0.755,0.750,0.745,0.676,0.701,900.0,900.0,900.0,900.0,900.0,100.0,700.0,28.5,130.9,73.5,20.3,1.8,0.9,0.2,0.3,0.2,28.5,2.4,11.1,6.2,1.4,0.1,0.0,0.0,0.0,0.0,11.1,2.4,100.0,1.0,4.7,2.8,0.8,0.1,0.0,0.0,0.0,0.0,1.0,9.0,9.0,9.0,9.0,9.0,7.0,32,29,31,33,33,68,71,69,67,67,36,33,否,否,否,否,否,否,否,否,否,否,否,否,否,否,否,否,否,否,35,33,35,0.250,1.591,0.158,0.007,3.045,0.656,0.206,0.515,35.0,30.0,64.0,64.0,0,17.8,9.6,1.7,2.1,49.0,2.7,13.1,6.9,1.6,0.2,0.1,0.0,0.0,0.0,95.2,82.9,98.2,99.9,99.9,1066.7,10.67,15,15,15,35,74,374,1,2,否,否,否,否,否,否,否,否,否,否,否,否,否,否,否,否,否,否,否,否,否,否,否,否,否,否,否,否,否,否,否,否,否,否,否,否,否,31.0,32,32,32,97.0,100.0,否,否,24293,21074,0.0,1.4,1.4,0.000,0.012,5726,2148,35,0.007,100.0,1066.0,0.0,0.0,0.0,0.0,0.0,0.0,0.0,317,否,否,否,否,否,否,7.400,20.040,48.5,-5.565,25.2,216.1,60.9,61.8,60.1,60.1,60.1,60.1,60.5,61.1,60.0,60.0,60.0,60.0,16.33,16.57,16.09,16.09,16.58,16.58,1.86,13.89,16.06,0.27,0.23,0,0,0.0,0.0,0,0.000,
17.9.2026,23:30:0.153,6026,33485,15.2,5738,10444,35.4,0.0,23329,0,0.776,0.807,0.775,0.760,0.762,0.693,0.701,1225.0,1300.0,1200.0,1200.0,1200.0,100.0,1000.0,31.5,138.3,85.8,20.9,1.9,3.2,0.3,1.7,0.3,31.5,2.9,11.3,7.0,1.5,1.3,0.7,0.4,0.5,0.4,11.3,2.9,100.0,1.2,5.0,3.3,0.8,0.1,0.1,0.0,0.1,0.0,1.2,12.2,13.0,12.0,12.0,12.0,10.0,31,29,31,32,32,69,71,69,68,68,35,32,否,否,否,否,否,否,否,否,否,否,否,否,否,否,否,否,否,否,35,33,35,0.250,1.616,0.167,0.005,3.012,0.662,0.213,0.523,35.0,30.0,64.0,64.0,0,17.6,8.7,1.4,2.3,49.2,3.1,13.6,8.1,2.0,0.2,0.3,0.0,0.2,0.0,94.7,81.8,97.8,99.6,99.8,1066.7,10.67,15,15,15,35,74,374,1,2,否,否,否,否,否,否,否,否,否,否,否,否,否,否,否,否,否,否,否,否,否,否,否,否,否,否,否,否,否,否,否,否,否,否,否,否,否,31.0,32,32,32,97.0,100.0,否,否,24293,21074,0.0,1.5,1.5,0.000,0.044,5726,2148,34,0.005,100.0,1066.0,0.0,0.0,0.0,0.0,0.0,0.0,0.0,317,否,否,否,否,否,否,7.416,20.040,48.5,-5.555,25.2,216.4,60.9,61.8,60.1,60.1,60.1,60.1,60.5,61.1,60.0,60.0,60.0,60.0,16.33,16.57,16.09,16.09,16.58,16.58,1.86,13.89,16.06,0.27,0.23,0,0,0.0,0.0,0,0.000,
17.9.2026,23:30:2.153,6029,33482,15.2,5742,10441,35.4,0.0,23329,0,0.767,0.797,0.762,0.755,0.755,0.681,0.741,1000.0,1000.0,1000.0,1000.0,1000.0,100.0,800.0,43.8,134.2,92.4,35.3,12.8,23.7,15.7,19.4,17.3,43.8,3.6,11.7,8.4,3.4,0.1,1.7,1.0,1.4,1.3,11.7,3.6,100.0,1.7,4.8,3.5,1.4,0.5,1.0,0.6,0.8,0.7,1.7,10.0,10.0,10.0,10.0,10.0,8.0,30,29,31,32,30,70,71,69,68,70,35,32,否,否,否,否,否,否,否,否,否,否,否,否,否,否,否,否,否,否,35,33,34,0.250,1.604,0.168,0.006,3.002,0.670,0.227,0.495,35.0,30.0,64.0,64.0,0,17.1,7.3,1.7,2.4,48.5,4.0,13.2,8.6,3.0,1.1,1.9,1.3,1.7,1.5,93.3,82.0,96.2,97.5,97.7,1066.7,10.67,15,15,15,35,74,374,1,2,是,否,否,否,否,否,否,是,否,否,是,否,否,否,否,否,否,否,否,否,否,否,否,否,否,否,是,否,否,否,否,否,否,否,是,否,否,33.0,32,32,31,97.0,100.0,否,否,24293,21074,0.0,2.0,2.0,0.000,0.053,5726,2148,35,0.006,100.0,1066.0,0.0,0.0,0.0,0.0,0.0,0.0,0.0,317,否,否,否,否,否,否,7.442,20.040,48.5,-5.589,25.2,215.1,60.9,61.8,60.1,60.1,60.1,60.1,60.5,61.1,60.0,60.0,60.0,60.0,16.33,16.57,16.09,16.09,16.58,16.58,1.86,13.89,16.06,0.27,0.23,0,0,0.0,0.0,0,0.000,
17.9.2026,23:30:4.171,6026,33486,15.2,5737,10445,35.4,0.0,23329,0,0.767,0.800,0.762,0.755,0.750,0.683,0.741,1000.0,1000.0,1000.0,1000.0,1000.0,100.0,800.0,29.7,127.3,77.0,29.3,1.0,1.5,0.2,1.5,0.2,29.7,2.4,10.7,6.5,2.0,0.0,0.1,0.0,0.1,0.0,10.7,2.4,100.0,1.1,4.5,2.9,1.2,0.0,0.1,0.0,0.1,0.0,1.1,10.0,10.0,10.0,10.0,10.0,8.0,32,30,31,34,32,68,70,69,66,68,35,34,否,否,否,否,否,否,否,否,否,否,否,否,否,否,否,否,否,否,35,33,36,0.250,1.680,0.214,0.006,3.174,0.679,0.242,0.510,35.0,30.0,64.0,64.0,0,18.0,7.0,1.9,2.3,50.8,2.8,12.7,7.3,2.2,0.1,0.2,0.0,0.2,0.0,95.1,83.1,97.6,99.8,99.8,1066.7,10.67,15,15,15,35,74,374,1,2,否,否,否,否,否,否,否,否,否,否,否,否,否,否,否,否,否,否,否,否,否,否,否,否,否,否,否,否,否,否,否,否,否,否,否,否,否,31.0,32,32,31,97.0,100.0,否,否,24293,21074,0.0,1.5,1.5,0.000,0.014,5726,2148,35,0.006,100.0,1066.0,0.0,0.0,0.0,0.0,0.0,0.0,0.0,317,否,否,否,否,否,否,7.442,20.032,48.5,-5.559,25.2,216.2,60.9,61.8,60.1,60.1,60.1,60.1,60.5,61.1,60.0,60.0,60.0,60.0,16.33,16.57,16.09,16.09,16.58,16.58,1.86,13.89,16.06,0.27,0.23,0,0,0.0,0.0,0,0.000,
17.9.2026,23:30:6.180,6026,33486,15.2,5736,10447,35.4,0.0,23329,0,0.765,0.795,0.762,0.752,0.750,0.681,0.698,1000.0,1000.0,1000.0,1000.0,1000.0,100.0,800.0,27.8,121.3,73.6,24.3,1.4,0.9,0.2,0.2,0.2,27.8,2.3,10.3,6.3,1.6,0.2,0.1,0.1,0.1,0.1,10.3,2.3,100.0,1.0,4.3,2.8,1.0,0.0,0.0,0.0,0.0,0.0,1.0,10.0,10.0,10.0,10.0,10.0,8.0,31,29,31,33,32,69,71,69,67,68,36,33,否,否,否,否,否,否,否,否,否,否,否,否,否,否,否,否,否,否,36,32,35,0.250,1.535,0.174,0.005,2.801,0.648,0.218,0.449,35.0,30.0,64.0,64.0,0,18.1,8.0,1.9,2.6,50.1,2.7,12.2,7.0,1.7,0.2,0.1,0.0,0.0,0.0,95.3,83.4,98.1,99.9,99.9,1066.7,10.67,15,15,15,35,74,374,1,2,否,否,否,否,否,否,否,否,否,否,否,否,否,否,否,否,否,否,否,否,否,否,否,否,否,否,否,否,否,否,否,否,否,否,否,否,否,32.0,32,32,31,97.0,100.0,否,否,24293,21074,0.0,1.0,1.0,0.000,0.077,5726,2148,35,0.005,100.0,1066.0,0.0,0.0,0.0,0.0,0.0,0.0,0.0,317,否,否,否,否,否,否,7.443,20.032,48.5,-5.575,25.2,215.6,60.9,61.8,60.1,60.1,60.1,60.1,60.5,61.1,60.0,60.0,60.0,60.0,16.33,16.57,16.09,16.09,16.58,16.58,1.86,13.89,16.06,0.27,0.23,0,0,0.0,0.0,0,0.000,
17.9.2026,23:30:8.178,6026,33486,15.2,5736,10446,35.4,0.0,23329,0,0.768,0.800,0.765,0.752,0.755,0.681,0.741,1000.0,1000.0,1000.0,1000.0,1000.0,100.0,800.0,28.0,131.1,85.0,6.3,0.2,0.4,0.2,0.2,0.2,28.0,2.5,10.5,6.8,0.2,0.4,0.5,0.4,0.4,0.4,10.5,2.5,100.0,1.0,4.7,3.2,0.2,0.0,0.0,0.0,0.0,0.0,1.0,10.0,10.0,10.0,10.0,10.0,8.0,31,28,32,34,29,69,72,68,66,71,34,34,否,否,否,否,否,否,否,否,否,否,否,否,否,否,否,否,否,否,35,35,35,0.250,1.561,0.171,0.005,2.814,0.669,0.226,0.454,35.0,30.0,64.0,64.0,0,18.2,7.6,1.7,2.4,50.7,2.7,12.7,7.8,0.6,0.0,0.1,0.0,0.0,0.0,95.4,82.5,99.3,99.9,99.9,1066.7,10.67,15,15,15,35,74,374,1,2,否,否,否,否,否,否,否,否,否,否,否,否,否,否,否,否,否,否,否,否,否,否,否,否,否,否,否,否,否,否,否,否,否,否,否,否,否,31.0,32,32,31,97.0,100.0,否,否,24293,21074,0.0,1.0,1.0,0.000,0.014,5726,2148,35,0.005,100.0,1066.0,0.0,0.0,0.0,0.0,0.0,0.0,0.0,317,否,否,否,否,否,否,7.408,20.032,48.5,-5.512,25.2,218.1,60.9,61.8,60.1,60.1,60.1,60.1,60.5,61.1,60.0,60.0,60.0,60.0,16.33,16.57,16.09,16.09,16.58,16.58,1.86,13.89,16.06,0.27,0.23,0,0,0.0,0.0,0,0.000,
17.9.2026,23:30:10.174,6026,33486,15.2,5735,10447,35.4,0.0,23329,0,0.766,0.800,0.760,0.752,0.750,0.683,0.743,1000.0,1000.0,1000.0,1000.0,1000.0,100.0,800.0,29.9,131.0,68.4,29.5,9.0,1.1,0.2,0.2,0.2,29.9,2.7,11.3,6.1,1.9,1.0,0.4,0.3,0.3,0.3,11.3,2.7,100.0,1.1,4.6,2.5,1.2,0.3,0.0,0.0,0.0,0.0,1.1,10.0,10.0,10.0,10.0,10.0,8.0,32,29,31,34,33,68,71,69,66,67,35,34,否,否,否,否,否,否,否,否,否,否,否,否,否,否,否,否,否,否,34,33,34,0.250,1.571,0.156,0.007,2.857,0.662,0.221,0.482,35.0,30.0,64.0,64.0,0,18.1,9.3,1.7,2.4,48.5,2.8,13.1,6.6,1.8,0.8,0.1,0.0,0.0,0.0,95.1,83.4,97.4,99.8,99.9,1066.7,10.67,15,15,15,35,74,374,1,2,是,否,否,否,否,否,否,否,否,否,是,否,否,否,否,否,否,否,否,否,否,否,否,否,否,否,否,否,否,否,否,否,否,否,否,否,否,31.0,32,32,31,97.0,100.0,否,否,24293,21074,0.0,3.6,3.6,0.000,0.065,5726,2149,35,0.007,100.0,1066.0,0.0,0.0,0.0,0.0,0.0,0.0,0.0,317,否,否,否,否,否,否,7.428,20.024,48.5,-5.526,25.2,217.4,60.9,61.8,60.1,60.1,60.1,60.1,60.5,61.1,60.0,60.0,60.0,60.0,16.33,16.57,16.09,16.09,16.58,16.58,1.86,13.89,16.06,0.27,0.23,0,0,0.0,0.0,0,0.000,
17.9.2026,23:30:12.170,6027,33485,15.2,5737,10445,35.4,0.0,23329,0,0.766,0.800,0.760,0.752,0.752,0.681,0.741,1000.0,1000.0,1000.0,1000.0,1000.0,100.0,800.0,29.7,131.4,68.4,33.8,2.0,1.2,0.2,0.6,0.2,29.7,2.4,10.9,5.6,2.5,0.0,0.0,0.0,0.0,0.0,10.9,2.4,100.0,1.1,4.7,2.5,1.4,0.1,0.0,0.0,0.0,0.0,1.1,10.0,10.0,10.0,10.0,10.0,8.0,32,29,31,34,32,68,71,69,66,68,34,34,否,否,否,否,否,否,否,否,否,否,否,否,否,否,否,否,否,否,36,34,36,0.250,1.618,0.194,0.007,2.990,0.663,0.213,0.495,35.0,30.0,64.0,64.0,0,18.1,8.5,1.5,2.7,48.7,2.9,13.2,6.6,2.8,0.2,0.1,0.0,0.1,0.0,94.9,83.1,96.9,99.8,99.9,1066.7,10.67,15,15,15,35,74,374,1,2,否,否,否,否,否,否,否,否,否,否,否,否,否,否,否,否,否,否,否,否,否,否,否,否,否,否,否,否,否,否,否,否,否,否,否,否,否,33.0,32,32,31,97.0,100.0,否,否,24293,21074,0.0,1.5,1.5,0.000,0.087,5726,2149,35,0.007,100.0,1066.0,0.0,0.0,0.0,0.0,0.0,0.0,0.0,317,否,否,否,否,否,否,7.446,20.024,48.5,-5.525,25.2,217.4,60.9,61.8,60.1,60.1,60.1,60.1,60.5,61.1,60.0,60.0,60.0,60.0,16.33,16.57,16.09,16.09,16.58,16.58,1.86,13.89,16.06,0.27,0.23,0,0,0.0,0.0,0,0.000,
17.9.2026,23:30:14.173,6027,33485,15.2,5741,10441,35.4,0.0,23329,0,0.766,0.797,0.760,0.752,0.752,0.681,0.701,1000.0,1000.0,1000.0,1000.0,1000.0,100.0,800.0,31.2,127.2,77.4,28.2,7.3,3.6,2.1,2.1,1.6,31.2,2.7,10.6,6.7,2.4,0.7,0.3,0.2,0.2,0.1,10.6,2.7,100.0,1.1,4.5,2.9,1.1,0.3,0.1,0.1,0.1,0.1,1.1,10.0,10.0,10.0,10.0,10.0,8.0,32,29,31,34,32,68,71,69,66,68,34,34,否,否,否,否,否,否,否,否,否,否,否,否,否,否,否,否,否,否,35,33,34,0.250,1.610,0.160,0.009,2.998,0.677,0.224,0.497,35.0,30.0,64.0,64.0,0,17.9,9.1,2.0,2.9,47.4,3.0,12.7,7.4,2.5,0.7,0.4,0.2,0.2,0.2,94.7,82.9,96.8,99.4,99.7,1066.7,10.67,15,15,15,35,74,374,1,2,否,否,否,否,否,否,否,否,否,否,否,否,否,否,否,否,否,否,否,否,否,否,否,否,否,否,否,否,否,否,否,否,否,否,否,否,否,31.0,32,32,31,97.0,100.0,否,否,24293,21074,0.0,2.5,2.5,0.000,0.049,5726,2149,34,0.009,100.0,1066.0,0.0,0.0,0.0,0.0,0.0,0.0,0.0,317,否,否,否,否,否,否,7.449,20.017,48.5,-5.550,25.2,216.4,60.9,61.8,60.1,60.1,60.1,60.1,60.5,61.1,60.0,60.0,60.0,60.0,16.33,16.57,16.09,16.09,16.58,16.58,1.86,13.89,16.06,0.27,0.23,0,0,0.0,0.0,0,0.000,
17.9.2026,23:30:16.190,6025,33487,15.2,5741,10441,35.4,0.0,23329,0,0.767,0.800,0.762,0.752,0.755,0.681,0.698,1000.0,1000.0,1000.0,1000.0,1000.0,100.0,800.0,30.3,141.0,86.1,11.1,1.6,1.4,0.2,0.9,0.2,30.3,2.4,11.7,6.6,0.7,0.0,0.0,0.0,0.0,0.0,11.7,2.4,100.0,1.1,5.1,3.3,0.4,0.0,0.0,0.0,0.0,0.0,1.1,10.0,10.0,10.0,10.0,10.0,8.0,31,30,32,33,30,69,70,68,67,70,36,33,否,否,否,否,否,否,否,否,否,否,否,否,否,否,否,否,否,否,35,35,35,0.250,1.628,0.160,0.007,3.053,0.690,0.233,0.504,35.0,30.0,64.0,64.0,0,18.1,7.1,2.1,2.6,49.7,2.9,13.9,7.6,1.1,0.2,0.1,0.0,0.1,0.0,95.0,81.7,98.6,99.8,99.9,1066.7,10.67,15,15,15,35,74,374,1,2,否,否,否,否,否,否,否,否,否,否,否,否,否,否,否,否,否,否,否,否,否,否,否,否,否,否,否,否,否,否,否,否,否,否,否,否,否,32.0,32,32,31,97.0,100.0,否,否,24293,21074,0.0,1.5,1.5,0.000,0.016,5726,2149,34,0.007,100.0,1066.0,0.0,0.0,0.0,0.0,0.0,0.0,0.0,317,否,否,否,否,否,否,7.437,20.017,48.5,-5.518,25.2,217.7,60.9,61.8,60.1,60.1,60.1,60.1,60.5,61.1,60.0,60.0,60.0,60.0,16.33,16.57,16.09,16.09,16.58,16.58,1.86,13.89,16.06,0.27,0.23,0,0,0.0,0.0,0,0.000,
17.9.2026,23:30:18.199,6025,33487,15.2,5741,10441,35.4,0.0,23329,0,0.767,0.800,0.760,0.755,0.752,0.681,0.701,1000.0,1000.0,1000.0,1000.0,1000.0,100.0,800.0,28.4,131.3,65.2,28.9,0.2,0.9,0.2,0.3,0.2,28.4,2.6,11.0,5.3,1.6,0.6,0.7,0.6,0.6,0.6,11.0,2.6,100.0,1.0,4.7,2.4,1.2,0.0,0.0,0.0,0.0,0.0,1.0,10.0,10.0,10.0,10.0,10.0,8.0,31,28,31,33,32,69,72,69,67,68,35,33,否,否,否,否,否,否,否,否,否,否,否,否,否,否,否,否,否,否,35,33,35,0.250,1.569,0.163,0.006,2.836,0.684,0.240,0.446,35.0,30.0,64.0,64.0,0,18.3,8.0,1.8,2.7,49.8,2.7,13.1,6.2,1.9,0.0,0.1,0.0,0.0,0.0,95.4,83.7,98.0,99.9,99.9,1066.7,10.67,15,15,15,35,74,374,1,2,否,否,否,否,否,否,否,否,否,否,否,否,否,否,否,否,否,否,否,否,否,否,否,否,否,否,否,否,否,否,否,否,否,否,否,否,否,31.0,32,32,31,97.0,100.0,否,否,24293,21074,0.0,1.0,1.0,0.000,0.012,5726,2149,34,0.006,100.0,1066.0,0.0,0.0,0.0,0.0,0.0,0.0,0.0,317,否,否,否,否,否,否,7.453,20.017,48.5,-5.538,25.2,216.9,60.9,61.8,60.1,60.1,60.1,60.1,60.5,61.1,60.0,60.0,60.0,60.0,16.33,16.57,16.09,16.09,16.58,16.58,1.86,13.89,16.06,0.27,0.23,0,0,0.0,0.0,0,0.000,
17.9.2026,23:30:20.203,6026,33486,15.2,5740,10442,35.4,0.0,23329,0,0.774,0.802,0.772,0.762,0.760,0.693,0.701,1175.0,1100.0,1200.0,1200.0,1200.0,100.0,1000.0,29.5,130.8,70.7,31.4,1.9,0.6,0.2,0.3,0.2,29.5,3.0,11.5,6.5,3.1,0.7,0.6,0.6,0.6,0.6,11.5,3.0,100.0,1.1,4.7,2.6,1.3,0.1,0.0,0.0,0.0,0.0,1.1,11.8,11.0,12.0,12.0,12.0,10.0,32,29,33,33,32,68,71,67,67,68,35,33,否,否,否,否,否,否,否,否,否,否,否,否,否,否,否,否,否,否,35,34,35,0.250,1.616,0.184,0.006,2.900,0.677,0.229,0.482,35.0,30.0,64.0,64.0,0,17.8,7.8,1.9,2.5,49.7,2.8,13.0,6.7,2.7,0.2,0.1,0.0,0.0,0.0,95.0,83.1,97.1,99.9,99.9,1066.7,10.67,15,15,15,35,74,374,1,2,否,否,否,否,否,否,否,否,否,否,否,否,否,否,否,否,否,否,否,否,否,否,否,否,否,否,否,否,否,否,否,否,否,否,否,否,否,31.0,32,32,31,97.0,100.0,否,否,24293,21074,0.0,1.4,1.4,0.000,0.012,5726,2149,35,0.006,100.0,1066.0,0.0,0.0,0.0,0.0,0.0,0.0,0.0,317,否,否,否,否,否,否,7.452,20.009,48.4,-5.537,25.2,216.8,60.9,61.8,60.1,60.1,60.1,60.1,60.5,61.1,60.0,60.0,60.0,60.0,16.33,16.57,16.09,16.09,16.58,16.58,1.86,13.89,16.06,0.27,0.23,0,0,0.0,0.0,0,0.000,
17.9.2026,23:30:22.205,6025,33487,15.2,5736,10446,35.4,0.0,23329,0,0.766,0.797,0.760,0.755,0.752,0.683,0.741,1000.0,1000.0,1000.0,1000.0,1000.0,100.0,800.0,37.1,167.2,101.8,23.7,1.5,1.8,0.2,0.2,0.2,37.1,2.9,13.4,8.1,1.8,0.0,0.0,0.0,0.0,0.0,13.4,2.9,100.0,1.4,6.2,3.9,0.9,0.1,0.1,0.0,0.0,0.0,1.4,10.0,10.0,10.0,10.0,10.0,8.0,32,30,32,32,32,68,70,68,68,68,34,32,否,否,否,否,否,否,否,否,否,否,否,否,否,否,否,否,否,否,35,34,35,0.250,1.596,0.150,0.006,2.933,0.679,0.231,0.494,35.0,30.0,64.0,64.0,0,17.3,8.4,1.4,4.3,44.0,3.4,15.5,9.0,2.1,0.2,0.2,0.0,0.0,0.0,94.0,78.4,97.7,99.8,99.9,1066.7,10.67,15,15,15,35,74,374,1,2,否,否,否,否,否,否,否,否,否,否,否,否,否,否,否,否,否,否,否,否,否,否,否,否,否,否,否,否,否,否,否,否,否,否,否,否,否,33.0,32,32,31,97.0,100.0,否,否,24293,21074,0.0,1.5,1.5,0.000,0.089,5726,2149,34,0.006,100.0,1066.0,0.0,0.0,0.0,0.0,0.0,0.0,0.0,317,否,否,否,否,否,否,7.455,20.009,48.4,-5.539,25.2,216.7,60.9,61.8,60.1,60.1,60.1,60.1,60.5,61.1,60.0,60.0,60.0,60.0,16.33,16.57,16.09,16.09,16.58,16.58,1.86,13.89,16.06,0.27,0.23,0,0,0.0,0.0,0,0.000,
17.9.2026,23:30:24.219,6026,33485,15.2,5735,10447,35.4,0.0,23329,0,0.767,0.800,0.762,0.755,0.750,0.681,0.741,1000.0,1000.0,1000.0,1000.0,1000.0,100.0,800.0,31.1,144.8,83.5,12.6,3.5,2.1,0.2,1.4,0.5,31.1,2.5,11.8,6.7,0.0,0.7,0.6,0.0,0.0,0.0,11.8,2.5,100.0,1.1,5.2,3.2,0.5,0.1,0.1,0.0,0.1,0.0,1.1,10.0,10.0,10.0,10.0,10.0,8.0,32,29,32,34,32,68,71,68,66,68,34,34,否,否,否,否,否,否,否,否,否,否,否,否,否,否,否,否,否,否,35,34,35,0.250,1.697,0.178,0.007,3.275,0.728,0.241,0.502,35.0,30.0,64.0,64.0,0,17.9,7.1,1.4,2.8,50.7,3.0,14.1,7.8,1.2,0.4,0.2,0.0,0.1,0.1,95.1,82.1,98.5,99.8,99.8,1066.7,10.67,15,15,15,35,74,374,1,2,否,否,否,否,否,否,否,否,否,否,否,否,否,否,否,否,否,否,否,否,否,否,否,否,否,否,否,否,否,否,否,否,否,否,否,否,否,31.0,32,32,31,97.0,100.0,否,否,24293,21074,0.0,1.0,1.0,0.000,0.014,5726,2149,35,0.007,100.0,1066.0,0.0,0.0,0.0,0.0,0.0,0.0,0.0,317,否,否,否,否,否,否,7.450,20.002,48.4,-5.558,25.2,215.9,60.9,61.8,60.1,60.1,60.1,60.1,60.5,61.1,60.0,60.0,60.0,60.0,16.33,16.57,16.09,16.09,16.58,16.58,1.86,13.89,16.06,0.27,0.23,0,0,0.0,0.0,0,0.000,
17.9.2026,23:30:26.218,6026,33486,15.2,5734,10449,35.4,0.0,23329,0,0.769,0.800,0.767,0.760,0.750,0.686,0.741,1075.0,1100.0,1100.0,1100.0,1000.0,100.0,900.0,28.4,133.2,68.6,23.5,1.0,0.3,0.3,0.3,0.3,28.4,2.6,11.6,6.2,3.2,0.0,0.0,0.0,0.0,0.0,11.6,2.6,100.0,1.0,4.8,2.6,0.9,0.0,0.0,0.0,0.0,0.0,1.0,10.8,11.0,11.0,11.0,10.0,9.0,32,30,32,32,32,68,70,68,68,68,36,32,否,否,否,否,否,否,否,否,否,否,否,否,否,否,否,否,否,否,35,32,35,0.250,1.527,0.165,0.005,2.750,0.661,0.228,0.433,35.0,30.0,64.0,64.0,0,17.8,9.4,1.7,2.7,48.3,2.7,13.1,6.5,2.1,0.1,0.0,0.0,0.0,0.0,95.2,83.3,97.8,99.9,99.9,1066.7,10.67,15,15,15,35,74,374,1,2,否,否,否,否,否,否,否,否,否,否,否,否,否,否,否,否,否,否,否,否,否,否,否,否,否,否,否,否,否,否,否,否,否,否,否,否,否,32.0,32,32,31,97.0,100.0,否,否,24293,21074,0.0,3.9,3.9,0.000,0.085,5726,2149,35,0.005,100.0,1066.0,0.0,0.0,0.0,0.0,0.0,0.0,0.0,317,否,否,否,否,否,否,7.446,20.002,48.4,-5.525,25.2,217.2,60.9,61.8,60.1,60.1,60.1,60.1,60.5,61.1,60.0,60.0,60.0,60.0,16.33,16.57,16.09,16.09,16.58,16.58,1.86,13.89,16.06,0.27,0.23,0,0,0.0,0.0,0,0.000,
17.9.2026,23:30:28.229,6025,33486,15.2,5734,10448,35.4,0.0,23329,0,0.765,0.797,0.762,0.750,0.750,0.681,0.741,1000.0,1000.0,1000.0,1000.0,1000.0,100.0,800.0,30.4,129.7,90.9,20.2,1.8,0.4,0.2,0.2,0.2,30.4,2.4,10.4,7.4,1.4,0.0,0.0,0.0,0.0,0.0,10.4,2.4,100.0,1.1,4.6,3.5,0.8,0.1,0.0,0.0,0.0,0.0,1.1,10.0,10.0,10.0,10.0,10.0,8.0,32,29,32,33,33,68,71,68,67,67,35,33,否,否,否,否,否,否,否,否,否,否,否,否,否,否,否,否,否,否,35,33,34,0.250,1.583,0.152,0.006,2.962,0.671,0.218,0.492,35.0,30.0,64.0,64.0,0,17.7,12.9,1.7,2.3,44.7,2.9,12.7,8.4,1.7,0.2,0.0,0.0,0.0,0.0,95.0,81.9,98.1,99.9,99.9,1066.7,10.67,15,15,15,35,74,374,1,2,是,否,否,否,否,否,否,是,否,否,否,否,否,否,否,否,否,否,否,否,否,否,否,否,否,否,否,否,否,否,否,否,否,否,否,否,否,32.0,32,32,31,97.0,100.0,否,否,24293,21074,0.0,3.4,3.4,0.000,0.044,5726,2149,35,0.006,100.0,1066.0,0.0,0.0,0.0,0.0,0.0,0.0,0.0,317,否,否,否,否,否,否,7.449,20.002,48.4,-5.512,25.2,217.7,60.9,61.8,60.1,60.1,60.1,60.1,60.5,61.1,60.0,60.0,60.0,60.0,16.33,16.57,16.09,16.09,16.58,16.58,1.86,13.89,16.06,0.27,0.23,0,0,0.0,0.0,0,0.000,
17.9.2026,23:30:30.242,6026,33486,15.2,5735,10447,35.4,0.0,23329,0,0.766,0.797,0.762,0.752,0.752,0.683,0.741,1000.0,1000.0,1000.0,1000.0,1000.0,100.0,800.0,30.6,128.4,88.1,25.9,0.2,1.7,0.2,0.3,0.2,30.6,5.0,10.0,6.9,2.2,0.6,18.4,0.6,0.6,0.6,18.4,5.0,100.0,1.1,4.5,3.4,1.1,0.0,0.1,0.0,0.0,0.0,1.1,10.0,10.0,10.0,10.0,10.0,8.0,31,29,32,33,30,69,71,68,67,70,36,33,否,否,否,否,否,否,否,否,否,否,否,否,否,否,否,否,否,否,35,34,35,3.750,1.755,0.182,0.007,3.422,0.687,0.211,0.616,35.0,30.0,64.0,64.0,0,17.6,13.1,1.7,2.2,45.0,2.8,12.2,7.8,2.4,0.0,0.2,0.0,0.0,0.0,95.1,83.1,97.5,99.8,99.9,1066.7,10.67,15,15,15,35,74,374,1,2,否,否,否,否,否,否,否,否,否,否,否,否,否,否,否,否,否,否,否,否,否,否,否,否,否,否,否,否,否,否,否,否,否,否,否,否,否,32.0,32,32,32,97.0,100.0,否,否,24293,21074,0.0,2.9,2.9,0.000,0.047,5726,2149,35,0.007,100.0,1066.0,0.0,0.0,0.0,0.0,0.0,0.0,0.0,317,否,否,否,否,否,否,7.445,19.994,48.4,-5.539,25.2,216.6,60.9,61.8,60.1,60.1,60.1,60.1,60.5,61.1,60.0,60.0,60.0,60.0,16.33,16.57,16.09,16.09,16.58,16.58,1.86,13.89,16.06,0.27,0.23,0,0,0.0,0.0,0,0.000,
17.9.2026,23:30:32.257,6026,33486,15.2,5738,10444,35.4,0.0,23329,0,0.767,0.800,0.762,0.752,0.752,0.681,0.741,1000.0,1000.0,1000.0,1000.0,1000.0,100.0,800.0,29.1,131.1,74.5,23.4,1.5,1.5,0.2,0.2,0.2,29.1,2.2,11.3,6.5,0.0,0.0,0.0,0.0,0.0,0.0,11.3,2.2,100.0,1.1,4.7,2.8,0.9,0.0,0.1,0.0,0.0,0.0,1.1,10.0,10.0,10.0,10.0,10.0,8.0,32,29,32,34,32,68,71,68,66,68,35,34,否,否,否,否,否,否,否,否,否,否,否,否,否,否,否,否,否,否,35,33,35,1.500,1.780,0.184,0.007,3.415,0.710,0.228,0.609,35.0,30.0,64.0,64.0,0,17.9,10.6,2.0,2.3,47.3,2.8,13.0,6.9,2.0,0.2,0.2,0.0,0.0,0.0,95.1,82.8,97.8,99.8,99.9,1066.7,10.67,15,15,15,35,74,374,1,2,否,否,否,否,否,否,否,否,否,否,否,否,否,否,否,否,否,否,否,否,否,否,否,否,否,否,否,否,否,否,否,否,否,否,否,否,否,32.0,32,32,32,97.0,100.0,否,否,24293,21074,0.0,2.0,2.0,0.000,0.077,5726,2150,35,0.007,100.0,1066.0,0.0,0.0,0.0,0.0,0.0,0.0,0.0,317,否,否,否,否,否,否,7.440,19.994,48.4,-5.573,25.2,215.2,60.9,61.8,60.1,60.1,60.1,60.1,60.5,61.1,60.0,60.0,60.0,60.0,16.33,16.57,16.09,16.09,16.58,16.58,1.86,13.89,16.06,0.27,0.23,0,0,0.0,0.0,0,0.000,
17.9.2026,23:30:34.266,6026,33485,15.2,5741,10441,35.4,0.0,23329,0,0.767,0.800,0.762,0.755,0.750,0.681,0.701,1000.0,1000.0,1000.0,1000.0,1000.0,100.0,800.0,29.5,140.7,76.4,11.0,2.4,4.5,0.2,0.7,0.2,29.5,3.4,11.4,6.5,7.4,0.9,0.0,0.0,0.8,0.0,11.4,3.4,100.0,1.1,5.1,2.9,0.4,0.1,0.2,0.0,0.0,0.0,1.1,10.0,10.0,10.0,10.0,10.0,8.0,31,29,31,32,32,69,71,69,68,68,35,32,否,否,否,否,否,否,否,否,否,否,否,否,否,否,否,否,否,否,34,33,34,0.250,1.682,0.169,0.007,3.140,0.692,0.227,0.548,35.0,30.0,64.0,64.0,0,17.9,4.8,1.9,2.2,54.1,2.8,13.4,7.3,1.1,0.2,0.4,0.0,0.1,0.0,95.2,82.7,98.6,99.5,99.9,1066.7,10.67,15,15,15,35,74,374,1,2,否,否,否,否,否,否,否,否,否,否,否,否,否,否,否,否,否,否,否,否,否,否,否,否,否,否,否,否,否,否,否,否,否,否,否,否,否,32.0,32,32,31,97.0,100.0,否,否,24293,21074,0.0,0.5,0.5,0.000,0.010,5726,2150,36,0.007,100.0,1066.0,0.0,0.0,0.0,0.0,0.0,0.0,0.0,317,否,否,否,否,否,否,7.449,19.986,48.4,-5.609,25.2,213.8,60.9,61.8,60.1,60.1,60.1,60.1,60.5,61.1,60.0,60.0,60.0,60.0,16.33,16.57,16.09,16.09,16.58,16.58,1.86,13.89,16.06,0.27,0.23,0,0,0.0,0.0,0,0.000,
17.9.2026,23:30:36.275,6027,33485,15.2,5742,10441,35.4,0.0,23329,0,0.766,0.797,0.760,0.755,0.750,0.681,0.741,1000.0,1000.0,1000.0,1000.0,1000.0,100.0,800.0,35.3,148.2,83.2,35.6,3.3,4.8,0.2,6.7,0.2,35.3,5.8,12.1,6.9,2.2,0.2,22.7,0.8,0.6,0.8,22.7,5.8,100.0,1.3,5.4,3.1,1.4,0.1,0.2,0.0,0.3,0.0,1.3,10.0,10.0,10.0,10.0,10.0,8.0,32,30,31,33,32,68,70,69,67,68,34,33,否,否,否,否,否,否,否,否,否,否,否,否,否,否,否,否,否,否,35,33,35,0.250,1.695,0.217,0.006,3.151,0.687,0.236,0.516,35.0,30.0,64.0,64.0,0,17.5,9.7,1.9,2.6,47.6,3.2,14.0,7.7,2.4,0.4,0.4,0.0,0.6,0.0,94.5,81.9,97.2,99.5,99.3,1066.7,10.67,15,15,15,35,74,374,1,2,否,否,否,否,否,否,否,否,否,否,否,否,否,否,否,否,否,否,否,否,否,否,否,否,否,否,否,否,否,否,否,否,否,否,否,否,否,31.0,32,32,31,97.0,100.0,否,否,24293,21074,0.5,1.2,1.7,0.114,0.071,5726,2150,35,0.006,100.0,1066.0,0.0,0.0,0.0,0.0,0.0,0.0,0.0,317,否,否,否,否,否,否,7.455,19.986,48.4,-5.547,25.2,216.2,60.9,61.8,60.1,60.1,60.1,60.1,60.5,61.1,60.0,60.0,60.0,60.0,16.33,16.57,16.09,16.09,16.58,16.58,1.86,13.89,16.06,0.27,0.23,0,0,0.0,0.0,0,0.000,
17.9.2026,23:30:38.271,6026,33485,15.2,5741,10442,35.4,0.0,23329,0,0.766,0.800,0.760,0.755,0.750,0.683,0.741,1000.0,1000.0,1000.0,1000.0,1000.0,100.0,800.0,28.8,122.8,77.3,27.4,1.5,0.5,0.2,0.2,0.2,28.8,2.3,10.4,6.6,1.4,0.0,0.0,0.0,0.0,0.0,10.4,2.3,100.0,1.1,4.3,2.9,1.1,0.0,0.0,0.0,0.0,0.0,1.1,10.0,10.0,10.0,10.0,10.0,8.0,31,29,32,32,32,69,71,68,68,68,35,32,否,否,否,否,否,否,否,否,否,否,否,否,否,否,否,否,否,否,34,33,35,0.250,1.695,0.217,0.006,3.151,0.687,0.236,0.516,35.0,30.0,64.0,64.0,0,18.2,7.9,2.2,2.3,50.2,2.7,12.3,7.3,1.4,0.2,0.1,0.0,0.0,0.0,95.4,83.5,98.4,99.9,99.9,1066.7,10.67,15,15,15,35,74,374,1,2,否,否,否,否,否,否,否,否,否,否,否,否,否,否,否,否,否,否,否,否,否,否,否,否,否,否,否,否,否,否,否,否,否,否,否,否,否,32.0,32,32,31,97.0,100.0,否,否,24293,21074,0.0,0.6,0.6,0.000,0.018,5726,2150,36,0.006,100.0,1066.0,0.0,0.0,0.0,0.0,0.0,0.0,0.0,317,否,否,否,否,否,否,7.452,19.979,48.4,-5.559,25.2,215.6,60.9,61.8,60.1,60.1,60.1,60.1,60.5,61.1,60.0,60.0,60.0,60.0,16.33,16.57,16.09,16.09,16.58,16.58,1.86,13.89,16.06,0.27,0.23,0,0,0.0,0.0,0,0.000,
17.9.2026,23:30:40.273,6027,33485,15.2,5739,10443,35.4,0.0,23329,0,0.767,0.800,0.762,0.752,0.752,0.681,0.741,1000.0,1000.0,1000.0,1000.0,1000.0,100.0,800.0,29.4,125.8,74.0,33.2,1.3,0.5,0.2,0.3,0.2,29.4,5.9,10.3,6.1,1.4,0.6,27.9,0.0,0.5,0.0,27.9,5.9,100.0,1.1,4.5,2.8,1.3,0.0,0.0,0.0,0.0,0.0,1.1,10.0,10.0,10.0,10.0,10.0,8.0,31,28,31,33,32,69,72,69,67,68,34,33,否,否,否,否,否,否,否,否,否,否,否,否,否,否,否,否,否,否,34,33,35,7.500,1.596,0.192,0.006,2.842,0.666,0.225,0.468,35.0,30.0,64.0,64.0,0,18.1,6.8,1.9,2.3,51.7,2.7,12.5,7.0,1.8,0.1,0.1,0.0,0.0,0.0,95.3,83.5,98.0,99.9,99.9,1066.7,10.67,15,15,15,35,74,374,1,2,是,否,否,否,否,否,否,是,否,否,否,否,否,否,否,否,否,否,否,否,否,否,否,否,否,否,是,否,否,否,否,否,否,否,是,否,否,31.0,32,32,31,97.0,100.0,否,否,24293,21074,0.0,0.5,0.5,0.000,0.012,5726,2150,36,0.006,100.0,1066.0,0.0,0.0,0.0,0.0,0.0,0.0,0.0,317,否,否,否,否,否,否,7.454,19.979,48.4,-5.546,25.2,216.1,60.9,61.8,60.1,60.1,60.1,60.1,60.5,61.1,60.0,60.0,60.0,60.0,16.33,16.57,16.09,16.09,16.58,16.58,1.86,13.89,16.06,0.27,0.23,0,0,0.0,0.0,0,0.000,
17.9.2026,23:30:42.271,6026,33485,15.2,5738,10445,35.4,0.0,23329,0,0.761,0.795,0.755,0.747,0.747,0.676,0.701,900.0,900.0,900.0,900.0,900.0,100.0,700.0,28.5,136.9,64.6,22.1,2.7,0.9,0.2,0.3,0.2,28.5,2.6,12.1,5.8,1.7,0.0,0.4,0.4,0.0,0.4,12.1,2.6,100.0,1.0,4.9,2.4,0.9,0.1,0.0,0.0,0.0,0.0,1.0,9.0,9.0,9.0,9.0,9.0,7.0,32,28,33,33,32,68,72,67,67,68,35,33,否,否,否,否,否,否,否,否,否,否,否,否,否,否,否,否,否,否,36,33,36,1.750,1.562,0.193,0.007,2.717,0.670,0.235,0.425,35.0,30.0,64.0,64.0,0,17.8,10.6,1.8,1.8,48.8,2.7,13.8,6.2,1.5,0.3,0.1,0.0,0.0,0.0,95.2,82.9,98.2,99.9,99.9,1066.7,10.67,15,15,15,35,74,374,1,2,否,否,否,否,否,否,否,否,否,否,否,否,否,否,否,否,否,否,否,否,否,否,否,否,否,否,否,否,否,否,否,否,否,否,否,否,否,31.0,32,32,31,97.0,100.0,否,否,24293,21074,0.0,3.4,3.4,0.000,0.075,5726,2150,35,0.007,100.0,1066.0,0.0,0.0,0.0,0.0,0.0,0.0,0.0,317,否,否,否,否,否,否,7.450,19.979,48.4,-5.520,25.2,217.2,60.9,61.8,60.1,60.1,60.1,60.1,60.5,61.1,60.0,60.0,60.0,60.0,16.33,16.57,16.09,16.09,16.58,16.58,1.86,13.89,16.06,0.27,0.23,0,0,0.0,0.0,0,0.000,
17.9.2026,23:30:44.273,6026,33485,15.2,5737,10445,35.4,0.0,23329,0,0.764,0.800,0.760,0.747,0.750,0.681,0.701,950.0,1000.0,1000.0,900.0,900.0,100.0,800.0,29.5,137.5,78.6,17.6,0.6,1.3,0.2,0.2,0.2,29.5,2.9,11.8,6.7,0.8,0.8,0.8,0.7,0.7,0.7,11.8,2.9,100.0,1.1,4.9,3.0,0.7,0.0,0.0,0.0,0.0,0.0,1.1,9.5,10.0,10.0,9.0,9.0,8.0,31,30,31,33,30,69,70,69,67,70,35,33,否,否,否,否,否,否,否,否,否,否,否,否,否,否,否,否,否,否,35,33,35,9.500,1.652,0.181,0.005,3.097,0.661,0.207,0.547,35.0,30.0,64.0,64.0,0,18.1,9.5,2.0,2.3,48.0,2.8,13.8,7.5,0.9,0.1,0.1,0.0,0.0,0.0,95.2,82.0,98.9,99.8,99.9,1066.7,10.67,15,15,15,35,74,374,1,2,否,否,否,否,否,否,否,否,否,否,否,否,否,否,否,否,否,否,否,否,否,否,否,否,否,否,否,否,否,否,否,否,否,否,否,否,否,31.0,32,32,31,97.0,100.0,否,否,24293,21074,0.0,1.5,1.5,0.000,0.036,5726,2150,36,0.005,100.0,1066.0,0.0,0.0,0.0,0.0,0.0,0.0,0.0,317,否,否,否,否,否,否,7.449,19.971,48.3,-5.512,25.2,217.4,60.9,61.8,60.1,60.1,60.1,60.1,60.5,61.1,60.0,60.0,60.0,60.0,16.33,16.57,16.09,16.09,16.58,16.58,1.86,13.89,16.06,0.27,0.23,0,0,0.0,0.0,0,0.000,
17.9.2026,23:30:46.276,6026,33486,15.2,5736,10446,35.4,0.0,23329,0,0.766,0.797,0.760,0.755,0.750,0.681,0.743,1000.0,1000.0,1000.0,1000.0,1000.0,100.0,800.0,29.2,133.7,75.5,20.1,1.4,1.6,0.2,0.8,0.2,29.2,2.4,11.2,6.3,1.8,0.1,0.0,0.0,0.1,0.0,11.2,2.4,100.0,1.1,4.8,2.8,0.8,0.0,0.1,0.0,0.0,0.0,1.1,10.0,10.0,10.0,10.0,10.0,8.0,32,30,32,32,32,68,70,68,68,68,35,32,否,否,否,否,否,否,否,否,否,否,否,否,否,否,否,否,否,否,35,33,35,1.750,1.610,0.183,0.007,3.014,0.660,0.211,0.501,35.0,30.0,64.0,64.0,0,17.9,6.9,1.9,2.4,51.4,2.8,13.2,7.1,1.9,0.2,0.2,0.0,0.1,0.0,95.1,82.9,97.9,99.8,99.9,1066.7,10.67,15,15,15,35,74,374,1,2,是,否,否,否,否,否,否,否,否,否,是,否,否,否,否,否,否,否,否,否,否,否,否,否,否,否,否,否,否,否,否,否,否,否,否,否,否,31.0,32,32,31,97.0,100.0,否,否,24293,21074,0.0,1.4,1.4,0.000,0.016,5726,2150,35,0.007,100.0,1066.0,0.0,0.0,0.0,0.0,0.0,0.0,0.0,317,否,否,否,否,否,否,7.446,19.971,48.3,-5.503,25.2,217.7,60.9,61.8,60.1,60.1,60.1,60.1,60.5,61.1,60.0,60.0,60.0,60.0,16.33,16.57,16.09,16.09,16.58,16.58,1.86,13.89,16.06,0.27,0.23,0,0,0.0,0.0,0,0.000,
17.9.2026,23:30:48.281,6027,33485,15.2,5736,10446,35.4,0.0,23329,0,0.766,0.797,0.762,0.755,0.750,0.683,0.741,1000.0,1000.0,1000.0,1000.0,1000.0,100.0,800.0,28.4,120.6,76.9,28.3,0.2,0.3,0.2,0.2,0.2,28.4,2.2,10.0,6.4,1.4,0.0,0.0,0.0,0.0,0.0,10.0,2.2,100.0,1.0,4.2,2.9,1.2,0.0,0.0,0.0,0.0,0.0,1.0,10.0,10.0,10.0,10.0,10.0,8.0,32,29,33,33,32,68,71,67,67,68,35,33,否,否,否,否,否,否,否,否,否,否,否,否,否,否,否,否,否,否,44,44,35,7.750,1.482,0.165,0.005,2.710,0.628,0.206,0.433,35.0,30.0,64.0,64.0,0,18.0,8.7,1.5,2.2,50.2,2.7,12.1,7.4,1.7,0.0,0.0,0.0,0.0,0.0,95.4,83.4,98.2,99.9,99.9,1066.7,10.67,15,15,15,35,74,374,1,2,否,否,否,否,否,否,否,否,否,否,否,否,否,否,否,否,否,否,否,否,否,否,否,否,否,否,否,否,否,否,否,否,否,否,否,否,否,32.0,32,32,31,97.0,100.0,否,否,24293,21074,0.0,1.5,1.5,0.000,0.065,5726,2150,35,0.005,100.0,1066.0,0.0,0.0,0.0,0.0,0.0,0.0,0.0,317,否,否,否,否,否,否,7.444,19.971,48.3,-5.501,25.2,217.8,60.9,61.8,60.1,60.1,60.1,60.1,60.5,61.1,60.0,60.0,60.0,60.0,16.33,16.57,16.09,16.09,16.58,16.58,1.86,13.89,16.06,0.27,0.23,0,0,0.0,0.0,0,0.000,
17.9.2026,23:30:50.275,6027,33485,15.2,5736,10446,35.4,0.0,23329,0,0.767,0.800,0.762,0.755,0.752,0.688,0.741,1025.0,1100.0,1000.0,1000.0,1000.0,100.0,900.0,28.2,132.7,70.3,20.3,0.2,1.1,0.2,0.2,0.2,28.2,2.6,11.1,5.7,1.1,0.6,0.7,0.6,0.6,0.6,11.1,2.6,100.0,1.0,4.8,2.6,0.8,0.0,0.0,0.0,0.0,0.0,1.0,10.2,11.0,10.0,10.0,10.0,9.0,31,29,31,33,32,69,71,69,67,68,34,33,否,否,否,否,否,否,否,否,否,否,否,否,否,否,否,否,否,否,35,34,35,1.750,1.633,0.191,0.004,2.954,0.676,0.229,0.498,35.0,30.0,64.0,64.0,0,18.2,5.9,1.8,2.3,52.6,2.7,13.2,6.6,1.3,0.0,0.1,0.0,0.0,0.0,95.4,83.0,98.6,99.8,99.9,1066.7,10.67,15,15,15,35,74,374,1,2,否,否,否,否,否,否,否,否,否,否,否,否,否,否,否,否,否,否,否,否,否,否,否,否,否,否,否,否,否,否,否,否,否,否,否,否,否,32.0,32,32,31,97.0,100.0,否,否,24293,21074,0.0,1.0,1.0,0.000,0.010,5726,2150,35,0.004,100.0,1066.0,0.0,0.0,0.0,0.0,0.0,0.0,0.0,317,否,否,否,否,否,否,7.447,19.971,48.3,-5.503,25.2,217.7,60.9,61.8,60.1,60.1,60.1,60.1,60.5,61.1,60.0,60.0,60.0,60.0,16.33,16.57,16.09,16.09,16.58,16.58,1.86,13.89,16.06,0.27,0.23,0,0,0.0,0.0,0,0.000,
17.9.2026,23:30:52.282,6027,33485,15.2,5737,10445,35.4,0.0,23329,0,0.766,0.797,0.762,0.755,0.750,0.678,0.741,975.0,900.0,1000.0,1000.0,1000.0,100.0,700.0,28.0,118.7,82.7,16.7,5.2,0.2,0.2,0.2,0.2,28.0,2.5,10.2,7.0,1.6,0.9,0.0,0.0,0.0,0.0,10.2,2.5,100.0,1.0,4.2,3.1,0.7,0.2,0.0,0.0,0.0,0.0,1.0,9.8,9.0,10.0,10.0,10.0,7.0,31,29,32,33,30,69,71,68,67,70,35,33,否,否,否,否,否,否,否,否,否,否,否,否,否,否,否,否,否,否,35,34,35,5.250,1.532,0.167,0.008,2.692,0.662,0.232,0.432,35.0,30.0,64.0,64.0,0,18.0,9.1,1.5,2.1,50.3,2.7,11.9,7.4,1.3,0.5,0.0,0.0,0.0,0.0,95.4,83.5,98.1,99.9,99.9,1066.7,10.67,15,15,15,35,74,374,1,2,否,否,否,否,否,否,否,否,否,否,否,否,否,否,否,否,否,否,否,否,否,否,否,否,否,否,否,否,否,否,否,否,否,否,否,否,否,30.0,32,32,31,97.0,100.0,否,否,24293,21074,0.0,1.5,1.5,0.000,0.042,5726,2150,35,0.008,100.0,1066.0,0.0,0.0,0.0,0.0,0.0,0.0,0.0,317,否,否,否,否,否,否,7.444,19.971,48.3,-5.479,25.2,218.7,60.9,61.8,60.1,60.1,60.1,60.1,60.5,61.1,60.0,60.0,60.0,60.0,16.33,16.57,16.09,16.09,16.58,16.58,1.86,13.89,16.06,0.27,0.23,0,0,0.0,0.0,0,0.000,
17.9.2026,23:30:54.286,6027,33484,15.2,5746,10436,35.5,0.0,23329,0,0.765,0.797,0.760,0.752,0.750,0.681,0.741,1000.0,1000.0,1000.0,1000.0,1000.0,100.0,800.0,37.0,144.6,100.4,30.7,18.4,1.5,0.2,0.3,0.2,37.0,2.9,11.4,8.1,0.0,1.2,0.6,0.5,0.5,0.5,11.4,2.9,100.0,1.4,5.2,3.9,1.2,0.7,0.0,0.0,0.0,0.0,1.4,10.0,10.0,10.0,10.0,10.0,8.0,32,30,31,33,32,68,70,69,67,68,35,33,否,否,否,否,否,否,否,否,否,否,否,否,否,否,否,否,否,否,45,45,35,0.250,1.611,0.172,0.006,2.948,0.673,0.225,0.498,35.0,30.0,64.0,64.0,0,17.0,8.7,1.6,2.1,47.9,3.3,13.6,9.1,2.2,1.6,0.2,0.0,0.0,0.0,94.3,81.0,96.4,99.8,99.9,1066.7,10.67,15,15,15,35,74,374,1,2,是,否,否,否,否,否,否,否,否,否,是,否,否,否,否,否,否,否,否,否,否,否,否,否,否,否,否,否,否,否,否,否,否,否,否,否,否,32.0,32,32,31,97.0,100.0,否,否,24293,21074,0.0,1.5,1.5,0.000,0.028,5726,2150,35,0.006,100.0,1066.0,0.0,0.0,0.0,0.0,0.0,0.0,0.0,317,否,否,否,否,否,否,7.454,19.963,48.3,-5.494,25.2,218.0,60.9,61.8,60.1,60.1,60.1,60.1,60.5,61.1,60.0,60.0,60.0,60.0,16.33,16.57,16.09,16.09,16.58,16.58,1.86,13.89,16.06,0.27,0.23,0,0,0.0,0.0,0,0.000,
17.9.2026,23:30:56.289,6027,33485,15.2,5744,10438,35.4,0.0,23329,0,0.767,0.800,0.762,0.755,0.750,0.681,0.741,1000.0,1000.0,1000.0,1000.0,1000.0,100.0,800.0,28.1,119.2,73.1,26.1,4.3,1.2,0.2,0.2,0.2,28.1,4.1,10.4,6.7,16.1,0.0,0.0,0.0,0.0,0.0,16.1,4.1,100.0,1.0,4.2,2.7,1.1,0.2,0.0,0.0,0.0,0.0,1.0,10.0,10.0,10.0,10.0,10.0,8.0,31,27,32,32,32,69,73,68,68,68,35,32,否,否,否,否,否,否,否,否,否,否,否,否,否,否,否,否,否,否,38,38,34,0.250,1.646,0.203,0.007,3.132,0.673,0.229,0.495,35.0,30.0,64.0,64.0,0,17.9,6.8,1.8,2.2,52.4,2.6,12.0,7.0,1.5,0.4,0.1,0.0,0.0,0.0,95.4,83.9,98.1,99.8,99.9,1066.7,10.67,15,15,15,35,74,374,1,2,否,否,否,否,否,否,否,否,否,否,否,否,否,否,否,否,否,否,否,否,否,否,否,否,否,否,否,否,否,否,否,否,否,否,否,否,否,32.0,32,32,31,97.0,100.0,否,否,24293,21074,0.0,1.0,1.0,0.000,0.010,5726,2150,35,0.007,100.0,1066.0,0.0,0.0,0.0,0.0,0.0,0.0,0.0,317,否,否,否,否,否,否,7.451,19.963,48.3,-5.499,25.2,217.8,60.9,61.8,60.1,60.1,60.1,60.1,60.5,61.1,60.0,60.0,60.0,60.0,16.33,16.57,16.09,16.09,16.58,16.58,1.86,13.89,16.06,0.27,0.23,0,0,0.0,0.0,0,0.000,
17.9.2026,23:30:58.300,6027,33484,15.2,5743,10439,35.4,0.0,23329,0,0.767,0.800,0.760,0.755,0.752,0.681,0.741,1000.0,1000.0,1000.0,1000.0,1000.0,100.0,800.0,28.7,138.4,69.4,21.1,0.2,0.3,0.2,0.2,0.2,28.7,4.8,11.4,5.4,0.9,0.0,20.7,0.0,0.0,0.0,20.7,4.8,100.0,1.1,5.0,2.6,0.9,0.0,0.0,0.0,0.0,0.0,1.1,10.0,10.0,10.0,10.0,10.0,8.0,32,30,32,32,32,68,70,68,68,68,35,32,否,否,否,否,否,否,否,否,否,否,否,否,否,否,否,否,否,否,35,35,35,0.250,1.514,0.182,0.005,2.679,0.639,0.216,0.432,35.0,30.0,64.0,64.0,0,17.8,9.4,1.4,2.3,49.2,2.7,13.8,6.5,1.4,0.0,0.0,0.0,0.0,0.0,95.3,82.8,98.5,99.9,99.9,1066.7,10.67,15,15,15,35,74,374,1,2,是,否,否,否,否,否,否,是,否,否,否,否,否,否,否,否,否,否,否,否,否,否,否,否,否,否,否,否,否,否,否,否,否,否,否,否,否,32.0,32,32,31,97.0,100.0,否,否,24293,21074,0.0,1.9,1.9,0.000,0.085,5726,2151,35,0.005,100.0,1066.0,0.0,0.0,0.0,0.0,0.0,0.0,0.0,317,否,否,否,否,否,否,7.408,19.956,48.3,-5.445,25.2,219.9,60.9,61.8,60.1,60.1,60.1,60.1,60.5,61.1,60.0,60.0,60.0,60.0,16.33,16.57,16.09,16.09,16.58,16.58,1.86,13.89,16.06,0.27,0.23,0,0,0.0,0.0,0,0.000,
17.9.2026,23:31:0.316,6029,33482,15.2,5742,10440,35.4,0.0,23329,0,0.770,0.797,0.767,0.762,0.752,0.681,0.701,1050.0,1000.0,1100.0,1100.0,1000.0,100.0,800.0,31.9,134.3,82.4,25.5,3.4,9.0,0.3,0.3,0.3,31.9,3.1,11.7,7.5,2.3,0.7,1.2,0.4,0.4,0.4,11.7,3.1,100.0,1.2,4.8,3.1,1.0,0.1,0.4,0.0,0.0,0.0,1.2,10.5,10.0,11.0,11.0,10.0,8.0,31,29,31,32,32,69,71,69,68,68,35,32,否,否,否,否,否,否,否,否,否,否,否,否,否,否,否,否,否,否,35,35,35,0.500,1.614,0.174,0.007,2.985,0.673,0.221,0.498,35.0,30.0,64.0,64.0,0,17.5,6.8,1.5,2.2,51.4,3.1,13.3,7.8,2.1,0.4,0.9,0.0,0.0,0.0,94.8,82.5,97.5,99.1,99.9,1066.7,10.67,15,15,15,35,74,374,1,2,否,否,否,否,否,否,否,否,否,否,否,否,否,否,否,否,否,否,否,否,否,否,否,否,否,否,否,否,否,否,否,否,否,否,否,否,否,32.0,32,32,31,97.0,100.0,否,否,24293,21074,0.0,0.9,0.9,0.000,0.012,5726,2151,35,0.007,100.0,1066.0,0.0,0.0,0.0,0.0,0.0,0.0,0.0,317,否,否,否,否,否,否,7.454,19.956,48.3,-5.486,25.2,218.2,60.9,61.8,60.1,60.1,60.1,60.1,60.5,61.1,60.0,60.0,60.0,60.0,16.33,16.57,16.09,16.09,16.58,16.58,1.86,13.89,16.06,0.27,0.23,0,0,0.0,0.0,0,0.000,
17.9.2026,23:31:2.321,6028,33484,15.2,5739,10444,35.4,0.0,23329,0,0.766,0.797,0.762,0.752,0.752,0.681,0.741,1000.0,1000.0,1000.0,1000.0,1000.0,100.0,800.0,29.7,122.3,78.8,33.5,1.1,1.1,0.2,0.2,0.2,29.7,2.8,10.2,6.7,2.0,0.8,0.8,0.7,0.7,0.7,10.2,2.8,100.0,1.1,4.3,3.0,1.4,0.0,0.0,0.0,0.0,0.0,1.1,10.0,10.0,10.0,10.0,10.0,8.0,32,29,32,33,32,68,71,68,67,68,35,33,否,否,否,否,否,否,否,否,否,否,否,否,否,否,否,否,否,否,46,46,35,0.250,1.513,0.168,0.006,2.775,0.648,0.222,0.433,35.0,30.0,64.0,64.0,0,17.6,9.3,1.8,1.9,49.5,2.8,12.3,7.6,2.2,0.1,0.1,0.0,0.0,0.0,95.2,83.3,97.6,99.8,99.9,1066.7,10.67,15,15,15,35,74,374,1,2,否,否,否,否,否,否,否,否,否,否,否,否,否,否,否,否,否,否,否,否,否,否,否,否,否,否,否,否,否,否,否,否,否,否,否,否,否,32.0,32,32,32,97.0,100.0,否,否,24293,21074,0.0,1.5,1.5,0.000,0.047,5726,2151,36,0.006,100.0,1066.0,0.0,0.0,0.0,0.0,0.0,0.0,0.0,317,否,否,否,否,否,否,7.448,19.956,48.3,-5.459,25.2,219.3,60.9,61.8,60.1,60.1,60.1,60.1,60.5,61.1,60.0,60.0,60.0,60.0,16.33,16.57,16.09,16.09,16.58,16.58,1.86,13.89,16.06,0.27,0.23,0,0,0.0,0.0,0,0.000,
17.9.2026,23:31:4.311,6029,33483,15.2,5747,10435,35.5,0.0,23329,0,0.766,0.797,0.762,0.752,0.750,0.683,0.741,1000.0,1000.0,1000.0,1000.0,1000.0,100.0,800.0,32.1,140.8,88.4,20.3,4.2,2.2,0.2,0.6,0.2,32.1,2.4,11.0,6.9,1.3,0.0,0.0,0.0,0.0,0.0,11.0,2.4,100.0,1.2,5.1,3.4,0.8,0.1,0.1,0.0,0.0,0.0,1.2,10.0,10.0,10.0,10.0,10.0,8.0,32,29,31,34,32,68,71,69,66,68,34,34,否,否,否,否,否,否,否,否,否,否,否,否,否,否,否,否,否,否,34,33,34,3.500,1.588,0.185,0.007,2.971,0.645,0.208,0.497,35.0,30.0,64.0,64.0,0,17.6,7.1,1.8,1.9,51.0,3.0,13.3,8.0,1.9,0.4,0.2,0.0,0.1,0.0,94.9,82.2,97.7,99.7,99.9,1066.7,10.67,15,15,15,35,74,374,1,2,否,否,否,否,否,否,否,否,否,否,否,否,否,否,否,否,否,否,否,否,否,否,否,否,否,否,否,否,否,否,否,否,否,否,否,否,否,32.0,32,32,31,97.0,100.0,否,否,24293,21074,0.0,1.0,1.0,0.000,0.012,5726,2151,35,0.007,100.0,1066.0,0.0,0.0,0.0,0.0,0.0,0.0,0.0,317,否,否,否,否,否,否,7.454,19.948,48.3,-5.471,25.2,218.8,60.9,61.8,60.1,60.1,60.1,60.1,60.5,61.1,60.0,60.0,60.0,60.0,16.33,16.57,16.09,16.09,16.58,16.58,1.86,13.89,16.06,0.27,0.23,0,0,0.0,0.0,0,0.000,
17.9.2026,23:31:6.320,6028,33483,15.2,5745,10437,35.5,0.0,23329,0,0.765,0.797,0.762,0.750,0.750,0.681,0.741,1000.0,1000.0,1000.0,1000.0,1000.0,100.0,800.0,28.1,127.0,68.4,27.4,0.9,0.4,0.2,0.2,0.2,28.1,2.6,11.1,6.2,0.0,0.0,3.4,0.0,0.0,0.0,11.1,2.6,100.0,1.0,4.5,2.6,1.1,0.0,0.0,0.0,0.0,0.0,1.0,10.0,10.0,10.0,10.0,10.0,8.0,31,30,32,33,30,69,70,68,67,70,34,33,否,否,否,否,否,否,否,否,否,否,否,否,否,否,否,否,否,否,34,33,34,0.250,1.505,0.163,0.008,2.766,0.644,0.218,0.434,35.0,30.0,64.0,64.0,0,18.0,6.2,1.3,1.9,53.6,2.6,12.7,6.5,1.6,0.1,0.0,0.0,0.0,0.0,95.5,83.8,98.2,99.9,99.9,1066.7,10.67,15,15,15,35,74,374,1,2,是,否,否,否,否,否,否,是,否,否,否,否,否,否,否,否,否,否,否,否,否,否,否,否,否,否,否,否,否,否,否,否,否,否,否,否,否,32.0,32,32,30,97.0,100.0,否,否,24293,21074,0.0,1.0,1.0,0.000,0.010,5726,2151,34,0.008,100.0,1066.0,0.0,0.0,0.0,0.0,0.0,0.0,0.0,317,否,否,否,否,否,否,7.444,19.948,48.3,-5.442,25.2,219.9,60.9,61.8,60.1,60.1,60.1,60.1,60.5,61.1,60.0,60.0,60.0,60.0,16.33,16.57,16.09,16.09,16.58,16.58,1.86,13.89,16.06,0.27,0.23,0,0,0.0,0.0,0,0.000,
17.9.2026,23:31:8.323,6029,33483,15.2,5744,10438,35.4,0.0,23329,0,0.766,0.800,0.760,0.752,0.750,0.681,0.741,1000.0,1000.0,1000.0,1000.0,1000.0,100.0,800.0,28.2,125.3,65.2,32.7,0.2,0.8,0.2,1.3,0.2,28.2,2.8,10.2,5.0,5.1,0.4,0.4,0.4,0.5,0.4,10.2,2.8,100.0,1.0,4.4,2.4,1.3,0.0,0.0,0.0,0.0,0.0,1.0,10.0,10.0,10.0,10.0,10.0,8.0,32,30,31,33,32,68,70,69,67,68,35,33,否,否,否,否,否,否,否,否,否,否,否,否,否,否,否,否,否,否,34,34,34,0.250,1.518,0.181,0.005,2.655,0.652,0.227,0.420,35.0,30.0,64.0,64.0,0,18.1,9.0,1.4,2.3,50.1,2.6,12.6,6.2,1.9,0.0,0.1,0.0,0.1,0.0,95.4,84.1,98.0,99.8,99.8,1066.7,10.67,15,15,15,35,74,374,1,2,是,否,否,否,否,否,否,是,否,否,否,否,否,否,否,否,否,否,否,否,否,否,否,否,否,否,是,否,否,否,否,否,否,否,是,否,否,31.0,32,32,31,97.0,100.0,否,否,24293,21074,0.0,1.4,1.4,0.000,0.065,5726,2151,36,0.005,100.0,1066.0,0.0,0.0,0.0,0.0,0.0,0.0,0.0,317,否,否,否,否,否,否,7.447,19.940,48.3,-5.436,25.2,220.1,60.9,61.8,60.1,60.1,60.1,60.1,60.5,61.1,60.0,60.0,60.0,60.0,16.33,16.57,16.09,16.09,16.58,16.58,1.86,13.89,16.06,0.27,0.23,0,0,0.0,0.0,0,0.000,
17.9.2026,23:31:10.313,6029,33483,15.2,5743,10439,35.4,0.0,23329,0,0.766,0.800,0.762,0.752,0.750,0.683,0.741,1000.0,1000.0,1000.0,1000.0,1000.0,100.0,800.0,29.3,132.0,78.7,19.5,2.9,0.5,0.2,0.2,0.2,29.3,2.6,11.4,7.0,2.4,0.2,0.0,0.0,0.0,0.0,11.4,2.6,100.0,1.1,4.7,3.0,0.8,0.1,0.0,0.0,0.0,0.0,1.1,10.0,10.0,10.0,10.0,10.0,8.0,30,28,31,33,30,70,72,69,67,70,35,33,否,否,否,否,否,否,否,否,否,否,否,否,否,否,否,否,否,否,35,33,35,0.250,1.636,0.198,0.007,2.953,0.672,0.225,0.497,35.0,30.0,64.0,64.0,0,17.8,4.3,1.7,2.0,54.5,2.8,12.6,7.1,1.8,0.3,0.1,0.0,0.0,0.0,95.2,83.0,97.9,99.9,99.9,1066.7,10.67,15,15,15,35,74,374,1,2,否,否,否,否,否,否,否,否,否,否,否,否,否,否,否,否,否,否,否,否,否,否,否,否,否,否,否,否,否,否,否,否,否,否,否,否,否,32.0,32,32,30,97.0,100.0,否,否,24293,21074,0.0,0.5,0.5,0.000,0.043,5726,2151,35,0.007,100.0,1066.0,0.0,0.0,0.0,0.0,0.0,0.0,0.0,317,否,否,否,否,否,否,7.449,19.940,48.3,-5.445,25.2,219.7,60.9,61.8,60.1,60.1,60.1,60.1,60.5,61.1,60.0,60.0,60.0,60.0,16.33,16.57,16.09,16.09,16.58,16.58,1.86,13.89,16.06,0.27,0.23,0,0,0.0,0.0,0,0.000,
17.9.2026,23:31:12.331,6029,33483,15.2,5743,10439,35.4,0.0,23329,0,0.766,0.797,0.762,0.752,0.750,0.681,0.741,1000.0,1000.0,1000.0,1000.0,1000.0,100.0,800.0,46.4,211.9,113.3,37.4,6.4,1.1,0.2,0.4,0.2,46.4,3.4,16.0,8.8,2.0,0.2,0.0,0.0,0.0,0.0,16.0,3.4,100.0,1.8,8.1,4.4,1.5,0.2,0.0,0.0,0.0,0.0,1.8,10.0,10.0,10.0,10.0,10.0,8.0,32,30,31,34,33,68,70,69,66,67,34,34,否,否,否,否,否,否,否,否,否,否,否,否,否,否,否,否,否,否,35,33,35,0.250,1.440,0.149,0.006,2.520,0.645,0.229,0.379,35.0,30.0,64.0,64.0,0,15.9,6.4,1.1,3.1,45.0,3.9,18.0,9.8,2.5,0.6,0.1,0.0,0.0,0.0,92.8,74.4,97.0,99.9,99.9,1066.7,10.67,15,15,15,35,74,374,1,2,否,否,否,否,否,否,否,否,否,否,否,否,否,否,否,否,否,否,否,否,否,否,否,否,否,否,否,否,否,否,否,否,否,否,否,否,否,31.0,32,32,31,97.0,100.0,否,否,24293,21074,0.0,1.0,1.0,0.000,0.085,5726,2151,34,0.006,100.0,1066.0,0.0,0.0,0.0,0.0,0.0,0.0,0.0,317,否,否,否,否,否,否,7.454,19.940,48.3,-5.419,25.2,220.8,60.9,61.8,60.1,60.1,60.1,60.1,60.5,61.1,60.0,60.0,60.0,60.0,16.33,16.57,16.09,16.09,16.58,16.58,1.86,13.89,16.06,0.27,0.23,0,0,0.0,0.0,0,0.000,
17.9.2026,23:31:14.340,6029,33482,15.2,5740,10442,35.4,0.0,23329,0,0.766,0.800,0.760,0.752,0.750,0.681,0.698,1000.0,1000.0,1000.0,1000.0,1000.0,100.0,800.0,29.3,124.6,91.0,16.4,1.3,0.7,0.2,0.2,0.2,29.3,2.5,10.6,7.7,1.4,0.2,0.1,0.1,0.1,0.1,10.6,2.5,100.0,1.1,4.4,3.5,0.6,0.0,0.0,0.0,0.0,0.0,1.1,10.0,10.0,10.0,10.0,10.0,8.0,31,29,32,34,30,69,71,68,66,70,35,34,否,否,否,否,否,否,否,否,否,否,否,否,否,否,否,否,否,否,35,33,35,0.250,1.783,0.277,0.008,3.437,0.726,0.242,0.486,35.0,30.0,64.0,64.0,0,17.7,11.7,1.5,1.9,46.8,2.8,12.6,8.4,1.4,0.1,0.1,0.0,0.0,0.0,95.1,82.1,98.4,99.9,99.9,1066.7,10.67,15,15,15,35,74,374,1,2,否,否,否,否,否,否,否,否,否,否,否,否,否,否,否,否,否,否,否,否,否,否,否,否,否,否,否,否,否,否,否,否,否,否,否,否,否,31.0,32,32,31,97.0,100.0,否,否,24293,21074,0.0,3.1,3.1,0.000,0.079,5726,2151,34,0.008,100.0,1066.0,0.0,0.0,0.0,0.0,0.0,0.0,0.0,317,否,否,否,否,否,否,7.453,19.933,48.3,-5.471,25.2,218.6,60.9,61.8,60.1,60.1,60.1,60.1,60.5,61.1,60.0,60.0,60.0,60.0,16.33,16.57,16.09,16.09,16.58,16.58,1.86,13.89,16.06,0.27,0.23,0,0,0.0,0.0,0,0.000,
17.9.2026,23:31:16.334,6029,33483,15.2,5739,10444,35.4,0.0,23329,0,0.766,0.800,0.762,0.752,0.750,0.681,0.741,1000.0,1000.0,1000.0,1000.0,1000.0,100.0,800.0,28.5,120.9,70.5,31.8,1.9,1.8,0.2,0.3,0.2,28.5,2.5,9.9,5.8,2.0,0.6,0.6,0.5,0.5,0.5,9.9,2.5,100.0,1.0,4.2,2.6,1.3,0.1,0.1,0.0,0.0,0.0,1.0,10.0,10.0,10.0,10.0,10.0,8.0,32,29,32,33,33,68,71,68,67,67,34,33,否,否,否,否,否,否,否,否,否,否,否,否,否,否,否,否,否,否,45,45,36,0.250,1.700,0.165,0.007,3.252,0.688,0.220,0.576,35.0,30.0,64.0,64.0,0,18.2,7.1,1.7,2.2,51.2,2.8,12.3,6.8,2.5,0.2,0.2,0.0,0.0,0.0,95.2,83.7,97.3,99.7,99.9,1066.7,10.67,15,15,15,35,74,374,1,2,是,否,否,否,否,否,否,是,否,否,否,否,否,否,否,否,否,否,否,否,否,否,否,否,否,否,否,否,否,否,否,否,否,否,否,否,否,32.0,32,32,31,97.0,100.0,否,否,24293,21074,0.0,1.1,1.1,0.000,0.012,5726,2151,34,0.007,100.0,1066.0,0.0,0.0,0.0,0.0,0.0,0.0,0.0,317,否,否,否,否,否,否,7.451,19.933,48.3,-5.491,25.2,217.8,60.9,61.8,60.1,60.1,60.1,60.1,60.5,61.1,60.0,60.0,60.0,60.0,16.33,16.57,16.09,16.09,16.58,16.58,1.86,13.89,16.06,0.27,0.23,0,0,0.0,0.0,0,0.000,
17.9.2026,23:31:18.337,6029,33483,15.2,5738,10444,35.4,0.0,23329,0,0.766,0.797,0.760,0.752,0.752,0.683,0.741,1000.0,1000.0,1000.0,1000.0,1000.0,100.0,800.0,29.7,131.4,86.0,16.4,1.6,1.7,0.2,0.2,0.2,29.7,2.5,10.8,7.2,1.5,0.2,0.2,0.0,0.0,0.0,10.8,2.5,100.0,1.1,4.7,3.3,0.6,0.1,0.1,0.0,0.0,0.0,1.1,10.0,10.0,10.0,10.0,10.0,8.0,32,29,32,34,32,68,71,68,66,68,35,34,否,否,否,否,否,否,否,否,否,否,否,否,否,否,否,否,否,否,35,34,35,6.250,1.563,0.170,0.006,2.840,0.656,0.218,0.470,35.0,30.0,64.0,64.0,0,17.5,11.7,1.5,1.8,47.5,2.8,12.8,7.8,1.6,0.2,0.2,0.0,0.0,0.0,95.1,82.3,98.2,99.8,99.9,1066.7,10.67,15,15,15,35,74,374,1,2,否,否,否,否,否,否,否,否,否,否,否,否,否,否,否,否,否,否,否,否,否,否,否,否,否,否,否,否,否,否,否,否,否,否,否,否,否,31.0,32,32,31,97.0,100.0,否,否,24293,21074,0.0,2.8,2.8,0.000,0.028,5726,2151,35,0.006,100.0,1066.0,0.0,0.0,0.0,0.0,0.0,0.0,0.0,317,否,否,否,否,否,否,7.452,19.925,48.2,-5.492,25.2,217.7,60.9,61.8,60.1,60.1,60.1,60.1,60.5,61.1,60.0,60.0,60.0,60.0,16.33,16.57,16.09,16.09,16.58,16.58,1.86,13.89,16.06,0.27,0.23,0,0,0.0,0.0,0,0.000,
17.9.2026,23:31:20.348,6029,33483,15.2,5737,10445,35.4,0.0,23329,0,0.766,0.800,0.760,0.752,0.752,0.681,0.741,1000.0,1000.0,1000.0,1000.0,1000.0,100.0,800.0,28.8,127.8,77.6,23.4,1.0,0.4,0.2,0.2,0.2,28.8,2.4,10.7,6.7,1.4,0.0,0.0,0.0,0.0,0.0,10.7,2.4,100.0,1.1,4.5,2.9,0.9,0.0,0.0,0.0,0.0,0.0,1.1,10.0,10.0,10.0,10.0,10.0,8.0,31,28,33,32,32,69,72,67,68,68,35,33,否,否,否,否,否,否,否,否,否,否,否,否,否,否,否,否,否,否,41,41,34,0.250,1.671,0.177,0.005,3.189,0.672,0.211,0.558,35.0,30.0,64.0,64.0,0,17.7,6.9,1.9,2.0,51.9,2.7,12.7,7.4,1.5,0.1,0.0,0.0,0.0,0.0,95.3,83.1,98.3,99.9,99.9,1066.7,10.67,15,15,15,35,74,374,1,2,否,否,否,否,否,否,否,否,否,否,否,否,否,否,否,否,否,否,否,否,否,否,否,否,否,否,否,否,否,否,否,否,否,否,否,否,否,33.0,32,32,31,97.0,100.0,否,否,24293,21074,0.0,1.0,1.0,0.000,0.010,5726,2151,34,0.005,100.0,1066.0,0.0,0.0,0.0,0.0,0.0,0.0,0.0,317,否,否,否,否,否,否,7.452,19.925,48.2,-5.514,25.2,216.8,60.9,61.8,60.1,60.1,60.1,60.1,60.5,61.1,60.0,60.0,60.0,60.0,16.33,16.57,16.09,16.09,16.58,16.58,1.86,13.89,16.06,0.27,0.23,0,0,0.0,0.0,0,0.000,
17.9.2026,23:31:22.349,6029,33482,15.2,5737,10445,35.4,0.0,23329,0,0.767,0.800,0.762,0.755,0.750,0.681,0.741,1000.0,1000.0,1000.0,1000.0,1000.0,100.0,800.0,28.7,119.5,92.6,15.2,1.1,0.3,0.2,0.2,0.2,28.7,2.7,10.2,7.8,1.7,0.5,0.4,0.4,0.4,0.4,10.2,2.7,100.0,1.0,4.2,3.5,0.6,0.0,0.0,0.0,0.0,0.0,1.0,10.0,10.0,10.0,10.0,10.0,8.0,32,28,32,33,33,68,72,68,67,67,35,33,否,否,否,否,否,否,否,否,否,否,否,否,否,否,否,否,否,否,34,33,34,1.750,1.526,0.170,0.005,2.716,0.657,0.227,0.432,35.0,30.0,64.0,64.0,0,18.0,7.6,1.7,2.1,50.9,2.7,11.9,8.2,1.4,0.1,0.0,0.0,0.0,0.0,95.3,82.8,98.4,99.9,99.9,1066.7,10.67,15,15,15,35,74,374,1,2,否,否,否,否,否,否,否,否,否,否,否,否,否,否,否,否,否,否,否,否,否,否,否,否,否,否,否,否,否,否,否,否,否,否,否,否,否,32.0,32,32,30,97.0,100.0,否,否,24293,21074,0.0,1.0,1.0,0.000,0.089,5726,2151,34,0.005,100.0,1066.0,0.0,0.0,0.0,0.0,0.0,0.0,0.0,317,否,否,否,否,否,否,7.445,19.925,48.2,-5.487,25.2,217.9,60.9,61.8,60.1,60.1,60.1,60.1,60.5,61.1,60.0,60.0,60.0,60.0,16.33,16.57,16.09,16.09,16.58,16.58,1.86,13.89,16.06,0.27,0.23,0,0,0.0,0.0,0,0.000,
17.9.2026,23:31:24.346,6031,33481,15.2,5742,10441,35.4,0.0,23329,0,0.766,0.797,0.760,0.752,0.752,0.681,0.741,1000.0,1000.0,1000.0,1000.0,1000.0,100.0,800.0,34.5,143.5,97.1,27.0,2.0,5.7,0.2,0.2,0.2,34.5,2.6,11.7,7.8,1.0,0.0,0.0,0.0,0.0,0.0,11.7,2.6,100.0,1.3,5.2,3.7,1.1,0.1,0.2,0.0,0.0,0.0,1.3,10.0,10.0,10.0,10.0,10.0,8.0,32,29,33,33,32,68,71,67,67,68,34,33,否,否,否,否,否,否,否,否,否,否,否,否,否,否,否,否,否,否,48,48,35,0.750,1.530,0.164,0.006,2.784,0.649,0.216,0.453,35.0,30.0,64.0,64.0,0,17.4,6.6,1.7,3.3,49.1,3.1,13.9,8.9,1.5,0.2,0.5,0.0,0.0,0.0,94.6,81.0,98.2,99.4,99.9,1066.7,10.67,15,15,15,35,74,374,1,2,是,否,否,否,否,否,否,是,否,否,是,否,否,否,否,否,否,否,否,否,否,否,否,否,否,否,否,否,否,否,否,否,否,否,否,否,否,31.0,32,32,31,97.0,100.0,否,否,24293,21074,0.0,1.0,1.0,0.000,0.012,5726,2151,34,0.006,100.0,1066.0,0.0,0.0,0.0,0.0,0.0,0.0,0.0,317,否,否,否,否,否,否,7.446,19.917,48.2,-5.465,25.2,218.7,60.9,61.8,60.1,60.1,60.1,60.1,60.5,61.1,60.0,60.0,60.0,60.0,16.33,16.57,16.09,16.09,16.58,16.58,1.86,13.89,16.06,0.27,0.23,0,0,0.0,0.0,0,0.000,
17.9.2026,23:31:26.354,6031,33481,15.2,5743,10439,35.4,0.0,23329,0,0.766,0.797,0.762,0.755,0.750,0.681,0.701,1000.0,1000.0,1000.0,1000.0,1000.0,100.0,800.0,28.1,126.1,75.4,21.3,0.3,0.7,0.3,0.4,0.3,28.1,2.7,10.7,6.4,1.1,0.7,0.7,0.7,0.7,0.7,10.7,2.7,100.0,1.0,4.5,2.8,0.9,0.0,0.0,0.0,0.0,0.0,1.0,10.0,10.0,10.0,10.0,10.0,8.0,32,30,31,33,32,68,70,69,67,68,35,33,否,否,否,否,否,否,否,否,否,否,否,否,否,否,否,否,否,否,41,41,34,0.250,1.569,0.197,0.006,2.880,0.666,0.231,0.437,35.0,30.0,64.0,64.0,0,17.8,6.8,2.0,2.0,51.9,2.7,12.7,7.3,1.3,0.0,0.1,0.0,0.0,0.0,95.4,83.1,98.6,99.9,99.9,1066.7,10.67,15,15,15,35,74,374,1,2,否,否,否,否,否,否,否,否,否,否,否,否,否,否,否,否,否,否,否,否,否,否,否,否,否,否,否,否,否,否,否,否,否,否,否,否,否,31.0,32,32,30,97.0,100.0,否,否,24293,21074,0.0,1.0,1.0,0.000,0.010,5726,2152,35,0.006,100.0,1066.0,0.0,0.0,0.0,0.0,0.0,0.0,0.0,317,否,否,否,否,否,否,7.445,19.917,48.2,-5.450,25.2,219.3,60.9,61.8,60.1,60.1,60.1,60.1,60.5,61.1,60.0,60.0,60.0,60.0,16.33,16.57,16.09,16.09,16.58,16.58,1.86,13.89,16.06,0.27,0.23,0,0,0.0,0.0,0,0.000,
17.9.2026,23:31:28.348,6031,33481,15.2,5744,10438,35.4,0.0,23329,0,0.766,0.797,0.762,0.752,0.750,0.681,0.741,1000.0,1000.0,1000.0,1000.0,1000.0,100.0,800.0,29.0,129.4,81.3,17.5,1.0,0.8,0.2,1.6,0.2,29.0,3.1,11.0,7.3,2.1,0.7,1.4,0.6,0.8,0.6,11.0,3.1,100.0,1.1,4.6,3.1,0.7,0.0,0.0,0.0,0.1,0.0,1.1,10.0,10.0,10.0,10.0,10.0,8.0,31,29,31,33,32,69,71,69,67,68,35,33,否,否,否,否,否,否,否,否,否,否,否,否,否,否,否,否,否,否,35,34,35,5.250,1.516,0.170,0.007,2.697,0.646,0.221,0.432,35.0,30.0,64.0,64.0,0,17.5,11.8,1.9,1.9,47.3,2.7,12.4,7.4,1.6,0.1,0.1,0.0,0.2,0.0,95.3,83.2,98.3,99.9,99.8,1066.7,10.67,15,15,15,35,74,374,1,2,否,否,否,否,否,否,否,否,否,否,否,否,否,否,否,否,否,否,否,否,否,否,否,否,否,否,否,否,否,否,否,否,否,否,否,否,否,32.0,32,32,32,97.0,100.0,否,否,24293,21074,0.0,3.4,3.4,0.000,0.042,5726,2152,34,0.007,100.0,1066.0,0.0,0.0,0.0,0.0,0.0,0.0,0.0,317,否,否,否,否,否,否,7.447,19.910,48.2,-5.444,25.2,219.4,60.9,61.8,60.1,60.1,60.1,60.1,60.5,61.1,60.0,60.0,60.0,60.0,16.33,16.57,16.09,16.09,16.58,16.58,1.86,13.89,16.06,0.27,0.23,0,0,0.0,0.0,0,0.000,
17.9.2026,23:31:30.359,6030,33481,15.2,5744,10439,35.4,0.0,23329,0,0.766,0.795,0.762,0.752,0.752,0.681,0.741,1000.0,1000.0,1000.0,1000.0,1000.0,100.0,800.0,29.6,136.6,77.4,19.7,1.5,0.6,0.2,0.6,0.2,29.6,2.4,11.5,6.5,1.5,0.0,0.0,0.0,0.0,0.0,11.5,2.4,100.0,1.1,4.9,2.9,0.8,0.0,0.0,0.0,0.0,0.0,1.1,10.0,10.0,10.0,10.0,10.0,8.0,32,29,32,33,32,68,71,68,67,68,35,33,否,否,否,否,否,否,否,否,否,否,否,否,否,否,否,否,否,否,35,35,34,0.250,1.669,0.172,0.007,3.171,0.674,0.214,0.558,35.0,30.0,64.0,64.0,0,17.7,8.7,2.4,1.7,49.0,2.9,13.6,7.3,1.6,0.2,0.1,0.0,0.1,0.0,95.1,82.3,98.1,99.9,99.9,1066.7,10.67,15,15,15,35,74,374,1,2,否,否,否,否,否,否,否,否,否,否,否,否,否,否,否,否,否,否,否,否,否,否,否,否,否,否,否,否,否,否,否,否,否,否,否,否,否,32.0,32,32,30,97.0,100.0,否,否,24293,21074,0.0,1.2,1.2,0.000,0.038,5726,2152,35,0.007,100.0,1066.0,0.0,0.0,0.0,0.0,0.0,0.0,0.0,317,否,否,否,否,否,否,7.438,19.910,48.2,-5.445,25.2,219.4,60.9,61.8,60.1,60.1,60.1,60.1,60.5,61.1,60.0,60.0,60.0,60.0,16.33,16.57,16.09,16.09,16.58,16.58,1.86,13.89,16.06,0.27,0.23,0,0,0.0,0.0,0,0.000,
17.9.2026,23:31:32.379,6031,33481,15.2,5744,10438,35.4,0.0,23329,0,0.768,0.800,0.762,0.755,0.755,0.683,0.741,1000.0,1000.0,1000.0,1000.0,1000.0,100.0,800.0,30.3,136.7,75.3,24.0,3.6,1.3,0.2,0.8,0.2,30.3,2.6,11.6,6.5,2.0,0.4,0.2,0.1,0.2,0.1,11.6,2.6,100.0,1.1,4.9,2.8,0.9,0.1,0.0,0.0,0.0,0.0,1.1,10.0,10.0,10.0,10.0,10.0,8.0,30,28,32,32,30,70,72,68,68,70,35,32,否,否,否,否,否,否,否,否,否,否,否,否,否,否,否,否,否,否,34,33,34,0.750,1.586,0.157,0.005,3.208,0.667,0.220,0.496,35.0,30.0,64.0,64.0,0,17.6,9.6,2.1,2.2,48.0,2.9,13.5,7.1,2.1,0.4,0.1,0.0,0.1,0.0,94.9,82.4,97.5,99.8,99.9,1066.7,10.67,15,15,15,35,74,374,1,2,否,否,否,否,否,否,否,否,否,否,否,否,否,否,否,否,否,否,否,否,否,否,否,否,否,否,否,否,否,否,否,否,否,否,否,否,否,32.0,32,32,32,97.0,100.0,否,否,24293,21074,0.0,1.0,1.0,0.000,0.094,5726,2152,35,0.005,100.0,1066.0,0.0,0.0,0.0,0.0,0.0,0.0,0.0,317,否,否,否,否,否,否,7.411,19.910,48.2,-5.469,25.2,218.4,60.9,61.8,60.1,60.1,60.1,60.1,60.5,61.1,60.0,60.0,60.0,60.0,16.33,16.57,16.09,16.09,16.58,16.58,1.86,13.89,16.06,0.27,0.23,0,0,0.0,0.0,0,0.000,
17.9.2026,23:31:34.385,6031,33481,15.2,5743,10439,35.4,0.0,23329,0,0.766,0.800,0.760,0.752,0.752,0.681,0.701,1000.0,1000.0,1000.0,1000.0,1000.0,100.0,800.0,28.7,127.9,64.6,34.3,1.7,0.5,0.2,0.2,0.2,28.7,2.6,10.7,5.3,2.6,0.6,0.5,0.5,0.5,0.5,10.7,2.6,100.0,1.1,4.5,2.4,1.4,0.1,0.0,0.0,0.0,0.0,1.1,10.0,10.0,10.0,10.0,10.0,8.0,31,28,32,33,32,69,72,68,67,68,34,33,否,否,否,否,否,否,否,否,否,否,否,否,否,否,否,否,否,否,35,33,35,1.750,1.593,0.158,0.010,2.998,0.667,0.217,0.497,35.0,30.0,64.0,64.0,0,17.9,9.0,2.5,1.9,48.7,2.8,12.9,6.3,3.0,0.2,0.1,0.0,0.0,0.0,95.1,83.8,96.8,99.9,99.9,1066.7,10.67,15,15,15,35,74,374,1,2,否,否,否,否,否,否,否,否,否,否,否,否,否,否,否,否,否,否,否,否,否,否,否,否,否,否,否,否,否,否,否,否,否,否,否,否,否,33.0,32,32,31,97.0,100.0,否,否,24293,21074,0.0,1.5,1.5,0.000,0.014,5726,2152,34,0.010,100.0,1066.0,0.0,0.0,0.0,0.0,0.0,0.0,0.0,317,否,否,否,否,否,否,7.438,19.902,48.2,-5.512,25.2,216.6,60.9,61.8,60.1,60.1,60.1,60.1,60.5,61.1,60.0,60.0,60.0,60.0,16.33,16.57,16.09,16.09,16.58,16.58,1.86,13.89,16.06,0.27,0.23,0,0,0.0,0.0,0,0.000,
17.9.2026,23:31:36.377,6031,33481,15.2,5742,10441,35.4,0.0,23329,0,0.768,0.802,0.762,0.755,0.752,0.686,0.738,1025.0,1100.0,1000.0,1000.0,1000.0,100.0,900.0,28.1,130.2,67.8,24.9,1.0,0.7,0.2,0.2,0.2,28.1,2.2,10.6,5.4,1.7,0.0,0.0,0.0,0.0,0.0,10.6,2.2,100.0,1.0,4.6,2.5,1.0,0.0,0.0,0.0,0.0,0.0,1.0,10.2,11.0,10.0,10.0,10.0,9.0,32,30,33,34,30,68,70,67,66,70,35,34,否,否,否,否,否,否,否,否,否,否,否,否,否,否,否,否,否,否,34,34,34,1.250,1.569,0.158,0.006,2.956,0.653,0.209,0.495,35.0,30.0,64.0,64.0,0,17.9,9.1,2.3,2.1,49.2,2.7,12.9,6.5,2.2,0.1,0.1,0.0,0.0,0.0,95.3,83.6,97.7,99.9,99.9,1066.7,10.67,15,15,15,35,74,374,1,2,否,否,否,否,否,否,否,否,否,否,否,否,否,否,否,否,否,否,否,否,否,否,否,否,否,否,否,否,否,否,否,否,否,否,否,否,否,31.0,32,32,31,97.0,100.0,否,否,24293,21074,0.0,1.4,1.4,0.000,0.032,5726,2152,35,0.006,100.0,1066.0,0.0,0.0,0.0,0.0,0.0,0.0,0.0,317,否,否,否,否,否,否,7.443,19.902,48.2,-5.500,25.2,217.1,60.9,61.8,60.1,60.1,60.1,60.1,60.5,61.1,60.0,60.0,60.0,60.0,16.33,16.57,16.09,16.09,16.58,16.58,1.86,13.89,16.06,0.27,0.23,0,0,0.0,0.0,0,0.000,
17.9.2026,23:31:38.389,6031,33481,15.2,5740,10442,35.4,0.0,23329,0,0.766,0.797,0.760,0.752,0.752,0.681,0.701,1000.0,1000.0,1000.0,1000.0,1000.0,100.0,800.0,28.4,120.9,76.9,25.1,1.5,1.1,0.2,1.5,0.2,28.4,2.7,10.4,6.8,2.4,0.4,0.4,0.3,0.4,0.3,10.4,2.7,100.0,1.0,4.2,2.9,1.0,0.0,0.0,0.0,0.1,0.0,1.0,10.0,10.0,10.0,10.0,10.0,8.0,31,29,32,33,30,69,71,68,67,70,34,33,否,否,否,否,否,否,否,否,否,否,否,否,否,否,否,否,否,否,35,35,35,2.000,1.583,0.153,0.005,2.915,0.673,0.224,0.491,35.0,30.0,64.0,64.0,0,18.0,8.8,2.1,2.6,49.0,2.8,12.1,7.3,2.2,0.2,0.1,0.0,0.2,0.0,95.2,83.5,97.6,99.8,99.8,1066.7,10.67,15,15,15,35,74,374,1,2,否,否,否,否,否,否,否,否,否,否,否,否,否,否,否,否,否,否,否,否,否,否,否,否,否,否,否,否,否,否,否,否,否,否,否,否,否,31.0,32,32,31,97.0,100.0,否,否,24293,21074,0.0,1.6,1.6,0.000,0.044,5726,2152,35,0.005,100.0,1066.0,0.0,0.0,0.0,0.0,0.0,0.0,0.0,317,否,否,否,否,否,否,7.441,19.902,48.2,-5.499,25.2,217.2,60.9,61.8,60.1,60.1,60.1,60.1,60.5,61.1,60.0,60.0,60.0,60.0,16.33,16.57,16.09,16.09,16.58,16.58,1.86,13.89,16.06,0.27,0.23,0,0,0.0,0.0,0,0.000,
17.9.2026,23:31:40.412,6030,33482,15.2,5739,10444,35.4,0.0,23329,0,0.767,0.802,0.762,0.752,0.752,0.686,0.701,1025.0,1100.0,1000.0,1000.0,1000.0,100.0,900.0,30.4,140.1,73.1,27.3,1.4,1.1,0.2,0.3,0.2,30.4,2.4,11.9,6.1,1.3,0.0,0.0,0.0,0.0,0.0,11.9,2.4,100.0,1.1,5.0,2.7,1.1,0.0,0.0,0.0,0.0,0.0,1.1,10.2,11.0,10.0,10.0,10.0,9.0,31,29,31,33,32,69,71,69,67,68,35,33,否,否,否,否,否,否,否,否,否,否,否,否,否,否,否,否,否,否,34,33,35,0.250,1.615,0.194,0.006,2.948,0.667,0.224,0.486,35.0,30.0,64.0,64.0,0,17.6,8.9,2.5,2.6,48.4,2.8,13.9,6.9,1.5,0.1,0.1,0.0,0.0,0.0,95.0,82.1,98.3,99.8,99.9,1066.7,10.67,15,15,15,35,74,374,1,2,是,否,否,否,否,否,否,否,否,否,是,否,否,否,否,否,否,否,否,否,否,否,否,否,否,否,否,否,否,否,否,否,否,否,否,否,否,31.0,32,32,31,97.0,100.0,否,否,24293,21074,0.0,1.9,1.9,0.000,0.022,5726,2152,34,0.007,100.0,1066.0,0.0,0.0,0.0,0.0,0.0,0.0,0.0,317,否,否,否,否,否,否,7.447,19.902,48.2,-5.518,25.2,216.4,60.9,61.8,60.1,60.1,60.1,60.1,60.5,61.1,60.0,60.0,60.0,60.0,16.33,16.57,16.09,16.09,16.58,16.58,1.86,13.89,16.06,0.27,0.23,0,0,0.0,0.0,0,0.000,
17.9.2026,23:31:42.418,6030,33482,15.2,5738,10444,35.4,0.0,23329,0,0.766,0.800,0.760,0.752,0.750,0.681,0.701,1000.0,1000.0,1000.0,1000.0,1000.0,100.0,800.0,28.4,130.9,69.2,24.1,1.0,1.2,0.2,0.5,0.2,28.4,2.6,11.6,6.5,2.0,0.0,0.6,0.0,0.0,0.0,11.6,2.6,100.0,1.0,4.7,2.6,1.0,0.0,0.0,0.0,0.0,0.0,1.0,10.0,10.0,10.0,10.0,10.0,8.0,32,29,33,33,33,68,71,67,67,67,36,33,否,否,否,否,否,否,否,否,否,否,否,否,否,否,否,否,否,否,35,33,35,0.250,1.585,0.176,0.005,2.868,0.671,0.225,0.470,35.0,30.0,64.0,64.0,0,18.1,8.1,2.4,2.1,49.6,2.7,13.1,6.7,1.6,0.1,0.1,0.0,0.1,0.0,95.3,83.1,98.3,99.8,99.9,1066.7,10.67,15,15,15,35,74,374,1,2,否,否,否,否,否,否,否,否,否,否,否,否,否,否,否,否,否,否,否,否,否,否,否,否,否,否,否,否,否,否,否,否,否,否,否,否,否,31.0,32,32,31,97.0,100.0,否,否,24293,21074,0.0,1.5,1.5,0.000,0.063,5726,2152,34,0.006,100.0,1066.0,0.0,0.0,0.0,0.0,0.0,0.0,0.0,317,否,否,否,否,否,否,7.448,19.902,48.2,-5.489,25.2,217.5,60.9,61.8,60.1,60.1,60.1,60.1,60.5,61.1,60.0,60.0,60.0,60.0,16.33,16.57,16.09,16.09,16.58,16.58,1.86,13.89,16.06,0.27,0.23,0,0,0.0,0.0,0,0.000,
17.9.2026,23:31:44.433,6029,33482,15.2,5739,10443,35.4,0.0,23329,0,0.766,0.797,0.762,0.752,0.752,0.681,0.701,1000.0,1000.0,1000.0,1000.0,1000.0,100.0,800.0,29.3,141.2,75.3,13.2,2.5,1.0,0.2,0.5,0.2,29.3,3.2,11.6,6.1,0.8,1.6,1.4,1.4,1.4,1.4,11.6,3.2,100.0,1.1,5.1,2.8,0.5,0.1,0.0,0.0,0.0,0.0,1.1,10.0,10.0,10.0,10.0,10.0,8.0,31,29,31,33,32,69,71,69,67,68,35,33,否,否,否,否,否,否,否,否,否,否,否,否,否,否,否,否,否,否,34,33,34,0.250,1.552,0.159,0.007,2.814,0.669,0.228,0.455,35.0,30.0,64.0,64.0,0,18.1,7.6,2.3,3.8,48.5,2.8,13.7,7.0,1.1,0.3,0.1,0.0,0.1,0.0,95.2,82.6,98.6,99.8,99.9,1066.7,10.67,15,15,15,35,74,374,1,2,否,否,否,否,否,否,否,否,否,否,否,否,否,否,否,否,否,否,否,否,否,否,否,否,否,否,否,否,否,否,否,否,否,否,否,否,否,32.0,32,32,31,97.0,100.0,否,否,24293,21074,0.0,2.9,2.9,0.000,0.057,5726,2152,36,0.005,100.0,1066.0,0.0,0.0,0.0,0.0,0.0,0.0,0.0,317,否,否,否,否,否,否,7.444,19.895,48.2,-5.494,25.2,217.3,60.9,61.8,60.1,60.1,60.1,60.1,60.5,61.1,60.0,60.0,60.0,60.0,16.33,16.57,16.09,16.09,16.58,16.58,1.86,13.89,16.06,0.27,0.23,0,0,0.0,0.0,0,0.000,
17.9.2026,23:31:46.435,6028,33484,15.2,5739,10444,35.4,0.0,23329,0,0.767,0.800,0.762,0.752,0.752,0.681,0.741,1000.0,1000.0,1000.0,1000.0,1000.0,100.0,800.0,29.9,127.3,71.1,33.2,4.4,1.4,0.2,1.2,0.2,29.9,2.1,10.6,5.9,0.0,0.0,0.0,0.0,0.0,0.0,10.6,2.1,100.0,1.1,4.5,2.7,1.3,0.2,0.0,0.0,0.0,0.0,1.1,10.0,10.0,10.0,10.0,10.0,8.0,32,29,32,34,32,68,71,68,66,68,35,34,否,否,否,否,否,否,否,否,否,否,否,否,否,否,否,否,否,否,35,34,35,0.250,1.443,0.154,0.004,2.511,0.650,0.232,0.371,35.0,30.0,64.0,64.0,0,18.1,4.7,2.2,2.1,53.0,2.9,12.7,6.7,2.9,0.4,0.2,0.0,0.1,0.0,95.0,83.7,96.8,99.8,99.8,1066.7,10.67,15,15,15,35,74,374,1,2,否,否,否,否,否,否,否,否,否,否,否,否,否,否,否,否,否,否,否,否,否,否,否,否,否,否,否,否,否,否,否,否,否,否,否,否,否,31.0,32,32,30,97.0,100.0,否,否,24293,21074,0.0,0.5,0.5,0.000,0.012,5726,2152,34,0.007,100.0,1066.0,0.0,0.0,0.0,0.0,0.0,0.0,0.0,317,否,否,否,否,否,否,7.448,19.895,48.2,-5.474,25.2,218.1,60.9,61.8,60.1,60.1,60.1,60.1,60.5,61.1,60.0,60.0,60.0,60.0,16.33,16.57,16.09,16.09,16.58,16.58,1.86,13.89,16.06,0.27,0.23,0,0,0.0,0.0,0,0.000,
17.9.2026,23:31:48.434,6028,33483,15.2,5742,10440,35.4,0.0,23329,0,0.766,0.795,0.762,0.755,0.750,0.678,0.741,975.0,900.0,1000.0,1000.0,1000.0,100.0,700.0,29.3,138.0,82.4,9.8,1.2,1.4,0.2,1.0,0.2,29.3,4.3,11.4,6.5,7.9,0.7,0.7,0.6,6.5,0.6,11.4,4.3,100.0,1.1,5.0,3.1,0.4,0.0,0.1,0.0,0.0,0.0,1.1,9.8,9.0,10.0,10.0,10.0,7.0,32,28,32,34,32,68,72,68,66,68,35,34,否,否,否,否,否,否,否,否,否,否,否,否,否,否,否,否,否,否,34,33,34,0.250,1.519,0.158,0.009,2.751,0.655,0.223,0.436,35.0,30.0,64.0,64.0,0,18.1,6.9,2.4,2.2,50.7,2.8,13.6,7.4,1.0,0.1,0.2,0.0,0.1,0.0,95.2,82.3,98.8,99.8,99.9,1066.7,10.67,15,15,15,35,74,374,1,2,否,否,否,否,否,否,否,否,否,否,否,否,否,否,否,否,否,否,否,否,否,否,否,否,否,否,否,否,否,否,否,否,否,否,否,否,否,32.0,32,32,30,97.0,100.0,否,否,24293,21074,0.0,1.5,1.5,0.000,0.085,5726,2152,34,0.004,100.0,1066.0,0.0,0.0,0.0,0.0,0.0,0.0,0.0,317,否,否,否,否,否,否,7.446,19.895,48.2,-5.443,25.2,219.3,60.9,61.8,60.1,60.1,60.1,60.1,60.5,61.1,60.0,60.0,60.0,60.0,16.33,16.57,16.09,16.09,16.58,16.58,1.86,13.89,16.06,0.27,0.23,0,0,0.0,0.0,0,0.000,
17.9.2026,23:31:50.450,6028,33484,15.2,5743,10439,35.4,0.0,23329,0,0.764,0.797,0.762,0.747,0.747,0.681,0.741,950.0,1000.0,1000.0,900.0,900.0,100.0,800.0,28.8,119.4,74.3,33.9,1.1,1.1,0.2,0.6,0.2,28.8,2.5,10.4,6.7,2.9,0.0,0.0,0.0,0.0,0.0,10.4,2.5,100.0,1.1,4.2,2.8,1.4,0.0,0.0,0.0,0.0,0.0,1.1,9.5,10.0,10.0,9.0,9.0,8.0,31,30,31,33,30,69,70,69,67,70,34,33,否,否,否,否,否,否,否,否,否,否,否,否,否,否,否,否,否,否,35,33,35,0.250,1.402,0.149,0.006,2.440,0.630,0.221,0.360,35.0,30.0,64.0,64.0,0,18.0,4.0,2.7,2.3,53.2,2.8,12.1,7.1,2.7,0.1,0.1,0.0,0.1,0.0,95.2,83.9,97.1,99.8,99.9,1066.7,10.67,15,15,15,35,74,374,1,2,否,否,否,否,否,否,否,否,否,否,否,否,否,否,否,否,否,否,否,否,否,否,否,否,否,否,否,否,否,否,否,否,否,否,否,否,否,32.0,32,32,30,97.0,100.0,否,否,24293,21074,0.0,0.5,0.5,0.000,0.012,5726,2152,35,0.009,100.0,1066.0,0.0,0.0,0.0,0.0,0.0,0.0,0.0,317,否,否,否,否,否,否,7.442,19.887,48.1,-5.448,25.2,219.0,60.9,61.8,60.1,60.1,60.1,60.1,60.5,61.1,60.0,60.0,60.0,60.0,16.33,16.57,16.09,16.09,16.58,16.58,1.86,13.89,16.06,0.27,0.23,0,0,0.0,0.0,0,0.000,
17.9.2026,23:31:52.464,6028,33484,15.2,5743,10439,35.4,0.0,23329,0,0.766,0.797,0.762,0.752,0.750,0.683,0.701,1000.0,1000.0,1000.0,1000.0,1000.0,100.0,800.0,28.9,125.8,77.9,17.2,2.9,6.4,0.2,1.0,0.2,28.9,2.7,10.5,6.2,0.9,0.8,1.1,0.6,0.7,0.6,10.5,2.7,100.0,1.1,4.5,2.9,0.7,0.1,0.3,0.0,0.0,0.0,1.1,10.0,10.0,10.0,10.0,10.0,8.0,32,29,32,33,32,68,71,68,67,68,34,33,否,否,否,否,否,否,否,否,否,否,否,否,否,否,否,否,否,否,35,33,35,0.250,1.531,0.169,0.006,2.788,0.645,0.216,0.454,35.0,30.0,64.0,64.0,0,17.9,7.5,2.3,2.1,50.8,2.8,12.6,7.2,1.2,0.3,0.6,0.0,0.1,0.0,95.2,83.2,98.5,99.4,99.9,1066.7,10.67,15,15,15,35,74,374,1,2,否,否,否,否,否,否,否,否,否,否,否,否,否,否,否,否,否,否,否,否,否,否,否,否,否,否,否,否,否,否,否,否,否,否,否,否,否,32.0,32,32,30,97.0,100.0,否,否,24293,21074,0.0,1.5,1.5,0.000,0.022,5726,2153,35,0.006,100.0,1066.0,0.0,0.0,0.0,0.0,0.0,0.0,0.0,317,否,否,否,否,否,否,7.446,19.887,48.1,-5.391,25.2,221.3,60.9,61.8,60.1,60.1,60.1,60.1,60.5,61.1,60.0,60.0,60.0,60.0,16.33,16.57,16.09,16.09,16.58,16.58,1.86,13.89,16.06,0.27,0.23,0,0,0.0,0.0,0,0.000,
17.9.2026,23:31:54.461,6027,33484,15.2,5742,10440,35.4,0.0,23329,0,0.767,0.800,0.762,0.752,0.752,0.681,0.701,1000.0,1000.0,1000.0,1000.0,1000.0,100.0,800.0,34.7,157.9,93.1,25.2,0.2,0.5,0.2,0.2,0.2,34.7,2.8,12.8,7.5,1.9,0.0,0.0,0.0,0.0,0.0,12.8,2.8,100.0,1.3,5.8,3.6,1.0,0.0,0.0,0.0,0.0,0.0,1.3,10.0,10.0,10.0,10.0,10.0,8.0,32,29,32,33,32,68,71,68,67,68,35,33,否,否,否,否,否,否,否,否,否,否,否,否,否,否,否,否,否,否,35,33,35,0.250,1.590,0.184,0.006,2.954,0.674,0.234,0.459,35.0,30.0,64.0,64.0,0,17.5,7.8,2.7,3.6,46.8,3.1,14.7,8.2,2.0,0.0,0.1,0.0,0.0,0.0,94.7,81.2,97.9,99.9,99.9,1066.7,10.67,15,15,15,35,74,374,1,2,是,否,否,否,否,否,否,是,否,否,否,否,否,否,否,否,否,否,否,否,否,否,否,否,否,否,否,否,否,否,否,否,否,否,否,否,否,32.0,32,32,30,97.0,100.0,否,否,24293,21074,0.0,0.9,0.9,0.000,0.059,5726,2153,35,0.006,100.0,1066.0,0.0,0.0,0.0,0.0,0.0,0.0,0.0,317,否,否,否,否,否,否,7.442,19.879,48.1,-5.388,25.2,221.4,60.9,61.8,60.1,60.1,60.1,60.1,60.5,61.1,60.0,60.0,60.0,60.0,16.33,16.57,16.09,16.09,16.58,16.58,1.86,13.89,16.06,0.27,0.23,0,0,0.0,0.0,0,0.000,
17.9.2026,23:31:56.454,6027,33485,15.2,5740,10442,35.4,0.0,23329,0,0.766,0.797,0.762,0.752,0.752,0.683,0.741,1000.0,1000.0,1000.0,1000.0,1000.0,100.0,800.0,28.3,120.8,71.4,29.3,1.9,1.4,0.2,0.9,0.2,28.3,3.4,9.9,6.0,2.4,0.0,8.5,0.0,0.0,0.0,9.9,3.4,100.0,1.0,4.2,2.7,1.2,0.1,0.0,0.0,0.0,0.0,1.0,10.0,10.0,10.0,10.0,10.0,8.0,32,30,33,33,30,68,70,67,67,70,35,33,否,否,否,否,否,否,否,否,否,否,否,否,否,否,否,否,否,否,34,33,34,0.250,1.489,0.147,0.005,2.636,0.665,0.233,0.408,35.0,30.0,64.0,64.0,0,18.0,6.3,2.1,2.4,51.4,2.8,12.0,6.9,2.7,0.2,0.2,0.0,0.1,0.0,95.2,84.0,97.1,99.8,99.9,1066.7,10.67,15,15,15,35,74,374,1,2,否,否,否,否,否,否,否,否,否,否,否,否,否,否,否,否,否,否,否,否,否,否,否,否,否,否,否,否,否,否,否,否,否,否,否,否,否,31.0,32,32,30,97.0,100.0,否,否,24293,21074,0.0,0.5,0.5,0.000,0.010,5726,2153,35,0.006,100.0,1066.0,0.0,0.0,0.0,0.0,0.0,0.0,0.0,317,否,否,否,否,否,否,7.446,19.879,48.1,-5.383,25.2,221.6,60.9,61.8,60.1,60.1,60.1,60.1,60.5,61.1,60.0,60.0,60.0,60.0,16.33,16.57,16.09,16.09,16.58,16.58,1.86,13.89,16.06,0.27,0.23,0,0,0.0,0.0,0,0.000,
17.9.2026,23:31:58.457,6027,33485,15.2,5739,10443,35.4,0.0,23329,0,0.767,0.800,0.762,0.755,0.750,0.681,0.743,1000.0,1000.0,1000.0,1000.0,1000.0,100.0,800.0,28.4,137.7,70.5,14.9,1.7,1.1,0.2,0.6,0.2,28.4,2.3,11.4,5.6,1.2,0.0,0.0,0.0,0.0,0.0,11.4,2.3,100.0,1.0,5.0,2.6,0.6,0.1,0.0,0.0,0.0,0.0,1.0,10.0,10.0,10.0,10.0,10.0,8.0,31,27,31,33,32,69,73,69,67,68,35,33,否,否,否,否,否,否,否,否,否,否,否,否,否,否,否,否,否,否,34,34,34,0.250,1.625,0.160,0.008,3.000,0.672,0.226,0.523,35.0,30.0,64.0,64.0,0,17.7,9.2,2.1,2.2,49.3,2.7,13.5,6.5,1.4,0.2,0.1,0.0,0.1,0.0,95.2,82.9,98.4,99.8,99.9,1066.7,10.67,15,15,15,35,74,374,1,2,否,否,否,否,否,否,否,否,否,否,否,否,否,否,否,否,否,否,否,否,否,否,否,否,否,否,否,否,否,否,否,否,否,否,否,否,否,32.0,32,32,30,97.0,100.0,否,否,24293,21074,0.0,1.0,1.0,0.000,0.124,5726,2153,35,0.005,100.0,1066.0,0.0,0.0,0.0,0.0,0.0,0.0,0.0,317,否,否,否,否,否,否,7.446,19.879,48.1,-5.369,25.2,222.2,60.9,61.8,60.1,60.1,60.1,60.1,60.5,61.1,60.0,60.0,60.0,60.0,16.33,16.57,16.09,16.09,16.58,16.58,1.86,13.89,16.06,0.27,0.23,0,0,0.0,0.0,0,0.000,
17.9.2026,23:32:0.466,6027,33485,15.2,5738,10445,35.4,0.0,23329,0,0.767,0.797,0.762,0.755,0.755,0.683,0.741,1000.0,1000.0,1000.0,1000.0,1000.0,100.0,800.0,32.3,136.7,82.4,30.6,5.0,1.4,1.4,0.7,0.3,32.3,2.6,11.4,6.8,2.5,0.0,0.0,0.0,0.0,0.0,11.4,2.6,100.0,1.2,4.9,3.1,1.2,0.2,0.0,0.1,0.0,0.0,1.2,10.0,10.0,10.0,10.0,10.0,8.0,30,28,31,33,30,70,72,69,67,70,34,33,否,否,否,否,否,否,否,否,否,否,否,否,否,否,否,否,否,否,34,33,35,0.250,1.469,0.164,0.005,2.585,0.652,0.235,0.387,35.0,30.0,64.0,64.0,0,17.6,5.3,1.9,2.4,52.7,3.1,13.3,7.5,2.7,0.5,0.1,0.1,0.1,0.0,94.8,82.7,96.9,99.7,99.9,1066.7,10.67,15,15,15,35,74,374,1,2,否,否,否,否,否,否,否,否,否,否,否,否,否,否,否,否,否,否,否,否,否,否,否,否,否,否,否,否,否,否,否,否,否,否,否,否,否,31.0,32,32,30,97.0,100.0,否,否,24293,21074,0.0,0.5,0.5,0.000,0.012,5726,2153,35,0.008,100.0,1066.0,0.0,0.0,0.0,0.0,0.0,0.0,0.0,317,否,否,否,否,否,否,7.446,19.872,48.1,-5.398,25.2,220.9,60.9,61.8,60.1,60.1,60.1,60.1,60.5,61.1,60.0,60.0,60.0,60.0,16.33,16.57,16.09,16.09,16.58,16.58,1.86,13.89,16.06,0.27,0.23,0,0,0.0,0.0,0,0.000,
17.9.2026,23:32:2.472,6026,33485,15.2,5737,10445,35.4,0.0,23329,0,0.766,0.797,0.760,0.752,0.752,0.683,0.701,1000.0,1000.0,1000.0,1000.0,1000.0,100.0,800.0,30.0,134.5,74.4,26.6,1.9,1.3,0.2,0.8,0.2,30.0,3.5,12.0,7.0,2.0,1.5,1.5,1.4,1.4,1.4,12.0,3.5,100.0,1.1,4.8,2.8,1.1,0.1,0.0,0.0,0.0,0.0,1.1,10.0,10.0,10.0,10.0,10.0,8.0,31,29,32,33,30,69,71,68,67,70,34,33,否,否,否,否,否,否,否,否,否,否,否,否,否,否,否,否,否,否,35,33,35,0.250,1.691,0.200,0.006,3.196,0.675,0.217,0.550,35.0,30.0,64.0,64.0,0,17.8,11.5,1.9,2.0,46.8,2.8,13.5,7.2,1.5,0.2,0.1,0.0,0.1,0.0,95.1,82.5,98.3,99.8,99.9,1066.7,10.67,15,15,15,35,74,374,1,2,否,否,否,否,否,否,否,否,否,否,否,否,否,否,否,否,否,否,否,否,否,否,否,否,否,否,否,否,否,否,否,否,否,否,否,否,否,31.0,32,32,30,97.0,100.0,否,否,24293,21074,0.0,1.5,1.5,0.000,0.020,5726,2153,35,0.005,100.0,1066.0,0.0,0.0,0.0,0.0,0.0,0.0,0.0,317,否,否,否,否,否,否,7.446,19.872,48.1,-5.361,25.2,222.4,60.9,61.8,60.1,60.1,60.1,60.1,60.5,61.1,60.0,60.0,60.0,60.0,16.33,16.57,16.09,16.09,16.58,16.58,1.86,13.89,16.06,0.27,0.23,0,0,0.0,0.0,0,0.000,
17.9.2026,23:32:4.472,6027,33485,15.2,5738,10445,35.4,0.0,23329,0,0.767,0.800,0.762,0.752,0.755,0.681,0.701,1000.0,1000.0,1000.0,1000.0,1000.0,100.0,800.0,28.6,120.7,82.0,23.4,1.0,0.9,0.2,0.2,0.2,28.6,2.3,10.0,6.7,1.6,0.0,0.0,0.0,0.0,0.0,10.0,2.3,100.0,1.0,4.3,3.1,0.9,0.0,0.0,0.0,0.0,0.0,1.0,10.0,10.0,10.0,10.0,10.0,8.0,31,29,31,32,32,69,71,69,68,68,34,32,否,否,否,否,否,否,否,否,否,否,否,否,否,否,否,否,否,否,34,33,34,0.250,1.400,0.147,0.005,2.456,0.626,0.217,0.367,35.0,30.0,64.0,64.0,0,17.8,4.5,2.1,2.3,53.7,2.8,12.2,7.6,2.0,0.1,0.1,0.0,0.0,0.0,95.2,83.4,97.8,99.9,99.9,1066.7,10.67,15,15,15,35,74,374,1,2,否,否,否,否,否,否,否,否,否,否,否,否,否,否,否,否,否,否,否,否,否,否,否,否,否,否,否,否,否,否,否,否,否,否,否,否,否,32.0,32,32,30,97.0,100.0,否,否,24293,21074,0.0,0.0,0.0,0.000,0.008,5726,2153,36,0.006,100.0,1066.0,0.0,0.0,0.0,0.0,0.0,0.0,0.0,317,否,否,否,否,否,否,7.443,19.864,48.1,-5.404,25.2,220.5,60.9,61.8,60.1,60.1,60.1,60.1,60.5,61.1,60.0,60.0,60.0,60.0,16.33,16.57,16.09,16.09,16.58,16.58,1.86,13.89,16.06,0.27,0.23,0,0,0.0,0.0,0,0.000,
17.9.2026,23:32:6.471,6027,33485,15.2,5738,10444,35.4,0.0,23329,0,0.766,0.797,0.760,0.755,0.750,0.683,0.701,1000.0,1000.0,1000.0,1000.0,1000.0,100.0,800.0,27.1,127.4,74.9,13.1,0.2,0.5,0.2,0.4,0.2,27.1,2.2,10.3,5.7,0.8,0.0,0.4,0.0,0.0,0.0,10.3,2.2,100.0,1.0,4.5,2.8,0.5,0.0,0.0,0.0,0.0,0.0,1.0,10.0,10.0,10.0,10.0,10.0,8.0,32,28,33,33,32,68,72,67,67,68,35,33,否,否,否,否,否,否,否,否,否,否,否,否,否,否,否,否,否,否,35,34,35,0.250,1.481,0.149,0.005,2.625,0.652,0.224,0.416,35.0,30.0,64.0,64.0,0,17.9,6.7,1.7,2.1,52.7,2.6,12.5,6.7,1.2,0.0,0.1,0.0,0.0,0.0,95.5,83.5,98.7,99.9,99.9,1066.7,10.67,15,15,15,35,74,374,1,2,否,否,否,否,否,否,否,否,否,否,否,否,否,否,否,否,否,否,否,否,否,否,否,否,否,否,否,否,否,否,否,否,否,否,否,否,否,32.0,32,32,30,97.0,100.0,否,否,24293,21074,0.0,0.5,0.5,0.000,0.012,5726,2153,34,0.005,100.0,1066.0,0.0,0.0,0.0,0.0,0.0,0.0,0.0,317,否,否,否,否,否,否,7.450,19.864,48.1,-5.379,25.2,221.6,60.9,61.8,60.1,60.1,60.1,60.1,60.5,61.1,60.0,60.0,60.0,60.0,16.33,16.57,16.09,16.09,16.58,16.58,1.86,13.89,16.06,0.27,0.23,0,0,0.0,0.0,0,0.000,
17.9.2026,23:32:8.472,6029,33483,15.2,5749,10434,35.5,0.0,23329,0,0.764,0.795,0.760,0.752,0.750,0.681,0.701,1000.0,1000.0,1000.0,1000.0,1000.0,100.0,800.0,40.7,166.6,102.0,29.7,8.0,10.9,1.8,6.0,0.2,40.7,3.2,14.1,8.8,2.2,0.2,0.5,0.0,0.1,0.0,14.1,3.2,100.0,1.5,6.1,4.0,1.2,0.3,0.4,0.1,0.2,0.0,1.5,10.0,10.0,10.0,10.0,10.0,8.0,31,29,32,33,31,69,71,68,67,69,35,33,否,否,否,否,否,否,否,否,否,否,否,否,否,否,否,否,否,否,34,33,34,0.250,1.901,0.236,0.008,3.797,0.707,0.227,0.680,35.0,30.0,64.0,64.0,0,17.0,14.1,1.4,1.9,42.8,3.7,15.8,9.2,2.0,0.7,1.0,0.2,0.5,0.0,93.9,80.1,97.3,98.7,99.4,1066.7,10.67,15,15,15,35,74,374,1,2,否,否,否,否,否,否,否,否,否,否,否,否,否,否,否,否,否,否,否,否,否,否,否,否,否,否,否,否,否,否,否,否,否,否,否,否,否,32.0,32,32,31,97.0,100.0,否,否,24293,21074,0.4,2.4,2.9,0.004,0.120,5726,2153,35,0.005,100.0,1066.0,0.0,0.0,0.0,0.0,0.0,0.0,0.0,317,否,否,否,否,否,否,7.386,19.856,48.1,-5.333,25.2,223.4,60.9,61.8,60.1,60.1,60.1,60.1,60.5,61.1,60.0,60.0,60.0,60.0,16.33,16.57,16.09,16.09,16.58,16.58,1.86,13.89,16.06,0.27,0.23,0,0,0.0,0.0,0,0.000,
17.9.2026,23:32:10.470,6029,33482,15.2,5747,10435,35.5,0.0,23329,0,0.766,0.797,0.760,0.755,0.752,0.681,0.701,1000.0,1000.0,1000.0,1000.0,1000.0,100.0,800.0,29.4,145.2,70.8,15.9,1.3,1.2,0.2,0.2,0.2,29.4,2.8,11.9,5.8,1.2,0.7,0.7,0.7,0.7,0.7,11.9,2.8,100.0,1.1,5.3,2.7,0.6,0.0,0.0,0.0,0.0,0.0,1.1,10.0,10.0,10.0,10.0,10.0,8.0,31,28,33,32,32,69,72,67,68,68,35,33,否,否,否,否,否,否,否,否,否,否,否,否,否,否,否,否,否,否,35,33,35,0.250,1.543,0.164,0.006,2.843,0.653,0.219,0.460,35.0,30.0,64.0,64.0,0,18.0,7.2,2.0,2.0,50.6,2.8,14.0,6.6,1.4,0.1,0.1,0.0,0.0,0.0,95.1,82.3,98.4,99.8,99.9,1066.7,10.67,15,15,15,35,74,374,1,2,否,否,否,否,否,否,否,否,否,否,否,否,否,否,否,否,否,否,否,否,否,否,否,否,否,否,否,否,否,否,否,否,否,否,否,否,否,32.0,32,32,30,97.0,100.0,否,否,24293,21074,0.0,1.5,1.5,0.000,0.028,5726,2153,35,0.008,100.0,1066.0,0.0,0.0,0.0,0.0,0.0,0.0,0.0,317,否,否,否,否,否,否,7.405,19.856,48.1,-5.443,25.2,218.9,60.9,61.8,60.1,60.1,60.1,60.1,60.5,61.1,60.0,60.0,60.0,60.0,16.33,16.57,16.09,16.09,16.58,16.58,1.86,13.89,16.06,0.27,0.23,0,0,0.0,0.0,0,0.000,
17.9.2026,23:32:12.480,6029,33483,15.2,5746,10436,35.5,0.0,23329,0,0.766,0.797,0.760,0.752,0.752,0.683,0.701,1000.0,1000.0,1000.0,1000.0,1000.0,100.0,800.0,28.6,132.9,69.9,22.1,1.1,1.7,0.2,0.5,0.2,28.6,2.3,11.3,5.7,1.5,0.0,0.1,0.0,0.0,0.0,11.3,2.3,100.0,1.0,4.8,2.6,0.9,0.0,0.1,0.0,0.0,0.0,1.0,10.0,10.0,10.0,10.0,10.0,8.0,31,30,32,33,30,69,70,68,67,70,35,33,否,否,否,否,否,否,否,否,否,否,否,否,否,否,否,否,否,否,35,33,35,0.250,1.566,0.171,0.005,2.909,0.641,0.207,0.495,35.0,30.0,64.0,64.0,0,17.8,9.0,1.8,2.1,49.9,2.7,13.2,6.5,1.6,0.1,0.2,0.0,0.1,0.0,95.3,83.3,98.2,99.8,99.9,1066.7,10.67,15,15,15,35,74,374,1,2,否,否,否,否,否,否,否,否,否,否,否,否,否,否,否,否,否,否,否,否,否,否,否,否,否,否,否,否,否,否,否,否,否,否,否,否,否,31.0,32,32,30,97.0,100.0,否,否,24293,21074,0.0,1.4,1.4,0.000,0.040,5726,2153,34,0.006,100.0,1066.0,0.0,0.0,0.0,0.0,0.0,0.0,0.0,317,否,否,否,否,否,否,7.433,19.856,48.1,-5.426,25.2,219.6,60.9,61.8,60.1,60.1,60.1,60.1,60.5,61.1,60.0,60.0,60.0,60.0,16.33,16.57,16.09,16.09,16.58,16.58,1.86,13.89,16.06,0.27,0.23,0,0,0.0,0.0,0,0.000,
17.9.2026,23:32:14.491,6029,33483,15.2,5744,10438,35.4,0.0,23329,0,0.766,0.797,0.760,0.752,0.752,0.681,0.741,1000.0,1000.0,1000.0,1000.0,1000.0,100.0,800.0,28.8,119.8,80.1,21.0,6.3,2.1,0.4,0.7,0.2,28.8,3.3,10.6,7.3,1.7,1.7,1.4,1.2,1.2,1.2,10.6,3.3,100.0,1.1,4.3,3.0,0.8,0.2,0.1,0.0,0.0,0.0,1.1,10.0,10.0,10.0,10.0,10.0,8.0,32,29,33,34,33,68,71,67,66,67,35,34,否,否,否,否,否,否,否,否,否,否,否,否,否,否,否,否,否,否,35,33,35,0.250,1.577,0.176,0.007,2.859,0.662,0.223,0.470,35.0,30.0,64.0,64.0,0,17.8,8.0,1.7,1.9,50.7,2.8,12.3,7.7,1.4,0.6,0.2,0.0,0.1,0.0,95.2,83.0,98.1,99.7,99.9,1066.7,10.67,15,15,15,35,74,374,1,2,否,否,否,否,否,否,否,否,否,否,否,否,否,否,否,否,否,否,否,否,否,否,否,否,否,否,否,否,否,否,否,否,否,否,否,否,否,32.0,32,32,31,97.0,100.0,否,否,24293,21074,0.0,1.0,1.0,0.000,0.034,5726,2153,34,0.005,100.0,1066.0,0.0,0.0,0.0,0.0,0.0,0.0,0.0,317,否,否,否,否,否,否,7.437,19.849,48.1,-5.429,25.2,219.3,60.9,61.8,60.1,60.1,60.1,60.1,60.5,61.1,60.0,60.0,60.0,60.0,16.33,16.57,16.09,16.09,16.58,16.58,1.86,13.89,16.06,0.27,0.23,0,0,0.0,0.0,0,0.000,
17.9.2026,23:32:16.500,6029,33483,15.2,5743,10439,35.4,0.0,23329,0,0.767,0.800,0.762,0.755,0.750,0.681,0.741,1000.0,1000.0,1000.0,1000.0,1000.0,100.0,800.0,27.7,123.3,71.1,23.3,0.1,2.9,0.1,0.3,0.1,27.7,2.2,10.4,6.0,1.2,0.0,0.0,0.0,0.0,0.0,10.4,2.2,100.0,1.0,4.3,2.7,0.9,0.0,0.1,0.0,0.0,0.0,1.0,10.0,10.0,10.0,10.0,10.0,8.0,31,28,32,32,32,69,72,68,68,68,34,32,否,否,否,否,否,否,否,否,否,否,否,否,否,否,否,否,否,否,35,34,34,0.250,1.539,0.175,0.009,2.731,0.661,0.227,0.434,35.0,30.0,64.0,64.0,0,18.3,7.0,2.0,2.1,51.6,2.6,12.4,6.8,1.3,0.0,0.3,0.0,0.0,0.0,95.5,83.7,98.6,99.7,99.9,1066.7,10.67,15,15,15,35,74,374,1,2,否,否,否,否,否,否,否,否,否,否,否,否,否,否,否,否,否,否,否,否,否,否,否,否,否,否,否,否,否,否,否,否,否,否,否,否,否,31.0,32,32,30,97.0,100.0,否,否,24293,21074,0.0,1.0,1.0,0.000,0.012,5726,2153,34,0.007,100.0,1066.0,0.0,0.0,0.0,0.0,0.0,0.0,0.0,317,否,否,否,否,否,否,7.444,19.849,48.1,-5.434,25.2,219.2,60.9,61.8,60.1,60.1,60.1,60.1,60.5,61.1,60.0,60.0,60.0,60.0,16.33,16.57,16.09,16.09,16.58,16.58,1.86,13.89,16.06,0.27,0.23,0,0,0.0,0.0,0,0.000,
17.9.2026,23:32:18.500,6028,33483,15.2,5742,10441,35.4,0.0,23329,0,0.767,0.800,0.762,0.755,0.750,0.683,0.741,1000.0,1000.0,1000.0,1000.0,1000.0,100.0,800.0,28.5,124.0,78.4,22.2,1.6,1.1,0.2,0.2,0.2,28.5,2.4,9.9,6.2,1.0,0.5,0.5,0.4,0.4,0.4,9.9,2.4,100.0,1.0,4.4,3.0,0.9,0.1,0.0,0.0,0.0,0.0,1.0,10.0,10.0,10.0,10.0,10.0,8.0,31,28,31,34,32,69,72,69,66,68,34,34,否,否,否,否,否,否,否,否,否,否,否,否,否,否,否,否,否,否,34,33,34,0.250,1.617,0.176,0.006,3.466,0.688,0.241,0.478,35.0,30.0,64.0,64.0,0,17.8,8.5,1.8,2.0,50.7,2.7,12.3,7.3,1.5,0.2,0.1,0.0,0.0,0.0,95.4,83.3,98.3,99.8,99.9,1066.7,10.67,15,15,15,35,74,374,1,2,否,否,否,否,否,否,否,否,否,否,否,否,否,否,否,否,否,否,否,否,否,否,否,否,否,否,否,否,否,否,否,否,否,否,否,否,否,31.0,32,32,33,97.0,100.0,否,否,24293,21074,0.0,0.8,0.8,0.000,0.087,5726,2154,36,0.009,100.0,1066.0,0.0,0.0,0.0,0.0,0.0,0.0,0.0,317,否,否,否,否,否,否,7.418,19.849,48.1,-5.460,25.2,218.1,60.9,61.8,60.1,60.1,60.1,60.1,60.5,61.1,60.0,60.0,60.0,60.0,16.33,16.57,16.09,16.09,16.58,16.58,1.86,13.89,16.06,0.27,0.23,0,0,0.0,0.0,0,0.000,
17.9.2026,23:32:20.505,6029,33483,15.2,5740,10442,35.4,0.0,23329,0,0.766,0.797,0.765,0.752,0.750,0.683,0.741,1000.0,1000.0,1000.0,1000.0,1000.0,100.0,800.0,28.9,123.7,71.8,31.6,1.4,1.7,0.3,0.5,0.2,28.9,2.2,10.1,5.8,1.9,0.0,0.0,0.0,0.0,0.0,10.1,2.2,100.0,1.1,4.4,2.7,1.3,0.0,0.1,0.0,0.0,0.0,1.1,10.0,10.0,10.0,10.0,10.0,8.0,31,29,31,33,30,69,71,69,67,70,35,33,否,否,否,否,否,否,否,否,否,否,否,否,否,否,否,否,否,否,34,32,35,0.250,1.572,0.187,0.005,2.731,0.678,0.240,0.434,35.0,30.0,64.0,64.0,0,17.9,7.0,1.8,1.9,52.4,2.6,12.1,6.6,2.0,0.2,0.2,0.0,0.1,0.0,95.4,84.1,97.8,99.8,99.9,1066.7,10.67,15,15,15,35,74,374,1,2,否,否,否,否,否,否,否,否,否,否,否,否,否,否,否,否,否,否,否,否,否,否,否,否,否,否,否,否,否,否,否,否,否,否,否,否,否,31.0,32,32,32,97.0,100.0,否,否,24293,21074,0.0,1.0,1.0,0.000,0.010,5726,2154,35,0.006,100.0,1066.0,0.0,0.0,0.0,0.0,0.0,0.0,0.0,317,否,否,否,否,否,否,7.440,19.841,48.0,-5.602,25.2,212.5,60.9,61.8,60.1,60.1,60.1,60.1,60.5,61.1,60.0,60.0,60.0,60.0,16.33,16.57,16.09,16.09,16.58,16.58,1.86,13.89,16.06,0.27,0.23,0,0,0.0,0.0,0,0.000,
17.9.2026,23:32:22.511,6029,33482,15.2,5739,10443,35.4,0.0,23329,0,0.767,0.800,0.762,0.755,0.750,0.681,0.741,1000.0,1000.0,1000.0,1000.0,1000.0,100.0,800.0,28.3,122.5,74.2,27.4,1.3,0.6,0.2,0.2,0.2,28.3,2.9,10.9,7.0,2.2,0.7,0.6,0.6,0.6,0.6,10.9,2.9,100.0,1.0,4.3,2.8,1.1,0.0,0.0,0.0,0.0,0.0,1.0,10.0,10.0,10.0,10.0,10.0,8.0,31,29,32,33,30,69,71,68,67,70,34,33,否,否,否,否,否,否,否,否,否,否,否,否,否,否,否,否,否,否,34,33,34,0.250,1.543,0.180,0.006,2.795,0.642,0.212,0.458,35.0,30.0,64.0,64.0,0,17.8,7.8,1.6,2.1,51.2,2.7,12.4,7.2,1.8,0.1,0.1,0.0,0.0,0.0,95.3,83.3,98.1,99.9,99.9,1066.7,10.67,15,15,15,35,74,374,1,2,否,否,否,否,否,否,否,否,否,否,否,否,否,否,否,否,否,否,否,否,否,否,否,否,否,否,否,否,否,否,否,否,否,否,否,否,否,31.0,32,32,31,97.0,100.0,否,否,24293,21074,0.0,1.0,1.0,0.000,0.047,5726,2154,35,0.005,100.0,1066.0,0.0,0.0,0.0,0.0,0.0,0.0,0.0,317,否,否,否,否,否,否,7.446,19.841,48.0,-5.570,25.2,213.7,60.9,61.8,60.1,60.1,60.1,60.1,60.5,61.1,60.0,60.0,60.0,60.0,16.33,16.57,16.09,16.09,16.58,16.58,1.86,13.89,16.06,0.27,0.23,0,0,0.0,0.0,0,0.000,
17.9.2026,23:32:24.505,6029,33482,15.2,5738,10444,35.4,0.0,23329,0,0.766,0.797,0.762,0.752,0.750,0.683,0.701,1000.0,1000.0,1000.0,1000.0,1000.0,100.0,800.0,31.1,129.5,81.4,29.1,1.9,2.9,1.7,1.1,0.9,31.1,2.6,10.9,7.0,2.4,0.1,0.2,0.1,0.0,0.0,10.9,2.6,100.0,1.1,4.6,3.1,1.2,0.1,0.1,0.1,0.0,0.0,1.1,10.0,10.0,10.0,10.0,10.0,8.0,32,29,32,33,33,68,71,68,67,67,35,33,否,否,否,否,否,否,否,否,否,否,否,否,否,否,否,否,否,否,35,33,35,0.250,1.570,0.158,0.006,2.978,0.659,0.215,0.488,35.0,30.0,64.0,64.0,0,17.5,8.9,1.4,2.2,49.0,3.0,13.0,7.8,2.6,0.2,0.3,0.2,0.1,0.1,94.7,82.3,97.2,99.5,99.8,1066.7,10.67,15,15,15,35,74,374,1,2,否,否,否,否,否,否,否,否,否,否,否,否,否,否,否,否,否,否,否,否,否,否,否,否,否,否,否,否,否,否,否,否,否,否,否,否,否,32.0,32,32,31,97.0,100.0,否,否,24293,21074,0.0,1.1,1.1,0.000,0.075,5726,2154,35,0.006,100.0,1066.0,0.0,0.0,0.0,0.0,0.0,0.0,0.0,317,否,否,否,否,否,否,7.448,19.833,48.0,-5.549,25.2,214.4,60.9,61.8,60.1,60.1,60.1,60.1,60.5,61.1,60.0,60.0,60.0,60.0,16.33,16.57,16.09,16.09,16.58,16.58,1.86,13.89,16.06,0.27,0.23,0,0,0.0,0.0,0,0.000,
17.9.2026,23:32:26.499,6030,33482,15.2,5737,10445,35.4,0.0,23329,0,0.766,0.797,0.762,0.755,0.750,0.683,0.741,1000.0,1000.0,1000.0,1000.0,1000.0,100.0,800.0,29.0,130.2,82.3,15.8,2.4,0.9,0.3,0.3,0.3,29.0,2.1,10.5,6.1,0.0,0.0,0.0,0.0,0.0,0.0,10.5,2.1,100.0,1.1,4.6,3.1,0.6,0.1,0.0,0.0,0.0,0.0,1.1,10.0,10.0,10.0,10.0,10.0,8.0,31,29,31,33,32,69,71,69,67,68,35,33,否,否,否,否,否,否,否,否,否,否,否,否,否,否,否,否,否,否,35,33,35,0.250,1.476,0.157,0.006,2.674,0.629,0.209,0.432,35.0,30.0,64.0,64.0,0,17.5,7.1,1.5,2.2,52.2,2.8,12.8,7.2,1.5,0.2,0.1,0.0,0.0,0.0,95.2,83.0,98.2,99.8,99.9,1066.7,10.67,15,15,15,35,74,374,1,2,否,否,否,否,否,否,否,否,否,否,否,否,否,否,否,否,否,否,否,否,否,否,否,否,否,否,否,否,否,否,否,否,否,否,否,否,否,31.0,32,32,31,97.0,100.0,否,否,24293,21074,0.0,1.4,1.4,0.000,0.014,5726,2154,35,0.006,100.0,1066.0,0.0,0.0,0.0,0.0,0.0,0.0,0.0,317,否,否,否,否,否,否,7.433,19.833,48.0,-5.545,25.2,214.6,60.9,61.8,60.1,60.1,60.1,60.1,60.5,61.1,60.0,60.0,60.0,60.0,16.33,16.57,16.09,16.09,16.58,16.58,1.86,13.89,16.06,0.27,0.23,0,0,0.0,0.0,0,0.000,
17.9.2026,23:32:28.512,6030,33482,15.2,5741,10441,35.4,0.0,23329,0,0.767,0.800,0.762,0.752,0.752,0.683,0.743,1000.0,1000.0,1000.0,1000.0,1000.0,100.0,800.0,28.8,125.3,68.7,31.6,1.4,2.1,0.2,0.6,0.2,28.8,3.1,11.1,6.4,4.2,0.7,0.8,0.6,0.6,0.6,11.1,3.1,100.0,1.1,4.4,2.6,1.3,0.0,0.1,0.0,0.0,0.0,1.1,10.0,10.0,10.0,10.0,10.0,8.0,32,30,31,33,32,68,70,69,67,68,35,33,否,否,否,否,否,否,否,否,否,否,否,否,否,否,否,否,否,否,35,33,35,0.250,1.597,0.179,0.005,2.902,0.658,0.222,0.495,35.0,30.0,64.0,64.0,0,17.8,8.1,1.3,2.2,51.1,2.7,12.6,6.6,2.2,0.1,0.2,0.0,0.1,0.0,95.2,83.7,97.6,99.7,99.9,1066.7,10.67,15,15,15,35,74,374,1,2,否,否,否,否,否,否,否,否,否,否,否,否,否,否,否,否,否,否,否,否,否,否,否,否,否,否,否,否,否,否,否,否,否,否,否,否,否,32.0,32,32,31,97.0,100.0,否,否,24293,21074,0.0,1.4,1.4,0.000,0.063,5726,2154,35,0.006,100.0,1066.0,0.0,0.0,0.0,0.0,0.0,0.0,0.0,317,否,否,否,否,否,否,7.448,19.833,48.0,-5.519,25.2,215.6,60.9,61.8,60.1,60.1,60.1,60.1,60.5,61.1,60.0,60.0,60.0,60.0,16.33,16.57,16.09,16.09,16.58,16.58,1.86,13.89,16.06,0.27,0.23,0,0,0.0,0.0,0,0.000,
17.9.2026,23:32:30.500,6030,33482,15.2,5744,10438,35.4,0.0,23329,0,0.765,0.797,0.762,0.750,0.750,0.683,0.741,1000.0,1000.0,1000.0,1000.0,1000.0,100.0,800.0,29.8,123.5,77.2,32.2,3.0,0.9,0.2,1.4,0.2,29.8,2.4,10.3,6.6,1.9,0.2,0.1,0.0,0.1,0.0,10.3,2.4,100.0,1.1,4.3,2.9,1.3,0.1,0.0,0.0,0.1,0.0,1.1,10.0,10.0,10.0,10.0,10.0,8.0,32,28,32,34,32,68,72,68,66,68,35,34,否,否,否,否,否,否,否,否,否,否,否,否,否,否,否,否,否,否,34,33,34,0.250,1.618,0.192,0.007,3.110,0.659,0.217,0.503,35.0,30.0,64.0,64.0,0,17.6,9.2,1.8,1.9,49.8,2.8,12.4,7.3,2.1,0.3,0.1,0.0,0.1,0.0,95.1,83.2,97.6,99.9,99.8,1066.7,10.67,15,15,15,35,74,374,1,2,否,否,否,否,否,否,否,否,否,否,否,否,否,否,否,否,否,否,否,否,否,否,否,否,否,否,否,否,否,否,否,否,否,否,否,否,否,32.0,32,32,32,97.0,100.0,否,否,24293,21074,0.0,1.4,1.4,0.000,0.043,5726,2154,34,0.005,100.0,1066.0,0.0,0.0,0.0,0.0,0.0,0.0,0.0,317,否,否,否,否,否,否,7.414,19.833,48.0,-5.494,25.2,216.6,60.9,61.8,60.1,60.1,60.1,60.1,60.5,61.1,60.0,60.0,60.0,60.0,16.33,16.57,16.09,16.09,16.58,16.58,1.86,13.89,16.06,0.27,0.23,0,0,0.0,0.0,0,0.000,
17.9.2026,23:32:32.508,6030,33482,15.2,5746,10436,35.5,0.0,23329,0,0.766,0.800,0.760,0.755,0.747,0.683,0.741,975.0,1000.0,1000.0,1000.0,900.0,100.0,800.0,28.9,124.3,67.9,31.6,2.1,5.0,0.2,0.2,0.2,28.9,2.2,10.1,5.4,1.5,0.0,0.1,0.0,0.0,0.0,10.1,2.2,100.0,1.1,4.4,2.5,1.3,0.1,0.2,0.0,0.0,0.0,1.1,9.8,10.0,10.0,10.0,9.0,8.0,32,29,31,34,32,68,71,69,66,68,35,34,否,否,否,否,否,否,否,否,否,否,否,否,否,否,否,否,否,否,35,33,35,0.250,1.615,0.189,0.007,2.941,0.663,0.218,0.498,35.0,30.0,64.0,64.0,0,17.6,9.5,1.3,2.0,50.4,2.7,12.4,6.5,2.0,0.2,0.5,0.0,0.0,0.0,95.3,84.0,97.8,99.5,99.9,1066.7,10.67,15,15,15,35,74,374,1,2,否,否,否,否,否,否,否,否,否,否,否,否,否,否,否,否,否,否,否,否,否,否,否,否,否,否,否,否,否,否,否,否,否,否,否,否,否,30.0,32,32,31,97.0,100.0,否,否,24293,21074,0.0,1.4,1.4,0.000,0.042,5726,2154,35,0.007,100.0,1066.0,0.0,0.0,0.0,0.0,0.0,0.0,0.0,317,否,否,否,否,否,否,7.451,19.826,48.0,-5.536,25.2,214.9,60.9,61.8,60.1,60.1,60.1,60.1,60.5,61.1,60.0,60.0,60.0,60.0,16.33,16.57,16.09,16.09,16.58,16.58,1.86,13.89,16.06,0.27,0.23,0,0,0.0,0.0,0,0.000,
17.9.2026,23:32:34.506,6029,33482,15.2,5746,10436,35.5,0.0,23329,0,0.766,0.800,0.762,0.752,0.750,0.681,0.701,1000.0,1000.0,1000.0,1000.0,1000.0,100.0,800.0,28.9,119.9,78.9,29.3,1.0,1.1,0.2,0.4,0.2,28.9,2.8,10.0,6.8,2.2,0.8,0.8,0.7,0.7,0.7,10.0,2.8,100.0,1.1,4.2,3.0,1.2,0.0,0.0,0.0,0.0,0.0,1.1,10.0,10.0,10.0,10.0,10.0,8.0,31,29,31,33,32,69,71,69,67,68,35,33,否,否,否,否,否,否,否,否,否,否,否,否,否,否,否,否,否,否,34,33,34,0.250,1.483,0.155,0.005,2.716,0.631,0.206,0.437,35.0,30.0,64.0,64.0,0,17.7,7.2,1.1,1.6,52.5,2.8,12.0,7.6,2.4,0.1,0.1,0.0,0.1,0.0,95.2,83.5,97.4,99.8,99.9,1066.7,10.67,15,15,15,35,74,374,1,2,否,否,否,否,否,否,否,否,否,否,否,否,否,否,否,否,否,否,否,否,否,否,否,否,否,否,否,否,否,否,否,否,否,否,否,否,否,32.0,32,32,31,97.0,100.0,否,否,24293,21074,0.0,1.0,1.0,0.000,0.012,5726,2154,35,0.007,100.0,1066.0,0.0,0.0,0.0,0.0,0.0,0.0,0.0,317,否,否,否,否,否,否,7.424,19.826,48.0,-5.523,25.2,215.4,60.9,61.8,60.1,60.1,60.1,60.1,60.5,61.1,60.0,60.0,60.0,60.0,16.33,16.57,16.09,16.09,16.58,16.58,1.86,13.89,16.06,0.27,0.23,0,0,0.0,0.0,0,0.000,
17.9.2026,23:32:36.520,6030,33482,15.2,5745,10437,35.5,0.0,23329,0,0.762,0.795,0.757,0.747,0.747,0.676,0.698,900.0,900.0,900.0,900.0,900.0,100.0,700.0,29.0,121.4,84.0,23.9,1.3,0.3,0.2,0.3,0.2,29.0,2.5,10.5,7.6,1.9,0.0,0.0,0.0,0.0,0.0,10.5,2.5,100.0,1.1,4.3,3.2,1.0,0.0,0.0,0.0,0.0,0.0,1.1,9.0,9.0,9.0,9.0,9.0,7.0,31,29,31,33,30,69,71,69,67,70,34,33,否,否,否,否,否,否,否,否,否,否,否,否,否,否,否,否,否,否,35,32,34,0.250,1.663,0.180,0.005,3.169,0.671,0.213,0.549,35.0,30.0,64.0,64.0,0,17.6,11.0,2.0,2.1,47.1,2.8,12.2,8.1,1.7,0.1,0.0,0.0,0.0,0.0,95.1,82.6,98.1,99.9,99.9,1066.7,10.67,15,15,15,35,74,374,1,2,否,否,否,否,否,否,否,否,否,否,否,否,否,否,否,否,否,否,否,否,否,否,否,否,否,否,否,否,否,否,否,否,否,否,否,否,否,33.0,32,32,32,97.0,100.0,否,否,24293,21074,0.0,1.5,1.5,0.000,0.048,5726,2154,36,0.005,100.0,1066.0,0.0,0.0,0.0,0.0,0.0,0.0,0.0,317,否,否,否,否,否,否,7.444,19.826,48.0,-5.494,25.2,216.5,60.9,61.8,60.1,60.1,60.1,60.1,60.5,61.1,60.0,60.0,60.0,60.0,16.33,16.57,16.09,16.09,16.58,16.58,1.86,13.89,16.06,0.27,0.23,0,0,0.0,0.0,0,0.000,
17.9.2026,23:32:38.520,6030,33482,15.2,5744,10438,35.4,0.0,23329,0,0.763,0.797,0.755,0.750,0.750,0.681,0.698,925.0,1000.0,900.0,900.0,900.0,100.0,800.0,29.1,134.0,75.4,20.2,1.6,0.8,0.2,0.2,0.2,29.1,2.3,11.0,6.1,0.9,0.0,0.0,0.0,0.0,0.0,11.0,2.3,100.0,1.1,4.8,2.8,0.8,0.0,0.0,0.0,0.0,0.0,1.1,9.2,10.0,9.0,9.0,9.0,8.0,31,29,32,33,30,69,71,68,67,70,35,33,否,否,否,否,否,否,否,否,否,否,否,否,否,否,否,否,否,否,34,34,34,0.250,1.600,0.171,0.007,2.940,0.664,0.222,0.497,35.0,30.0,64.0,64.0,0,17.6,8.7,1.4,1.9,50.4,2.8,13.4,7.2,1.3,0.2,0.1,0.0,0.0,0.0,95.1,82.4,98.4,99.9,99.9,1066.7,10.67,15,15,15,35,74,374,1,2,否,否,否,否,否,否,否,否,否,否,否,否,否,否,否,否,否,否,否,否,否,否,否,否,否,否,否,否,否,否,否,否,否,否,否,否,否,31.0,32,32,31,97.0,100.0,否,否,24293,21074,0.0,1.5,1.5,0.000,0.065,5726,2154,35,0.005,100.0,1066.0,0.0,0.0,0.0,0.0,0.0,0.0,0.0,317,否,否,否,否,否,否,7.434,19.818,48.0,-5.538,25.2,214.7,60.9,61.8,60.1,60.1,60.1,60.1,60.5,61.1,60.0,60.0,60.0,60.0,16.33,16.57,16.09,16.09,16.58,16.58,1.86,13.89,16.06,0.27,0.23,0,0,0.0,0.0,0,0.000,
17.9.2026,23:32:40.525,6030,33482,15.2,5742,10440,35.4,0.0,23329,0,0.766,0.797,0.762,0.752,0.752,0.683,0.741,1000.0,1000.0,1000.0,1000.0,1000.0,100.0,800.0,28.8,120.4,81.9,26.6,0.2,0.4,0.2,0.2,0.2,28.8,4.1,10.1,7.0,1.9,0.0,13.6,0.0,0.0,0.0,13.6,4.1,100.0,1.1,4.2,3.1,1.1,0.0,0.0,0.0,0.0,0.0,1.1,10.0,10.0,10.0,10.0,10.0,8.0,31,29,31,33,32,69,71,69,67,68,34,33,否,否,否,否,否,否,否,否,否,否,否,否,否,否,否,否,否,否,34,33,35,0.250,1.549,0.167,0.006,2.790,0.666,0.227,0.446,35.0,30.0,64.0,64.0,0,17.8,7.4,1.8,2.1,50.8,2.7,12.1,7.7,1.9,0.0,0.0,0.0,0.0,0.0,95.3,83.1,98.0,99.9,99.9,1066.7,10.67,15,15,15,35,74,374,1,2,否,否,否,否,否,否,否,否,否,否,否,否,否,否,否,否,否,否,否,否,否,否,否,否,否,否,否,否,否,否,否,否,否,否,否,否,否,32.0,32,32,31,97.0,100.0,否,否,24293,21074,0.0,2.4,2.4,0.000,0.028,5726,2154,35,0.007,100.0,1066.0,0.0,0.0,0.0,0.0,0.0,0.0,0.0,317,否,否,否,否,否,否,7.444,19.818,48.0,-5.501,25.2,216.2,60.9,61.8,60.1,60.1,60.1,60.1,60.5,61.1,60.0,60.0,60.0,60.0,16.33,16.57,16.09,16.09,16.58,16.58,1.86,13.89,16.06,0.27,0.23,0,0,0.0,0.0,0,0.000,
17.9.2026,23:32:42.532,6030,33482,15.2,5741,10442,35.4,0.0,23329,0,0.767,0.800,0.762,0.755,0.752,0.683,0.741,1000.0,1000.0,1000.0,1000.0,1000.0,100.0,800.0,29.1,125.7,79.6,20.5,4.2,2.2,0.2,0.3,0.2,29.1,2.9,10.5,6.8,1.7,1.1,1.0,0.8,0.8,0.8,10.5,2.9,100.0,1.1,4.4,3.0,0.8,0.1,0.1,0.0,0.0,0.0,1.1,10.0,10.0,10.0,10.0,10.0,8.0,31,30,32,33,30,69,70,68,67,70,34,33,否,否,否,否,否,否,否,否,否,否,否,否,否,否,否,否,否,否,35,33,35,0.250,1.560,0.150,0.008,2.942,0.647,0.206,0.500,35.0,30.0,64.0,64.0,0,17.6,9.3,1.4,2.1,49.5,2.8,12.5,7.5,1.9,0.4,0.2,0.0,0.0,0.0,95.0,82.8,97.6,99.7,99.9,1066.7,10.67,15,15,15,35,74,374,1,2,否,否,否,否,否,否,否,否,否,否,否,否,否,否,否,否,否,否,否,否,否,否,否,否,否,否,否,否,否,否,否,否,否,否,否,否,否,31.0,32,32,31,97.0,100.0,否,否,24293,21074,0.0,2.0,2.0,0.000,0.088,5726,2155,34,0.006,100.0,1066.0,0.0,0.0,0.0,0.0,0.0,0.0,0.0,317,否,否,否,否,否,否,7.451,19.811,48.0,-5.506,25.2,215.9,60.9,61.8,60.1,60.1,60.1,60.1,60.5,61.1,60.0,60.0,60.0,60.0,16.33,16.57,16.09,16.09,16.58,16.58,1.86,13.89,16.06,0.27,0.23,0,0,0.0,0.0,0,0.000,
17.9.2026,23:32:44.532,6029,33482,15.2,5739,10443,35.4,0.0,23329,0,0.766,0.797,0.762,0.755,0.750,0.681,0.741,1000.0,1000.0,1000.0,1000.0,1000.0,100.0,800.0,29.1,128.7,78.7,22.5,1.2,1.4,0.2,0.2,0.2,29.1,2.3,10.8,6.6,1.2,0.0,0.0,0.0,0.0,0.0,10.8,2.3,100.0,1.1,4.6,3.0,0.9,0.0,0.1,0.0,0.0,0.0,1.1,10.0,10.0,10.0,10.0,10.0,8.0,32,30,31,33,32,68,70,69,67,68,35,33,否,否,否,否,否,否,否,否,否,否,否,否,否,否,否,否,否,否,34,33,34,0.250,1.541,0.170,0.005,2.806,0.648,0.218,0.457,35.0,30.0,64.0,64.0,0,17.7,7.4,1.4,2.0,51.4,2.8,13.0,7.6,1.5,0.1,0.1,0.0,0.0,0.0,95.2,82.6,98.3,99.8,99.9,1066.7,10.67,15,15,15,35,74,374,1,2,否,否,否,否,否,否,否,否,否,否,否,否,否,否,否,否,否,否,否,否,否,否,否,否,否,否,否,否,否,否,否,否,否,否,否,否,否,31.0,32,32,30,97.0,100.0,否,否,24293,21074,0.0,1.5,1.5,0.000,0.044,5726,2155,36,0.008,100.0,1066.0,0.0,0.0,0.0,0.0,0.0,0.0,0.0,317,否,否,否,否,否,否,7.439,19.811,48.0,-5.468,25.2,217.4,60.9,61.8,60.1,60.1,60.1,60.1,60.5,61.1,60.0,60.0,60.0,60.0,16.33,16.57,16.09,16.09,16.58,16.58,1.86,13.89,16.06,0.27,0.23,0,0,0.0,0.0,0,0.000,
17.9.2026,23:32:46.541,6029,33483,15.2,5738,10444,35.4,0.0,23329,0,0.766,0.797,0.762,0.752,0.752,0.683,0.701,1000.0,1000.0,1000.0,1000.0,1000.0,100.0,800.0,29.7,128.1,81.3,20.0,4.7,1.3,0.2,1.7,0.2,29.7,2.7,11.2,7.3,1.4,0.7,0.0,0.3,0.4,0.3,11.2,2.7,100.0,1.1,4.5,3.1,0.8,0.2,0.0,0.0,0.1,0.0,1.1,10.0,10.0,10.0,10.0,10.0,8.0,31,29,31,33,32,69,71,69,67,68,35,33,否,否,否,否,否,否,否,否,否,否,否,否,否,否,否,否,否,否,34,33,34,0.250,1.506,0.171,0.007,2.740,0.637,0.214,0.434,35.0,30.0,64.0,64.0,0,17.8,6.6,1.6,2.2,51.7,2.8,12.9,7.7,1.3,0.4,0.2,0.0,0.2,0.0,95.1,82.5,98.2,99.8,99.8,1066.7,10.67,15,15,15,35,74,374,1,2,否,否,否,否,否,否,否,否,否,否,否,否,否,否,否,否,否,否,否,否,否,否,否,否,否,否,否,否,否,否,否,否,否,否,否,否,否,31.0,32,32,31,97.0,100.0,否,否,24293,21074,0.0,1.0,1.0,0.000,0.012,5726,2155,36,0.005,100.0,1066.0,0.0,0.0,0.0,0.0,0.0,0.0,0.0,317,否,否,否,否,否,否,7.450,19.811,48.0,-5.476,25.2,217.1,60.9,61.8,60.1,60.1,60.1,60.1,60.5,61.1,60.0,60.0,60.0,60.0,16.33,16.57,16.09,16.09,16.58,16.58,1.86,13.89,16.06,0.27,0.23,0,0,0.0,0.0,0,0.000,
17.9.2026,23:32:48.536,6028,33483,15.2,5738,10444,35.4,0.0,23329,0,0.767,0.800,0.762,0.755,0.752,0.681,0.741,1000.0,1000.0,1000.0,1000.0,1000.0,100.0,800.0,29.0,130.3,76.9,22.6,1.2,0.2,0.2,0.2,0.2,29.0,2.4,10.9,6.5,1.2,0.0,0.5,0.0,0.0,0.0,10.9,2.4,100.0,1.1,4.6,2.9,0.9,0.0,0.0,0.0,0.0,0.0,1.1,10.0,10.0,10.0,10.0,10.0,8.0,31,29,31,32,32,69,71,69,68,68,35,32,否,否,否,否,否,否,否,否,否,否,否,否,否,否,否,否,否,否,35,32,35,0.250,1.639,0.173,0.007,3.022,0.671,0.224,0.525,35.0,30.0,64.0,64.0,0,17.4,9.6,1.9,1.8,49.5,2.8,13.0,7.4,1.5,0.1,0.0,0.0,0.0,0.0,95.2,82.7,98.3,99.9,99.9,1066.7,10.67,15,15,15,35,74,374,1,2,是,否,否,否,否,否,否,是,否,否,否,否,否,否,否,否,否,否,否,否,否,否,否,否,否,否,否,否,否,否,否,否,否,否,否,否,否,31.0,32,32,31,97.0,100.0,否,否,24293,21074,0.0,1.9,1.9,0.000,0.042,5726,2155,35,0.007,100.0,1066.0,0.0,0.0,0.0,0.0,0.0,0.0,0.0,317,否,否,否,否,否,否,7.402,19.803,47.9,-5.455,25.2,217.8,60.9,61.8,60.1,60.1,60.1,60.1,60.5,61.1,60.0,60.0,60.0,60.0,16.33,16.57,16.09,16.09,16.58,16.58,1.86,13.89,16.06,0.27,0.23,0,0,0.0,0.0,0,0.000,
17.9.2026,23:32:50.535,6028,33484,15.2,5739,10443,35.4,0.0,23329,0,0.766,0.797,0.760,0.752,0.752,0.681,0.701,1000.0,1000.0,1000.0,1000.0,1000.0,100.0,800.0,29.3,134.3,73.4,23.3,2.2,0.5,0.2,0.2,0.2,29.3,2.5,11.5,6.4,1.5,0.2,0.0,0.0,0.0,0.0,11.5,2.5,100.0,1.1,4.8,2.8,0.9,0.1,0.0,0.0,0.0,0.0,1.1,10.0,10.0,10.0,10.0,10.0,8.0,31,29,31,32,32,69,71,69,68,68,35,32,否,否,否,否,否,否,否,否,否,否,否,否,否,否,否,否,否,否,35,33,35,0.250,1.531,0.168,0.006,2.742,0.662,0.231,0.435,35.0,30.0,64.0,64.0,0,17.9,6.8,1.7,2.4,51.3,2.8,13.4,7.1,1.6,0.2,0.1,0.0,0.0,0.0,95.1,82.4,98.1,99.9,99.9,1066.7,10.67,15,15,15,35,74,374,1,2,否,否,否,否,否,否,否,否,否,否,否,否,否,否,否,否,否,否,否,否,否,否,否,否,否,否,否,否,否,否,否,否,否,否,否,否,否,31.0,32,32,31,97.0,100.0,否,否,24293,21074,0.0,1.0,1.0,0.000,0.010,5726,2155,35,0.007,100.0,1066.0,0.0,0.0,0.0,0.0,0.0,0.0,0.0,317,否,否,否,否,否,否,7.451,19.803,47.9,-5.476,25.2,217.0,60.9,61.8,60.1,60.1,60.1,60.1,60.5,61.1,60.0,60.0,60.0,60.0,16.33,16.57,16.09,16.09,16.58,16.58,1.86,13.89,16.06,0.27,0.23,0,0,0.0,0.0,0,0.000,
17.9.2026,23:32:52.543,6028,33484,15.2,5741,10442,35.4,0.0,23329,0,0.765,0.800,0.755,0.755,0.750,0.681,0.701,975.0,1000.0,900.0,1000.0,1000.0,100.0,800.0,28.4,134.4,68.5,23.1,0.2,0.2,0.2,0.2,0.2,28.4,2.4,11.4,6.0,1.5,0.1,0.1,0.1,0.1,0.1,11.4,2.4,100.0,1.0,4.8,2.5,0.9,0.0,0.0,0.0,0.0,0.0,1.0,9.8,10.0,9.0,10.0,10.0,8.0,31,28,31,33,32,69,72,69,67,68,35,33,否,否,否,否,否,否,否,否,否,否,否,否,否,否,否,否,否,否,35,33,34,0.250,1.601,0.175,0.007,2.974,0.658,0.214,0.499,35.0,30.0,64.0,64.0,0,18.0,8.9,1.6,2.3,49.1,2.7,13.5,6.6,1.5,0.0,0.0,0.0,0.0,0.0,95.3,82.7,98.4,99.9,99.9,1066.7,10.67,15,15,15,35,74,374,1,2,否,否,否,否,否,否,否,否,否,否,否,否,否,否,否,否,否,否,否,否,否,否,否,否,否,否,否,否,否,否,否,否,否,否,否,否,否,32.0,32,32,31,97.0,100.0,否,否,24293,21074,0.0,1.5,1.5,0.000,0.092,5726,2155,35,0.006,100.0,1066.0,0.0,0.0,0.0,0.0,0.0,0.0,0.0,317,否,否,否,否,否,否,7.450,19.795,47.9,-5.461,25.2,217.5,60.9,61.8,60.1,60.1,60.1,60.1,60.5,61.1,60.0,60.0,60.0,60.0,16.33,16.57,16.09,16.09,16.58,16.58,1.86,13.89,16.06,0.27,0.23,0,0,0.0,0.0,0,0.000,
17.9.2026,23:32:54.542,6027,33484,15.2,5745,10437,35.5,0.0,23329,0,0.771,0.802,0.767,0.757,0.757,0.686,0.698,1100.0,1100.0,1100.0,1100.0,1100.0,100.0,900.0,34.5,156.1,103.3,9.6,1.3,4.6,0.2,0.6,0.2,34.5,2.8,12.7,8.8,1.2,0.0,0.0,0.0,0.0,0.0,12.7,2.8,100.0,1.3,5.7,4.0,0.4,0.0,0.2,0.0,0.0,0.0,1.3,11.0,11.0,11.0,11.0,11.0,9.0,32,29,33,34,30,68,71,67,66,70,35,34,否,否,否,否,否,否,否,否,否,否,否,否,否,否,否,否,否,否,34,33,35,0.250,1.581,0.178,0.006,2.849,0.689,0.248,0.434,35.0,30.0,64.0,64.0,0,17.6,6.5,1.9,2.0,50.5,3.1,14.3,9.2,0.9,0.1,0.4,0.0,0.1,0.0,94.7,80.4,98.9,99.5,99.9,1066.7,10.67,15,15,15,35,74,374,1,2,否,否,否,否,否,否,否,否,否,否,否,否,否,否,否,否,否,否,否,否,否,否,否,否,否,否,否,否,否,否,否,否,否,否,否,否,否,31.0,32,32,31,97.0,100.0,否,否,24293,21074,0.0,1.0,1.0,0.000,0.020,5726,2155,35,0.007,100.0,1066.0,0.0,0.0,0.0,0.0,0.0,0.0,0.0,317,否,否,否,否,否,否,7.431,19.795,47.9,-5.447,25.2,218.0,60.9,61.8,60.1,60.1,60.1,60.1,60.5,61.1,60.0,60.0,60.0,60.0,16.33,16.57,16.09,16.09,16.58,16.58,1.86,13.89,16.06,0.27,0.23,0,0,0.0,0.0,0,0.000,
17.9.2026,23:32:56.546,6027,33484,15.2,5745,10438,35.5,0.0,23329,0,0.767,0.800,0.762,0.755,0.750,0.681,0.701,1000.0,1000.0,1000.0,1000.0,1000.0,100.0,800.0,28.3,129.9,76.7,17.5,0.9,1.0,0.2,0.3,0.2,28.3,2.3,10.9,6.3,1.4,0.0,0.0,0.0,0.0,0.0,10.9,2.3,100.0,1.0,4.6,2.9,0.7,0.0,0.0,0.0,0.0,0.0,1.0,10.0,10.0,10.0,10.0,10.0,8.0,31,28,31,33,32,69,72,69,67,68,35,33,否,否,否,否,否,否,否,否,否,否,否,否,否,否,否,否,否,否,35,33,35,0.250,1.484,0.151,0.006,2.686,0.637,0.215,0.434,35.0,30.0,64.0,64.0,0,17.6,6.9,1.5,1.9,52.3,2.7,13.0,7.1,1.6,0.1,0.1,0.0,0.0,0.0,95.2,82.8,98.2,99.8,99.9,1066.7,10.67,15,15,15,35,74,374,1,2,否,否,否,否,否,否,否,否,否,否,否,否,否,否,否,否,否,否,否,否,否,否,否,否,否,否,否,否,否,否,否,否,否,否,否,否,否,32.0,32,32,30,97.0,100.0,否,否,24293,21074,0.0,1.0,1.0,0.000,0.012,5726,2155,35,0.006,100.0,1066.0,0.0,0.0,0.0,0.0,0.0,0.0,0.0,317,否,否,否,否,否,否,7.422,19.795,47.9,-5.433,25.2,218.6,60.9,61.8,60.1,60.1,60.1,60.1,60.5,61.1,60.0,60.0,60.0,60.0,16.33,16.57,16.09,16.09,16.58,16.58,1.86,13.89,16.06,0.27,0.23,0,0,0.0,0.0,0,0.000,
17.9.2026,23:32:58.548,6028,33484,15.2,5743,10439,35.4,0.0,23329,0,0.766,0.797,0.762,0.752,0.750,0.681,0.701,1000.0,1000.0,1000.0,1000.0,1000.0,100.0,800.0,28.8,129.7,76.2,22.0,1.4,0.5,0.2,0.2,0.2,28.8,2.8,10.9,6.4,1.3,0.8,0.8,0.7,0.7,0.7,10.9,2.8,100.0,1.1,4.6,2.9,0.9,0.0,0.0,0.0,0.0,0.0,1.1,10.0,10.0,10.0,10.0,10.0,8.0,31,29,31,33,32,69,71,69,67,68,35,33,否,否,否,否,否,否,否,否,否,否,否,否,否,否,否,否,否,否,35,33,35,0.250,1.696,0.175,0.007,3.367,0.687,0.223,0.561,35.0,30.0,64.0,64.0,0,18.0,10.8,1.3,2.5,47.7,2.7,13.0,7.2,1.5,0.2,0.1,0.0,0.0,0.0,95.2,82.9,98.3,99.9,99.9,1066.7,10.67,15,15,15,35,74,374,1,2,否,否,否,否,否,否,否,否,否,否,否,否,否,否,否,否,否,否,否,否,否,否,否,否,否,否,否,否,否,否,否,否,否,否,否,否,否,32.0,32,32,32,97.0,100.0,否,否,24293,21074,0.0,1.6,1.6,0.000,0.028,5726,2155,35,0.006,100.0,1066.0,0.0,0.0,0.0,0.0,0.0,0.0,0.0,317,否,否,否,否,否,否,7.407,19.788,47.9,-5.407,25.2,219.6,60.9,61.8,60.1,60.1,60.1,60.1,60.5,61.1,60.0,60.0,60.0,60.0,16.33,16.57,16.09,16.09,16.58,16.58,1.86,13.89,16.06,0.27,0.23,0,0,0.0,0.0,0,0.000,
17.9.2026,23:33:0.548,6027,33484,15.2,5741,10441,35.4,0.0,23329,0,0.767,0.800,0.762,0.752,0.752,0.681,0.701,1000.0,1000.0,1000.0,1000.0,1000.0,100.0,800.0,32.1,124.9,109.5,14.1,1.1,6.3,0.3,0.3,0.3,32.1,2.9,10.6,9.7,1.3,0.0,1.6,0.0,0.0,0.0,10.6,2.9,100.0,1.2,4.4,4.3,0.5,0.0,0.2,0.0,0.0,0.0,1.2,10.0,10.0,10.0,10.0,10.0,8.0,32,29,32,33,32,68,71,68,67,68,35,33,否,否,否,否,否,否,否,否,否,否,否,否,否,否,否,否,否,否,34,33,35,0.250,1.516,0.156,0.004,2.825,0.654,0.223,0.438,35.0,30.0,64.0,64.0,0,17.8,6.9,1.3,2.4,50.3,3.1,12.4,10.2,1.4,0.1,0.6,0.0,0.0,0.0,94.7,81.0,98.4,99.4,99.9,1066.7,10.67,15,15,15,35,74,374,1,2,否,否,否,否,否,否,否,否,否,否,否,否,否,否,否,否,否,否,否,否,否,否,否,否,否,否,否,否,否,否,否,否,否,否,否,否,否,31.0,32,32,31,97.0,100.0,否,否,24293,21074,0.0,1.4,1.4,0.000,0.016,5726,2155,35,0.007,100.0,1066.0,0.0,0.0,0.0,0.0,0.0,0.0,0.0,317,否,否,否,否,否,否,7.437,19.788,47.9,-5.511,25.2,215.4,60.9,61.8,60.1,60.1,60.1,60.1,60.5,61.1,60.0,60.0,60.0,60.0,16.33,16.57,16.09,16.09,16.58,16.58,1.86,13.89,16.06,0.27,0.23,0,0,0.0,0.0,0,0.000,
17.9.2026,23:33:2.547,6027,33484,15.2,5740,10443,35.4,0.0,23329,0,0.767,0.802,0.762,0.752,0.752,0.688,0.698,1025.0,1100.0,1000.0,1000.0,1000.0,100.0,900.0,29.1,123.2,69.3,35.4,3.6,0.9,0.2,0.2,0.2,29.1,2.5,10.5,6.1,2.3,0.4,0.2,0.1,0.1,0.1,10.5,2.5,100.0,1.1,4.3,2.6,1.5,0.1,0.0,0.0,0.0,0.0,1.1,10.2,11.0,10.0,10.0,10.0,9.0,31,30,31,32,32,69,70,69,68,68,35,32,否,否,否,否,否,否,否,否,否,否,否,否,否,否,否,否,否,否,35,33,35,0.250,1.629,0.197,0.006,2.957,0.666,0.227,0.497,35.0,30.0,64.0,64.0,0,18.0,8.6,1.6,2.3,50.0,2.7,12.4,6.7,2.1,0.3,0.1,0.0,0.0,0.0,95.3,83.8,97.6,99.8,99.9,1066.7,10.67,15,15,15,35,74,374,1,2,是,否,否,否,否,否,否,是,否,否,否,否,否,否,否,否,否,否,否,否,否,否,否,否,否,否,是,否,否,否,否,否,否,否,是,否,否,31.0,32,32,31,97.0,100.0,否,否,24293,21074,0.0,1.5,1.5,0.000,0.100,5726,2155,35,0.004,100.0,1066.0,0.0,0.0,0.0,0.0,0.0,0.0,0.0,317,否,否,否,否,否,否,7.422,19.788,47.9,-5.485,25.2,216.4,60.9,61.8,60.1,60.1,60.1,60.1,60.5,61.1,60.0,60.0,60.0,60.0,16.33,16.57,16.09,16.09,16.58,16.58,1.86,13.89,16.06,0.27,0.23,0,0,0.0,0.0,0,0.000,
17.9.2026,23:33:4.560,6027,33484,15.2,5738,10444,35.4,0.0,23329,0,0.767,0.797,0.760,0.755,0.755,0.681,0.701,1000.0,1000.0,1000.0,1000.0,1000.0,100.0,800.0,29.0,127.9,77.1,25.3,0.1,1.2,0.1,0.3,0.1,29.0,2.4,10.4,6.2,0.9,0.5,0.0,0.5,0.0,0.5,10.4,2.4,100.0,1.1,4.5,2.9,1.0,0.0,0.0,0.0,0.0,0.0,1.1,10.0,10.0,10.0,10.0,10.0,8.0,31,29,32,32,30,69,71,68,68,70,35,32,否,否,否,否,否,否,否,否,否,否,否,否,否,否,否,否,否,否,34,32,34,0.250,1.582,0.189,0.008,2.867,0.658,0.223,0.466,35.0,30.0,64.0,64.0,0,18.0,8.1,1.5,2.7,50.1,2.7,12.7,7.2,1.3,0.0,0.1,0.0,0.0,0.0,95.4,83.1,98.6,99.8,99.9,1600.0,16.00,22,22,22,52,74,560,1,2,是,否,否,否,否,否,否,是,否,否,否,否,否,否,否,否,否,否,否,否,否,否,否,否,否,否,否,否,否,否,否,否,否,否,否,否,否,31.0,32,32,31,97.0,100.0,否,否,24293,21074,0.0,1.1,1.1,0.000,0.152,5726,2156,34,0.006,100.0,1066.0,0.0,0.0,0.0,0.0,0.0,0.0,0.0,317,否,否,否,否,否,否,7.442,19.780,47.9,-5.500,25.2,215.8,60.9,61.8,60.1,60.1,60.1,60.1,60.5,61.1,60.0,60.0,60.0,60.0,16.33,16.57,16.09,16.09,16.58,16.58,1.86,13.89,16.06,0.27,0.23,0,0,0.0,0.0,0,0.000,
17.9.2026,23:33:6.568,6027,33485,15.2,5737,10445,35.4,0.0,23329,0,0.757,0.795,0.762,0.722,0.750,0.681,0.741,850.0,1000.0,1000.0,400.0,1000.0,100.0,800.0,28.5,129.4,67.9,23.7,4.5,1.8,0.2,0.2,0.2,28.5,2.4,11.0,5.7,1.5,0.4,0.2,0.0,0.1,0.0,11.0,2.4,100.0,1.0,4.6,2.5,0.9,0.2,0.1,0.0,0.0,0.0,1.0,8.5,10.0,10.0,4.0,10.0,8.0,31,29,31,33,32,69,71,69,67,68,35,33,否,否,否,否,否,否,否,否,否,否,否,否,否,否,否,否,否,否,34,32,35,0.250,1.521,0.175,0.005,2.682,0.663,0.229,0.416,35.0,30.0,64.0,64.0,0,18.6,6.2,1.9,2.8,51.4,2.7,12.9,6.4,1.6,0.4,0.2,0.0,0.0,0.0,95.3,83.5,98.1,99.8,99.9,1066.7,10.67,15,15,15,35,74,374,1,2,否,否,否,否,否,否,否,否,否,否,否,否,否,否,否,否,否,否,否,否,否,否,否,否,否,否,否,否,否,否,否,否,否,否,否,否,否,32.0,32,32,31,97.0,100.0,否,否,24293,21074,0.0,1.0,1.0,0.000,0.016,5726,2156,35,0.008,100.0,1599.0,0.0,0.0,0.0,0.0,0.0,0.0,0.0,317,否,否,否,否,否,否,7.439,19.780,47.9,-5.490,25.2,216.2,60.9,61.8,60.1,60.1,60.1,60.1,60.5,61.1,60.0,60.0,60.0,60.0,16.33,16.57,16.09,16.09,16.58,16.58,1.86,13.89,16.06,0.27,0.23,0,0,0.0,0.0,0,0.000,
17.9.2026,23:33:8.573,6027,33485,15.2,5738,10445,35.4,0.0,23329,0,0.768,0.800,0.762,0.755,0.755,0.681,0.701,1000.0,1000.0,1000.0,1000.0,1000.0,100.0,800.0,28.4,136.3,76.9,12.9,0.2,0.2,0.2,0.2,0.2,28.4,2.2,11.4,6.4,0.1,0.0,0.0,0.0,0.0,0.0,11.4,2.2,100.0,1.0,4.9,2.9,0.5,0.0,0.0,0.0,0.0,0.0,1.0,10.0,10.0,10.0,10.0,10.0,8.0,32,29,31,34,32,68,71,69,66,68,35,34,否,否,否,否,否,否,否,否,否,否,否,否,否,否,否,否,否,否,34,34,35,0.250,1.562,0.151,0.008,2.900,0.662,0.218,0.479,35.0,30.0,64.0,64.0,0,18.1,8.1,1.5,2.5,49.6,2.8,13.5,7.2,1.1,0.0,0.0,0.0,0.0,0.0,95.3,82.4,98.8,99.9,99.9,1066.7,10.67,15,15,15,35,74,374,1,2,否,否,否,否,否,否,否,否,否,否,否,否,否,否,否,否,否,否,否,否,否,否,否,否,否,否,否,否,否,否,否,否,否,否,否,否,否,33.0,32,32,31,97.0,100.0,否,否,24293,21074,0.0,1.5,1.5,0.000,0.018,5726,2156,35,0.005,100.0,1066.0,0.0,0.0,0.0,0.0,0.0,0.0,0.0,317,否,否,否,否,否,否,7.446,19.772,47.9,-5.480,25.2,216.5,60.9,61.8,60.1,60.1,60.1,60.1,60.5,61.1,60.0,60.0,60.0,60.0,16.33,16.57,16.09,16.09,16.58,16.58,1.86,13.89,16.06,0.27,0.23,0,0,0.0,0.0,0,0.000,
17.9.2026,23:33:10.569,6028,33484,15.2,5739,10444,35.4,0.0,23329,0,0.766,0.800,0.762,0.752,0.750,0.681,0.741,1000.0,1000.0,1000.0,1000.0,1000.0,100.0,800.0,29.1,132.2,67.1,26.2,0.8,5.2,0.2,0.6,0.2,29.1,2.8,10.9,5.3,2.7,0.6,1.1,0.6,0.6,0.6,10.9,2.8,100.0,1.1,4.7,2.5,1.1,0.0,0.2,0.0,0.0,0.0,1.1,10.0,10.0,10.0,10.0,10.0,8.0,31,29,32,32,32,69,71,68,68,68,34,32,否,否,否,否,否,否,否,否,否,否,否,否,否,否,否,否,否,否,34,33,34,0.250,1.593,0.156,0.006,2.918,0.682,0.233,0.480,35.0,30.0,64.0,64.0,0,18.1,8.2,2.2,2.4,48.8,2.8,13.1,6.2,2.2,0.1,0.5,0.0,0.1,0.0,95.1,83.4,97.6,99.4,99.9,1066.7,10.67,15,15,15,35,74,374,1,2,否,否,否,否,否,否,否,否,否,否,否,否,否,否,否,否,否,否,否,否,否,否,否,否,否,否,否,否,否,否,否,否,否,否,否,否,否,33.0,32,32,30,97.0,100.0,否,否,24293,21074,0.0,3.8,3.8,0.000,0.053,5726,2156,34,0.008,100.0,1066.0,0.0,0.0,0.0,0.0,0.0,0.0,0.0,317,否,否,否,否,否,否,7.449,19.772,47.9,-5.475,25.2,216.7,60.9,61.8,60.1,60.1,60.1,60.1,60.5,61.1,60.0,60.0,60.0,60.0,16.33,16.57,16.09,16.09,16.58,16.58,1.86,13.89,16.06,0.27,0.23,0,0,0.0,0.0,0,0.000,
17.9.2026,23:33:12.593,6027,33485,15.2,5739,10443,35.4,0.0,23329,0,0.768,0.800,0.762,0.755,0.755,0.681,0.703,1000.0,1000.0,1000.0,1000.0,1000.0,100.0,800.0,28.1,123.5,78.6,19.8,2.1,0.2,0.2,0.2,0.2,28.1,2.5,10.6,6.6,2.1,0.6,0.0,0.0,0.0,0.0,10.6,2.5,100.0,1.0,4.4,3.0,0.8,0.1,0.0,0.0,0.0,0.0,1.0,10.0,10.0,10.0,10.0,10.0,8.0,31,29,32,33,30,69,71,68,67,70,35,33,否,否,否,否,否,否,否,否,否,否,否,否,否,否,否,否,否,否,35,34,35,0.250,1.603,0.163,0.007,2.922,0.676,0.228,0.492,35.0,30.0,64.0,64.0,0,18.2,8.7,1.8,3.0,48.9,2.7,12.3,7.0,1.8,0.2,0.0,0.0,0.0,0.0,95.4,83.7,97.9,99.9,99.9,1066.7,10.67,15,15,15,35,74,374,1,2,否,否,否,否,否,否,否,否,否,否,否,否,否,否,否,否,否,否,否,否,否,否,否,否,否,否,否,否,否,否,否,否,否,否,否,否,否,32.0,32,32,31,97.0,100.0,否,否,24293,21074,0.0,1.5,1.5,0.000,0.089,5726,2156,34,0.006,100.0,1066.0,0.0,0.0,0.0,0.0,0.0,0.0,0.0,317,否,否,否,否,否,否,7.429,19.772,47.9,-5.468,25.2,216.9,60.9,61.8,60.1,60.1,60.1,60.1,60.5,61.1,60.0,60.0,60.0,60.0,16.33,16.57,16.09,16.09,16.58,16.58,1.86,13.89,16.06,0.27,0.23,0,0,0.0,0.0,0,0.000,
17.9.2026,23:33:14.602,6027,33484,15.2,5742,10441,35.4,0.0,23329,0,0.766,0.800,0.760,0.752,0.750,0.681,0.701,1000.0,1000.0,1000.0,1000.0,1000.0,100.0,800.0,29.0,134.4,68.4,27.0,1.1,0.8,0.2,0.3,0.2,29.0,2.6,11.4,5.8,1.6,0.0,0.9,0.0,0.8,0.0,11.4,2.6,100.0,1.1,4.8,2.5,1.1,0.0,0.0,0.0,0.0,0.0,1.1,10.0,10.0,10.0,10.0,10.0,8.0,32,30,32,33,33,68,70,68,67,67,36,33,否,否,否,否,否,否,否,否,否,否,否,否,否,否,否,否,否,否,35,32,35,0.250,1.617,0.184,0.007,2.942,0.671,0.227,0.492,35.0,30.0,64.0,64.0,0,18.0,9.0,2.0,2.5,49.2,2.7,13.4,6.5,1.6,0.1,0.1,0.0,0.0,0.0,95.3,83.3,98.2,99.9,99.9,1066.7,10.67,15,15,15,35,74,374,1,2,否,否,否,否,否,否,否,否,否,否,否,否,否,否,否,否,否,否,否,否,否,否,否,否,否,否,否,否,否,否,否,否,否,否,否,否,否,32.0,32,32,30,97.0,100.0,否,否,24293,21074,0.0,1.0,1.0,0.000,0.026,5726,2156,35,0.007,100.0,1066.0,0.0,0.0,0.0,0.0,0.0,0.0,0.0,317,否,否,否,否,否,否,7.427,19.765,47.8,-5.474,25.2,216.6,60.9,61.8,60.1,60.1,60.1,60.1,60.5,61.1,60.0,60.0,60.0,60.0,16.33,16.57,16.09,16.09,16.58,16.58,1.86,13.89,16.06,0.27,0.23,0,0,0.0,0.0,0,0.000,
17.9.2026,23:33:16.600,6026,33485,15.2,5744,10438,35.4,0.0,23329,0,0.788,0.817,0.772,0.802,0.760,0.711,0.701,1475.0,1500.0,1200.0,2000.0,1200.0,100.0,1300.0,32.9,157.9,68.9,30.9,2.4,2.4,0.2,0.3,0.2,32.9,2.7,12.9,5.6,2.7,0.2,0.2,0.0,0.0,0.0,12.9,2.7,100.0,1.2,5.8,2.6,1.2,0.1,0.1,0.0,0.0,0.0,1.2,14.8,15.0,12.0,20.0,12.0,13.0,32,31,33,33,32,68,69,67,67,68,35,33,否,否,否,否,否,否,否,否,否,否,否,否,否,否,否,否,否,否,35,34,35,0.250,1.561,0.172,0.005,2.878,0.678,0.232,0.437,35.0,30.0,64.0,64.0,0,17.5,7.0,1.7,2.6,49.3,3.1,14.8,6.4,2.8,0.2,0.3,0.0,0.0,0.0,94.6,81.9,96.9,99.7,99.9,1066.7,10.67,15,15,15,35,74,374,1,2,否,否,否,否,否,否,否,否,否,否,否,否,否,否,否,否,否,否,否,否,否,否,否,否,否,否,否,否,否,否,否,否,否,否,否,否,否,32.0,32,32,30,97.0,100.0,否,否,24293,21074,0.0,1.5,1.5,0.000,0.012,5726,2156,35,0.007,100.0,1066.0,0.0,0.0,0.0,0.0,0.0,0.0,0.0,317,否,否,否,否,否,否,7.410,19.765,47.8,-5.446,25.2,217.8,60.9,61.8,60.1,60.1,60.1,60.1,60.5,61.1,60.0,60.0,60.0,60.0,16.33,16.57,16.09,16.09,16.58,16.58,1.86,13.89,16.06,0.27,0.23,0,0,0.0,0.0,0,0.000,
17.9.2026,23:33:18.607,6026,33485,15.2,5744,10438,35.4,0.0,23329,0,0.766,0.797,0.760,0.755,0.752,0.683,0.741,1000.0,1000.0,1000.0,1000.0,1000.0,100.0,800.0,47.3,179.8,118.8,44.7,30.0,4.9,0.2,0.2,0.2,47.3,3.7,13.1,7.7,3.5,3.0,0.2,0.6,0.6,0.6,13.1,3.7,100.0,1.8,6.7,4.7,1.8,1.2,0.2,0.0,0.0,0.0,1.8,10.0,10.0,10.0,10.0,10.0,8.0,31,29,32,32,32,69,71,68,68,68,35,32,否,否,否,否,否,否,否,否,否,否,否,否,否,否,否,否,否,否,35,32,35,0.250,1.869,0.288,0.006,3.568,0.725,0.242,0.572,35.0,30.0,64.0,64.0,0,17.0,9.2,1.5,2.7,45.0,3.8,15.1,8.5,3.8,2.5,0.4,0.0,0.0,0.0,93.7,81.0,94.4,99.6,99.9,1066.7,10.67,15,15,15,35,74,374,1,2,是,否,否,否,否,否,否,是,否,否,是,否,否,否,否,否,否,否,否,否,否,否,否,否,否,否,是,否,否,否,否,否,否,否,是,否,否,31.0,32,32,31,97.0,100.0,否,否,24293,21074,0.0,3.0,3.0,0.000,0.061,5726,2156,35,0.005,100.0,1066.0,0.0,0.0,0.0,0.0,0.0,0.0,0.0,317,否,否,否,否,否,否,7.401,19.765,47.8,-5.440,25.2,218.0,60.9,61.8,60.1,60.1,60.1,60.1,60.5,61.1,60.0,60.0,60.0,60.0,16.33,16.57,16.09,16.09,16.58,16.58,1.86,13.89,16.06,0.27,0.23,0,0,0.0,0.0,0,0.000,
17.9.2026,23:33:20.605,6026,33485,15.2,5744,10439,35.4,0.0,23329,0,0.767,0.800,0.762,0.755,0.750,0.681,0.741,1000.0,1000.0,1000.0,1000.0,1000.0,100.0,800.0,28.8,128.5,67.5,30.9,1.1,0.7,0.2,1.4,0.2,28.8,2.2,10.7,5.5,1.8,0.0,0.0,0.0,0.0,0.0,10.7,2.2,100.0,1.1,4.6,2.5,1.2,0.0,0.0,0.0,0.1,0.0,1.1,10.0,10.0,10.0,10.0,10.0,8.0,31,28,31,34,32,69,72,69,66,68,35,34,否,否,否,否,否,否,否,否,否,否,否,否,否,否,否,否,否,否,35,34,35,0.250,1.547,0.174,0.005,2.737,0.668,0.235,0.433,35.0,30.0,64.0,64.0,0,18.0,6.6,1.9,2.4,51.5,2.7,12.9,6.4,2.1,0.1,0.1,0.0,0.2,0.0,95.3,83.6,97.7,99.9,99.8,1066.7,10.67,15,15,15,35,74,374,1,2,否,否,否,否,否,否,否,否,否,否,否,否,否,否,否,否,否,否,否,否,否,否,否,否,否,否,否,否,否,否,否,否,否,否,否,否,否,31.0,32,32,31,97.0,100.0,否,否,24293,21074,0.0,1.0,1.0,0.000,0.012,5726,2156,35,0.006,100.0,1066.0,0.0,0.0,0.0,0.0,0.0,0.0,0.0,317,否,否,否,否,否,否,7.442,19.765,47.8,-5.537,25.2,214.2,60.9,61.8,60.1,60.1,60.1,60.1,60.5,61.1,60.0,60.0,60.0,60.0,16.33,16.57,16.09,16.09,16.58,16.58,1.86,13.89,16.06,0.27,0.23,0,0,0.0,0.0,0,0.000,
17.9.2026,23:33:22.624,6027,33485,15.2,5743,10440,35.4,0.0,23329,0,0.767,0.797,0.762,0.755,0.752,0.683,0.701,1000.0,1000.0,1000.0,1000.0,1000.0,100.0,800.0,28.8,131.7,64.3,30.8,2.2,0.7,0.2,0.3,0.2,28.8,2.5,11.5,5.9,2.2,0.0,0.5,0.0,0.0,0.0,11.5,2.5,100.0,1.1,4.7,2.4,1.2,0.1,0.0,0.0,0.0,0.0,1.1,10.0,10.0,10.0,10.0,10.0,8.0,31,30,32,33,30,69,70,68,67,70,35,33,否,否,否,否,否,否,否,否,否,否,否,否,否,否,否,否,否,否,35,34,35,0.250,1.717,0.194,0.007,3.111,0.707,0.243,0.538,35.0,30.0,64.0,64.0,0,18.2,10.5,1.5,2.7,48.1,2.7,13.1,6.2,1.9,0.2,0.1,0.0,0.0,0.0,95.3,83.6,97.8,99.9,99.9,1066.7,10.67,15,15,15,35,74,374,1,2,否,否,否,否,否,否,否,否,否,否,否,否,否,否,否,否,否,否,否,否,否,否,否,否,否,否,否,否,否,否,否,否,否,否,否,否,否,31.0,32,32,30,97.0,100.0,否,否,24293,21074,0.0,1.5,1.5,0.000,0.095,5726,2156,35,0.005,100.0,1066.0,0.0,0.0,0.0,0.0,0.0,0.0,0.0,317,否,否,否,否,否,否,7.448,19.757,47.8,-5.519,25.2,214.8,60.9,61.8,60.1,60.1,60.1,60.1,60.5,61.1,60.0,60.0,60.0,60.0,16.33,16.57,16.09,16.09,16.58,16.58,1.86,13.89,16.06,0.27,0.23,0,0,0.0,0.0,0,0.000,
17.9.2026,23:33:24.629,6027,33485,15.2,5741,10441,35.4,0.0,23329,0,0.767,0.800,0.762,0.755,0.750,0.681,0.741,1000.0,1000.0,1000.0,1000.0,1000.0,100.0,800.0,28.8,131.4,77.0,16.4,1.7,2.1,0.2,1.1,0.2,28.8,2.5,10.7,6.1,1.3,0.9,0.2,0.0,0.8,0.0,10.7,2.5,100.0,1.1,4.7,2.9,0.6,0.1,0.1,0.0,0.0,0.0,1.0,10.0,10.0,10.0,10.0,10.0,8.0,30,29,31,32,30,70,71,69,68,70,35,32,否,否,否,否,否,否,否,否,否,否,否,否,否,否,否,否,否,否,35,33,34,0.250,1.521,0.157,0.007,2.676,0.663,0.230,0.432,35.0,30.0,64.0,64.0,0,18.0,6.5,1.6,2.8,52.4,2.7,12.7,6.9,1.5,0.2,0.2,0.0,0.1,0.0,95.4,83.7,98.3,99.7,99.8,1066.7,10.67,15,15,15,35,74,374,1,2,否,否,否,否,否,否,否,否,否,否,否,否,否,否,否,否,否,否,否,否,否,否,否,否,否,否,否,否,否,否,否,否,否,否,否,否,否,31.0,32,32,31,97.0,100.0,否,否,24293,21074,0.0,1.0,1.0,0.000,0.010,5726,2156,35,0.007,100.0,1066.0,0.0,0.0,0.0,0.0,0.0,0.0,0.0,317,否,否,否,否,否,否,7.444,19.757,47.8,-5.531,25.2,214.3,60.9,61.8,60.1,60.1,60.1,60.1,60.5,61.1,60.0,60.0,60.0,60.0,16.33,16.57,16.09,16.09,16.58,16.58,1.86,13.89,16.06,0.27,0.23,0,0,0.0,0.0,0,0.000,
17.9.2026,23:33:26.629,6027,33485,15.2,5740,10442,35.4,0.0,23329,0,0.767,0.800,0.760,0.752,0.755,0.681,0.701,1000.0,1000.0,1000.0,1000.0,1000.0,100.0,800.0,31.2,128.4,72.9,34.8,4.1,7.8,0.5,0.9,0.3,31.2,2.5,10.7,6.2,2.3,0.0,0.6,0.0,0.0,0.0,10.7,2.5,100.0,1.1,4.5,2.7,1.4,0.1,0.3,0.0,0.0,0.0,1.1,10.0,10.0,10.0,10.0,10.0,8.0,31,30,31,33,30,69,70,69,67,70,34,33,否,否,否,否,否,否,否,否,否,否,否,否,否,否,否,否,否,否,35,32,35,0.250,1.608,0.188,0.006,2.880,0.679,0.235,0.473,35.0,30.0,64.0,64.0,0,18.1,8.1,1.9,2.5,50.1,2.9,12.7,6.9,2.5,0.4,0.7,0.0,0.1,0.0,95.1,84.0,97.2,99.3,99.9,1066.7,10.67,15,15,15,35,74,374,1,2,否,否,否,否,否,否,否,否,否,否,否,否,否,否,否,否,否,否,否,否,否,否,否,否,否,否,否,否,否,否,否,否,否,否,否,否,否,32.0,32,32,30,97.0,100.0,否,否,24293,21074,0.0,3.0,3.0,0.000,0.071,5726,2157,35,0.007,100.0,1066.0,0.0,0.0,0.0,0.0,0.0,0.0,0.0,317,否,否,否,否,否,否,7.445,19.757,47.8,-5.509,25.2,215.2,60.9,61.8,60.1,60.1,60.1,60.1,60.5,61.1,60.0,60.0,60.0,60.0,16.33,16.57,16.09,16.09,16.58,16.58,1.86,13.89,16.06,0.27,0.23,0,0,0.0,0.0,0,0.000,
17.9.2026,23:33:28.643,6027,33485,15.2,5739,10443,35.4,0.0,23329,0,0.767,0.800,0.762,0.755,0.752,0.681,0.741,1000.0,1000.0,1000.0,1000.0,1000.0,100.0,800.0,28.2,123.3,72.1,20.0,2.7,3.9,2.1,1.0,0.2,28.2,2.3,9.9,5.7,0.9,0.6,0.7,0.6,0.0,0.0,9.9,2.3,100.0,1.0,4.3,2.7,0.8,0.1,0.1,0.1,0.0,0.0,1.0,10.0,10.0,10.0,10.0,10.0,8.0,31,29,31,33,32,69,71,69,67,68,34,33,否,否,否,否,否,否,否,否,否,否,否,否,否,否,否,否,否,否,35,32,34,0.250,1.676,0.173,0.005,3.048,0.687,0.233,0.542,35.0,30.0,64.0,64.0,0,17.8,9.6,1.2,2.8,49.7,2.7,12.3,6.7,1.3,0.3,0.4,0.2,0.1,0.0,95.4,83.9,98.4,99.3,99.9,1066.7,10.67,15,15,15,35,74,374,1,2,否,否,否,否,否,否,否,否,否,否,否,否,否,否,否,否,否,否,否,否,否,否,否,否,否,否,否,否,否,否,否,否,否,否,否,否,否,32.0,32,32,31,97.0,100.0,否,否,24293,21074,0.0,1.0,1.0,0.000,0.061,5726,2157,35,0.006,100.0,1066.0,0.0,0.0,0.0,0.0,0.0,0.0,0.0,317,否,否,否,否,否,否,7.435,19.749,47.8,-5.509,25.2,215.1,60.9,61.8,60.1,60.1,60.1,60.1,60.5,61.1,60.0,60.0,60.0,60.0,16.33,16.57,16.09,16.09,16.58,16.58,1.86,13.89,16.06,0.27,0.23,0,0,0.0,0.0,0,0.000,
17.9.2026,23:33:30.656,6027,33485,15.2,5738,10444,35.4,0.0,23329,0,0.766,0.797,0.762,0.752,0.750,0.681,0.741,1000.0,1000.0,1000.0,1000.0,1000.0,100.0,800.0,28.9,133.6,84.0,12.0,0.2,0.7,0.2,0.2,0.2,28.9,2.6,11.4,7.4,1.2,0.0,0.0,0.0,0.4,0.4,11.4,2.6,100.0,1.1,4.8,3.2,0.5,0.0,0.0,0.0,0.0,0.0,1.1,10.0,10.0,10.0,10.0,10.0,8.0,31,29,31,33,30,69,71,69,67,70,35,33,否,否,否,否,否,否,否,否,否,否,否,否,否,否,否,否,否,否,35,33,35,0.250,1.602,0.177,0.006,2.906,0.662,0.224,0.498,35.0,30.0,64.0,64.0,0,17.7,8.0,2.1,2.3,50.6,2.7,12.9,7.7,0.9,0.0,0.1,0.0,0.0,0.0,95.4,82.8,99.0,99.9,99.9,1066.7,10.67,15,15,15,35,74,374,1,2,否,否,否,否,否,否,否,否,否,否,否,否,否,否,否,否,否,否,否,否,否,否,否,否,否,否,否,否,否,否,否,否,否,否,否,否,否,32.0,32,32,31,97.0,100.0,否,否,24293,21074,0.0,1.5,1.5,0.000,0.038,5726,2157,36,0.005,100.0,1066.0,0.0,0.0,0.0,0.0,0.0,0.0,0.0,317,否,否,否,否,否,否,7.447,19.749,47.8,-5.518,25.2,214.7,60.9,61.8,60.1,60.1,60.1,60.1,60.5,61.1,60.0,60.0,60.0,60.0,16.33,16.57,16.09,16.09,16.58,16.58,1.86,13.89,16.06,0.27,0.23,0,0,0.0,0.0,0,0.000,
17.9.2026,23:33:32.671,6027,33484,15.2,5738,10444,35.4,0.0,23329,0,0.766,0.800,0.762,0.752,0.750,0.681,0.741,1000.0,1000.0,1000.0,1000.0,1000.0,100.0,800.0,28.4,135.2,65.1,23.5,1.2,1.0,0.2,0.8,0.2,28.4,2.6,11.3,5.2,1.8,0.0,0.0,0.7,0.8,0.7,11.3,2.6,100.0,1.0,4.8,2.4,0.9,0.0,0.0,0.0,0.0,0.0,1.0,10.0,10.0,10.0,10.0,10.0,8.0,31,27,31,33,32,69,73,69,67,68,34,33,否,否,否,否,否,否,否,否,否,否,否,否,否,否,否,否,否,否,34,33,34,0.250,1.642,0.160,0.007,3.036,0.672,0.220,0.541,35.0,30.0,64.0,64.0,0,18.0,9.6,2.6,2.2,48.3,2.7,13.3,6.0,2.0,0.1,0.1,0.0,0.1,0.0,95.3,83.7,97.8,99.9,99.9,1066.7,10.67,15,15,15,35,74,374,1,2,否,否,否,否,否,否,否,否,否,否,否,否,否,否,否,否,否,否,否,否,否,否,否,否,否,否,否,否,否,否,否,否,否,否,否,否,否,31.0,32,32,31,97.0,100.0,否,否,24293,21074,0.0,2.0,2.0,0.000,0.047,5726,2157,35,0.006,100.0,1066.0,0.0,0.0,0.0,0.0,0.0,0.0,0.0,317,否,否,否,否,否,否,7.447,19.742,47.8,-5.518,25.2,214.7,60.9,61.8,60.1,60.1,60.1,60.1,60.5,61.1,60.0,60.0,60.0,60.0,16.33,16.57,16.09,16.09,16.58,16.58,1.86,13.89,16.06,0.27,0.23,0,0,0.0,0.0,0,0.000,
17.9.2026,23:33:34.686,6027,33485,15.2,5739,10443,35.4,0.0,23329,0,0.768,0.800,0.762,0.755,0.755,0.681,0.741,1000.0,1000.0,1000.0,1000.0,1000.0,100.0,800.0,28.5,124.3,75.3,20.5,6.3,0.9,0.2,0.6,0.2,28.5,5.3,10.4,5.8,1.7,0.5,23.9,0.1,0.1,0.1,23.9,5.3,100.0,1.0,4.4,2.8,0.8,0.2,0.0,0.0,0.0,0.0,1.0,10.0,10.0,10.0,10.0,10.0,8.0,31,29,31,33,32,69,71,69,67,68,35,33,否,否,否,否,否,否,否,否,否,否,否,否,否,否,否,否,否,否,35,33,34,0.250,1.462,0.163,0.007,2.518,0.650,0.229,0.384,35.0,30.0,64.0,64.0,0,18.1,5.1,2.4,2.2,53.4,2.7,12.3,6.5,1.8,0.6,0.1,0.0,0.1,0.0,95.3,83.8,97.6,99.9,99.9,1066.7,10.67,15,15,15,35,74,374,1,2,否,否,否,否,否,否,否,否,否,否,否,否,否,否,否,否,否,否,否,否,否,否,否,否,否,否,否,否,否,否,否,否,否,否,否,否,否,30.0,32,32,31,97.0,100.0,否,否,24293,21074,0.0,0.5,0.5,0.000,0.012,5726,2157,35,0.007,100.0,1066.0,0.0,0.0,0.0,0.0,0.0,0.0,0.0,317,否,否,否,否,否,否,7.450,19.742,47.8,-5.520,25.2,214.6,60.9,61.8,60.1,60.1,60.1,60.1,60.5,61.1,60.0,60.0,60.0,60.0,16.33,16.57,16.09,16.09,16.58,16.58,1.86,13.89,16.06,0.27,0.23,0,0,0.0,0.0,0,0.000,
17.9.2026,23:33:36.694,6027,33485,15.2,5741,10442,35.4,0.0,23329,0,0.766,0.797,0.760,0.755,0.750,0.681,0.701,1000.0,1000.0,1000.0,1000.0,1000.0,100.0,800.0,29.1,131.6,71.9,28.4,0.2,0.2,0.2,0.2,0.2,29.1,2.4,11.0,5.8,1.5,0.7,0.0,0.0,0.0,0.0,11.0,2.4,100.0,1.1,4.7,2.7,1.2,0.0,0.0,0.0,0.0,0.0,1.1,10.0,10.0,10.0,10.0,10.0,8.0,31,29,31,32,32,69,71,69,68,68,35,32,否,否,否,否,否,否,否,否,否,否,否,否,否,否,否,否,否,否,35,33,35,0.250,1.615,0.196,0.006,2.976,0.659,0.216,0.498,35.0,30.0,64.0,64.0,0,17.9,9.5,2.2,2.4,48.7,2.7,13.0,6.7,1.7,0.0,0.0,0.0,0.0,0.0,95.4,83.4,98.2,99.9,99.9,1066.7,10.67,15,15,15,35,74,374,1,2,是,否,否,否,否,否,否,是,否,否,否,否,否,否,否,否,否,否,否,否,否,否,否,否,否,否,是,否,否,否,否,否,否,否,是,否,否,31.0,32,32,31,97.0,100.0,否,否,24293,21074,0.0,1.5,1.5,0.000,0.018,5726,2157,34,0.007,100.0,1066.0,0.0,0.0,0.0,0.0,0.0,0.0,0.0,317,否,否,否,否,否,否,7.453,19.742,47.8,-5.485,25.2,215.9,60.9,61.8,60.1,60.1,60.1,60.1,60.5,61.1,60.0,60.0,60.0,60.0,16.33,16.57,16.09,16.09,16.58,16.58,1.86,13.89,16.06,0.27,0.23,0,0,0.0,0.0,0,0.000,
17.9.2026,23:33:38.685,6027,33485,15.2,5742,10440,35.4,0.0,23329,0,0.767,0.800,0.762,0.755,0.752,0.683,0.741,1000.0,1000.0,1000.0,1000.0,1000.0,100.0,800.0,27.8,121.7,70.7,29.3,0.2,0.2,0.2,0.2,0.2,27.8,2.2,10.0,5.8,1.5,0.0,0.0,0.0,0.0,0.0,10.0,2.2,100.0,1.0,4.3,2.6,1.2,0.0,0.0,0.0,0.0,0.0,1.0,10.0,10.0,10.0,10.0,10.0,8.0,31,28,31,33,33,69,72,69,67,67,34,33,否,否,否,否,否,否,否,否,否,否,否,否,否,否,否,否,否,否,35,34,35,0.250,1.557,0.179,0.007,2.719,0.665,0.230,0.445,35.0,30.0,64.0,64.0,0,17.9,7.3,2.1,2.0,52.0,2.6,12.0,6.8,1.8,0.0,0.0,0.0,0.0,0.0,95.5,84.2,98.1,99.9,99.9,1066.7,10.67,15,15,15,35,74,374,1,2,否,否,否,否,否,否,否,否,否,否,否,否,否,否,否,否,否,否,否,否,否,否,否,否,否,否,否,否,否,否,否,否,否,否,否,否,否,33.0,32,32,31,97.0,100.0,否,否,24293,21074,0.0,0.6,0.6,0.000,0.065,5726,2157,35,0.006,100.0,1066.0,0.0,0.0,0.0,0.0,0.0,0.0,0.0,317,否,否,否,否,否,否,7.402,19.734,47.8,-5.448,25.2,217.3,60.9,61.8,60.1,60.1,60.1,60.1,60.5,61.1,60.0,60.0,60.0,60.0,16.33,16.57,16.09,16.09,16.58,16.58,1.86,13.89,16.06,0.27,0.23,0,0,0.0,0.0,0,0.000,
17.9.2026,23:33:40.702,6027,33485,15.2,5745,10438,35.4,0.0,23329,0,0.767,0.800,0.762,0.752,0.752,0.683,0.741,1000.0,1000.0,1000.0,1000.0,1000.0,100.0,800.0,29.5,129.4,83.3,20.6,1.0,0.7,0.2,0.2,0.2,29.5,2.4,10.7,6.8,1.8,0.0,0.0,0.0,0.0,0.0,10.7,2.4,100.0,1.1,4.6,3.2,0.8,0.0,0.0,0.0,0.0,0.0,1.1,10.0,10.0,10.0,10.0,10.0,8.0,31,29,31,33,32,69,71,69,67,68,36,33,否,否,否,否,否,否,否,否,否,否,否,否,否,否,否,否,否,否,35,33,35,0.250,1.526,0.150,0.006,2.781,0.672,0.229,0.434,35.0,30.0,64.0,64.0,0,18.0,7.1,1.9,2.5,50.0,2.8,12.7,7.6,2.0,0.1,0.1,0.0,0.0,0.0,95.1,82.6,97.8,99.9,99.9,1066.7,10.67,15,15,15,35,74,374,1,2,否,否,否,否,否,否,否,否,否,否,否,否,否,否,否,否,否,否,否,否,否,否,否,否,否,否,否,否,否,否,否,否,否,否,否,否,否,31.0,32,32,30,97.0,100.0,否,否,24293,21074,0.0,1.0,1.0,0.000,0.010,5726,2157,34,0.007,100.0,1066.0,0.0,0.0,0.0,0.0,0.0,0.0,0.0,317,否,否,否,否,否,否,7.438,19.734,47.8,-5.459,25.2,216.9,60.9,61.8,60.1,60.1,60.1,60.1,60.5,61.1,60.0,60.0,60.0,60.0,16.33,16.57,16.09,16.09,16.58,16.58,1.86,13.89,16.06,0.27,0.23,0,0,0.0,0.0,0,0.000,
17.9.2026,23:33:42.712,6027,33484,15.2,5744,10438,35.4,0.0,23329,0,0.767,0.800,0.762,0.755,0.750,0.683,0.743,1000.0,1000.0,1000.0,1000.0,1000.0,100.0,800.0,27.9,118.9,74.0,27.9,0.9,1.1,0.2,0.2,0.2,27.9,2.2,9.7,6.1,1.8,0.0,0.0,0.0,0.0,0.0,9.7,2.2,100.0,1.0,4.2,2.8,1.1,0.0,0.0,0.0,0.0,0.0,1.0,10.0,10.0,10.0,10.0,10.0,8.0,31,29,31,33,32,69,71,69,67,68,34,33,否,否,否,否,否,否,否,否,否,否,否,否,否,否,否,否,否,否,35,33,35,0.250,1.590,0.161,0.007,2.915,0.673,0.223,0.489,35.0,30.0,64.0,64.0,0,17.9,9.0,2.2,2.1,49.3,2.7,11.9,7.1,2.2,0.1,0.1,0.0,0.0,0.0,95.3,83.6,97.7,99.8,99.9,1066.7,10.67,15,15,15,35,74,374,1,2,否,否,否,否,否,否,否,否,否,否,否,否,否,否,否,否,否,否,否,否,否,否,否,否,否,否,否,否,否,否,否,否,否,否,否,否,否,31.0,32,32,31,97.0,100.0,否,否,24293,21074,0.0,1.5,1.5,0.000,0.044,5726,2157,34,0.006,100.0,1066.0,0.0,0.0,0.0,0.0,0.0,0.0,0.0,317,否,否,否,否,否,否,7.406,19.726,47.8,-5.421,25.2,218.3,60.9,61.8,60.1,60.1,60.1,60.1,60.5,61.1,60.0,60.0,60.0,60.0,16.33,16.57,16.09,16.09,16.58,16.58,1.86,13.89,16.06,0.27,0.23,0,0,0.0,0.0,0,0.000,
17.9.2026,23:33:44.717,6027,33485,15.2,5743,10439,35.4,0.0,23329,0,0.767,0.800,0.762,0.757,0.750,0.681,0.701,1000.0,1000.0,1000.0,1000.0,1000.0,100.0,800.0,29.1,121.4,73.1,33.1,1.2,1.7,0.2,2.0,0.2,29.1,2.6,10.8,6.8,3.1,0.0,0.1,0.0,0.1,0.0,10.8,2.6,100.0,1.1,4.3,2.7,1.3,0.0,0.1,0.0,0.1,0.0,1.1,10.0,10.0,10.0,10.0,10.0,8.0,31,29,31,32,32,69,71,69,68,68,35,32,否,否,否,否,否,否,否,否,否,否,否,否,否,否,否,否,否,否,34,33,34,0.250,1.581,0.180,0.004,2.910,0.650,0.213,0.489,35.0,30.0,64.0,64.0,0,17.6,9.1,1.4,2.1,50.2,2.8,12.2,6.9,2.5,0.1,0.2,0.0,0.2,0.0,95.2,83.9,97.3,99.8,99.7,1066.7,10.67,15,15,15,35,74,374,1,2,是,否,否,否,否,否,否,是,否,否,否,否,否,否,否,否,否,否,否,否,否,否,否,否,否,否,否,否,否,否,否,否,否,否,否,否,否,32.0,32,32,30,97.0,100.0,否,否,24293,21074,0.0,2.9,2.9,0.000,0.057,5726,2157,35,0.007,100.0,1066.0,0.0,0.0,0.0,0.0,0.0,0.0,0.0,317,否,否,否,否,否,否,7.404,19.726,47.8,-5.412,25.2,218.7,60.9,61.8,60.1,60.1,60.1,60.1,60.5,61.1,60.0,60.0,60.0,60.0,16.33,16.57,16.09,16.09,16.58,16.58,1.86,13.89,16.06,0.27,0.23,0,0,0.0,0.0,0,0.000,
17.9.2026,23:33:46.720,6026,33486,15.2,5743,10440,35.4,0.0,23329,0,0.766,0.797,0.760,0.755,0.752,0.681,0.741,1000.0,1000.0,1000.0,1000.0,1000.0,100.0,800.0,29.4,126.9,96.3,9.9,0.2,0.8,0.2,0.4,0.2,29.4,2.4,10.6,8.1,0.7,0.0,0.0,0.0,0.0,0.0,10.6,2.4,100.0,1.1,4.5,3.7,0.4,0.0,0.0,0.0,0.0,0.0,1.1,10.0,10.0,10.0,10.0,10.0,8.0,32,29,32,33,32,68,71,68,67,68,35,33,否,否,否,否,否,否,否,否,否,否,否,否,否,否,否,否,否,否,35,33,35,0.250,1.531,0.154,0.006,2.795,0.648,0.222,0.464,35.0,30.0,64.0,64.0,0,17.6,7.0,1.5,2.2,51.7,2.8,12.5,8.9,0.8,0.0,0.1,0.0,0.1,0.0,95.2,82.0,99.1,99.9,99.9,1066.7,10.67,15,15,15,35,74,374,1,2,否,否,否,否,否,否,否,否,否,否,否,否,否,否,否,否,否,否,否,否,否,否,否,否,否,否,否,否,否,否,否,否,否,否,否,否,否,32.0,32,32,30,97.0,100.0,否,否,24293,21074,0.0,0.9,0.9,0.000,0.010,5726,2157,34,0.004,100.0,1066.0,0.0,0.0,0.0,0.0,0.0,0.0,0.0,317,否,否,否,否,否,否,7.432,19.726,47.8,-5.448,25.2,217.2,60.9,61.8,60.1,60.1,60.1,60.1,60.5,61.1,60.0,60.0,60.0,60.0,16.33,16.57,16.09,16.09,16.58,16.58,1.86,13.89,16.06,0.27,0.23,0,0,0.0,0.0,0,0.000,
17.9.2026,23:33:48.726,6027,33485,15.2,5741,10441,35.4,0.0,23329,0,0.766,0.800,0.760,0.755,0.750,0.683,0.701,1000.0,1000.0,1000.0,1000.0,1000.0,100.0,800.0,28.5,131.5,68.4,20.3,1.6,5.5,0.2,0.3,0.2,28.5,2.4,11.0,5.7,1.7,0.1,0.4,0.0,0.0,0.0,11.0,2.4,100.0,1.0,4.7,2.5,0.8,0.0,0.2,0.0,0.0,0.0,1.0,10.0,10.0,10.0,10.0,10.0,8.0,31,29,32,33,30,69,71,68,67,70,34,33,否,否,否,否,否,否,否,否,否,否,否,否,否,否,否,否,否,否,35,34,35,0.250,1.531,0.151,0.006,2.853,0.640,0.208,0.481,35.0,30.0,64.0,64.0,0,17.8,8.4,2.2,1.9,50.0,2.8,13.0,6.5,1.8,0.2,0.5,0.0,0.0,0.0,95.2,83.3,97.9,99.4,99.9,1066.7,10.67,15,15,15,35,74,374,1,2,否,否,否,否,否,否,否,否,否,否,否,否,否,否,否,否,否,否,否,否,否,否,否,否,否,否,否,否,否,否,否,否,否,否,否,否,否,31.0,32,32,30,97.0,100.0,否,否,24293,21074,0.0,1.0,1.0,0.000,0.065,5726,2157,34,0.006,100.0,1066.0,0.0,0.0,0.0,0.0,0.0,0.0,0.0,317,否,否,否,否,否,否,7.411,19.719,47.7,-5.410,25.2,218.7,60.9,61.8,60.1,60.1,60.1,60.1,60.5,61.1,60.0,60.0,60.0,60.0,16.33,16.57,16.09,16.09,16.58,16.58,1.86,13.89,16.06,0.27,0.23,0,0,0.0,0.0,0,0.000,
17.9.2026,23:33:50.747,6027,33485,15.2,5740,10443,35.4,0.0,23329,0,0.766,0.797,0.762,0.752,0.752,0.683,0.741,1000.0,1000.0,1000.0,1000.0,1000.0,100.0,800.0,28.7,129.2,84.3,12.5,1.4,1.1,0.2,0.4,0.2,28.7,2.3,10.7,6.9,1.0,0.0,0.0,0.0,0.0,0.0,10.7,2.3,100.0,1.1,4.6,3.2,0.5,0.0,0.0,0.0,0.0,0.0,1.1,10.0,10.0,10.0,10.0,10.0,8.0,32,29,32,33,32,68,71,68,67,68,35,33,否,否,否,否,否,否,否,否,否,否,否,否,否,否,否,否,否,否,34,33,34,0.250,1.513,0.155,0.007,2.729,0.656,0.221,0.434,35.0,30.0,64.0,64.0,0,18.0,7.1,2.2,2.2,50.9,2.7,12.6,7.7,1.2,0.2,0.1,0.0,0.0,0.0,95.3,82.7,98.6,99.8,99.9,1066.7,10.67,15,15,15,35,74,374,1,2,否,否,否,否,否,否,否,否,否,否,否,否,否,否,否,否,否,否,否,否,否,否,否,否,否,否,否,否,否,否,否,否,否,否,否,否,否,31.0,32,32,31,97.0,100.0,否,否,24293,21074,0.0,1.4,1.4,0.000,0.014,5726,2157,35,0.006,100.0,1066.0,0.0,0.0,0.0,0.0,0.0,0.0,0.0,317,否,否,否,否,否,否,7.440,19.719,47.7,-5.431,25.2,217.8,60.9,61.8,60.1,60.1,60.1,60.1,60.5,61.1,60.0,60.0,60.0,60.0,16.33,16.57,16.09,16.09,16.58,16.58,1.86,13.89,16.06,0.27,0.23,0,0,0.0,0.0,0,0.000,
17.9.2026,23:33:52.764,6027,33484,15.2,5739,10444,35.4,0.0,23329,0,0.767,0.800,0.762,0.752,0.752,0.683,0.741,1000.0,1000.0,1000.0,1000.0,1000.0,100.0,800.0,28.3,124.8,64.3,34.4,1.7,0.6,0.2,0.3,0.2,28.3,3.5,10.6,5.4,2.1,0.9,6.6,0.7,0.7,0.7,10.6,3.5,100.0,1.0,4.4,2.4,1.4,0.1,0.0,0.0,0.0,0.0,1.0,10.0,10.0,10.0,10.0,10.0,8.0,32,30,31,33,32,68,70,69,67,68,34,33,否,否,否,否,否,否,否,否,否,否,否,否,否,否,否,否,否,否,35,33,35,0.250,1.480,0.185,0.005,2.650,0.620,0.206,0.422,35.0,30.0,64.0,64.0,0,18.0,6.5,2.1,2.3,52.2,2.7,12.6,6.1,2.2,0.2,0.1,0.0,0.0,0.0,95.4,84.3,97.5,99.9,99.9,1066.7,10.67,15,15,15,35,74,374,1,2,否,否,否,否,否,否,否,否,否,否,否,否,否,否,否,否,否,否,否,否,否,否,否,否,否,否,否,否,否,否,否,否,否,否,否,否,否,32.0,32,32,30,97.0,100.0,否,否,24293,21074,0.0,1.0,1.0,0.000,0.042,5726,2158,35,0.007,100.0,1066.0,0.0,0.0,0.0,0.0,0.0,0.0,0.0,317,否,否,否,否,否,否,7.440,19.711,47.7,-5.409,25.2,218.6,60.9,61.8,60.1,60.1,60.1,60.1,60.5,61.1,60.0,60.0,60.0,60.0,16.33,16.57,16.09,16.09,16.58,16.58,1.86,13.89,16.06,0.27,0.23,0,0,0.0,0.0,0,0.000,
17.9.2026,23:33:54.781,6027,33484,15.2,5743,10439,35.4,0.0,23329,0,0.767,0.800,0.765,0.752,0.752,0.681,0.741,1000.0,1000.0,1000.0,1000.0,1000.0,100.0,800.0,35.1,134.0,87.5,31.8,8.0,0.9,0.2,18.1,0.2,35.1,2.8,11.1,7.4,2.5,0.5,0.0,0.0,0.6,0.0,11.1,2.8,100.0,1.3,4.8,3.3,1.3,0.3,0.0,0.0,0.8,0.0,1.3,10.0,10.0,10.0,10.0,10.0,8.0,31,29,32,33,30,69,71,68,67,70,35,33,否,否,否,否,否,否,否,否,否,否,否,否,否,否,否,否,否,否,35,34,35,0.250,1.619,0.212,0.007,3.057,0.649,0.213,0.496,35.0,30.0,64.0,64.0,0,17.2,9.4,1.5,1.7,49.0,3.2,13.1,8.3,2.8,0.6,0.1,0.0,0.7,0.0,94.5,82.1,96.9,99.8,99.3,1066.7,10.67,15,15,15,35,74,374,1,2,是,否,否,否,否,否,否,否,否,否,是,否,否,否,否,否,否,否,否,否,否,否,否,否,否,否,否,否,否,否,否,否,否,否,否,否,否,32.0,32,32,30,97.0,100.0,否,否,24293,21074,0.0,1.5,1.5,0.000,0.024,5726,2158,34,0.005,100.0,1066.0,0.0,0.0,0.0,0.0,0.0,0.0,0.0,317,否,否,否,否,否,否,7.442,19.711,47.7,-5.403,25.2,218.9,60.9,61.8,60.1,60.1,60.1,60.1,60.5,61.1,60.0,60.0,60.0,60.0,16.33,16.57,16.09,16.09,16.58,16.58,1.86,13.89,16.06,0.27,0.23,0,0,0.0,0.0,0,0.000,
17.9.2026,23:33:56.795,6027,33485,15.2,5742,10440,35.4,0.0,23329,0,0.766,0.797,0.762,0.752,0.750,0.681,0.743,1000.0,1000.0,1000.0,1000.0,1000.0,100.0,800.0,29.3,120.1,85.3,27.8,0.2,0.5,0.2,0.5,0.2,29.3,4.1,10.2,7.4,1.6,0.0,13.6,0.0,0.0,0.0,13.6,4.1,100.0,1.1,4.2,3.2,1.1,0.0,0.0,0.0,0.0,0.0,1.1,10.0,10.0,10.0,10.0,10.0,8.0,32,29,32,32,33,68,71,68,68,67,34,33,否,否,否,否,否,否,否,否,否,否,否,否,否,否,否,否,否,否,35,34,34,0.250,1.517,0.186,0.006,2.711,0.642,0.218,0.425,35.0,30.0,64.0,64.0,0,17.6,7.0,2.0,2.0,51.6,2.7,12.0,8.1,1.6,0.0,0.1,0.0,0.1,0.0,95.3,83.0,98.3,99.9,99.9,1066.7,10.67,15,15,15,35,74,374,1,2,否,否,否,否,否,否,否,否,否,否,否,否,否,否,否,否,否,否,否,否,否,否,否,否,否,否,否,否,否,否,否,否,否,否,否,否,否,31.0,32,32,30,97.0,100.0,否,否,24293,21074,0.0,0.5,0.5,0.000,0.012,5726,2158,35,0.007,100.0,1066.0,0.0,0.0,0.0,0.0,0.0,0.0,0.0,317,否,否,否,否,否,否,7.443,19.711,47.7,-5.411,25.2,218.6,60.9,61.8,60.1,60.1,60.1,60.1,60.5,61.1,60.0,60.0,60.0,60.0,16.33,16.57,16.09,16.09,16.58,16.58,1.86,13.89,16.06,0.27,0.23,0,0,0.0,0.0,0,0.000,
17.9.2026,23:33:58.809,6026,33485,15.2,5742,10440,35.4,0.0,23329,0,0.765,0.797,0.762,0.750,0.750,0.681,0.741,1000.0,1000.0,1000.0,1000.0,1000.0,100.0,800.0,27.9,133.3,75.4,11.3,1.1,1.3,0.2,0.2,0.2,27.9,2.8,10.8,6.5,1.0,0.9,0.9,0.8,0.8,0.8,10.8,2.8,100.0,1.0,4.7,2.8,0.4,0.0,0.0,0.0,0.0,0.0,1.0,10.0,10.0,10.0,10.0,10.0,8.0,32,29,32,33,32,68,71,68,67,68,35,33,否,否,否,否,否,否,否,否,否,否,否,否,否,否,否,否,否,否,35,33,35,0.250,1.579,0.163,0.007,2.905,0.655,0.216,0.497,35.0,30.0,64.0,64.0,0,17.9,8.7,1.7,1.9,50.4,2.7,12.8,7.2,1.1,0.1,0.1,0.0,0.0,0.0,95.3,82.7,98.7,99.8,99.9,1066.7,10.67,15,15,15,35,74,374,1,2,否,否,否,否,否,否,否,否,否,否,否,否,否,否,否,否,否,否,否,否,否,否,否,否,否,否,否,否,否,否,否,否,否,否,否,否,否,31.0,32,32,30,97.0,100.0,否,否,24293,21074,0.0,1.5,1.5,0.000,0.077,5726,2158,35,0.006,100.0,1066.0,0.0,0.0,0.0,0.0,0.0,0.0,0.0,317,否,否,否,否,否,否,7.443,19.704,47.7,-5.411,25.2,218.5,60.9,61.8,60.1,60.1,60.1,60.1,60.5,61.1,60.0,60.0,60.0,60.0,16.33,16.57,16.09,16.09,16.58,16.58,1.86,13.89,16.06,0.27,0.23,0,0,0.0,0.0,0,0.000,
17.9.2026,23:34:0.807,6027,33484,15.2,5742,10441,35.4,0.0,23329,0,0.765,0.795,0.760,0.752,0.752,0.681,0.741,1000.0,1000.0,1000.0,1000.0,1000.0,100.0,800.0,32.8,143.5,85.0,25.8,3.4,2.4,0.3,1.7,0.3,32.8,2.6,11.8,7.0,1.9,0.0,0.0,0.0,0.0,0.0,11.8,2.6,100.0,1.2,5.2,3.2,1.0,0.1,0.1,0.0,0.1,0.0,1.2,10.0,10.0,10.0,10.0,10.0,8.0,32,30,32,34,32,68,70,68,66,68,35,34,否,否,否,否,否,否,否,否,否,否,否,否,否,否,否,否,否,否,35,33,35,0.250,1.494,0.159,0.005,2.774,0.640,0.221,0.434,35.0,30.0,64.0,64.0,0,17.5,6.3,1.7,1.7,51.7,3.1,13.9,8.0,2.3,0.4,0.3,0.0,0.2,0.0,94.6,81.8,97.3,99.7,99.8,1066.7,10.67,15,15,15,35,74,374,1,2,否,否,否,否,否,否,否,否,否,否,否,否,否,否,否,否,否,否,否,否,否,否,否,否,否,否,否,否,否,否,否,否,否,否,否,否,否,31.0,32,32,30,97.0,100.0,否,否,24293,21074,0.0,1.0,1.0,0.000,0.010,5726,2158,34,0.007,100.0,1066.0,0.0,0.0,0.0,0.0,0.0,0.0,0.0,317,否,否,否,否,否,否,7.446,19.704,47.7,-5.406,25.2,218.7,60.9,61.8,60.1,60.1,60.1,60.1,60.5,61.1,60.0,60.0,60.0,60.0,16.33,16.57,16.09,16.09,16.58,16.58,1.86,13.89,16.06,0.27,0.23,0,0,0.0,0.0,0,0.000,
17.9.2026,23:34:2.819,6026,33486,15.2,5739,10443,35.4,0.0,23329,0,0.761,0.795,0.755,0.745,0.750,0.676,0.701,900.0,900.0,900.0,900.0,900.0,100.0,700.0,28.7,120.3,85.3,18.4,0.2,4.8,0.2,0.2,0.2,28.7,2.6,10.5,7.9,2.0,0.0,0.0,0.0,0.0,0.0,10.5,2.6,100.0,1.1,4.2,3.3,0.7,0.0,0.2,0.0,0.0,0.0,1.1,9.0,9.0,9.0,9.0,9.0,7.0,32,29,33,33,32,68,71,67,67,68,35,33,否,否,否,否,否,否,否,否,否,否,否,否,否,否,否,否,否,否,35,33,35,0.250,1.516,0.149,0.005,2.828,0.640,0.208,0.466,35.0,30.0,64.0,64.0,0,17.6,8.1,1.3,1.9,50.8,2.8,12.1,8.2,1.7,0.0,0.4,0.0,0.0,0.0,95.2,83.1,98.2,99.5,99.9,1066.7,10.67,15,15,15,35,74,374,1,2,否,否,否,否,否,否,否,否,否,否,否,否,否,否,否,否,否,否,否,否,否,否,否,否,否,否,否,否,否,否,否,否,否,否,否,否,否,31.0,32,32,31,97.0,100.0,否,否,24293,21074,0.0,1.5,1.5,0.000,0.044,5726,2158,35,0.005,100.0,1066.0,0.0,0.0,0.0,0.0,0.0,0.0,0.0,317,否,否,否,否,否,否,7.447,19.696,47.7,-5.399,25.2,218.9,60.9,61.8,60.1,60.1,60.1,60.1,60.5,61.1,60.0,60.0,60.0,60.0,16.33,16.57,16.09,16.09,16.58,16.58,1.86,13.89,16.06,0.27,0.23,0,0,0.0,0.0,0,0.000,
17.9.2026,23:34:4.824,6025,33487,15.2,5739,10443,35.4,0.0,23329,0,0.761,0.795,0.755,0.747,0.747,0.678,0.741,900.0,900.0,900.0,900.0,900.0,100.0,700.0,28.7,120.9,80.6,23.3,1.9,1.3,0.2,1.0,0.2,28.7,2.5,9.9,6.5,1.3,0.6,0.6,0.5,0.5,0.5,9.9,2.5,100.0,1.0,4.2,3.1,0.9,0.1,0.0,0.0,0.0,0.0,1.0,9.0,9.0,9.0,9.0,9.0,7.0,32,29,32,33,32,68,71,68,67,68,35,33,否,否,否,否,否,否,否,否,否,否,否,否,否,否,否,否,否,否,34,34,34,0.250,1.650,0.176,0.005,3.130,0.662,0.211,0.553,35.0,30.0,64.0,64.0,0,17.5,11.1,1.4,1.9,48.4,2.7,12.2,7.5,1.7,0.2,0.1,0.0,0.1,0.0,95.2,83.0,98.0,99.8,99.9,1066.7,10.67,15,15,15,35,74,374,1,2,否,否,否,否,否,否,否,否,否,否,否,否,否,否,否,否,否,否,否,否,否,否,否,否,否,否,否,否,否,否,否,否,否,否,否,否,否,31.0,32,32,31,97.0,100.0,否,否,24293,21074,0.0,1.9,1.9,0.000,0.044,5726,2158,34,0.005,100.0,1066.0,0.0,0.0,0.0,0.0,0.0,0.0,0.0,317,否,否,否,否,否,否,7.452,19.696,47.7,-5.395,25.2,219.0,60.9,61.8,60.1,60.1,60.1,60.1,60.5,61.1,60.0,60.0,60.0,60.0,16.33,16.57,16.09,16.09,16.58,16.58,1.86,13.89,16.06,0.27,0.23,0,0,0.0,0.0,0,0.000,
17.9.2026,23:34:6.824,6025,33487,15.2,5738,10444,35.4,0.0,23329,0,0.762,0.797,0.755,0.747,0.747,0.678,0.701,900.0,900.0,900.0,900.0,900.0,100.0,700.0,28.9,129.1,77.6,19.9,2.3,1.2,0.2,0.6,0.2,28.9,2.3,10.6,6.3,1.0,0.0,0.6,0.0,0.0,0.0,10.6,2.3,100.0,1.1,4.6,2.9,0.8,0.1,0.0,0.0,0.0,0.0,1.1,9.0,9.0,9.0,9.0,9.0,7.0,32,29,32,33,32,68,71,68,67,68,35,33,否,否,否,否,否,否,否,否,否,否,否,否,否,否,否,否,否,否,35,32,34,0.250,1.484,0.161,0.006,2.700,0.630,0.208,0.433,35.0,30.0,64.0,64.0,0,17.7,6.8,1.3,1.9,52.6,2.8,12.8,7.3,1.5,0.2,0.1,0.0,0.1,0.0,95.2,83.0,98.3,99.8,99.9,1066.7,10.67,15,15,15,35,74,374,1,2,否,否,否,否,否,否,否,否,否,否,否,否,否,否,否,否,否,否,否,否,否,否,否,否,否,否,否,否,否,否,否,否,否,否,否,否,否,32.0,32,32,30,97.0,100.0,否,否,24293,21074,0.0,1.4,1.4,0.000,0.016,5726,2158,35,0.005,100.0,1066.0,0.0,0.0,0.0,0.0,0.0,0.0,0.0,317,否,否,否,否,否,否,7.450,19.696,47.7,-5.424,25.2,217.9,60.9,61.8,60.1,60.1,60.1,60.1,60.5,61.1,60.0,60.0,60.0,60.0,16.33,16.57,16.09,16.09,16.58,16.58,1.86,13.89,16.06,0.27,0.23,0,0,0.0,0.0,0,0.000,
17.9.2026,23:34:8.817,6025,33487,15.2,5737,10445,35.4,0.0,23329,0,0.766,0.797,0.760,0.755,0.752,0.683,0.741,1000.0,1000.0,1000.0,1000.0,1000.0,100.0,800.0,28.4,129.7,80.8,14.4,1.1,0.7,0.2,0.4,0.2,28.4,2.7,11.3,7.0,1.5,0.4,0.0,0.3,0.4,0.3,11.3,2.7,100.0,1.0,4.6,3.1,0.6,0.0,0.0,0.0,0.0,0.0,1.0,10.0,10.0,10.0,10.0,10.0,8.0,31,28,33,32,32,69,72,67,68,68,34,33,否,否,否,否,否,否,否,否,否,否,否,否,否,否,否,否,否,否,35,33,35,0.250,1.572,0.161,0.007,2.911,0.652,0.213,0.495,35.0,30.0,64.0,64.0,0,17.8,8.7,1.2,2.0,50.7,2.7,13.0,7.4,1.2,0.1,0.1,0.0,0.1,0.0,95.3,82.7,98.6,99.9,99.9,1066.7,10.67,15,15,15,35,74,374,1,2,否,否,否,否,否,否,否,否,否,否,否,否,否,否,否,否,否,否,否,否,否,否,否,否,否,否,否,否,否,否,否,否,否,否,否,否,否,31.0,32,32,30,97.0,100.0,否,否,24293,21074,0.0,1.5,1.5,0.000,0.063,5726,2158,34,0.006,100.0,1066.0,0.0,0.0,0.0,0.0,0.0,0.0,0.0,317,否,否,否,否,否,否,7.446,19.696,47.7,-5.421,25.2,218.0,60.9,61.8,60.1,60.1,60.1,60.1,60.5,61.1,60.0,60.0,60.0,60.0,16.33,16.57,16.09,16.09,16.58,16.58,1.86,13.89,16.06,0.27,0.23,0,0,0.0,0.0,0,0.000,
17.9.2026,23:34:10.820,6025,33487,15.2,5736,10446,35.4,0.0,23329,0,0.766,0.800,0.762,0.752,0.750,0.681,0.701,1000.0,1000.0,1000.0,1000.0,1000.0,100.0,800.0,29.3,127.8,81.9,23.3,0.2,0.5,0.2,0.2,0.2,29.3,2.3,10.6,6.9,1.1,0.0,0.0,0.0,0.0,0.0,10.6,2.3,100.0,1.1,4.5,3.1,0.9,0.0,0.0,0.0,0.0,0.0,1.1,10.0,10.0,10.0,10.0,10.0,8.0,30,29,31,32,30,70,71,69,68,70,35,32,否,否,否,否,否,否,否,否,否,否,否,否,否,否,否,否,否,否,34,33,34,0.250,1.582,0.179,0.004,2.963,0.649,0.211,0.496,35.0,30.0,64.0,64.0,0,17.4,9.0,1.7,1.8,49.7,2.8,12.9,7.9,1.6,0.0,0.1,0.0,0.0,0.0,95.1,82.3,98.4,99.9,99.9,1066.7,10.67,15,15,15,35,74,374,1,2,否,否,否,否,否,否,否,否,否,否,否,否,否,否,否,否,否,否,否,否,否,否,否,否,否,否,否,否,否,否,否,否,否,否,否,否,否,32.0,32,32,30,97.0,100.0,否,否,24293,21074,0.0,3.8,3.8,0.000,0.048,5726,2158,35,0.007,100.0,1066.0,0.0,0.0,0.0,0.0,0.0,0.0,0.0,317,否,否,否,否,否,否,7.448,19.696,47.7,-5.407,25.2,218.6,60.9,61.8,60.1,60.1,60.1,60.1,60.5,61.1,60.0,60.0,60.0,60.0,16.33,16.57,16.09,16.09,16.58,16.58,1.86,13.89,16.06,0.27,0.23,0,0,0.0,0.0,0,0.000,
17.9.2026,23:34:12.820,6025,33486,15.2,5735,10447,35.4,0.0,23329,0,0.766,0.800,0.762,0.752,0.750,0.681,0.701,1000.0,1000.0,1000.0,1000.0,1000.0,100.0,800.0,28.0,121.9,74.0,25.6,1.0,0.8,0.2,0.2,0.2,28.0,2.9,10.9,6.9,1.9,0.7,0.7,0.6,0.6,0.6,10.9,2.9,100.0,1.0,4.3,2.8,1.0,0.0,0.0,0.0,0.0,0.0,1.0,10.0,10.0,10.0,10.0,10.0,8.0,32,29,32,33,33,68,71,68,67,67,35,33,否,否,否,否,否,否,否,否,否,否,否,否,否,否,否,否,否,否,35,33,35,0.250,1.545,0.187,0.006,2.772,0.642,0.214,0.456,35.0,30.0,64.0,64.0,0,18.0,7.4,2.2,2.1,51.3,2.6,12.3,7.1,1.4,0.1,0.1,0.0,0.0,0.0,95.4,83.5,98.4,99.9,99.9,1066.7,10.67,15,15,15,35,74,374,1,2,是,否,否,否,否,否,否,是,否,否,否,否,否,否,否,否,否,否,否,否,否,否,否,否,否,否,是,否,否,否,否,否,否,否,是,否,否,32.0,32,32,31,97.0,100.0,否,否,24293,21074,0.0,1.5,1.5,0.000,0.087,5726,2158,35,0.004,100.0,1066.0,0.0,0.0,0.0,0.0,0.0,0.0,0.0,317,否,否,否,否,否,否,7.446,19.688,47.7,-5.428,25.2,217.6,60.9,61.8,60.1,60.1,60.1,60.1,60.5,61.1,60.0,60.0,60.0,60.0,16.33,16.57,16.09,16.09,16.58,16.58,1.86,13.89,16.06,0.27,0.23,0,0,0.0,0.0,0,0.000,
17.9.2026,23:34:14.822,6025,33487,15.2,5737,10445,35.4,0.0,23329,0,0.767,0.800,0.762,0.752,0.752,0.681,0.741,1000.0,1000.0,1000.0,1000.0,1000.0,100.0,800.0,29.2,132.1,62.9,24.6,7.1,3.3,2.0,1.7,0.2,29.2,2.4,11.2,5.3,1.5,0.6,0.2,0.1,0.1,0.0,11.2,2.4,100.0,1.1,4.7,2.3,1.0,0.3,0.1,0.1,0.1,0.0,1.1,10.0,10.0,10.0,10.0,10.0,8.0,30,28,31,33,30,70,72,69,67,70,35,33,否,否,否,否,否,否,否,否,否,否,否,否,否,否,否,否,否,否,34,33,34,0.250,1.515,0.179,0.005,2.727,0.641,0.214,0.434,35.0,30.0,64.0,64.0,0,18.0,7.0,1.9,2.2,51.8,2.8,13.3,6.1,1.7,0.7,0.4,0.2,0.2,0.0,95.2,83.8,97.7,99.4,99.8,1066.7,10.67,15,15,15,35,74,374,1,2,否,否,否,否,否,否,否,否,否,否,否,否,否,否,否,否,否,否,否,否,否,否,否,否,否,否,否,否,否,否,否,否,否,否,否,否,否,32.0,32,32,31,97.0,100.0,否,否,24293,21074,0.0,1.5,1.5,0.000,0.032,5726,2158,35,0.006,100.0,1066.0,0.0,0.0,0.0,0.0,0.0,0.0,0.0,317,否,否,否,否,否,否,7.448,19.688,47.7,-5.400,25.2,218.8,60.9,61.8,60.1,60.1,60.1,60.1,60.5,61.1,60.0,60.0,60.0,60.0,16.33,16.57,16.09,16.09,16.58,16.58,1.86,13.89,16.06,0.27,0.23,0,0,0.0,0.0,0,0.000,
17.9.2026,23:34:16.812,6024,33487,15.2,5738,10444,35.4,0.0,23329,0,0.767,0.800,0.760,0.752,0.755,0.681,0.701,1000.0,1000.0,1000.0,1000.0,1000.0,100.0,800.0,28.8,126.7,79.8,21.5,1.6,0.3,0.2,0.3,0.2,28.8,2.3,10.3,6.7,1.5,0.0,0.0,0.0,0.0,0.0,10.3,2.3,100.0,1.1,4.5,3.0,0.9,0.0,0.0,0.0,0.0,0.0,1.1,10.0,10.0,10.0,10.0,10.0,8.0,31,29,31,34,30,69,71,69,66,70,34,34,否,否,否,否,否,否,否,否,否,否,否,否,否,否,否,否,否,否,34,34,34,0.250,1.596,0.157,0.006,2.921,0.673,0.227,0.497,35.0,30.0,64.0,64.0,0,17.9,8.2,1.9,2.1,50.0,2.8,12.5,7.7,1.8,0.2,0.0,0.0,0.0,0.0,95.2,82.8,98.0,99.9,99.9,1066.7,10.67,15,15,15,35,74,374,1,2,否,否,否,否,否,否,否,否,否,否,否,否,否,否,否,否,否,否,否,否,否,否,否,否,否,否,否,否,否,否,否,否,否,否,否,否,否,32.0,32,32,31,97.0,100.0,否,否,24293,21074,0.0,1.0,1.0,0.000,0.012,5726,2158,35,0.005,100.0,1066.0,0.0,0.0,0.0,0.0,0.0,0.0,0.0,317,否,否,否,否,否,否,7.448,19.688,47.7,-5.430,25.2,217.5,60.9,61.8,60.1,60.1,60.1,60.1,60.5,61.1,60.0,60.0,60.0,60.0,16.33,16.57,16.09,16.09,16.58,16.58,1.86,13.89,16.06,0.27,0.23,0,0,0.0,0.0,0,0.000,
17.9.2026,23:34:18.827,6025,33487,15.2,5740,10442,35.4,0.0,23329,0,0.767,0.797,0.762,0.752,0.757,0.683,0.701,1025.0,1000.0,1000.0,1000.0,1100.0,100.0,800.0,28.6,130.4,82.4,11.3,3.4,0.4,0.2,0.2,0.2,28.6,2.3,10.8,6.6,0.9,0.2,0.0,0.0,0.0,0.0,10.8,2.3,100.0,1.0,4.7,3.1,0.4,0.1,0.0,0.0,0.0,0.0,1.0,10.2,10.0,10.0,10.0,11.0,8.0,32,30,31,34,32,68,70,69,66,68,35,34,否,否,否,否,否,否,否,否,否,否,否,否,否,否,否,否,否,否,36,34,36,0.750,1.620,0.164,0.007,2.972,0.685,0.230,0.498,35.0,30.0,64.0,64.0,0,17.8,9.3,1.6,1.7,49.7,2.7,12.9,7.4,1.1,0.3,0.0,0.0,0.0,0.0,95.2,82.5,98.5,99.9,99.9,1066.7,10.67,15,15,15,35,74,374,1,2,否,否,否,否,否,否,否,否,否,否,否,否,否,否,否,否,否,否,否,否,否,否,否,否,否,否,否,否,否,否,否,否,否,否,否,否,否,31.0,32,32,31,97.0,100.0,否,否,24293,21074,0.0,1.5,1.5,0.000,0.018,5726,2158,36,0.006,100.0,1066.0,0.0,0.0,0.0,0.0,0.0,0.0,0.0,317,否,否,否,否,否,否,7.450,19.681,47.6,-5.439,25.2,217.1,60.9,61.8,60.1,60.1,60.1,60.1,60.5,61.1,60.0,60.0,60.0,60.0,16.33,16.57,16.09,16.09,16.58,16.58,1.86,13.89,16.06,0.27,0.23,0,0,0.0,0.0,0,0.000,
17.9.2026,23:34:20.832,6025,33487,15.2,5741,10441,35.4,0.0,23329,0,0.772,0.802,0.772,0.757,0.755,0.696,0.701,1125.0,1100.0,1200.0,1100.0,1100.0,100.0,1000.0,28.6,119.5,70.6,36.9,0.7,0.3,0.2,0.2,0.2,28.6,3.3,10.0,6.0,3.0,1.5,1.5,1.5,1.5,1.5,10.0,3.3,100.0,1.0,4.2,2.6,1.5,0.0,0.0,0.0,0.0,0.0,1.0,11.2,11.0,12.0,11.0,11.0,10.0,32,29,31,34,32,68,71,69,66,68,35,34,否,否,否,否,否,否,否,否,否,否,否,否,否,否,否,否,否,否,35,32,35,0.250,1.517,0.154,0.007,2.739,0.661,0.225,0.434,35.0,30.0,64.0,64.0,0,17.9,7.2,1.9,2.0,51.2,2.8,12.0,6.7,3.1,0.1,0.0,0.0,0.0,0.0,95.2,84.2,96.7,99.9,99.9,1066.7,10.67,15,15,15,35,74,374,1,2,否,否,否,否,否,否,否,否,否,否,否,否,否,否,否,否,否,否,否,否,否,否,否,否,否,否,否,否,否,否,否,否,否,否,否,否,否,31.0,32,32,31,97.0,100.0,否,否,24293,21074,0.0,1.0,1.0,0.000,0.014,5726,2158,34,0.007,100.0,1066.0,0.0,0.0,0.0,0.0,0.0,0.0,0.0,317,否,否,否,否,否,否,7.447,19.681,47.6,-5.444,25.2,216.9,60.9,61.8,60.1,60.1,60.1,60.1,60.5,61.1,60.0,60.0,60.0,60.0,16.33,16.57,16.09,16.09,16.58,16.58,1.86,13.89,16.06,0.27,0.23,0,0,0.0,0.0,0,0.000,
17.9.2026,23:34:22.842,6024,33487,15.2,5741,10441,35.4,0.0,23329,0,0.767,0.797,0.762,0.755,0.752,0.681,0.741,1000.0,1000.0,1000.0,1000.0,1000.0,100.0,800.0,27.3,131.2,76.1,10.3,0.1,0.2,0.1,0.2,0.1,27.3,2.3,10.9,6.5,0.8,0.0,0.0,0.0,0.0,0.0,10.9,2.3,100.0,1.0,4.7,2.9,0.4,0.0,0.0,0.0,0.0,0.0,1.0,10.0,10.0,10.0,10.0,10.0,8.0,32,29,31,34,32,68,71,69,66,68,34,34,否,否,否,否,否,否,否,否,否,否,否,否,否,否,否,否,否,否,35,33,35,0.250,1.508,0.145,0.006,2.714,0.649,0.218,0.449,35.0,30.0,64.0,64.0,0,17.6,7.6,2.3,1.8,51.4,2.6,12.8,7.2,0.9,0.0,0.0,0.0,0.0,0.0,95.5,83.0,99.0,99.9,100.0,1600.0,16.00,22,22,22,52,74,560,1,2,否,否,否,否,否,否,否,否,否,否,否,否,否,否,否,否,否,否,否,否,否,否,否,否,否,否,否,否,否,否,否,否,否,否,否,否,否,31.0,32,32,30,97.0,100.0,否,否,24293,21074,0.0,1.5,1.5,0.000,0.092,5726,2159,35,0.007,100.0,1066.0,0.0,0.0,0.0,0.0,0.0,0.0,0.0,317,否,否,否,否,否,否,7.446,19.681,47.6,-5.436,25.2,217.2,60.9,61.8,60.1,60.1,60.1,60.1,60.5,61.1,60.0,60.0,60.0,60.0,16.33,16.57,16.09,16.09,16.58,16.58,1.86,13.89,16.06,0.27,0.23,0,0,0.0,0.0,0,0.000,
17.9.2026,23:34:24.848,6025,33487,15.2,5741,10441,35.4,0.0,23329,0,0.765,0.797,0.757,0.752,0.752,0.683,0.741,1000.0,1000.0,1000.0,1000.0,1000.0,100.0,800.0,28.5,131.2,66.2,24.0,2.6,1.2,0.5,1.8,0.2,28.5,2.5,11.4,5.9,2.4,0.0,0.0,0.0,0.0,0.0,11.4,2.5,100.0,1.0,4.7,2.5,0.9,0.1,0.0,0.0,0.1,0.0,1.0,10.0,10.0,10.0,10.0,10.0,8.0,31,28,32,33,30,69,72,68,67,70,35,33,否,否,否,否,否,否,否,否,否,否,否,否,否,否,否,否,否,否,34,33,34,0.250,1.519,0.154,0.007,2.684,0.668,0.233,0.425,35.0,30.0,64.0,64.0,0,18.0,7.1,1.9,2.4,51.6,2.7,12.9,6.2,2.1,0.3,0.1,0.1,0.2,0.0,95.3,83.8,97.6,99.8,99.8,1066.7,10.67,15,15,15,35,74,374,1,2,是,否,否,否,否,否,否,否,否,否,是,否,否,否,否,否,否,否,否,否,否,否,否,否,否,否,否,否,否,否,否,否,否,否,否,否,否,31.0,32,32,30,97.0,100.0,否,否,24293,21074,0.0,0.5,0.5,0.000,0.010,5726,2159,35,0.006,100.0,1599.0,0.0,0.0,0.0,0.0,0.0,0.0,0.0,317,否,否,否,否,否,否,7.446,19.673,47.6,-5.421,25.2,217.7,60.9,61.8,60.1,60.1,60.1,60.1,60.5,61.1,60.0,60.0,60.0,60.0,16.33,16.57,16.09,16.09,16.58,16.58,1.86,13.89,16.06,0.27,0.23,0,0,0.0,0.0,0,0.000,
17.9.2026,23:34:26.855,6024,33488,15.2,5741,10442,35.4,0.0,23329,0,0.767,0.800,0.762,0.752,0.752,0.683,0.701,1000.0,1000.0,1000.0,1000.0,1000.0,100.0,800.0,30.0,135.4,70.5,31.6,1.1,0.4,0.3,0.3,0.3,30.0,2.6,11.0,5.5,1.7,0.5,0.5,0.5,0.5,0.5,11.0,2.6,100.0,1.1,4.9,2.6,1.3,0.0,0.0,0.0,0.0,0.0,1.1,10.0,10.0,10.0,10.0,10.0,8.0,31,29,31,33,30,69,71,69,67,70,34,33,否,否,否,否,否,否,否,否,否,否,否,否,否,否,否,否,否,否,36,33,33,0.250,1.526,0.180,0.005,2.758,0.646,0.218,0.439,35.0,30.0,64.0,64.0,0,17.8,7.0,2.4,2.3,50.8,2.8,13.2,6.6,2.1,0.1,0.0,0.0,0.0,0.0,95.2,83.3,97.7,99.9,99.9,1066.7,10.67,15,15,15,35,74,374,1,2,否,否,否,否,否,否,否,否,否,否,否,否,否,否,否,否,否,否,否,否,否,否,否,否,否,否,否,否,否,否,否,否,否,否,否,否,否,32.0,32,32,30,97.0,100.0,否,否,24293,21074,0.0,2.9,2.9,0.000,0.026,5726,2159,35,0.007,100.0,1066.0,0.0,0.0,0.0,0.0,0.0,0.0,0.0,317,否,否,否,否,否,否,7.445,19.673,47.6,-5.405,25.2,218.4,60.9,61.8,60.1,60.1,60.1,60.1,60.5,61.1,60.0,60.0,60.0,60.0,16.33,16.57,16.09,16.09,16.58,16.58,1.86,13.89,16.06,0.27,0.23,0,0,0.0,0.0,0,0.000,
17.9.2026,23:34:28.850,6025,33487,15.2,5740,10443,35.4,0.0,23329,0,0.766,0.797,0.760,0.755,0.750,0.681,0.741,1000.0,1000.0,1000.0,1000.0,1000.0,100.0,800.0,28.1,130.2,74.6,17.0,1.1,0.8,0.2,0.6,0.2,28.1,2.3,11.0,6.0,1.5,0.0,0.0,0.0,0.0,0.0,11.0,2.3,100.0,1.0,4.7,2.8,0.7,0.0,0.0,0.0,0.0,0.0,1.0,10.0,10.0,10.0,10.0,10.0,8.0,32,29,32,33,32,68,71,68,67,68,34,33,否,否,否,否,否,否,否,否,否,否,否,否,否,否,否,否,否,否,34,33,35,0.250,1.518,0.159,0.005,2.737,0.644,0.216,0.455,35.0,30.0,64.0,64.0,0,17.6,7.2,2.1,2.0,51.9,2.7,12.8,6.7,1.6,0.1,0.1,0.0,0.1,0.0,95.4,83.5,98.2,99.9,99.9,1066.7,10.67,15,15,15,35,74,374,1,2,否,否,否,否,否,否,否,否,否,否,否,否,否,否,否,否,否,否,否,否,否,否,否,否,否,否,否,否,否,否,否,否,否,否,否,否,否,31.0,32,32,30,97.0,100.0,否,否,24293,21074,0.0,1.0,1.0,0.000,0.061,5726,2159,35,0.005,100.0,1066.0,0.0,0.0,0.0,0.0,0.0,0.0,0.0,317,否,否,否,否,否,否,7.417,19.665,47.6,-5.355,25.2,220.3,60.9,61.8,60.1,60.1,60.1,60.1,60.5,61.1,60.0,60.0,60.0,60.0,16.33,16.57,16.09,16.09,16.58,16.58,1.86,13.89,16.06,0.27,0.23,0,0,0.0,0.0,0,0.000,
17.9.2026,23:34:30.845,6025,33487,15.2,5739,10443,35.4,0.0,23329,0,0.766,0.797,0.760,0.755,0.750,0.683,0.698,1000.0,1000.0,1000.0,1000.0,1000.0,100.0,800.0,30.1,126.4,78.9,29.7,3.5,1.2,0.2,0.6,0.2,30.1,2.9,10.6,6.7,1.9,0.9,0.8,0.7,0.7,0.7,10.6,2.9,100.0,1.1,4.5,3.0,1.2,0.1,0.0,0.0,0.0,0.0,1.1,10.0,10.0,10.0,10.0,10.0,8.0,32,29,31,34,33,68,71,69,66,67,34,34,否,否,否,否,否,否,否,否,否,否,否,否,否,否,否,否,否,否,34,32,34,0.250,1.646,0.185,0.005,3.111,0.662,0.212,0.539,35.0,30.0,64.0,64.0,0,17.6,11.1,2.3,2.0,47.3,2.9,12.7,7.6,2.2,0.4,0.1,0.0,0.1,0.0,95.0,83.0,97.4,99.8,99.9,1066.7,10.67,15,15,15,35,74,374,1,2,否,否,否,否,否,否,否,否,否,否,否,否,否,否,否,否,否,否,否,否,否,否,否,否,否,否,否,否,否,否,否,否,否,否,否,否,否,31.0,32,32,31,97.0,100.0,否,否,24293,21074,0.0,1.1,1.1,0.000,0.100,5726,2159,34,0.005,100.0,1066.0,0.0,0.0,0.0,0.0,0.0,0.0,0.0,317,否,否,否,否,否,否,7.448,19.665,47.6,-5.392,25.2,218.8,60.9,61.8,60.1,60.1,60.1,60.1,60.5,61.1,60.0,60.0,60.0,60.0,16.33,16.57,16.09,16.09,16.58,16.58,1.86,13.89,16.06,0.27,0.23,0,0,0.0,0.0,0,0.000,
17.9.2026,23:34:32.845,6024,33487,15.2,5738,10444,35.4,0.0,23329,0,0.767,0.800,0.762,0.755,0.752,0.683,0.741,1000.0,1000.0,1000.0,1000.0,1000.0,100.0,800.0,27.8,118.2,68.0,33.7,1.0,0.8,0.2,0.5,0.2,27.8,2.0,10.1,6.0,0.0,0.0,0.0,0.0,0.0,0.0,10.1,2.0,100.0,1.0,4.1,2.5,1.4,0.0,0.0,0.0,0.0,0.0,1.0,10.0,10.0,10.0,10.0,10.0,8.0,31,29,32,33,30,69,71,68,67,70,34,33,否,否,否,否,否,否,否,否,否,否,否,否,否,否,否,否,否,否,34,32,34,0.250,1.510,0.173,0.008,2.604,0.661,0.232,0.405,35.0,30.0,64.0,64.0,0,18.2,6.0,2.4,2.3,52.4,2.6,11.8,6.4,2.3,0.1,0.1,0.0,0.1,0.0,95.4,84.4,97.5,99.9,99.9,1066.7,10.67,15,15,15,35,74,374,1,2,是,否,否,否,否,否,否,否,否,否,是,否,否,否,否,否,否,否,否,否,否,否,否,否,否,否,否,否,否,否,否,否,否,否,否,否,否,32.0,32,32,30,97.0,100.0,否,否,24293,21074,0.0,1.0,1.0,0.000,0.089,5726,2159,34,0.005,100.0,1066.0,0.0,0.0,0.0,0.0,0.0,0.0,0.0,317,否,否,否,否,否,否,7.442,19.665,47.6,-5.418,25.2,217.8,60.9,61.8,60.1,60.1,60.1,60.1,60.5,61.1,60.0,60.0,60.0,60.0,16.33,16.57,16.09,16.09,16.58,16.58,1.86,13.89,16.06,0.27,0.23,0,0,0.0,0.0,0,0.000,
17.9.2026,23:34:34.850,6024,33487,15.2,5738,10444,35.4,0.0,23329,0,0.766,0.800,0.762,0.752,0.750,0.681,0.741,1000.0,1000.0,1000.0,1000.0,1000.0,100.0,800.0,28.1,116.7,90.5,8.9,2.3,4.1,0.5,1.2,0.4,28.1,3.8,9.6,7.5,9.5,0.7,0.9,0.6,0.6,0.6,9.6,3.8,100.0,1.0,4.1,3.5,0.3,0.1,0.2,0.0,0.0,0.0,1.0,10.0,10.0,10.0,10.0,10.0,8.0,31,28,33,32,30,69,72,67,68,70,34,33,否,否,否,否,否,否,否,否,否,否,否,否,否,否,否,否,否,否,35,33,35,0.250,1.501,0.153,0.005,2.701,0.649,0.217,0.434,35.0,30.0,64.0,64.0,0,17.9,7.0,2.3,2.0,51.3,2.7,11.8,8.4,0.7,0.2,0.4,0.1,0.1,0.0,95.3,82.7,99.1,99.5,99.8,1066.7,10.67,15,15,15,35,74,374,1,2,否,否,否,否,否,否,否,否,否,否,否,否,否,否,否,否,否,否,否,否,否,否,否,否,否,否,否,否,否,否,否,否,否,否,否,否,否,32.0,32,32,30,97.0,100.0,否,否,24293,21074,0.0,0.9,0.9,0.000,0.014,5726,2159,35,0.008,100.0,1066.0,0.0,0.0,0.0,0.0,0.0,0.0,0.0,317,否,否,否,否,否,否,7.447,19.658,47.6,-5.399,25.2,218.4,60.9,61.8,60.1,60.1,60.1,60.1,60.5,61.1,60.0,60.0,60.0,60.0,16.33,16.57,16.09,16.09,16.58,16.58,1.86,13.89,16.06,0.27,0.23,0,0,0.0,0.0,0,0.000,
17.9.2026,23:34:36.848,6025,33487,15.2,5737,10445,35.4,0.0,23329,0,0.766,0.797,0.762,0.755,0.750,0.681,0.741,1000.0,1000.0,1000.0,1000.0,1000.0,100.0,800.0,29.2,135.8,66.7,27.1,3.0,0.4,0.2,0.3,0.2,29.2,2.8,11.9,6.0,2.6,0.6,0.0,0.4,0.4,0.4,11.9,2.8,100.0,1.1,4.9,2.5,1.1,0.1,0.0,0.0,0.0,0.0,1.1,10.0,10.0,10.0,10.0,10.0,8.0,31,29,32,32,30,69,71,68,68,70,34,32,否,否,否,否,否,否,否,否,否,否,否,否,否,否,否,否,否,否,33,32,35,0.250,1.572,0.154,0.007,2.916,0.668,0.222,0.482,35.0,30.0,64.0,64.0,0,18.0,8.5,2.0,2.2,49.2,2.8,13.5,6.4,2.3,0.3,0.0,0.0,0.0,0.0,95.1,83.1,97.3,99.9,99.9,1066.7,10.67,15,15,15,35,74,374,1,2,否,否,否,否,否,否,否,否,否,否,否,否,否,否,否,否,否,否,否,否,否,否,否,否,否,否,否,否,否,否,否,否,否,否,否,否,否,31.0,32,32,31,97.0,100.0,否,否,24293,21074,0.0,1.0,1.0,0.000,0.016,5726,2159,34,0.005,100.0,1066.0,0.0,0.0,0.0,0.0,0.0,0.0,0.0,317,否,否,否,否,否,否,7.447,19.658,47.6,-5.392,25.2,218.7,60.9,61.8,60.1,60.1,60.1,60.1,60.5,61.1,60.0,60.0,60.0,60.0,16.33,16.57,16.09,16.09,16.58,16.58,1.86,13.89,16.06,0.27,0.23,0,0,0.0,0.0,0,0.000,
17.9.2026,23:34:38.853,6025,33487,15.2,5737,10445,35.4,0.0,23329,0,0.765,0.797,0.760,0.752,0.750,0.681,0.701,1000.0,1000.0,1000.0,1000.0,1000.0,100.0,800.0,28.5,131.1,69.6,24.4,0.9,1.4,0.2,0.2,0.2,28.5,3.2,11.0,5.8,1.3,0.0,7.2,0.0,0.0,0.0,11.0,3.2,100.0,1.0,4.7,2.6,1.0,0.0,0.1,0.0,0.0,0.0,1.0,10.0,10.0,10.0,10.0,10.0,8.0,32,29,33,33,32,68,71,67,67,68,35,33,否,否,否,否,否,否,否,否,否,否,否,否,否,否,否,否,否,否,35,34,35,0.250,1.617,0.179,0.008,2.978,0.672,0.220,0.496,35.0,30.0,64.0,64.0,0,17.9,9.4,2.7,2.3,48.1,2.7,13.0,6.7,1.6,0.1,0.1,0.0,0.0,0.0,95.3,83.1,98.2,99.8,99.9,1066.7,10.67,15,15,15,35,74,374,1,2,否,否,否,否,否,否,否,否,否,否,否,否,否,否,否,否,否,否,否,否,否,否,否,否,否,否,否,否,否,否,否,否,否,否,否,否,否,32.0,32,32,30,97.0,100.0,否,否,24293,21074,0.0,1.5,1.5,0.000,0.016,5726,2159,34,0.007,100.0,1066.0,0.0,0.0,0.0,0.0,0.0,0.0,0.0,317,否,否,否,否,否,否,7.448,19.650,47.6,-5.400,25.2,218.3,60.9,61.8,60.1,60.1,60.1,60.1,60.5,61.1,60.0,60.0,60.0,60.0,16.33,16.57,16.09,16.09,16.58,16.58,1.86,13.89,16.06,0.27,0.23,0,0,0.0,0.0,0,0.000,
17.9.2026,23:34:40.854,6025,33487,15.2,5737,10445,35.4,0.0,23329,0,0.766,0.797,0.762,0.755,0.750,0.683,0.741,1000.0,1000.0,1000.0,1000.0,1000.0,100.0,800.0,29.4,127.5,75.6,29.6,0.2,0.7,0.2,1.5,0.2,29.4,2.4,10.5,6.3,1.6,0.6,0.0,0.0,0.0,0.0,10.5,2.4,100.0,1.1,4.5,2.9,1.2,0.0,0.0,0.0,0.1,0.0,1.1,10.0,10.0,10.0,10.0,10.0,8.0,31,28,31,32,33,69,72,69,68,67,35,33,否,否,否,否,否,否,否,否,否,否,否,否,否,否,否,否,否,否,34,33,34,0.250,1.506,0.181,0.005,2.723,0.633,0.209,0.434,35.0,30.0,64.0,64.0,0,17.8,6.8,2.7,2.5,50.5,2.7,12.6,7.2,1.8,0.0,0.1,0.0,0.1,0.0,95.3,83.3,98.1,99.9,99.8,1066.7,10.67,15,15,15,35,74,374,1,2,否,否,否,否,否,否,否,否,否,否,否,否,否,否,否,否,否,否,否,否,否,否,否,否,否,否,否,否,否,否,否,否,否,否,否,否,否,32.0,32,32,30,97.0,100.0,否,否,24293,21074,0.0,1.4,1.4,0.000,0.012,5726,2159,34,0.008,100.0,1066.0,0.0,0.0,0.0,0.0,0.0,0.0,0.0,317,否,否,否,否,否,否,7.437,19.650,47.6,-5.407,25.2,218.1,60.9,61.8,60.1,60.1,60.1,60.1,60.5,61.1,60.0,60.0,60.0,60.0,16.33,16.57,16.09,16.09,16.58,16.58,1.86,13.89,16.06,0.27,0.23,0,0,0.0,0.0,0,0.000,
17.9.2026,23:34:42.845,6024,33487,15.2,5738,10444,35.4,0.0,23329,0,0.767,0.800,0.762,0.755,0.750,0.683,0.741,1000.0,1000.0,1000.0,1000.0,1000.0,100.0,800.0,28.6,130.7,71.6,23.5,1.8,0.9,0.2,0.3,0.2,28.6,2.4,11.1,6.1,2.0,0.2,0.1,0.0,0.0,0.0,11.1,2.4,100.0,1.0,4.7,2.7,0.9,0.1,0.0,0.0,0.0,0.0,1.0,10.0,10.0,10.0,10.0,10.0,8.0,32,30,33,33,32,68,70,67,67,68,35,33,否,否,否,否,否,否,否,否,否,否,否,否,否,否,否,否,否,否,35,33,35,0.250,1.575,0.150,0.007,2.963,0.653,0.210,0.508,35.0,30.0,64.0,64.0,0,17.9,8.4,2.5,2.0,49.2,2.8,13.0,6.9,2.0,0.2,0.1,0.0,0.0,0.0,95.1,83.1,97.7,99.9,99.9,1066.7,10.67,15,15,15,35,74,374,1,2,否,否,否,否,否,否,否,否,否,否,否,否,否,否,否,否,否,否,否,否,否,否,否,否,否,否,否,否,否,否,否,否,否,否,否,否,否,32.0,32,32,30,97.0,100.0,否,否,24293,21074,0.0,2.0,2.0,0.000,0.094,5726,2160,34,0.005,100.0,1066.0,0.0,0.0,0.0,0.0,0.0,0.0,0.0,317,否,否,否,否,否,否,7.442,19.650,47.6,-5.395,25.2,218.5,60.9,61.8,60.1,60.1,60.1,60.1,60.5,61.1,60.0,60.0,60.0,60.0,16.33,16.57,16.09,16.09,16.58,16.58,1.86,13.89,16.06,0.27,0.23,0,0,0.0,0.0,0,0.000,
17.9.2026,23:34:44.857,6024,33487,15.2,5739,10444,35.4,0.0,23329,0,0.766,0.797,0.760,0.752,0.755,0.681,0.701,1000.0,1000.0,1000.0,1000.0,1000.0,100.0,800.0,28.3,127.1,74.9,20.3,1.2,1.1,0.2,1.4,0.2,28.3,2.3,10.6,6.3,1.7,0.0,0.0,0.0,0.0,0.0,10.6,2.3,100.0,1.0,4.5,2.8,0.8,0.0,0.0,0.0,0.1,0.0,1.0,10.0,10.0,10.0,10.0,10.0,8.0,30,28,31,33,30,70,72,69,67,70,34,33,否,否,否,否,否,否,否,否,否,否,否,否,否,否,否,否,否,否,35,32,35,0.250,1.565,0.152,0.006,2.939,0.656,0.211,0.494,35.0,30.0,64.0,64.0,0,18.0,8.7,2.6,2.1,48.9,2.8,12.6,7.1,1.8,0.1,0.1,0.0,0.1,0.0,95.2,83.2,97.9,99.8,99.8,1066.7,10.67,15,15,15,35,74,374,1,2,否,否,否,否,否,否,否,否,否,否,否,否,否,否,否,否,否,否,否,否,否,否,否,否,否,否,否,否,否,否,否,否,否,否,否,否,否,32.0,32,32,31,97.0,100.0,否,否,24293,21074,0.0,2.9,2.9,0.000,0.028,5726,2160,34,0.007,100.0,1066.0,0.0,0.0,0.0,0.0,0.0,0.0,0.0,317,否,否,否,否,否,否,7.439,19.642,47.5,-5.401,25.2,218.2,60.9,61.8,60.1,60.1,60.1,60.1,60.5,61.1,60.0,60.0,60.0,60.0,16.33,16.57,16.09,16.09,16.58,16.58,1.86,13.89,16.06,0.27,0.23,0,0,0.0,0.0,0,0.000,
17.9.2026,23:34:46.848,6023,33489,15.2,5740,10443,35.4,0.0,23329,0,0.766,0.800,0.760,0.752,0.752,0.681,0.701,1000.0,1000.0,1000.0,1000.0,1000.0,100.0,800.0,30.5,129.0,85.8,24.6,2.5,1.2,0.2,0.5,0.2,30.5,3.2,11.4,7.9,2.5,0.8,1.4,0.6,0.6,0.6,11.4,3.2,100.0,1.1,4.6,3.3,1.0,0.1,0.0,0.0,0.0,0.0,1.1,10.0,10.0,10.0,10.0,10.0,8.0,31,29,32,33,30,69,71,68,67,70,34,33,否,否,否,否,否,否,否,否,否,否,否,否,否,否,否,否,否,否,35,34,35,0.250,1.679,0.159,0.007,3.186,0.688,0.224,0.561,35.0,30.0,64.0,64.0,0,17.7,11.1,2.2,2.2,46.8,3.0,12.9,8.2,2.1,0.3,0.1,0.0,0.1,0.0,95.0,82.5,97.7,99.8,99.9,1066.7,10.67,15,15,15,35,74,374,1,2,否,否,否,否,否,否,否,否,否,否,否,否,否,否,否,否,否,否,否,否,否,否,否,否,否,否,否,否,否,否,否,否,否,否,否,否,否,32.0,32,32,31,97.0,100.0,否,否,24293,21074,0.0,2.0,2.0,0.000,0.071,5726,2160,35,0.006,100.0,1066.0,0.0,0.0,0.0,0.0,0.0,0.0,0.0,317,否,否,否,否,否,否,7.405,19.642,47.5,-5.391,25.2,218.6,60.9,61.8,60.1,60.1,60.1,60.1,60.5,61.1,60.0,60.0,60.0,60.0,16.33,16.57,16.09,16.09,16.58,16.58,1.86,13.89,16.06,0.27,0.23,0,0,0.0,0.0,0,0.000,
17.9.2026,23:34:48.853,6023,33489,15.2,5740,10443,35.4,0.0,23329,0,0.766,0.800,0.762,0.752,0.750,0.683,0.741,1000.0,1000.0,1000.0,1000.0,1000.0,100.0,800.0,28.4,127.8,62.3,36.4,0.2,0.3,0.2,0.2,0.2,28.4,2.3,10.9,5.2,2.2,0.0,0.0,0.0,0.0,0.0,10.9,2.3,100.0,1.0,4.5,2.3,1.5,0.0,0.0,0.0,0.0,0.0,1.0,10.0,10.0,10.0,10.0,10.0,8.0,32,29,31,34,32,68,71,69,66,68,34,34,否,否,否,否,否,否,否,否,否,否,否,否,否,否,否,否,否,否,35,33,35,0.250,1.637,0.193,0.006,2.982,0.677,0.223,0.499,35.0,30.0,64.0,64.0,0,18.0,9.6,2.3,2.2,48.5,2.7,12.9,6.0,2.3,0.0,0.0,0.0,0.0,0.0,95.4,84.2,97.6,99.9,99.9,1066.7,10.67,15,15,15,35,74,374,1,2,否,否,否,否,否,否,否,否,否,否,否,否,否,否,否,否,否,否,否,否,否,否,否,否,否,否,否,否,否,否,否,否,否,否,否,否,否,31.0,32,32,31,97.0,100.0,否,否,24293,21074,0.0,1.5,1.5,0.000,0.061,5726,2160,35,0.007,100.0,1066.0,0.0,0.0,0.0,0.0,0.0,0.0,0.0,317,否,否,否,否,否,否,7.445,19.635,47.5,-5.450,25.2,216.2,60.9,61.8,60.1,60.1,60.1,60.1,60.5,61.1,60.0,60.0,60.0,60.0,16.33,16.57,16.09,16.09,16.58,16.58,1.86,13.89,16.06,0.27,0.23,0,0,0.0,0.0,0,0.000,
17.9.2026,23:34:50.854,6024,33488,15.2,5739,10443,35.4,0.0,23329,0,0.767,0.800,0.760,0.755,0.752,0.683,0.741,1000.0,1000.0,1000.0,1000.0,1000.0,100.0,800.0,29.0,133.4,69.0,26.4,1.1,1.8,0.2,0.2,0.2,29.0,2.5,11.3,5.9,2.3,0.1,0.2,0.0,0.0,0.0,11.3,2.5,100.0,1.1,4.8,2.6,1.1,0.0,0.1,0.0,0.0,0.0,1.1,10.0,10.0,10.0,10.0,10.0,8.0,31,28,32,33,32,69,72,68,67,68,35,33,否,否,否,否,否,否,否,否,否,否,否,否,否,否,否,否,否,否,34,34,34,0.250,1.478,0.148,0.005,2.728,0.635,0.207,0.434,35.0,30.0,64.0,64.0,0,17.7,7.1,2.4,2.1,50.4,2.8,13.3,6.6,2.4,0.1,0.2,0.0,0.0,0.0,95.1,83.2,97.5,99.8,99.9,1066.7,10.67,15,15,15,35,74,374,1,2,否,否,否,否,否,否,否,否,否,否,否,否,否,否,否,否,否,否,否,否,否,否,否,否,否,否,否,否,否,否,否,否,否,否,否,否,否,32.0,32,32,30,97.0,100.0,否,否,24293,21074,0.0,1.0,1.0,0.000,0.012,5726,2160,35,0.006,100.0,1066.0,0.0,0.0,0.0,0.0,0.0,0.0,0.0,317,否,否,否,否,否,否,7.444,19.635,47.5,-5.456,25.2,215.9,60.9,61.8,60.1,60.1,60.1,60.1,60.5,61.1,60.0,60.0,60.0,60.0,16.33,16.57,16.09,16.09,16.58,16.58,1.86,13.89,16.06,0.27,0.23,0,0,0.0,0.0,0,0.000,
17.9.2026,23:34:52.866,6024,33488,15.2,5739,10443,35.4,0.0,23329,0,0.767,0.800,0.765,0.755,0.750,0.681,0.741,1000.0,1000.0,1000.0,1000.0,1000.0,100.0,800.0,28.4,134.6,68.9,19.7,1.0,2.1,0.2,0.2,0.2,28.4,2.2,11.5,5.8,0.0,0.0,0.0,0.0,0.0,0.0,11.5,2.2,100.0,1.0,4.8,2.6,0.8,0.0,0.1,0.0,0.0,0.0,1.0,10.0,10.0,10.0,10.0,10.0,8.0,32,30,32,32,32,68,70,68,68,68,35,32,否,否,否,否,否,否,否,否,否,否,否,否,否,否,否,否,否,否,35,33,35,0.250,1.498,0.169,0.007,2.683,0.632,0.212,0.435,35.0,30.0,64.0,64.0,0,17.9,6.7,2.6,1.6,51.9,2.7,13.6,6.6,1.2,0.1,0.2,0.0,0.0,0.0,95.3,83.1,98.6,99.7,99.9,1066.7,10.67,15,15,15,35,74,374,1,2,否,否,否,否,否,否,否,否,否,否,否,否,否,否,否,否,否,否,否,否,否,否,否,否,否,否,否,否,否,否,否,否,否,否,否,否,否,32.0,32,32,31,97.0,100.0,否,否,24293,21074,0.0,1.5,1.5,0.000,0.042,5726,2160,34,0.005,100.0,1066.0,0.0,0.0,0.0,0.0,0.0,0.0,0.0,317,否,否,否,否,否,否,7.449,19.635,47.5,-5.438,25.2,216.6,60.9,61.8,60.1,60.1,60.1,60.1,60.5,61.1,60.0,60.0,60.0,60.0,16.33,16.57,16.09,16.09,16.58,16.58,1.86,13.89,16.06,0.27,0.23,0,0,0.0,0.0,0,0.000,
17.9.2026,23:34:54.864,6024,33487,15.2,5738,10444,35.4,0.0,23329,0,0.769,0.800,0.762,0.755,0.757,0.681,0.741,1025.0,1000.0,1000.0,1000.0,1100.0,100.0,800.0,33.6,149.2,91.3,19.6,5.9,1.7,0.2,0.7,0.2,33.6,3.8,11.9,7.0,3.9,0.3,7.1,0.0,0.0,0.0,11.9,3.8,100.0,1.3,5.4,3.5,0.8,0.2,0.1,0.0,0.0,0.0,1.3,10.2,10.0,10.0,10.0,11.0,8.0,32,30,33,34,32,68,70,67,66,68,34,34,否,否,否,否,否,否,否,否,否,否,否,否,否,否,否,否,否,否,34,33,34,0.250,1.715,0.196,0.008,3.216,0.695,0.236,0.547,35.0,30.0,64.0,64.0,0,17.3,10.3,2.0,1.7,48.0,3.0,14.0,8.0,1.3,0.6,0.2,0.0,0.1,0.0,94.9,81.8,98.1,99.8,99.9,1066.7,10.67,15,15,15,35,74,374,1,2,否,否,否,否,否,否,否,否,否,否,否,否,否,否,否,否,否,否,否,否,否,否,否,否,否,否,否,否,否,否,否,否,否,否,否,否,否,32.0,32,32,31,97.0,100.0,否,否,24293,21074,0.0,1.5,1.5,0.000,0.028,5726,2160,35,0.007,100.0,1066.0,0.0,0.0,0.0,0.0,0.0,0.0,0.0,317,否,否,否,否,否,否,7.449,19.627,47.5,-5.423,25.2,217.2,60.9,61.8,60.1,60.1,60.1,60.1,60.5,61.1,60.0,60.0,60.0,60.0,16.33,16.57,16.09,16.09,16.58,16.58,1.86,13.89,16.06,0.27,0.23,0,0,0.0,0.0,0,0.000,
17.9.2026,23:34:56.860,6025,33486,15.2,5737,10445,35.4,0.0,23329,0,0.767,0.800,0.762,0.755,0.752,0.683,0.743,1000.0,1000.0,1000.0,1000.0,1000.0,100.0,800.0,29.0,126.4,78.7,25.5,0.2,0.6,0.2,0.2,0.2,29.0,2.6,10.5,6.6,1.2,0.6,0.0,0.6,0.6,0.6,10.5,2.6,100.0,1.1,4.5,3.0,1.0,0.0,0.0,0.0,0.0,0.0,1.1,10.0,10.0,10.0,10.0,10.0,8.0,32,30,31,33,32,68,70,69,67,68,35,33,否,否,否,否,否,否,否,否,否,否,否,否,否,否,否,否,否,否,35,33,35,0.250,1.538,0.181,0.006,2.715,0.661,0.228,0.427,35.0,30.0,64.0,64.0,0,17.9,6.6,2.0,2.1,51.7,2.7,12.7,7.5,1.4,0.0,0.1,0.0,0.0,0.0,95.3,82.8,98.5,99.9,99.9,1066.7,10.67,15,15,15,35,74,374,1,2,否,否,否,否,否,否,否,否,否,否,否,否,否,否,否,否,否,否,否,否,否,否,否,否,否,否,否,否,否,否,否,否,否,否,否,否,否,31.0,32,32,30,97.0,100.0,否,否,24293,21074,0.0,1.5,1.5,0.000,0.022,5726,2160,35,0.008,100.0,1066.0,0.0,0.0,0.0,0.0,0.0,0.0,0.0,317,否,否,否,否,否,否,7.443,19.627,47.5,-5.456,25.2,215.8,60.9,61.8,60.1,60.1,60.1,60.1,60.5,61.1,60.0,60.0,60.0,60.0,16.33,16.57,16.09,16.09,16.58,16.58,1.86,13.89,16.06,0.27,0.23,0,0,0.0,0.0,0,0.000,
17.9.2026,23:34:58.869,6025,33487,15.2,5737,10446,35.4,0.0,23329,0,0.766,0.800,0.762,0.752,0.750,0.683,0.741,1000.0,1000.0,1000.0,1000.0,1000.0,100.0,800.0,28.4,125.1,68.7,29.6,1.4,0.8,0.2,0.8,0.2,28.4,3.4,11.0,6.3,3.2,0.0,7.1,0.0,0.0,0.0,11.0,3.4,100.0,1.0,4.4,2.5,1.2,0.0,0.0,0.0,0.0,0.0,1.0,10.0,10.0,10.0,10.0,10.0,8.0,32,30,31,32,33,68,70,69,68,67,34,33,否,否,否,否,否,否,否,否,否,否,否,否,否,否,否,否,否,否,35,33,35,0.250,1.669,0.159,0.005,3.161,0.690,0.225,0.551,35.0,30.0,64.0,64.0,0,17.7,11.1,1.7,1.9,47.6,2.8,12.5,6.5,2.8,0.2,0.1,0.0,0.1,0.0,95.1,83.6,97.1,99.9,99.9,1066.7,10.67,15,15,15,35,74,374,1,2,否,否,否,否,否,否,否,否,否,否,否,否,否,否,否,否,否,否,否,否,否,否,否,否,否,否,否,否,否,否,否,否,否,否,否,否,否,31.0,32,32,31,97.0,100.0,否,否,24293,21074,0.0,1.5,1.5,0.000,0.081,5726,2160,35,0.006,100.0,1066.0,0.0,0.0,0.0,0.0,0.0,0.0,0.0,317,否,否,否,否,否,否,7.450,19.627,47.5,-5.446,25.2,216.2,60.9,61.8,60.1,60.1,60.1,60.1,60.5,61.1,60.0,60.0,60.0,60.0,16.33,16.57,16.09,16.09,16.58,16.58,1.86,13.89,16.06,0.27,0.23,0,0,0.0,0.0,0,0.000,
17.9.2026,23:35:0.869,6026,33486,15.2,5739,10443,35.4,0.0,23329,0,0.766,0.800,0.762,0.750,0.752,0.681,0.698,1000.0,1000.0,1000.0,1000.0,1000.0,100.0,800.0,32.6,135.6,88.1,27.2,6.1,2.6,0.3,0.3,0.3,32.6,2.6,11.2,7.3,2.0,0.4,0.1,0.0,0.0,0.0,11.2,2.6,100.0,1.2,4.8,3.4,1.1,0.2,0.1,0.0,0.0,0.0,1.2,10.0,10.0,10.0,10.0,10.0,8.0,31,28,31,34,30,69,72,69,66,70,34,34,否,否,否,否,否,否,否,否,否,否,否,否,否,否,否,否,否,否,35,32,34,0.250,1.443,0.156,0.005,2.589,0.645,0.234,0.374,35.0,30.0,64.0,64.0,0,18.0,3.7,2.1,2.8,52.3,3.1,13.3,8.2,2.3,0.6,0.3,0.0,0.0,0.0,94.8,82.1,97.3,99.7,99.9,1066.7,10.67,15,15,15,35,74,374,1,2,否,否,否,否,否,否,否,否,否,否,否,否,否,否,否,否,否,否,否,否,否,否,否,否,否,否,否,否,否,否,否,否,否,否,否,否,否,31.0,32,32,30,97.0,100.0,否,否,24293,21074,0.0,1.0,1.0,0.000,0.012,5726,2160,34,0.005,100.0,1066.0,0.0,0.0,0.0,0.0,0.0,0.0,0.0,317,否,否,否,否,否,否,7.445,19.627,47.5,-5.457,25.2,215.8,60.9,61.8,60.1,60.1,60.1,60.1,60.5,61.1,60.0,60.0,60.0,60.0,16.33,16.57,16.09,16.09,16.58,16.58,1.86,13.89,16.06,0.27,0.23,0,0,0.0,0.0,0,0.000,
17.9.2026,23:35:2.882,6028,33484,15.2,5750,10432,35.5,0.0,23329,0,0.766,0.797,0.762,0.755,0.750,0.683,0.701,1000.0,1000.0,1000.0,1000.0,1000.0,100.0,800.0,45.2,143.4,93.7,63.9,21.9,8.1,10.1,10.4,9.9,45.2,3.7,11.9,8.0,5.0,1.8,0.7,0.9,0.8,0.8,11.9,3.7,100.0,1.7,5.2,3.6,2.6,0.9,0.3,0.4,0.4,0.4,1.7,10.0,10.0,10.0,10.0,10.0,8.0,31,29,31,33,30,69,71,69,67,70,34,33,否,否,否,否,否,否,否,否,否,否,否,否,否,否,否,否,否,否,34,33,34,0.250,1.771,0.232,0.008,3.426,0.695,0.242,0.564,35.0,30.0,64.0,64.0,0,16.9,8.9,1.4,2.8,46.1,4.1,13.8,8.8,5.1,1.8,0.7,0.8,0.8,0.8,93.3,81.9,93.7,98.7,98.9,1066.7,10.67,15,15,15,35,74,374,1,2,是,否,否,否,否,否,否,是,否,否,是,否,否,否,否,否,否,否,否,否,否,否,否,否,否,否,是,否,否,否,否,否,否,否,是,否,否,32.0,32,32,32,97.0,100.0,否,否,24293,21074,0.0,2.5,2.5,0.000,0.084,5726,2160,35,0.005,100.0,1066.0,0.0,0.0,0.0,0.0,0.0,0.0,0.0,317,否,否,否,否,否,否,7.447,19.627,47.5,-5.436,25.2,216.6,60.9,61.8,60.1,60.1,60.1,60.1,60.5,61.1,60.0,60.0,60.0,60.0,16.33,16.57,16.09,16.09,16.58,16.58,1.86,13.89,16.06,0.27,0.23,0,0,0.0,0.0,0,0.000,
17.9.2026,23:35:4.884,6017,33494,15.2,5739,10444,35.4,0.0,23329,0,0.767,0.800,0.760,0.752,0.755,0.678,0.701,1000.0,1000.0,1000.0,1000.0,1000.0,100.0,800.0,29.4,123.6,70.7,36.0,1.2,2.6,0.2,0.5,0.2,29.4,2.4,10.4,6.1,2.4,0.0,0.2,0.0,0.0,0.0,10.4,2.4,100.0,1.1,4.4,2.6,1.5,0.0,0.1,0.0,0.0,0.0,1.1,10.0,10.0,10.0,10.0,10.0,8.0,31,30,32,33,30,69,70,68,67,70,34,33,否,否,否,否,否,否,否,否,否,否,否,否,否,否,否,否,否,否,34,34,35,0.250,1.703,0.195,0.005,3.157,0.691,0.228,0.548,35.0,30.0,64.0,64.0,0,17.7,11.4,2.0,2.1,47.4,2.8,12.4,6.8,2.6,0.1,0.3,0.0,0.1,0.0,95.1,83.8,97.2,99.7,99.9,1066.7,10.67,15,15,15,35,74,374,1,2,是,否,否,否,否,否,否,是,否,否,否,否,否,否,否,否,否,否,否,否,否,否,否,否,否,否,否,否,否,否,否,否,否,否,否,否,否,33.0,32,32,30,97.0,100.0,否,否,24293,21074,0.0,1.9,1.9,0.000,0.032,5726,2160,34,0.008,100.0,1066.0,0.0,0.0,0.0,0.0,0.0,0.0,0.0,317,否,否,否,否,否,否,7.442,19.620,47.5,-5.485,25.2,214.6,60.9,61.8,60.1,60.1,60.1,60.1,60.5,61.1,60.0,60.0,60.0,60.0,16.33,16.57,16.09,16.09,16.58,16.58,1.86,13.89,16.06,0.27,0.23,0,0,0.0,0.0,0,0.000,
17.9.2026,23:35:6.875,6017,33495,15.2,5737,10445,35.4,0.0,23329,0,0.766,0.795,0.765,0.752,0.750,0.681,0.703,1000.0,1000.0,1000.0,1000.0,1000.0,100.0,800.0,28.6,128.0,70.0,27.5,1.7,0.7,0.2,0.2,0.2,28.6,2.4,10.5,5.7,1.5,0.5,0.0,0.4,0.4,0.4,10.5,2.4,100.0,1.0,4.5,2.6,1.1,0.1,0.0,0.0,0.0,0.0,1.0,10.0,10.0,10.0,10.0,10.0,8.0,31,29,31,33,32,69,71,69,67,68,34,33,否,否,否,否,否,否,否,否,否,否,否,否,否,否,否,否,否,否,34,33,35,0.250,1.520,0.167,0.007,2.737,0.653,0.221,0.434,35.0,30.0,64.0,64.0,0,17.8,7.1,2.2,2.3,50.7,2.7,12.8,6.8,2.0,0.2,0.1,0.0,0.0,0.0,95.2,83.3,97.8,99.9,99.9,1066.7,10.67,15,15,15,35,74,374,1,2,否,否,否,否,否,否,否,否,否,否,否,否,否,否,否,否,否,否,否,否,否,否,否,否,否,否,否,否,否,否,否,否,否,否,否,否,否,32.0,32,32,31,97.0,100.0,否,否,24293,21074,0.0,1.0,1.0,0.000,0.010,5726,2160,34,0.005,100.0,1066.0,0.0,0.0,0.0,0.0,0.0,0.0,0.0,317,否,否,否,否,否,否,7.445,19.620,47.5,-5.509,25.2,213.7,60.9,61.8,60.1,60.1,60.1,60.1,60.5,61.1,60.0,60.0,60.0,60.0,16.33,16.57,16.09,16.09,16.58,16.58,1.86,13.89,16.06,0.27,0.23,0,0,0.0,0.0,0,0.000,
17.9.2026,23:35:8.879,6019,33493,15.2,5740,10442,35.4,0.0,23329,0,0.766,0.800,0.762,0.752,0.750,0.683,0.703,1000.0,1000.0,1000.0,1000.0,1000.0,100.0,800.0,67.4,206.2,113.3,66.2,76.4,34.6,34.3,7.5,0.2,67.4,6.2,17.3,9.4,4.9,6.4,6.8,3.2,1.0,0.3,17.3,6.2,100.0,2.6,7.9,4.4,2.7,3.2,1.4,1.4,0.3,0.0,2.6,10.0,10.0,10.0,10.0,10.0,8.0,31,29,31,33,32,69,71,69,67,68,35,33,否,否,否,否,否,否,否,否,否,否,否,否,否,否,否,否,否,否,34,33,34,0.250,2.057,0.362,0.008,4.260,0.722,0.250,0.678,35.0,30.0,64.0,64.0,0,15.7,8.8,1.7,2.3,42.6,5.8,18.8,9.9,4.8,6.2,2.9,2.9,0.7,0.0,90.3,74.7,91.2,96.1,99.3,1066.7,10.67,15,15,15,35,74,374,1,2,是,否,否,否,否,否,否,否,否,否,是,否,否,否,否,否,否,否,否,否,否,否,否,否,否,否,否,否,否,否,否,否,否,否,否,否,否,32.0,32,32,31,97.0,100.0,否,否,24293,21074,0.0,1.2,1.2,0.000,0.118,5726,2161,35,0.007,100.0,1066.0,0.0,0.0,0.0,0.0,0.0,0.0,0.0,317,否,否,否,否,否,否,7.430,19.612,47.5,-5.476,25.2,214.9,60.9,61.8,60.1,60.1,60.1,60.1,60.5,61.1,60.0,60.0,60.0,60.0,16.33,16.57,16.09,16.09,16.58,16.58,1.86,13.89,16.06,0.27,0.23,0,0,0.0,0.0,0,0.000,
17.9.2026,23:35:10.876,6019,33493,15.2,5739,10443,35.4,0.0,23329,0,0.766,0.797,0.760,0.752,0.752,0.681,0.701,1000.0,1000.0,1000.0,1000.0,1000.0,100.0,800.0,29.9,130.9,84.0,22.3,1.0,0.6,0.2,0.2,0.2,29.9,2.7,11.5,7.5,2.3,0.0,0.0,0.0,0.0,0.0,11.5,2.7,100.0,1.1,4.7,3.2,0.9,0.0,0.0,0.0,0.0,0.0,1.1,10.0,10.0,10.0,10.0,10.0,8.0,31,28,33,32,30,69,72,67,68,70,35,33,否,否,否,否,否,否,否,否,否,否,否,否,否,否,否,否,否,否,34,34,34,0.250,1.558,0.150,0.006,2.986,0.650,0.213,0.495,35.0,30.0,64.0,64.0,0,17.3,8.0,1.4,2.2,50.4,2.9,13.1,8.0,2.1,0.1,0.1,0.0,0.0,0.0,94.9,82.2,97.7,99.9,99.9,1066.7,10.67,15,15,15,35,74,374,1,2,是,否,否,否,否,否,否,否,否,否,是,否,否,否,否,否,否,否,否,否,否,否,否,否,否,否,否,否,否,否,否,否,否,否,否,否,否,31.0,32,32,32,97.0,100.0,否,否,24293,21074,0.0,1.0,1.0,0.000,0.028,5726,2161,34,0.008,100.0,1066.0,0.0,0.0,0.0,0.0,0.0,0.0,0.0,317,否,否,否,否,否,否,7.409,19.612,47.5,-5.616,25.2,209.5,60.9,61.8,60.1,60.1,60.1,60.1,60.5,61.1,60.0,60.0,60.0,60.0,16.33,16.57,16.09,16.09,16.58,16.58,1.86,13.89,16.06,0.27,0.23,0,0,0.0,0.0,0,0.000,
17.9.2026,23:35:12.883,6019,33493,15.2,5737,10445,35.4,0.0,23329,0,0.767,0.800,0.762,0.755,0.752,0.681,0.698,1000.0,1000.0,1000.0,1000.0,1000.0,100.0,800.0,30.2,123.4,77.3,37.1,2.2,0.9,0.2,0.2,0.2,30.2,2.7,10.2,6.4,2.4,0.7,0.6,0.5,0.5,0.5,10.2,2.7,100.0,1.1,4.4,2.9,1.5,0.1,0.0,0.0,0.0,0.0,1.1,10.0,10.0,10.0,10.0,10.0,8.0,31,28,32,32,32,69,72,68,68,68,35,32,否,否,否,否,否,否,否,否,否,否,否,否,否,否,否,否,否,否,35,33,35,0.250,1.500,0.174,0.007,2.713,0.630,0.210,0.434,35.0,30.0,64.0,64.0,0,17.7,6.2,1.6,2.0,52.5,2.9,12.4,7.4,2.8,0.2,0.1,0.0,0.0,0.0,95.0,83.4,97.0,99.9,99.9,1066.7,10.67,15,15,15,35,74,374,1,2,否,否,否,否,否,否,否,否,否,否,否,否,否,否,否,否,否,否,否,否,否,否,否,否,否,否,否,否,否,否,否,否,否,否,否,否,否,32.0,32,32,31,97.0,100.0,否,否,24293,21074,0.0,1.2,1.2,0.000,0.046,5726,2161,35,0.006,100.0,1066.0,0.0,0.0,0.0,0.0,0.0,0.0,0.0,317,否,否,否,否,否,否,7.445,19.604,47.5,-5.643,25.2,208.4,60.9,61.8,60.1,60.1,60.1,60.1,60.5,61.1,60.0,60.0,60.0,60.0,16.33,16.57,16.09,16.09,16.58,16.58,1.86,13.89,16.06,0.27,0.23,0,0,0.0,0.0,0,0.000,
17.9.2026,23:35:14.884,6091,33421,15.4,5814,10368,35.9,0.0,23329,0,0.766,0.797,0.760,0.752,0.752,0.681,0.741,1000.0,1000.0,1000.0,1000.0,1000.0,100.0,800.0,145.5,292.1,230.7,143.5,90.9,161.4,148.3,50.3,46.7,145.5,10.7,22.1,17.6,10.6,6.4,11.9,10.9,3.1,3.1,22.1,10.7,100.0,5.8,11.4,9.3,5.7,3.6,6.6,6.1,2.0,1.9,5.8,10.0,10.0,10.0,10.0,10.0,8.0,32,30,33,33,32,68,70,67,67,68,35,33,否,否,否,否,否,否,否,否,否,否,否,否,否,否,否,否,否,否,34,34,34,0.250,2.865,0.828,0.004,5.676,0.894,0.383,0.788,35.0,30.0,64.0,64.0,0,12.9,10.6,0.9,1.2,33.9,11.5,23.7,18.2,11.0,7.2,12.7,11.7,3.9,3.6,81.0,64.5,85.0,80.2,94.2,1066.7,10.67,15,15,15,35,74,374,1,2,是,否,否,否,否,否,否,是,否,否,是,否,否,否,否,否,否,否,否,否,否,否,否,否,否,否,是,否,否,否,否,否,否,否,是,否,否,33.0,32,32,33,97.0,100.0,否,否,24293,21074,0.3,2.5,2.8,0.012,0.116,5726,2161,35,0.007,100.0,1066.0,0.0,0.0,0.0,0.0,0.0,0.0,0.0,333,否,否,否,否,否,否,7.337,19.604,47.5,-5.517,25.2,213.2,60.9,61.8,60.1,60.1,60.1,60.1,60.5,61.1,60.0,60.0,60.0,60.0,16.33,16.57,16.09,16.09,16.58,16.58,1.86,13.89,16.06,0.27,0.23,0,0,0.0,0.0,0,0.000,
17.9.2026,23:35:16.882,6091,33421,15.4,5814,10368,35.9,0.0,23329,0,0.766,0.800,0.762,0.752,0.750,0.681,0.701,1000.0,1000.0,1000.0,1000.0,1000.0,100.0,800.0,30.2,139.7,86.0,15.1,0.2,0.4,0.2,0.2,0.2,30.2,2.6,11.5,7.0,0.8,0.4,0.4,0.4,0.4,0.4,11.5,2.6,100.0,1.1,5.0,3.3,0.6,0.0,0.0,0.0,0.0,0.0,1.1,10.0,10.0,10.0,10.0,10.0,8.0,31,29,31,33,32,69,71,69,67,68,34,33,否,否,否,否,否,否,否,否,否,否,否,否,否,否,否,否,否,否,34,33,35,0.250,1.682,0.166,0.005,3.219,0.681,0.218,0.561,35.0,30.0,64.0,64.0,0,17.3,11.2,1.3,1.8,47.4,2.9,13.9,8.1,1.2,0.0,0.0,0.0,0.0,0.0,95.0,81.4,98.6,99.9,99.9,1066.7,10.67,15,15,15,35,74,374,1,2,否,否,否,否,否,否,否,否,否,否,否,否,否,否,否,否,否,否,否,否,否,否,否,否,否,否,否,否,否,否,否,否,否,否,否,否,否,31.0,32,32,32,97.0,100.0,否,否,24293,21074,0.0,2.4,2.4,0.000,0.081,5726,2161,34,0.004,100.0,1066.0,0.0,0.0,0.0,0.0,0.0,0.0,0.0,333,否,否,否,否,否,否,7.435,19.604,47.5,-5.851,25.2,201.0,60.9,61.8,60.1,60.1,60.1,60.1,60.5,61.1,60.0,60.0,60.0,60.0,16.33,16.57,16.09,16.09,16.58,16.58,1.86,13.89,16.06,0.27,0.23,0,0,0.0,0.0,0,0.000,
17.9.2026,23:35:18.893,6111,33400,15.4,5835,10347,36.0,0.0,23329,0,0.836,0.900,0.927,0.757,0.757,0.693,0.741,2000.0,2700.0,2900.0,1200.0,1200.0,100.0,1000.0,94.1,202.2,155.1,142.2,110.5,39.9,17.1,56.3,29.5,94.1,7.4,15.7,11.8,9.7,8.5,3.5,1.9,5.1,3.0,15.7,7.4,100.0,3.6,7.6,6.0,5.6,4.4,1.5,0.6,2.3,1.2,3.6,20.0,27.0,29.0,12.0,12.0,10.0,34,32,36,36,33,66,68,64,64,67,35,36,否,否,否,否,否,否,否,否,否,否,否,否,否,否,否,否,否,否,36,36,35,3.250,2.433,0.471,0.005,5.098,0.850,0.320,0.778,35.0,30.0,64.0,64.0,0,13.9,13.1,1.2,1.3,34.0,7.7,17.9,12.8,10.5,8.3,3.3,1.4,4.7,2.4,87.8,75.3,85.2,96.2,94.5,1600.0,16.00,22,22,22,52,74,560,1,2,是,否,否,否,否,否,否,是,否,否,是,否,否,否,否,否,否,否,否,否,否,否,否,否,否,否,是,否,否,否,否,否,否,否,是,否,否,32.0,32,32,32,97.0,100.0,否,否,24293,21074,0.4,3.0,3.5,0.034,0.145,5726,2161,35,0.005,100.0,1066.0,0.0,0.0,0.0,0.0,0.0,0.0,0.0,333,否,否,否,否,否,否,7.441,19.597,47.4,-5.826,25.2,201.8,60.9,61.8,60.1,60.1,60.1,60.1,60.5,61.1,60.0,60.0,60.0,60.0,16.33,16.57,16.09,16.09,16.58,16.58,1.86,13.89,16.06,0.27,0.23,0,0,0.0,0.0,0,0.000,
17.9.2026,23:35:20.900,6100,33411,15.4,5822,10361,35.9,0.0,23329,0,0.766,0.797,0.760,0.755,0.750,0.681,0.741,1000.0,1000.0,1000.0,1000.0,1000.0,100.0,800.0,139.4,328.7,332.9,209.3,160.6,34.0,8.9,12.2,28.3,139.4,10.2,24.1,24.8,16.6,12.2,2.2,0.0,0.2,1.6,24.8,10.2,100.0,5.7,13.1,13.7,8.6,6.7,1.5,0.4,0.5,1.2,5.7,10.0,10.0,10.0,10.0,10.0,8.0,32,29,32,34,32,68,71,68,66,68,35,34,否,否,否,否,否,否,否,否,否,否,否,否,否,否,否,否,否,否,35,32,35,0.250,2.536,0.639,0.006,5.633,0.950,0.345,0.560,35.0,30.0,64.0,64.0,0,9.4,4.1,0.7,2.3,25.4,11.0,25.6,25.3,17.0,13.1,2.9,0.7,1.0,2.4,80.0,52.3,74.0,96.3,97.4,1600.0,16.00,22,22,22,52,74,560,1,2,是,否,否,否,否,否,否,是,否,否,是,否,否,否,否,否,否,否,否,否,否,否,否,否,否,否,是,否,否,否,否,否,否,否,是,否,否,32.0,32,32,32,97.0,100.0,否,否,24293,21074,0.0,1.6,1.6,0.000,0.130,5726,2162,35,0.005,100.0,1599.0,0.0,0.0,0.0,0.0,0.0,0.0,0.0,333,否,否,否,否,否,否,7.358,19.597,47.4,-5.931,25.2,198.2,60.9,61.8,60.1,60.1,60.1,60.1,60.5,61.1,60.0,60.0,60.0,60.0,16.33,16.57,16.09,16.09,16.58,16.58,1.86,13.89,16.06,0.27,0.23,0,0,0.0,0.0,0,0.000,
17.9.2026,23:35:22.895,6101,33411,15.4,5824,10358,35.9,0.0,23329,0,0.767,0.800,0.762,0.755,0.752,0.681,0.741,1000.0,1000.0,1000.0,1000.0,1000.0,100.0,800.0,62.2,250.1,158.5,54.0,20.6,13.5,0.2,0.2,0.2,62.2,4.6,18.8,11.8,4.1,1.6,0.6,0.0,0.0,0.0,18.8,4.6,100.0,2.4,9.7,6.3,2.1,0.8,0.5,0.0,0.0,0.0,2.4,10.0,10.0,10.0,10.0,10.0,8.0,31,29,32,33,30,69,71,68,67,70,35,33,否,否,否,否,否,否,否,否,否,否,否,否,否,否,否,否,否,否,35,34,35,1.250,2.074,0.366,0.005,4.358,0.789,0.241,0.613,35.0,30.0,64.0,64.0,0,14.0,12.5,0.9,2.8,34.5,5.0,20.5,12.5,4.5,1.8,0.7,0.0,0.0,0.0,90.3,68.1,93.9,99.3,99.9,1066.7,10.67,15,15,15,35,74,374,1,2,是,否,否,否,否,否,否,是,否,否,是,否,否,否,否,否,否,否,否,否,否,否,否,否,否,否,是,否,否,否,否,否,否,否,是,否,否,31.0,32,32,33,97.0,100.0,否,否,24293,21074,0.0,8.3,8.3,0.000,1.490,5726,2165,35,0.006,100.0,1599.0,0.0,0.0,0.0,0.0,0.0,0.0,0.0,333,否,否,否,否,否,否,7.442,19.589,47.4,-6.155,25.2,190.9,60.9,61.8,60.1,60.1,60.1,60.1,60.5,61.1,60.0,60.0,60.0,60.0,16.33,16.57,16.09,16.09,16.58,16.58,1.86,13.89,16.06,0.27,0.23,0,0,0.0,0.0,0,0.000,
17.9.2026,23:35:24.886,6102,33409,15.4,5829,10354,36.0,0.0,23329,0,0.891,1.125,0.772,0.905,0.760,0.966,0.698,2375.0,4199.9,1200.0,2900.0,1200.0,100.0,3599.9,51.5,191.6,174.7,39.6,5.0,0.5,0.2,0.2,0.3,51.5,3.8,15.7,14.2,0.2,0.0,0.0,0.0,0.0,0.0,15.7,3.8,100.0,2.0,7.3,6.9,1.6,0.2,0.0,0.0,0.0,0.0,2.0,23.8,42.0,12.0,29.0,12.0,36.0,32,32,31,34,32,68,68,69,66,68,35,34,否,否,否,否,否,否,否,否,否,否,否,否,否,否,否,否,否,否,35,35,35,0.250,1.777,0.236,0.004,3.638,0.750,0.256,0.492,35.0,30.0,64.0,64.0,0,15.1,8.6,1.2,1.3,42.6,4.5,17.2,14.7,3.1,0.5,0.1,0.0,0.0,0.0,92.2,72.6,96.2,99.9,99.9,1066.7,10.67,15,15,15,35,74,374,1,2,否,否,否,否,否,否,否,否,否,否,否,否,否,否,否,否,否,否,否,否,否,否,否,否,否,否,否,否,否,否,否,否,否,否,否,否,否,31.0,32,32,31,97.0,100.0,否,否,24293,21074,0.0,1.6,1.6,0.000,0.053,5726,2165,35,0.005,100.0,1066.0,0.0,0.0,0.0,0.0,0.0,0.0,0.0,333,否,否,否,否,否,否,7.439,19.589,47.4,-6.182,25.2,190.1,60.9,61.8,60.1,60.1,60.1,60.1,60.5,61.1,60.0,60.0,60.0,60.0,16.33,16.57,16.09,16.09,16.58,16.58,1.86,13.89,16.06,0.27,0.23,0,0,0.0,0.0,0,0.000,
17.9.2026,23:35:26.895,6107,33404,15.4,5827,10355,36.0,0.0,23329,0,0.842,0.940,0.775,0.757,0.897,0.848,0.698,2100.0,3100.0,1200.0,1200.0,2900.0,100.0,2900.0,230.0,625.3,650.5,272.5,247.8,22.8,16.0,3.8,1.6,230.0,18.1,45.9,46.6,24.2,19.9,6.8,1.2,0.3,0.1,46.6,18.1,100.0,9.4,25.7,26.8,11.0,10.2,0.8,0.6,0.1,0.1,9.4,21.0,31.0,12.0,12.0,29.0,29.0,34,34,33,37,32,66,66,67,63,68,37,37,否,否,否,否,否,否,否,否,否,否,否,否,否,否,否,否,否,否,36,35,36,0.250,3.378,0.977,0.000,8.458,1.270,0.556,0.608,35.0,30.0,64.0,64.0,0,0.0,0.0,0.0,0.0,0.0,17.6,46.7,47.2,22.6,20.3,2.0,1.3,0.3,0.1,67.6,12.2,61.9,96.7,99.6,1600.0,16.00,22,22,22,52,74,560,1,2,是,否,否,否,否,否,否,是,否,否,是,否,否,否,否,否,否,否,否,否,否,否,否,否,否,否,是,否,否,否,否,否,否,否,是,否,否,32.0,32,32,31,97.0,100.0,否,否,24293,21074,0.0,4.6,4.6,0.000,0.206,5726,2165,35,0.004,100.0,1066.0,0.0,0.0,0.0,0.0,0.0,0.0,0.0,333,否,否,否,否,否,否,7.370,19.581,47.4,-6.102,25.2,192.5,60.9,61.8,60.1,60.1,60.1,60.1,60.5,61.1,60.0,60.0,60.0,60.0,16.33,16.57,16.09,16.09,16.58,16.58,1.86,13.89,16.06,0.27,0.23,0,0,0.0,0.0,0,0.000,
17.9.2026,23:35:28.890,6106,33406,15.4,5831,10351,36.0,0.0,23329,0,0.887,1.127,0.770,0.892,0.757,0.966,0.698,2375.0,4199.9,1200.0,2900.0,1200.0,100.0,3599.9,221.2,724.5,807.0,149.8,78.2,8.5,0.2,0.8,0.2,221.2,16.1,50.6,54.9,11.6,6.7,4.0,0.4,0.5,0.4,54.9,16.1,100.0,9.1,30.0,33.4,6.0,3.2,0.3,0.0,0.0,0.0,9.1,23.8,42.0,12.0,29.0,12.0,36.0,35,36,34,36,34,65,64,66,64,66,36,36,否,否,否,否,否,否,否,否,否,否,否,否,否,否,否,否,否,否,36,36,35,1.500,3.500,1.072,0.000,8.640,1.262,0.538,0.646,35.0,30.0,64.0,64.0,0,0.0,0.0,0.0,0.0,0.0,15.8,51.3,55.6,12.5,6.5,0.7,0.0,0.1,0.0,70.3,0.3,82.1,99.1,99.9,1600.0,16.00,22,22,22,52,74,560,1,2,是,否,否,否,否,否,否,是,否,否,是,否,否,否,否,否,否,否,否,否,否,否,否,否,否,否,是,否,否,否,否,否,否,否,是,否,否,32.0,32,32,32,97.0,100.0,否,否,24293,21074,0.0,4.8,4.8,0.000,0.383,5726,2166,35,0.000,100.0,1599.0,0.0,0.0,0.0,0.0,0.0,0.0,0.0,333,否,否,否,否,否,否,7.349,19.581,47.4,-6.232,25.2,188.5,60.9,61.8,60.1,60.1,60.1,60.1,60.5,61.1,60.0,60.0,60.0,60.0,16.33,16.57,16.09,16.09,16.58,16.58,1.86,13.89,16.06,0.27,0.23,0,0,0.0,0.0,0,0.000,
17.9.2026,23:35:30.906,6105,33407,15.4,5826,10357,36.0,0.0,23329,0,0.887,1.107,0.775,0.757,0.910,0.966,0.698,2350.0,4099.9,1200.0,1200.0,2900.0,100.0,3599.9,131.0,432.1,452.7,84.8,71.3,4.0,0.4,2.3,0.4,131.0,9.7,32.5,32.4,7.0,5.5,0.0,0.0,0.0,0.0,32.5,9.7,100.0,5.3,17.4,18.6,3.3,2.9,0.1,0.0,0.1,0.0,5.3,23.5,41.0,12.0,12.0,29.0,36.0,33,34,33,34,32,67,66,67,66,68,35,34,否,否,否,否,否,否,否,否,否,否,否,否,否,否,否,否,否,否,36,36,36,0.250,2.661,0.623,0.005,6.252,1.032,0.398,0.590,35.0,30.0,64.0,64.0,0,7.7,8.3,0.4,2.4,16.2,10.0,33.5,32.7,7.1,6.0,0.4,0.0,0.2,0.1,81.3,38.3,87.7,99.4,99.7,1066.7,10.67,15,15,15,35,74,374,1,2,是,否,否,否,否,否,否,是,否,否,是,否,否,否,否,否,否,否,否,否,否,否,否,否,否,否,是,否,否,否,否,否,否,否,是,否,否,32.0,32,32,31,97.0,100.0,否,否,24293,21074,0.0,5.2,5.2,0.000,0.299,5726,2166,36,0.000,100.0,1599.0,0.0,0.0,0.0,0.0,0.0,0.0,0.0,333,否,否,否,否,否,否,7.364,19.574,47.4,-6.642,25.2,176.8,60.9,61.8,60.1,60.1,60.1,60.1,60.5,61.1,60.0,60.0,60.0,60.0,16.33,16.57,16.09,16.09,16.58,16.58,1.86,13.89,16.06,0.27,0.23,0,0,0.0,0.0,0,0.000,
17.9.2026,23:35:32.922,6106,33406,15.4,5830,10352,36.0,0.0,23329,0,0.849,1.107,0.772,0.757,0.757,0.966,0.698,1925.0,4099.9,1200.0,1200.0,1200.0,100.0,3599.9,211.3,706.5,685.7,175.0,72.1,24.1,21.3,4.4,1.2,211.3,15.9,52.0,48.2,13.6,5.6,3.8,2.3,1.0,0.7,52.0,15.9,100.0,8.7,29.2,28.4,7.0,2.9,1.0,0.9,0.2,0.0,8.7,19.2,41.0,12.0,12.0,12.0,36.0,34,34,33,36,34,66,66,67,64,66,36,36,否,否,否,否,否,否,否,否,否,否,否,否,否,否,否,否,否,否,37,37,35,1.500,3.206,0.910,0.000,8.186,1.251,0.516,0.529,35.0,30.0,64.0,64.0,0,0.0,0.0,0.0,0.0,0.0,15.7,52.6,48.8,14.3,6.0,1.8,1.8,0.4,0.1,69.5,2.0,80.0,96.5,99.5,1066.7,10.67,15,15,15,35,74,374,1,2,是,否,否,否,否,否,否,是,否,否,是,否,否,否,否,否,否,否,否,否,否,否,否,否,否,否,是,否,否,否,否,否,否,否,是,否,否,32.0,32,32,31,97.0,100.0,否,否,24293,21074,0.0,3.2,3.2,0.000,0.176,5726,2167,36,0.005,100.0,1066.0,0.0,0.0,0.0,0.0,0.0,0.0,0.0,333,否,否,否,否,否,否,7.345,19.566,47.4,-6.875,25.2,170.8,60.9,61.8,60.1,60.1,60.1,60.1,60.5,61.1,60.0,60.0,60.0,60.0,16.33,16.57,16.09,16.09,16.58,16.58,1.86,13.89,16.06,0.27,0.23,0,0,0.0,0.0,0,0.000,
17.9.2026,23:35:34.933,6111,33400,15.4,5840,10343,36.0,0.0,23329,0,0.772,0.797,0.777,0.757,0.755,0.691,0.738,1225.0,1200.0,1300.0,1200.0,1200.0,100.0,1000.0,229.9,764.5,768.6,198.3,95.0,11.9,0.2,0.7,0.2,229.9,16.5,52.2,51.2,16.0,9.0,1.7,0.7,0.8,0.7,52.2,16.5,100.0,9.5,31.6,31.8,8.1,3.9,0.5,0.0,0.0,0.0,9.5,12.2,12.0,13.0,12.0,12.0,10.0,36,36,36,36,34,64,64,64,64,66,36,36,否,否,否,否,否,否,否,否,否,否,否,否,否,否,否,否,否,否,36,36,36,2.000,3.495,1.159,0.000,8.487,1.269,0.544,0.542,35.0,30.0,64.0,64.0,0,0.0,0.1,0.0,0.0,0.0,16.3,52.8,51.8,16.5,7.8,1.0,0.0,0.1,0.0,71.0,6.2,78.9,98.8,99.9,1600.0,16.00,22,22,22,52,74,560,1,2,是,否,否,否,否,否,否,是,否,否,是,否,否,否,否,否,否,否,否,否,否,否,否,否,否,否,是,否,否,否,否,否,否,否,是,否,否,32.0,32,32,31,97.0,100.0,否,否,24293,21074,0.0,3.3,3.3,0.000,0.329,5726,2167,36,0.000,100.0,1066.0,0.0,0.0,0.0,0.0,0.0,0.0,0.0,333,否,否,否,否,否,否,7.363,19.566,47.4,-6.987,25.2,168.0,60.9,61.8,60.1,60.1,60.1,60.1,60.5,61.1,60.0,60.0,60.0,60.0,16.33,16.57,16.09,16.09,16.58,16.58,1.86,13.89,16.06,0.27,0.23,0,0,0.0,0.0,0,0.000,
17.9.2026,23:35:36.948,6116,33395,15.4,5851,10331,36.1,0.0,23329,0,0.828,1.025,0.772,0.757,0.757,0.691,0.698,1850.0,3799.9,1200.0,1200.0,1200.0,100.0,1000.0,325.3,783.2,844.0,423.0,390.2,80.7,58.1,14.1,8.7,325.3,22.4,54.9,58.7,30.5,28.5,4.3,2.7,0.0,0.0,58.7,22.4,100.0,13.4,32.4,34.9,17.3,16.0,3.1,2.3,0.6,0.4,13.4,18.5,38.0,12.0,12.0,12.0,10.0,35,34,36,36,33,65,66,64,64,67,35,36,否,否,否,否,否,否,否,否,否,否,否,否,否,否,否,否,否,否,37,37,36,5.000,4.386,1.779,0.000,9.702,1.340,0.659,0.710,35.0,30.0,64.0,64.0,0,0.0,0.0,0.0,0.0,0.0,23.6,55.6,59.3,31.5,29.1,6.5,4.7,1.2,0.5,59.2,0.0,48.3,90.4,98.3,1066.7,10.67,15,15,15,35,74,374,1,2,是,否,否,否,否,否,否,是,否,否,是,否,否,否,否,否,否,否,否,否,否,否,否,否,否,否,是,否,否,否,否,否,否,否,是,否,否,32.0,32,32,32,97.0,100.0,否,否,24293,21074,0.1,4.7,4.8,0.172,0.304,5727,2168,36,0.000,100.0,1599.0,0.0,0.0,0.0,0.0,0.0,0.0,0.0,333,否,否,否,否,否,否,7.372,19.558,47.3,-7.254,25.2,161.8,60.9,61.8,60.1,60.1,60.1,60.1,60.5,61.1,60.0,60.0,60.0,60.0,16.33,16.57,16.09,16.09,16.58,16.58,1.86,13.89,16.06,0.27,0.23,0,0,0.0,0.0,0,0.000,
17.9.2026,23:35:38.958,6139,33373,15.5,5876,10307,36.3,0.0,23329,0,0.887,1.005,1.032,0.747,0.762,0.893,0.736,2450.0,3599.9,3599.9,1200.0,1400.0,100.0,3200.0,473.3,1073.2,938.8,708.5,650.7,179.7,138.8,68.9,27.9,473.3,24.3,50.9,45.4,34.2,33.2,12.4,10.0,7.0,1.7,50.9,24.3,100.0,18.9,43.1,37.8,27.8,26.0,7.1,5.6,2.8,1.1,18.9,24.5,36.0,36.0,12.0,14.0,32.0,43,44,44,44,39,57,56,56,56,61,44,44,否,否,否,否,否,否,否,否,否,否,否,否,否,否,否,否,否,否,44,44,38,5.500,6.407,3.275,0.308,12.312,1.474,0.829,0.726,35.0,30.0,64.0,64.0,0,0.0,0.0,0.0,0.0,0.0,24.7,52.6,46.7,36.0,34.3,11.5,8.8,5.6,2.4,56.2,7.7,41.0,83.3,92.7,1600.0,16.00,22,22,22,52,74,560,1,2,是,否,否,否,否,否,否,是,否,否,是,否,是,否,否,否,否,否,否,否,是,否,否,否,否,否,是,否,否,否,否,否,否,否,是,否,否,34.0,32,32,31,97.0,100.0,否,否,24293,21074,0.0,6.6,6.6,0.000,0.679,5727,2169,36,0.000,100.0,1066.0,0.5,3.2,0.0,0.0,0.0,0.0,0.0,375,否,否,否,否,否,否,7.363,19.558,47.3,-7.643,25.2,153.5,17.2,64.9,1.3,1.1,1.0,1.0,17.3,60.3,1.3,1.1,1.0,1.0,57.97,759.13,15.32,15.29,968.16,968.16,3.09,54.89,57.71,0.26,83.17,0,0,0.0,0.0,0,0.000,
17.9.2026,23:35:40.954,6145,33367,15.5,5879,10303,36.3,0.0,23329,0,0.769,0.797,0.765,0.760,0.752,0.741,0.696,1225.0,1200.0,1200.0,1300.0,1200.0,100.0,1800.0,429.1,946.5,850.4,608.4,559.0,238.7,127.5,54.9,47.1,429.1,23.1,49.1,45.2,32.3,31.4,11.5,7.7,3.1,4.2,49.1,23.1,100.0,17.2,38.3,34.7,24.0,22.6,9.1,5.0,2.1,1.9,17.2,12.2,12.0,12.0,13.0,12.0,18.0,36,34,39,37,35,64,66,61,63,65,38,39,否,否,否,否,否,否,否,否,否,否,否,否,否,否,否,否,否,否,39,39,37,2.250,5.736,3.094,0.111,11.053,1.433,0.783,0.492,35.0,30.0,64.0,64.0,0,0.0,0.0,0.0,0.0,0.0,23.9,50.7,46.2,34.2,32.6,12.7,8.3,3.7,3.1,55.3,10.6,37.5,78.9,94.1,1600.0,16.00,22,22,22,52,74,560,1,2,是,否,否,否,否,否,否,是,否,否,是,否,是,否,否,否,否,否,否,否,是,否,否,否,否,否,是,否,否,否,否,否,否,否,是,否,否,34.0,32,32,31,97.0,100.0,否,否,24293,21074,0.0,2.9,2.9,0.000,0.168,5727,2170,37,0.308,100.0,1599.0,1.8,10.6,0.0,0.0,0.0,0.0,0.0,420,否,否,否,否,否,否,7.227,19.558,47.3,-7.856,25.2,149.4,32.1,63.3,4.2,4.0,4.0,4.0,32.1,60.3,4.2,4.0,4.0,4.0,31.13,236.16,15.94,15.91,250.20,250.20,1.49,29.64,30.83,0.29,28.22,0,0,0.0,0.0,0,0.000,
Date,Time,"提交虚拟内存 [MB]","可用虚拟内存 [MB]","虚拟内存使用率 [%]","已用物理内存 [MB]","可用物理内存 [MB]","物理内存使用率 [%]","分页文件使用率 [%]","Page File Total [MB]","Page File Used [MB]","Core VIDs (avg) [V]","Core 0 VID [V]","Core 1 VID [V]","Core 2 VID [V]","Core 3 VID [V]","Uncore VID [V]","SA VID [V]","核心频率 (avg) [MHz]","Core 0 频率 [MHz]","Core 1 频率 [MHz]","Core 2 频率 [MHz]","Core 3 频率 [MHz]","总线频率 [MHz]","Ring/LLC 频率 [MHz]","核心有效频率 (avg) [MHz]","Core 0 T0 有效频率 [MHz]","Core 0 T1 有效频率 [MHz]","Core 1 T0 有效频率 [MHz]","Core 1 T1 有效频率 [MHz]","Core 2 T0 有效频率 [MHz]","Core 2 T1 有效频率 [MHz]","Core 3 T0 有效频率 [MHz]","Core 3 T1 有效频率 [MHz]","平均有效频率 [MHz]","核心使用率 (avg) [%]","Core 0 T0 使用率 [%]","Core 0 T1 使用率 [%]","Core 1 T0 使用率 [%]","Core 1 T1 使用率 [%]","Core 2 T0 使用率 [%]","Core 2 T1 使用率 [%]","Core 3 T0 使用率 [%]","Core 3 T1 使用率 [%]","最大CPU/线程使用率 [%]","CPU 总使用率 [%]","按需频率调制 [%]","核心使用率 (avg) [%]","Core 0 T0 使用率 [%]","Core 0 T1 使用率 [%]","Core 1 T0 使用率 [%]","Core 1 T1 使用率 [%]","Core 2 T0 使用率 [%]","Core 2 T1 使用率 [%]","Core 3 T0 使用率 [%]","Core 3 T1 使用率 [%]","CPU 总使用率 [%]","核心倍频 (avg) [x]","Core 0 倍频 [x]","Core 1 倍频 [x]","Core 2 倍频 [x]","Core 3 倍频 [x]","Uncore 倍频 [x]","核心温度 (avg) [℃]","Core 0 [℃]","Core 1 [℃]","Core 2 [℃]","Core 3 [℃]","核心温度与 TjMAX 的差值 (avg) [℃]","Core 0 与 TjMAX 的差值 [℃]","Core 1 与 TjMAX 的差值 [℃]","Core 2 与 TjMAX 的差值 [℃]","Core 3 与 TjMAX 的差值 [℃]","CPU 封装 [℃]","核心最大值 [℃]","核心过热降频 (avg) [Yes/No]","Core 0 过热降频 [Yes/No]","Core 1 过热降频 [Yes/No]","Core 2 过热降频 [Yes/No]","Core 3 过热降频 [Yes/No]","核心临界温度 (avg) [Yes/No]","Core 0 临界温度 [Yes/No]","Core 1 临界温度 [Yes/No]","Core 2 临界温度 [Yes/No]","Core 3 临界温度 [Yes/No]","超出核心功率限制 (avg) [Yes/No]","Core 0 超出功率限制 [Yes/No]","Core 1 超出功率限制 [Yes/No]","Core 2 超出功率限制 [Yes/No]","Core 3 超出功率限制 [Yes/No]","封装/环形总线过热降频 [Yes/No]","封装/环形总线临界温度 [Yes/No]","超出封装/环形总线功率限制 [Yes/No]","CPU 封装 [℃]","CPU IA 核心 [℃]","CPU GT 核心 (核显) [℃]","VR VCC 电流 (SVID IOUT) [A]","CPU 封装功率 [W]","IA 核心功率 [W]","GT 核心功率 [W]","系统总功率 [W]","System Agent 功率 [W]","剩余芯片功率 [W]","PCH 功率 [W]","PL1 功率限制 (静态) [W]","PL1 功率限制 (动态) [W]","PL2 功率限制 (静态) [W]","PL2 功率限制 (动态) [W]","当前 cTDP 级别 []","Package C2 驻留率 [%]","Package C3 驻留率 [%]","Package C6 驻留率 [%]","Package C7 驻留率 [%]","Package C8 驻留率 [%]","Core C0 驻留率 (avg) [%]","Core 0 T0 C0 驻留率 [%]","Core 0 T1 C0 驻留率 [%]","Core 1 T0 C0 驻留率 [%]","Core 1 T1 C0 驻留率 [%]","Core 2 T0 C0 驻留率 [%]","Core 2 T1 C0 驻留率 [%]","Core 3 T0 C0 驻留率 [%]","Core 3 T1 C0 驻留率 [%]","Core C7 驻留率 (avg) [%]","Core 0 C7 驻留率 [%]","Core 1 C7 驻留率 [%]","Core 2 C7 驻留率 [%]","Core 3 C7 驻留率 [%]","内存频率 [MHz]","内存倍频 [x]","Tcas [T]","Trcd [T]","Trp [T]","Tras [T]","Trc [T]","Trfc [T]","Command Rate [T]","Gear Mode []","IA Limit Reasons (avg) [Yes/No]","IA: PROCHOT [Yes/No]","IA: 过热事件 [Yes/No]","IA: Residency State Regulation [Yes/No]","IA: 运行平均过热限制 (RATL) [Yes/No]","IA: VR 过热警报 [Yes/No]","IA: VR TDC [Yes/No]","IA: 电气设计点/其他 (ICCmax、PL4、SVID、DDR RAPL) [Yes/No]","IA: Package-Level RAPL/PBM PL1 [Yes/No]","IA: Package-Level RAPL/PBM PL2 PL3 [Yes/No]","IA: Max Turbo Limit [Yes/No]","IA: 睿频衰减 (MCT) [Yes/No]","GT Limit Reasons (avg) [Yes/No]","GT: PROCHOT [Yes/No]","GT: 过热事件 [Yes/No]","GT: DDR RAPL [Yes/No]","GT: Residency State Regulation [Yes/No]","GT: 运行平均过热限制 (RATL) [Yes/No]","GT: VR 过热警报 [Yes/No]","GT: VR TDC [Yes/No]","GT: Max VR Voltage  ICCmax  PL4 [Yes/No]","GT: Domain-Level PBM PLGT [Yes/No]","GT: Package-Level RAPL/PBM PL1 [Yes/No]","GT: Package-Level RAPL/PBM PL2 PL3 [Yes/No]","GT: Inefficient Operation [Yes/No]","GT: 熔断限制 [Yes/No]","Ring Limit Reasons (avg) [Yes/No]","RING: PROCHOT [Yes/No]","RING: 过热事件 [Yes/No]","RING: DDR RAPL [Yes/No]","RING: Residency State Regulation [Yes/No]","RING: 运行平均过热限制 (RATL) [Yes/No]","RING: VR 过热警报 [Yes/No]","RING: VR TDC [Yes/No]","RING: Max VR Voltage  ICCmax  PL4 [Yes/No]","RING: Package-Level RAPL/PBM PL1 [Yes/No]","RING: Package-Level RAPL/PBM PL2 PL3 [Yes/No]","PCH 温度 [℃]","磁盘温度 [℃]","磁盘温度 2 [℃]","磁盘温度 3 [℃]","磁盘剩余寿命 [%]","磁盘可用备用 [%]","磁盘故障 [Yes/No]","磁盘警告 [Yes/No]","主机写入总计 [GB]","主机读取总计 [GB]","读取活动率 [%]","写入活动率 [%]","总活动率 [%]","读取速度 [MB/s]","写入速度 [MB/s]","读取总计 [MB]","写入总计 [MB]","GPU Core 温度 [℃]","IGPU 功率 [W]","GPU 频率 [MHz]","显存频率 [MHz]","GPU D3D 使用率 (avg) [%]","GPU D3D 使用率 [%]","GPU Video Decode 0 使用率 [%]","GPU Video Decode 1 使用率 [%]","GPU Video Processing 0 使用率 [%]","GPU Video Processing 1 使用率 [%]","GPU 复制引擎使用率 [%]","GPU D3D 共享显存 [MB]","GPU 性能下降原因 (avg) [Yes/No]","功率 [Yes/No]","电压 Limit [Yes/No]","Current (PL4) [Yes/No]","过热 [Yes/No]","使用率 [Yes/No]","电池电压 [V]","剩余容量 [Wh]","电池电量 [%]","充电速度 [W]","损耗程度 [%]","预计剩余时间 [分钟]","呈现帧率 (avg) [FPS]","呈现帧率 (99%) [FPS]","呈现帧率 (1%) [FPS]","呈现帧率 (0.1%) [FPS]","呈现帧率 (1% low) [FPS]","呈现帧率 (0.1% low) [FPS]","显示帧率 (avg) [FPS]","显示帧率 (99%) [FPS]","显示帧率 (1%) [FPS]","显示帧率 (0.1%) [FPS]","显示帧率 (1% low) [FPS]","显示帧率 (0.1% low) [FPS]","Frame Time Presented (avg) [ms]","Frame Time Presented (99%) [ms]","Frame Time Presented (1%) [ms]","Frame Time Presented (0.1%) [ms]","Frame Time Displayed (1% high) [ms]","Frame Time Displayed (0.1% high) [ms]","GPU Busy (avg) [ms]","GPU Wait (avg) [ms]","CPU Busy (avg) [ms]","CPU Wait (avg) [ms]","Animation Error (avg) [ms]","下载总计 [MB]","上传总计 [MB]","当前下载速度 [KB/s]","当前上传速度 [KB/s]","错误总数 []","iGPU VID [V]",
,,系统: HUAWEI KLVD-WXX9,系统: HUAWEI KLVD-WXX9,系统: HUAWEI KLVD-WXX9,系统: HUAWEI KLVD-WXX9,系统: HUAWEI KLVD-WXX9,系统: HUAWEI KLVD-WXX9,系统: HUAWEI KLVD-WXX9,系统: HUAWEI KLVD-WXX9,系统: HUAWEI KLVD-WXX9,CPU [#0]: Intel Core i5-1135G7,CPU [#0]: Intel Core i5-1135G7,CPU [#0]: Intel Core i5-1135G7,CPU [#0]: Intel Core i5-1135G7,CPU [#0]: Intel Core i5-1135G7,CPU [#0]: Intel Core i5-1135G7,CPU [#0]: Intel Core i5-1135G7,CPU [#0]: Intel Core i5-1135G7,CPU [#0]: Intel Core i5-1135G7,CPU [#0]: Intel Core i5-1135G7,CPU [#0]: Intel Core i5-1135G7,CPU [#0]: Intel Core i5-1135G7,CPU [#0]: Intel Core i5-1135G7,CPU [#0]: Intel Core i5-1135G7,CPU [#0]: Intel Core i5-1135G7,CPU [#0]: Intel Core i5-1135G7,CPU [#0]: Intel Core i5-1135G7,CPU [#0]: Intel Core i5-1135G7,CPU [#0]: Intel Core i5-1135G7,CPU [#0]: Intel Core i5-1135G7,CPU [#0]: Intel Core i5-1135G7,CPU [#0]: Intel Core i5-1135G7,CPU [#0]: Intel Core i5-1135G7,CPU [#0]: Intel Core i5-1135G7,CPU [#0]: Intel Core i5-1135G7,CPU [#0]: Intel Core i5-1135G7,CPU [#0]: Intel Core i5-1135G7,CPU [#0]: Intel Core i5-1135G7,CPU [#0]: Intel Core i5-1135G7,CPU [#0]: Intel Core i5-1135G7,CPU [#0]: Intel Core i5-1135G7,CPU [#0]: Intel Core i5-1135G7,CPU [#0]: Intel Core i5-1135G7,CPU [#0]: Intel Core i5-1135G7,CPU [#0]: Intel Core i5-1135G7,CPU [#0]: Intel Core i5-1135G7,CPU [#0]: Intel Core i5-1135G7,CPU [#0]: Intel Core i5-1135G7,CPU [#0]: Intel Core i5-1135G7,CPU [#0]: Intel Core i5-1135G7,CPU [#0]: Intel Core i5-1135G7,CPU [#0]: Intel Core i5-1135G7,CPU [#0]: Intel Core i5-1135G7,CPU [#0]: Intel Core i5-1135G7,CPU [#0]: Intel Core i5-1135G7,CPU [#0]: Intel Core i5-1135G7,CPU [#0]: Intel Core i5-1135G7,CPU [#0]: Intel Core i5-1135G7,CPU [#0]: Intel Core i5-1135G7,CPU [#0]: Intel Core i5-1135G7,CPU [#0]: Intel Core i5-1135G7,CPU [#0]: Intel Core i5-1135G7,CPU [#0]: Intel Core i5-1135G7: DTS,CPU [#0]: Intel Core i5-1135G7: DTS,CPU [#0]: Intel Core i5-1135G7: DTS,CPU [#0]: Intel Core i5-1135G7: DTS,CPU [#0]: Intel Core i5-1135G7: DTS,CPU [#0]: Intel Core i5-1135G7: DTS,CPU [#0]: Intel Core i5-1135G7: DTS,CPU [#0]: Intel Core i5-1135G7: DTS,CPU [#0]: Intel Core i5-1135G7: DTS,CPU [#0]: Intel Core i5-1135G7: DTS,CPU [#0]: Intel Core i5-1135G7: DTS,CPU [#0]: Intel Core i5-1135G7: DTS,CPU [#0]: Intel Core i5-1135G7: DTS,CPU [#0]: Intel Core i5-1135G7: DTS,CPU [#0]: Intel Core i5-1135G7: DTS,CPU [#0]: Intel Core i5-1135G7: DTS,CPU [#0]: Intel Core i5-1135G7: DTS,CPU [#0]: Intel Core i5-1135G7: DTS,CPU [#0]: Intel Core i5-1135G7: DTS,CPU [#0]: Intel Core i5-1135G7: DTS,CPU [#0]: Intel Core i5-1135G7: DTS,CPU [#0]: Intel Core i5-1135G7: DTS,CPU [#0]: Intel Core i5-1135G7: DTS,CPU [#0]: Intel Core i5-1135G7: DTS,CPU [#0]: Intel Core i5-1135G7: DTS,CPU [#0]: Intel Core i5-1135G7: DTS,CPU [#0]: Intel Core i5-1135G7: DTS,CPU [#0]: Intel Core i5-1135G7: DTS,CPU [#0]: Intel Core i5-1135G7: DTS,CPU [#0]: Intel Core i5-1135G7: DTS,CPU [#0]: Intel Core i5-1135G7: Enhanced,CPU [#0]: Intel Core i5-1135G7: Enhanced,CPU [#0]: Intel Core i5-1135G7: Enhanced,CPU [#0]: Intel Core i5-1135G7: Enhanced,CPU [#0]: Intel Core i5-1135G7: Enhanced,CPU [#0]: Intel Core i5-1135G7: Enhanced,CPU [#0]: Intel Core i5-1135G7: Enhanced,CPU [#0]: Intel Core i5-1135G7: Enhanced,CPU [#0]: Intel Core i5-1135G7: Enhanced,CPU [#0]: Intel Core i5-1135G7: Enhanced,CPU [#0]: Intel Core i5-1135G7: Enhanced,CPU [#0]: Intel Core i5-1135G7: Enhanced,CPU [#0]: Intel Core i5-1135G7: Enhanced,CPU [#0]: Intel Core i5-1135G7: Enhanced,CPU [#0]: Intel Core i5-1135G7: Enhanced,CPU [#0]: Intel Core i5-1135G7: Enhanced,CPU [#0]: Intel Core i5-1135G7: C-State 驻留率,CPU [#0]: Intel Core i5-1135G7: C-State 驻留率,CPU [#0]: Intel Core i5-1135G7: C-State 驻留率,CPU [#0]: Intel Core i5-1135G7: C-State 驻留率,CPU [#0]: Intel Core i5-1135G7: C-State 驻留率,CPU [#0]: Intel Core i5-1135G7: C-State 驻留率,CPU [#0]: Intel Core i5-1135G7: C-State 驻留率,CPU [#0]: Intel Core i5-1135G7: C-State 驻留率,CPU [#0]: Intel Core i5-1135G7: C-State 驻留率,CPU [#0]: Intel Core i5-1135G7: C-State 驻留率,CPU [#0]: Intel Core i5-1135G7: C-State 驻留率,CPU [#0]: Intel Core i5-1135G7: C-State 驻留率,CPU [#0]: Intel Core i5-1135G7: C-State 驻留率,CPU [#0]: Intel Core i5-1135G7: C-State 驻留率,CPU [#0]: Intel Core i5-1135G7: C-State 驻留率,CPU [#0]: Intel Core i5-1135G7: C-State 驻留率,CPU [#0]: Intel Core i5-1135G7: C-State 驻留率,CPU [#0]: Intel Core i5-1135G7: C-State 驻留率,CPU [#0]: Intel Core i5-1135G7: C-State 驻留率,内存时序,内存时序,内存时序,内存时序,内存时序,内存时序,内存时序,内存时序,内存时序,内存时序,CPU [#0]: Intel Core i5-1135G7: 性能受限原因,CPU [#0]: Intel Core i5-1135G7: 性能受限原因,CPU [#0]: Intel Core i5-1135G7: 性能受限原因,CPU [#0]: Intel Core i5-1135G7: 性能受限原因,CPU [#0]: Intel Core i5-1135G7: 性能受限原因,CPU [#0]: Intel Core i5-1135G7: 性能受限原因,CPU [#0]: Intel Core i5-1135G7: 性能受限原因,CPU [#0]: Intel Core i5-1135G7: 性能受限原因,CPU [#0]: Intel Core i5-1135G7: 性能受限原因,CPU [#0]: Intel Core i5-1135G7: 性能受限原因,CPU [#0]: Intel Core i5-1135G7: 性能受限原因,CPU [#0]: Intel Core i5-1135G7: 性能受限原因,CPU [#0]: Intel Core i5-1135G7: 性能受限原因,CPU [#0]: Intel Core i5-1135G7: 性能受限原因,CPU [#0]: Intel Core i5-1135G7: 性能受限原因,CPU [#0]: Intel Core i5-1135G7: 性能受限原因,CPU [#0]: Intel Core i5-1135G7: 性能受限原因,CPU [#0]: Intel Core i5-1135G7: 性能受限原因,CPU [#0]: Intel Core i5-1135G7: 性能受限原因,CPU [#0]: Intel Core i5-1135G7: 性能受限原因,CPU [#0]: Intel Core i5-1135G7: 性能受限原因,CPU [#0]: Intel Core i5-1135G7: 性能受限原因,CPU [#0]: Intel Core i5-1135G7: 性能受限原因,CPU [#0]: Intel Core i5-1135G7: 性能受限原因,CPU [#0]: Intel Core i5-1135G7: 性能受限原因,CPU [#0]: Intel Core i5-1135G7: 性能受限原因,CPU [#0]: Intel Core i5-1135G7: 性能受限原因,CPU [#0]: Intel Core i5-1135G7: 性能受限原因,CPU [#0]: Intel Core i5-1135G7: 性能受限原因,CPU [#0]: Intel Core i5-1135G7: 性能受限原因,CPU [#0]: Intel Core i5-1135G7: 性能受限原因,CPU [#0]: Intel Core i5-1135G7: 性能受限原因,CPU [#0]: Intel Core i5-1135G7: 性能受限原因,CPU [#0]: Intel Core i5-1135G7: 性能受限原因,CPU [#0]: Intel Core i5-1135G7: 性能受限原因,CPU [#0]: Intel Core i5-1135G7: 性能受限原因,CPU [#0]: Intel Core i5-1135G7: 性能受限原因,HUAWEI KLVD-WXX9-PCB (Intel PCH),S.M.A.R.T.: SAMSUNG MZVLB512HBJQ-00000 (S4GENF0N557604) [C:  D:],S.M.A.R.T.: SAMSUNG MZVLB512HBJQ-00000 (S4GENF0N557604) [C:  D:],S.M.A.R.T.: SAMSUNG MZVLB512HBJQ-00000 (S4GENF0N557604) [C:  D:],S.M.A.R.T.: SAMSUNG MZVLB512HBJQ-00000 (S4GENF0N557604) [C:  D:],S.M.A.R.T.: SAMSUNG MZVLB512HBJQ-00000 (S4GENF0N557604) [C:  D:],S.M.A.R.T.: SAMSUNG MZVLB512HBJQ-00000 (S4GENF0N557604) [C:  D:],S.M.A.R.T.: SAMSUNG MZVLB512HBJQ-00000 (S4GENF0N557604) [C:  D:],S.M.A.R.T.: SAMSUNG MZVLB512HBJQ-00000 (S4GENF0N557604) [C:  D:],S.M.A.R.T.: SAMSUNG MZVLB512HBJQ-00000 (S4GENF0N557604) [C:  D:],Drive: SAMSUNG MZVLB512HBJQ-00000 (S4GENF0N557604) [C:  D:],Drive: SAMSUNG MZVLB512HBJQ-00000 (S4GENF0N557604) [C:  D:],Drive: SAMSUNG MZVLB512HBJQ-00000 (S4GENF0N557604) [C:  D:],Drive: SAMSUNG MZVLB512HBJQ-00000 (S4GENF0N557604) [C:  D:],Drive: SAMSUNG MZVLB512HBJQ-00000 (S4GENF0N557604) [C:  D:],Drive: SAMSUNG MZVLB512HBJQ-00000 (S4GENF0N557604) [C:  D:],Drive: SAMSUNG MZVLB512HBJQ-00000 (S4GENF0N557604) [C:  D:],iGPU [#0]: Intel Iris Xe Graphics,iGPU [#0]: Intel Iris Xe Graphics,iGPU [#0]: Intel Iris Xe Graphics,iGPU [#0]: Intel Iris Xe Graphics,iGPU [#0]: Intel Iris Xe Graphics,iGPU [#0]: Intel Iris Xe Graphics,iGPU [#0]: Intel Iris Xe Graphics,iGPU [#0]: Intel Iris Xe Graphics,iGPU [#0]: Intel Iris Xe Graphics,iGPU [#0]: Intel Iris Xe Graphics,iGPU [#0]: Intel Iris Xe Graphics,iGPU [#0]: Intel Iris Xe Graphics,iGPU [#0]: Intel Iris Xe Graphics,iGPU [#0]: Intel Iris Xe Graphics,iGPU [#0]: Intel Iris Xe Graphics,iGPU [#0]: Intel Iris Xe Graphics,iGPU [#0]: Intel Iris Xe Graphics,iGPU [#0]: Intel Iris Xe Graphics,Battery: Sunwoda-H HB4593R1ECW-22T,Battery: Sunwoda-H HB4593R1ECW-22T,Battery: Sunwoda-H HB4593R1ECW-22T,Battery: Sunwoda-H HB4593R1ECW-22T,Battery: Sunwoda-H HB4593R1ECW-22T,Battery: Sunwoda-H HB4593R1ECW-22T,PresentMon [dwm.exe],PresentMon [dwm.exe],PresentMon [dwm.exe],PresentMon [dwm.exe],PresentMon [dwm.exe],PresentMon [dwm.exe],PresentMon [dwm.exe],PresentMon [dwm.exe],PresentMon [dwm.exe],PresentMon [dwm.exe],PresentMon [dwm.exe],PresentMon [dwm.exe],PresentMon [dwm.exe],PresentMon [dwm.exe],PresentMon [dwm.exe],PresentMon [dwm.exe],PresentMon [dwm.exe],PresentMon [dwm.exe],PresentMon [dwm.exe],PresentMon [dwm.exe],PresentMon [dwm.exe],PresentMon [dwm.exe],PresentMon [dwm.exe],网络: Intel Wi-Fi 6 AX201 160MHz - WLAN,网络: Intel Wi-Fi 6 AX201 160MHz - WLAN,网络: Intel Wi-Fi 6 AX201 160MHz - WLAN,网络: Intel Wi-Fi 6 AX201 160MHz - WLAN,Windows Hardware Errors (WHEA),iGPU [#0]: Intel Iris Xe Graphics,
